# Blender 4.4.1
# www.blender.org
mtllib titleFont.mtl
o テキスト
v -9.322049 0.295743 -0.300000
v -9.294897 0.270603 -0.300000
v -9.263593 0.241532 -0.300000
v -9.229184 0.209482 -0.300000
v -9.192720 0.175405 -0.300000
v -9.155250 0.140251 -0.300000
v -9.117820 0.104972 -0.300000
v -9.081481 0.070519 -0.300000
v -9.047281 0.037845 -0.300000
v -9.016269 0.007899 -0.300000
v -8.989492 -0.018366 -0.300000
v -8.968000 -0.039999 -0.300000
v -8.973316 -0.039581 -0.300000
v -8.979195 -0.039323 -0.300000
v -8.985532 -0.039218 -0.300000
v -8.992223 -0.039258 -0.300000
v -8.999164 -0.039438 -0.300000
v -9.006250 -0.039749 -0.300000
v -9.013379 -0.040186 -0.300000
v -9.020445 -0.040740 -0.300000
v -9.027344 -0.041405 -0.300000
v -9.033972 -0.042175 -0.300000
v -9.040225 -0.043042 -0.300000
v -9.046000 -0.043999 -0.300000
v -9.064841 -0.046947 -0.300000
v -9.082398 -0.051749 -0.300000
v -9.098720 -0.058343 -0.300000
v -9.113853 -0.066666 -0.300000
v -9.127847 -0.076655 -0.300000
v -9.140751 -0.088249 -0.300000
v -9.152613 -0.101385 -0.300000
v -9.163482 -0.115999 -0.300000
v -9.173407 -0.132030 -0.300000
v -9.182435 -0.149416 -0.300000
v -9.190617 -0.168093 -0.300000
v -9.198000 -0.187999 -0.300000
v -9.202699 -0.203330 -0.300000
v -9.207750 -0.220147 -0.300000
v -9.213094 -0.238187 -0.300000
v -9.218667 -0.257184 -0.300000
v -9.224406 -0.276877 -0.300000
v -9.230250 -0.296999 -0.300000
v -9.236135 -0.317289 -0.300000
v -9.242000 -0.337481 -0.300000
v -9.247781 -0.357312 -0.300000
v -9.253416 -0.376518 -0.300000
v -9.258843 -0.394835 -0.300000
v -9.264000 -0.411999 -0.300000
v -9.270517 -0.430090 -0.300000
v -9.278139 -0.446388 -0.300000
v -9.286969 -0.460937 -0.300000
v -9.297112 -0.473777 -0.300000
v -9.308671 -0.484951 -0.300000
v -9.321751 -0.494499 -0.300000
v -9.336455 -0.502464 -0.300000
v -9.352889 -0.508888 -0.300000
v -9.371157 -0.513812 -0.300000
v -9.391361 -0.517277 -0.300000
v -9.413608 -0.519326 -0.300000
v -9.438000 -0.519999 -0.300000
v -9.471373 -0.519670 -0.300000
v -9.505306 -0.518703 -0.300000
v -9.539532 -0.517124 -0.300000
v -9.573778 -0.514962 -0.300000
v -9.607775 -0.512245 -0.300000
v -9.641251 -0.508999 -0.300000
v -9.673935 -0.505254 -0.300000
v -9.705557 -0.501036 -0.300000
v -9.735845 -0.496374 -0.300000
v -9.764528 -0.491295 -0.300000
v -9.791337 -0.485828 -0.300000
v -9.816000 -0.479999 -0.300000
v -9.806000 -0.647999 -0.300000
v -9.783019 -0.651530 -0.300000
v -9.756482 -0.655083 -0.300000
v -9.727000 -0.658593 -0.300000
v -9.695186 -0.661999 -0.300000
v -9.661649 -0.665239 -0.300000
v -9.627001 -0.668249 -0.300000
v -9.591853 -0.670968 -0.300000
v -9.556816 -0.673332 -0.300000
v -9.522501 -0.675280 -0.300000
v -9.489519 -0.676749 -0.300000
v -9.458482 -0.677676 -0.300000
v -9.430000 -0.677999 -0.300000
v -9.391250 -0.677175 -0.300000
v -9.354992 -0.674573 -0.300000
v -9.321219 -0.669999 -0.300000
v -9.289927 -0.663259 -0.300000
v -9.261106 -0.654157 -0.300000
v -9.234750 -0.642499 -0.300000
v -9.210853 -0.628092 -0.300000
v -9.189407 -0.610740 -0.300000
v -9.170406 -0.590249 -0.300000
v -9.153843 -0.566425 -0.300000
v -9.139709 -0.539073 -0.300000
v -9.128000 -0.507999 -0.300000
v -9.122805 -0.491859 -0.300000
v -9.117269 -0.473712 -0.300000
v -9.111468 -0.453968 -0.300000
v -9.105481 -0.433036 -0.300000
v -9.099382 -0.411327 -0.300000
v -9.093249 -0.389249 -0.300000
v -9.087158 -0.367213 -0.300000
v -9.081185 -0.345629 -0.300000
v -9.075406 -0.324905 -0.300000
v -9.069898 -0.305453 -0.300000
v -9.064737 -0.287681 -0.300000
v -9.060000 -0.271999 -0.300000
v -9.053590 -0.255209 -0.300000
v -9.046380 -0.239842 -0.300000
v -9.038406 -0.225905 -0.300000
v -9.029704 -0.213407 -0.300000
v -9.020307 -0.202352 -0.300000
v -9.010250 -0.192749 -0.300000
v -8.999568 -0.184605 -0.300000
v -8.988296 -0.177925 -0.300000
v -8.976468 -0.172718 -0.300000
v -8.964120 -0.168990 -0.300000
v -8.951285 -0.166748 -0.300000
v -8.938000 -0.165999 -0.300000
v -8.924202 -0.166576 -0.300000
v -8.910787 -0.168277 -0.300000
v -8.897718 -0.171062 -0.300000
v -8.884963 -0.174888 -0.300000
v -8.872485 -0.179714 -0.300000
v -8.860250 -0.185499 -0.300000
v -8.848224 -0.192201 -0.300000
v -8.836370 -0.199777 -0.300000
v -8.824656 -0.208187 -0.300000
v -8.813046 -0.217388 -0.300000
v -8.801506 -0.227339 -0.300000
v -8.790000 -0.237999 -0.300000
v -8.768186 -0.259150 -0.300000
v -8.741315 -0.286036 -0.300000
v -8.710250 -0.317812 -0.300000
v -8.675852 -0.353629 -0.300000
v -8.638982 -0.392640 -0.300000
v -8.600500 -0.433999 -0.300000
v -8.561269 -0.476858 -0.300000
v -8.522148 -0.520370 -0.300000
v -8.484000 -0.563687 -0.300000
v -8.447685 -0.605962 -0.300000
v -8.414064 -0.646349 -0.300000
v -8.384000 -0.683999 -0.300000
v -8.232000 -0.577999 -0.300000
v -8.238244 -0.572333 -0.300000
v -8.244962 -0.566333 -0.300000
v -8.252124 -0.559999 -0.300000
v -8.259703 -0.553333 -0.300000
v -8.267671 -0.546333 -0.300000
v -8.275999 -0.538999 -0.300000
v -8.284661 -0.531333 -0.300000
v -8.293629 -0.523333 -0.300000
v -8.302874 -0.514999 -0.300000
v -8.312369 -0.506333 -0.300000
v -8.322087 -0.497333 -0.300000
v -8.332000 -0.487999 -0.300000
v -8.361197 -0.458342 -0.300000
v -8.406917 -0.412240 -0.300000
v -8.466344 -0.352499 -0.300000
v -8.536667 -0.281925 -0.300000
v -8.615073 -0.203323 -0.300000
v -8.698750 -0.119499 -0.300000
v -8.784886 -0.033258 -0.300000
v -8.870667 0.052593 -0.300000
v -8.953282 0.135251 -0.300000
v -9.029918 0.211908 -0.300000
v -9.097761 0.279760 -0.300000
v -9.154000 0.336001 -0.300000
v -9.111021 0.333147 -0.300000
v -9.061984 0.329668 -0.300000
v -9.008252 0.325688 -0.300000
v -8.951187 0.321334 -0.300000
v -8.892150 0.316730 -0.300000
v -8.832501 0.312001 -0.300000
v -8.773603 0.307272 -0.300000
v -8.716816 0.302667 -0.300000
v -8.663501 0.298313 -0.300000
v -8.615019 0.294334 -0.300000
v -8.572732 0.290855 -0.300000
v -8.538000 0.288001 -0.300000
v -8.521788 0.286500 -0.300000
v -8.506139 0.284992 -0.300000
v -8.491031 0.283470 -0.300000
v -8.476444 0.281927 -0.300000
v -8.462358 0.280356 -0.300000
v -8.448750 0.278751 -0.300000
v -8.435600 0.277104 -0.300000
v -8.422889 0.275408 -0.300000
v -8.410594 0.273657 -0.300000
v -8.398695 0.271843 -0.300000
v -8.387171 0.269960 -0.300000
v -8.376000 0.268001 -0.300000
v -8.362000 0.444001 -0.300000
v -8.373785 0.443044 -0.300000
v -8.386120 0.442177 -0.300000
v -8.398968 0.441407 -0.300000
v -8.412295 0.440742 -0.300000
v -8.426067 0.440187 -0.300000
v -8.440249 0.439751 -0.300000
v -8.454806 0.439439 -0.300000
v -8.469704 0.439260 -0.300000
v -8.484906 0.439220 -0.300000
v -8.500380 0.439325 -0.300000
v -8.516088 0.439583 -0.300000
v -8.532000 0.440001 -0.300000
v -8.567447 0.441100 -0.300000
v -8.615241 0.443297 -0.300000
v -8.673063 0.446438 -0.300000
v -8.738593 0.450371 -0.300000
v -8.809512 0.454943 -0.300000
v -8.883501 0.460001 -0.300000
v -8.958240 0.465392 -0.300000
v -9.031408 0.470964 -0.300000
v -9.100688 0.476563 -0.300000
v -9.163760 0.482038 -0.300000
v -9.218304 0.487235 -0.300000
v -9.262000 0.492001 -0.300000
v -9.270688 0.493121 -0.300000
v -9.279667 0.494464 -0.300000
v -9.288813 0.496001 -0.300000
v -9.298000 0.497705 -0.300000
v -9.307104 0.499547 -0.300000
v -9.316000 0.501501 -0.300000
v -9.324562 0.503538 -0.300000
v -9.332666 0.505630 -0.300000
v -9.340187 0.507751 -0.300000
v -9.346999 0.509871 -0.300000
v -9.352979 0.511964 -0.300000
v -9.358000 0.514001 -0.300000
v -9.454000 0.406001 -0.300000
v -9.444311 0.399188 -0.300000
v -9.434324 0.391834 -0.300000
v -9.424156 0.384063 -0.300000
v -9.413926 0.376001 -0.300000
v -9.403751 0.367772 -0.300000
v -9.393750 0.359501 -0.300000
v -9.384041 0.351313 -0.300000
v -9.374741 0.343334 -0.300000
v -9.365969 0.335688 -0.300000
v -9.357842 0.328501 -0.300000
v -9.350480 0.321897 -0.300000
v -9.344000 0.316001 -0.300000
v -9.392000 0.724001 -0.300000
v -9.339025 0.729067 -0.300000
v -9.280687 0.735195 -0.300000
v -9.217877 0.742282 -0.300000
v -9.151484 0.750223 -0.300000
v -9.082396 0.758914 -0.300000
v -9.011502 0.768251 -0.300000
v -8.939692 0.778129 -0.300000
v -8.867853 0.788445 -0.300000
v -8.796876 0.799094 -0.300000
v -8.727649 0.809973 -0.300000
v -8.661060 0.820976 -0.300000
v -8.598000 0.832001 -0.300000
v -8.624000 0.978001 -0.300000
v -8.681711 0.966061 -0.300000
v -8.745019 0.954316 -0.300000
v -8.812688 0.942876 -0.300000
v -8.883482 0.931853 -0.300000
v -8.956165 0.921357 -0.300000
v -9.029501 0.911501 -0.300000
v -9.102253 0.902394 -0.300000
v -9.173185 0.894149 -0.300000
v -9.241062 0.886876 -0.300000
v -9.304647 0.880686 -0.300000
v -9.362705 0.875691 -0.300000
v -9.414000 0.872001 -0.300000
v -6.934000 0.670001 -0.300000
v -6.948524 0.659465 -0.300000
v -6.964860 0.647047 -0.300000
v -6.982656 0.633032 -0.300000
v -7.001555 0.617704 -0.300000
v -7.021204 0.601349 -0.300000
v -7.041250 0.584251 -0.300000
v -7.061337 0.566694 -0.300000
v -7.081111 0.548964 -0.300000
v -7.100219 0.531344 -0.300000
v -7.118306 0.514121 -0.300000
v -7.135017 0.497578 -0.300000
v -7.150000 0.482001 -0.300000
v -7.040000 0.396001 -0.300000
v -7.024979 0.411770 -0.300000
v -7.008999 0.427991 -0.300000
v -6.992187 0.444532 -0.300000
v -6.974666 0.461260 -0.300000
v -6.956562 0.478043 -0.300000
v -6.938000 0.494751 -0.300000
v -6.919104 0.511249 -0.300000
v -6.900000 0.527408 -0.300000
v -6.880813 0.543094 -0.300000
v -6.861667 0.558177 -0.300000
v -6.842688 0.572523 -0.300000
v -6.824000 0.586001 -0.300000
v -6.382287 0.093665 -0.300000
v -6.397129 0.099649 -0.300000
v -6.412499 0.105938 -0.300000
v -6.428370 0.112519 -0.300000
v -6.444713 0.119378 -0.300000
v -6.461500 0.126501 -0.300000
v -6.478703 0.133873 -0.300000
v -6.496296 0.141482 -0.300000
v -6.514250 0.149313 -0.300000
v -6.532537 0.157352 -0.300000
v -6.551130 0.165586 -0.300000
v -6.570000 0.174001 -0.300000
v -6.561545 0.191286 -0.300000
v -6.553195 0.208121 -0.300000
v -6.544969 0.224469 -0.300000
v -6.536889 0.240297 -0.300000
v -6.528975 0.255569 -0.300000
v -6.521250 0.270251 -0.300000
v -6.513732 0.284307 -0.300000
v -6.506444 0.297704 -0.300000
v -6.499406 0.310407 -0.300000
v -6.492639 0.322380 -0.300000
v -6.486163 0.333590 -0.300000
v -6.480000 0.344001 -0.300000
v -6.474759 0.352355 -0.300000
v -6.469066 0.361334 -0.300000
v -6.462970 0.370813 -0.300000
v -6.456520 0.380667 -0.300000
v -6.449764 0.390771 -0.300000
v -6.442751 0.401001 -0.300000
v -6.435530 0.411230 -0.300000
v -6.428149 0.421334 -0.300000
v -6.420657 0.431188 -0.300000
v -6.413102 0.440667 -0.300000
v -6.405534 0.449646 -0.300000
v -6.398000 0.458001 -0.300000
v -6.558000 0.520001 -0.300000
v -6.561619 0.511925 -0.300000
v -6.565445 0.503732 -0.300000
v -6.569438 0.495469 -0.300000
v -6.573556 0.487186 -0.300000
v -6.577757 0.478930 -0.300000
v -6.582000 0.470751 -0.300000
v -6.586243 0.462696 -0.300000
v -6.590445 0.454815 -0.300000
v -6.594563 0.447157 -0.300000
v -6.598556 0.439769 -0.300000
v -6.602382 0.432701 -0.300000
v -6.606000 0.426001 -0.300000
v -6.704000 0.234001 -0.300000
v -6.755905 0.255989 -0.300000
v -6.808407 0.277741 -0.300000
v -6.861187 0.298938 -0.300000
v -6.913926 0.319260 -0.300000
v -6.966303 0.338387 -0.300000
v -7.018000 0.356001 -0.300000
v -7.068696 0.371781 -0.300000
v -7.118074 0.385408 -0.300000
v -7.165812 0.396563 -0.300000
v -7.211593 0.404927 -0.300000
v -7.255095 0.410179 -0.300000
v -7.296000 0.412001 -0.300000
v -7.359013 0.408834 -0.300000
v -7.416111 0.399667 -0.300000
v -7.467374 0.385001 -0.300000
v -7.512888 0.365334 -0.300000
v -7.552736 0.341167 -0.300000
v -7.587000 0.313001 -0.300000
v -7.615764 0.281334 -0.300000
v -7.639111 0.246667 -0.300000
v -7.657125 0.209501 -0.300000
v -7.669889 0.170334 -0.300000
v -7.677486 0.129667 -0.300000
v -7.680000 0.088001 -0.300000
v -7.677401 0.037919 -0.300000
v -7.669538 -0.009157 -0.300000
v -7.656313 -0.052968 -0.300000
v -7.637630 -0.093259 -0.300000
v -7.613391 -0.129771 -0.300000
v -7.583500 -0.162249 -0.300000
v -7.547859 -0.190436 -0.300000
v -7.506371 -0.214073 -0.300000
v -7.458938 -0.232906 -0.300000
v -7.405463 -0.246675 -0.300000
v -7.345850 -0.255126 -0.300000
v -7.280000 -0.257999 -0.300000
v -7.257322 -0.257474 -0.300000
v -7.234407 -0.255962 -0.300000
v -7.211438 -0.253562 -0.300000
v -7.188593 -0.250370 -0.300000
v -7.166054 -0.246483 -0.300000
v -7.144001 -0.241999 -0.300000
v -7.122614 -0.237016 -0.300000
v -7.102075 -0.231629 -0.300000
v -7.082563 -0.225937 -0.300000
v -7.064260 -0.220036 -0.300000
v -7.047345 -0.214025 -0.300000
v -7.032000 -0.207999 -0.300000
v -7.038000 -0.061999 -0.300000
v -7.054101 -0.069403 -0.300000
v -7.071306 -0.076564 -0.300000
v -7.089469 -0.083406 -0.300000
v -7.108445 -0.089851 -0.300000
v -7.128087 -0.095825 -0.300000
v -7.148250 -0.101249 -0.300000
v -7.168788 -0.106049 -0.300000
v -7.189556 -0.110148 -0.300000
v -7.210406 -0.113468 -0.300000
v -7.231194 -0.115935 -0.300000
v -7.251774 -0.117470 -0.300000
v -7.272000 -0.117999 -0.300000
v -7.317831 -0.115970 -0.300000
v -7.358473 -0.110101 -0.300000
v -7.394157 -0.100718 -0.300000
v -7.425112 -0.088147 -0.300000
v -7.451567 -0.072716 -0.300000
v -7.473751 -0.054749 -0.300000
v -7.491893 -0.034575 -0.300000
v -7.506223 -0.012518 -0.300000
v -7.516969 0.011094 -0.300000
v -7.524362 0.035936 -0.300000
v -7.528629 0.061680 -0.300000
v -7.530000 0.088001 -0.300000
v -7.528716 0.109267 -0.300000
v -7.524723 0.130797 -0.300000
v -7.517813 0.152188 -0.300000
v -7.507778 0.173038 -0.300000
v -7.494410 0.192943 -0.300000
v -7.477500 0.211501 -0.300000
v -7.456841 0.228309 -0.300000
v -7.432222 0.242964 -0.300000
v -7.403438 0.255063 -0.300000
v -7.370278 0.264204 -0.300000
v -7.332535 0.269984 -0.300000
v -7.290000 0.272001 -0.300000
v -7.255550 0.270455 -0.300000
v -7.218398 0.265973 -0.300000
v -7.178843 0.258782 -0.300000
v -7.137185 0.249112 -0.300000
v -7.093721 0.237192 -0.300000
v -7.048750 0.223251 -0.300000
v -7.002571 0.207518 -0.300000
v -6.955482 0.190223 -0.300000
v -6.907781 0.171594 -0.300000
v -6.859768 0.151862 -0.300000
v -6.811742 0.131254 -0.300000
v -6.764000 0.110001 -0.300000
v -6.830000 -0.037999 -0.300000
v -6.852217 -0.089952 -0.300000
v -6.874741 -0.145286 -0.300000
v -6.897375 -0.203218 -0.300000
v -6.919926 -0.262962 -0.300000
v -6.942199 -0.323734 -0.300000
v -6.964000 -0.384749 -0.300000
v -6.985135 -0.445223 -0.300000
v -7.005408 -0.504370 -0.300000
v -7.024625 -0.561406 -0.300000
v -7.042593 -0.615546 -0.300000
v -7.059116 -0.666005 -0.300000
v -7.074000 -0.711999 -0.300000
v -6.916000 -0.755999 -0.300000
v -6.902811 -0.707075 -0.300000
v -6.888315 -0.655601 -0.300000
v -6.872625 -0.602031 -0.300000
v -6.855852 -0.546814 -0.300000
v -6.838107 -0.490403 -0.300000
v -6.819500 -0.433249 -0.300000
v -6.800144 -0.375804 -0.300000
v -6.780149 -0.318518 -0.300000
v -6.759625 -0.261843 -0.300000
v -6.738686 -0.206231 -0.300000
v -6.717440 -0.152133 -0.300000
v -6.696000 -0.099999 -0.300000
v -6.630000 0.048001 -0.300000
v -6.595895 0.031600 -0.300000
v -6.562658 0.015464 -0.300000
v -6.530406 -0.000312 -0.300000
v -6.499259 -0.015629 -0.300000
v -6.469335 -0.030391 -0.300000
v -6.440750 -0.044499 -0.300000
v -6.413624 -0.057858 -0.300000
v -6.388074 -0.070370 -0.300000
v -6.364219 -0.081937 -0.300000
v -6.342176 -0.092462 -0.300000
v -6.322063 -0.101849 -0.300000
v -6.304000 -0.109999 -0.300000
v -6.228000 0.046001 -0.300000
v -6.242404 0.049577 -0.300000
v -6.256565 0.053278 -0.300000
v -6.270407 0.057063 -0.300000
v -6.283852 0.060889 -0.300000
v -6.296825 0.064716 -0.300000
v -6.309250 0.068501 -0.300000
v -6.321050 0.072202 -0.300000
v -6.332149 0.075778 -0.300000
v -6.342469 0.079188 -0.300000
v -6.351935 0.082389 -0.300000
v -6.360471 0.085341 -0.300000
v -6.368000 0.088001 -0.300000
v -4.638000 0.678001 -0.300000
v -4.660000 0.810000 -0.300000
v -4.661876 0.825642 -0.300000
v -4.663509 0.840630 -0.300000
v -4.664906 0.855063 -0.300000
v -4.666074 0.869038 -0.300000
v -4.667019 0.882651 -0.300000
v -4.667750 0.896000 -0.300000
v -4.668272 0.909183 -0.300000
v -4.668592 0.922297 -0.300000
v -4.668719 0.935438 -0.300000
v -4.668657 0.948704 -0.300000
v -4.668416 0.962193 -0.300000
v -4.668000 0.976000 -0.300000
v -4.846000 0.966000 -0.300000
v -4.842542 0.952344 -0.300000
v -4.839167 0.938417 -0.300000
v -4.835875 0.924282 -0.300000
v -4.832667 0.910000 -0.300000
v -4.829542 0.895636 -0.300000
v -4.826500 0.881250 -0.300000
v -4.823542 0.866907 -0.300000
v -4.820667 0.852667 -0.300000
v -4.817875 0.838594 -0.300000
v -4.815166 0.824750 -0.300000
v -4.812541 0.811198 -0.300000
v -4.810000 0.798001 -0.300000
v -4.788000 0.682000 -0.300000
v -4.849065 0.684959 -0.300000
v -4.912027 0.688834 -0.300000
v -4.976531 0.693626 -0.300000
v -5.042222 0.699334 -0.300000
v -5.108746 0.705959 -0.300000
v -5.175749 0.713501 -0.300000
v -5.242878 0.721959 -0.300000
v -5.309777 0.731334 -0.300000
v -5.376093 0.741626 -0.300000
v -5.441472 0.752834 -0.300000
v -5.505559 0.764959 -0.300000
v -5.568000 0.778000 -0.300000
v -5.570000 0.624001 -0.300000
v -5.509832 0.614136 -0.300000
v -5.446658 0.604584 -0.300000
v -5.380969 0.595407 -0.300000
v -5.313260 0.586667 -0.300000
v -5.244022 0.578428 -0.300000
v -5.173750 0.570750 -0.300000
v -5.102937 0.563698 -0.300000
v -5.032074 0.557334 -0.300000
v -4.961657 0.551719 -0.300000
v -4.892176 0.546917 -0.300000
v -4.824126 0.542990 -0.300000
v -4.758000 0.540000 -0.300000
v -4.748799 0.497599 -0.300000
v -4.739223 0.454621 -0.300000
v -4.729313 0.411407 -0.300000
v -4.719112 0.368297 -0.300000
v -4.708661 0.325631 -0.300000
v -4.698001 0.283750 -0.300000
v -4.687174 0.242995 -0.300000
v -4.676223 0.203704 -0.300000
v -4.665188 0.166219 -0.300000
v -4.654111 0.130880 -0.300000
v -4.643035 0.098027 -0.300000
v -4.632000 0.068000 -0.300000
v -4.675639 0.096974 -0.300000
v -4.719612 0.122954 -0.300000
v -4.764000 0.146032 -0.300000
v -4.808889 0.166297 -0.300000
v -4.854362 0.183840 -0.300000
v -4.900500 0.198750 -0.300000
v -4.947389 0.211120 -0.300000
v -4.995111 0.221037 -0.300000
v -5.043750 0.228594 -0.300000
v -5.093389 0.233880 -0.300000
v -5.144111 0.236985 -0.300000
v -5.196000 0.238000 -0.300000
v -5.272719 0.234678 -0.300000
v -5.343750 0.224917 -0.300000
v -5.408906 0.209032 -0.300000
v -5.468000 0.187334 -0.300000
v -5.520844 0.160136 -0.300000
v -5.567250 0.127751 -0.300000
v -5.607031 0.090490 -0.300000
v -5.640000 0.048667 -0.300000
v -5.665968 0.002594 -0.300000
v -5.684750 -0.047416 -0.300000
v -5.696156 -0.101052 -0.300000
v -5.700000 -0.157999 -0.300000
v -5.691226 -0.256605 -0.300000
v -5.665481 -0.344509 -0.300000
v -5.623625 -0.421843 -0.300000
v -5.566518 -0.488740 -0.300000
v -5.495023 -0.545332 -0.300000
v -5.410000 -0.591750 -0.300000
v -5.312310 -0.628126 -0.300000
v -5.202815 -0.654592 -0.300000
v -5.082375 -0.671281 -0.300000
v -4.951852 -0.678324 -0.300000
v -4.812107 -0.675853 -0.300000
v -4.664000 -0.664000 -0.300000
v -4.624000 -0.506000 -0.300000
v -4.738997 -0.518940 -0.300000
v -4.851972 -0.525518 -0.300000
v -4.961406 -0.525375 -0.300000
v -5.065778 -0.518148 -0.300000
v -5.163566 -0.503476 -0.300000
v -5.253250 -0.481000 -0.300000
v -5.333309 -0.450356 -0.300000
v -5.402223 -0.411185 -0.300000
v -5.458469 -0.363125 -0.300000
v -5.500528 -0.305814 -0.300000
v -5.526879 -0.238893 -0.300000
v -5.536000 -0.162000 -0.300000
v -5.533425 -0.125255 -0.300000
v -5.525732 -0.090212 -0.300000
v -5.512969 -0.057156 -0.300000
v -5.495186 -0.026370 -0.300000
v -5.472430 0.001860 -0.300000
v -5.444751 0.027250 -0.300000
v -5.412196 0.049516 -0.300000
v -5.374815 0.068371 -0.300000
v -5.332657 0.083532 -0.300000
v -5.285769 0.094713 -0.300000
v -5.234200 0.101631 -0.300000
v -5.178000 0.104001 -0.300000
v -5.118916 0.102294 -0.300000
v -5.060824 0.097186 -0.300000
v -5.003969 0.088688 -0.300000
v -4.948593 0.076815 -0.300000
v -4.894939 0.061581 -0.300000
v -4.843250 0.043000 -0.300000
v -4.793770 0.021086 -0.300000
v -4.746741 -0.004148 -0.300000
v -4.702406 -0.032687 -0.300000
v -4.661009 -0.064518 -0.300000
v -4.622793 -0.099627 -0.300000
v -4.588000 -0.138000 -0.300000
v -4.581662 -0.145424 -0.300000
v -4.575629 -0.152731 -0.300000
v -4.569875 -0.159968 -0.300000
v -4.564370 -0.167185 -0.300000
v -4.559088 -0.174429 -0.300000
v -4.554000 -0.181750 -0.300000
v -4.549078 -0.189195 -0.300000
v -4.544296 -0.196814 -0.300000
v -4.539625 -0.204656 -0.300000
v -4.535037 -0.212768 -0.300000
v -4.530505 -0.221200 -0.300000
v -4.526000 -0.230000 -0.300000
v -4.376000 -0.176000 -0.300000
v -4.401037 -0.124292 -0.300000
v -4.425130 -0.069509 -0.300000
v -4.448250 -0.012156 -0.300000
v -4.470371 0.047260 -0.300000
v -4.491463 0.108231 -0.300000
v -4.511500 0.170250 -0.300000
v -4.530454 0.232812 -0.300000
v -4.548297 0.295408 -0.300000
v -4.565001 0.357532 -0.300000
v -4.580537 0.418676 -0.300000
v -4.594880 0.478335 -0.300000
v -4.608000 0.536000 -0.300000
v -4.606000 0.536000 -0.300000
v -4.572169 0.536165 -0.300000
v -4.538685 0.536649 -0.300000
v -4.505563 0.537438 -0.300000
v -4.472815 0.538519 -0.300000
v -4.440456 0.539878 -0.300000
v -4.408500 0.541500 -0.300000
v -4.376961 0.543373 -0.300000
v -4.345852 0.545482 -0.300000
v -4.315187 0.547813 -0.300000
v -4.284981 0.550352 -0.300000
v -4.255248 0.553086 -0.300000
v -4.226000 0.556000 -0.300000
v -4.224000 0.712000 -0.300000
v -4.251454 0.707550 -0.300000
v -4.280622 0.703232 -0.300000
v -4.311220 0.699094 -0.300000
v -4.342964 0.695185 -0.300000
v -4.375569 0.691555 -0.300000
v -4.408751 0.688250 -0.300000
v -4.442224 0.685321 -0.300000
v -4.475704 0.682815 -0.300000
v -4.508907 0.680782 -0.300000
v -4.541547 0.679269 -0.300000
v -4.573339 0.678326 -0.300000
v -4.604000 0.678001 -0.300000
v -2.659427 0.694618 -0.300000
v -2.656750 0.624445 -0.300000
v -2.654032 0.546938 -0.300000
v -2.651334 0.463556 -0.300000
v -2.648719 0.375757 -0.300000
v -2.646250 0.285000 -0.300000
v -2.643990 0.192743 -0.300000
v -2.642000 0.100445 -0.300000
v -2.640344 0.009563 -0.300000
v -2.639083 -0.078444 -0.300000
v -2.638281 -0.162118 -0.300000
v -2.638000 -0.240000 -0.300000
v -2.640825 -0.292078 -0.300000
v -2.649102 -0.338463 -0.300000
v -2.662531 -0.379375 -0.300000
v -2.680815 -0.415037 -0.300000
v -2.703654 -0.445671 -0.300000
v -2.730750 -0.471500 -0.300000
v -2.761804 -0.492745 -0.300000
v -2.796519 -0.509629 -0.300000
v -2.834594 -0.522375 -0.300000
v -2.875731 -0.531204 -0.300000
v -2.919633 -0.536338 -0.300000
v -2.966000 -0.538000 -0.300000
v -3.054223 -0.533826 -0.300000
v -3.136120 -0.521778 -0.300000
v -3.212031 -0.502562 -0.300000
v -3.282296 -0.476889 -0.300000
v -3.347256 -0.445465 -0.300000
v -3.407250 -0.409000 -0.300000
v -3.462619 -0.368201 -0.300000
v -3.513704 -0.323777 -0.300000
v -3.560844 -0.276437 -0.300000
v -3.604380 -0.226889 -0.300000
v -3.644652 -0.175840 -0.300000
v -3.682000 -0.124000 -0.300000
v -3.796000 -0.260000 -0.300000
v -3.758965 -0.308610 -0.300000
v -3.716713 -0.358713 -0.300000
v -3.669032 -0.409218 -0.300000
v -3.615704 -0.459037 -0.300000
v -3.556515 -0.507077 -0.300000
v -3.491251 -0.552250 -0.300000
v -3.419694 -0.593464 -0.300000
v -3.341630 -0.629629 -0.300000
v -3.256844 -0.659656 -0.300000
v -3.165121 -0.682453 -0.300000
v -3.066244 -0.696931 -0.300000
v -2.960000 -0.702000 -0.300000
v -2.889937 -0.699450 -0.300000
v -2.824000 -0.691602 -0.300000
v -2.762562 -0.678156 -0.300000
v -2.706000 -0.658815 -0.300000
v -2.654687 -0.633279 -0.300000
v -2.609000 -0.601250 -0.300000
v -2.569312 -0.562429 -0.300000
v -2.536000 -0.516518 -0.300000
v -2.509437 -0.463219 -0.300000
v -2.490000 -0.402231 -0.300000
v -2.478062 -0.333258 -0.300000
v -2.474000 -0.256000 -0.300000
v -2.474394 -0.177918 -0.300000
v -2.475482 -0.092843 -0.300000
v -2.477125 -0.002531 -0.300000
v -2.479185 0.091259 -0.300000
v -2.481523 0.186772 -0.300000
v -2.484000 0.282250 -0.300000
v -2.486477 0.375937 -0.300000
v -2.488815 0.466074 -0.300000
v -2.490875 0.550906 -0.300000
v -2.492518 0.628676 -0.300000
v -2.493606 0.697626 -0.300000
v -2.494000 0.756000 -0.300000
v -2.493915 0.774452 -0.300000
v -2.493648 0.792778 -0.300000
v -2.493188 0.810938 -0.300000
v -2.492519 0.828889 -0.300000
v -2.491627 0.846591 -0.300000
v -2.490500 0.864000 -0.300000
v -2.489123 0.881077 -0.300000
v -2.487482 0.897778 -0.300000
v -2.485563 0.914063 -0.300000
v -2.483352 0.929889 -0.300000
v -2.480836 0.945216 -0.300000
v -2.478000 0.960000 -0.300000
v -2.680000 0.958000 -0.300000
v -2.677584 0.941422 -0.300000
v -2.675334 0.924704 -0.300000
v -2.673250 0.907875 -0.300000
v -2.671334 0.890963 -0.300000
v -2.669584 0.873996 -0.300000
v -2.668000 0.857000 -0.300000
v -2.666584 0.840005 -0.300000
v -2.665334 0.823037 -0.300000
v -2.664250 0.806125 -0.300000
v -2.663334 0.789297 -0.300000
v -2.662584 0.772579 -0.300000
v -2.662000 0.756000 -0.300000
v -1.664000 0.290000 -0.300000
v -1.664000 0.536000 -0.300000
v -1.458000 0.536000 -0.300000
v -1.458000 0.290000 -0.300000
v -1.342000 0.290000 -0.300000
v -1.342000 0.536000 -0.300000
v -1.142000 0.536000 -0.300000
v -1.142000 0.290000 -0.300000
v -1.026000 0.290000 -0.300000
v -1.026000 0.536000 -0.300000
v -0.830000 0.536000 -0.300000
v -0.830000 0.290000 -0.300000
v -1.312000 0.896000 -0.300000
v -1.886000 0.896000 -0.300000
v -1.886000 0.774000 -0.300000
v -1.312000 0.774000 -0.300000
v -1.312000 0.636000 -0.300000
v -1.806000 0.636000 -0.300000
v -1.806000 0.190000 -0.300000
v -0.696000 0.190000 -0.300000
v -0.696000 0.636000 -0.300000
v -1.168000 0.636000 -0.300000
v -1.168000 0.774000 -0.300000
v -0.620000 0.774000 -0.300000
v -0.620000 0.896000 -0.300000
v -1.168000 0.896000 -0.300000
v -1.168000 1.054000 -0.300000
v -1.312000 1.054000 -0.300000
v -0.304000 0.450000 -0.300000
v -0.100000 0.450000 -0.300000
v -0.100000 0.592000 -0.300000
v -0.304000 0.592000 -0.300000
v -0.304000 1.056000 -0.300000
v -0.436000 1.056000 -0.300000
v -0.436000 0.592000 -0.300000
v -0.612000 0.592000 -0.300000
v -0.612000 0.450000 -0.300000
v -0.436000 0.450000 -0.300000
v -0.436000 -0.124000 -0.300000
v -0.614000 -0.044000 -0.300000
v -0.614000 0.048000 -0.300000
v -1.168000 0.048000 -0.300000
v -1.163460 0.056576 -0.300000
v -1.158843 0.065278 -0.300000
v -1.154156 0.074063 -0.300000
v -1.149408 0.082889 -0.300000
v -1.144603 0.091715 -0.300000
v -1.139750 0.100500 -0.300000
v -1.134855 0.109202 -0.300000
v -1.129926 0.117778 -0.300000
v -1.124969 0.126188 -0.300000
v -1.119991 0.134389 -0.300000
v -1.114999 0.142340 -0.300000
v -1.110000 0.150000 -0.300000
v -1.240000 0.190000 -0.300000
v -1.248031 0.179185 -0.300000
v -1.256083 0.167815 -0.300000
v -1.264094 0.156000 -0.300000
v -1.272000 0.143852 -0.300000
v -1.279740 0.131482 -0.300000
v -1.287250 0.119000 -0.300000
v -1.294469 0.106519 -0.300000
v -1.301333 0.094148 -0.300000
v -1.307781 0.082000 -0.300000
v -1.313750 0.070185 -0.300000
v -1.319177 0.058815 -0.300000
v -1.324000 0.048000 -0.300000
v -1.890000 0.048000 -0.300000
v -1.890000 -0.076000 -0.300000
v -1.306000 -0.076000 -0.300000
v -1.316248 -0.096413 -0.300000
v -1.326981 -0.116639 -0.300000
v -1.338187 -0.136656 -0.300000
v -1.349852 -0.156444 -0.300000
v -1.361961 -0.175983 -0.300000
v -1.374500 -0.195250 -0.300000
v -1.387456 -0.214226 -0.300000
v -1.400815 -0.232889 -0.300000
v -1.414563 -0.251219 -0.300000
v -1.428685 -0.269194 -0.300000
v -1.443169 -0.286795 -0.300000
v -1.458000 -0.304000 -0.300000
v -1.479221 -0.288145 -0.300000
v -1.500769 -0.271657 -0.300000
v -1.522469 -0.254656 -0.300000
v -1.544148 -0.237259 -0.300000
v -1.565633 -0.219584 -0.300000
v -1.586750 -0.201750 -0.300000
v -1.607325 -0.183874 -0.300000
v -1.627185 -0.166074 -0.300000
v -1.646156 -0.148469 -0.300000
v -1.664065 -0.131176 -0.300000
v -1.680737 -0.114313 -0.300000
v -1.696000 -0.098000 -0.300000
v -1.800000 -0.184000 -0.300000
v -1.780142 -0.202032 -0.300000
v -1.759639 -0.220092 -0.300000
v -1.738594 -0.238125 -0.300000
v -1.717111 -0.256074 -0.300000
v -1.695295 -0.273884 -0.300000
v -1.673250 -0.291500 -0.300000
v -1.651080 -0.308866 -0.300000
v -1.628889 -0.325926 -0.300000
v -1.606781 -0.342625 -0.300000
v -1.584861 -0.358907 -0.300000
v -1.563233 -0.374717 -0.300000
v -1.542000 -0.390000 -0.300000
v -1.569953 -0.414076 -0.300000
v -1.598787 -0.437278 -0.300000
v -1.628469 -0.459562 -0.300000
v -1.658963 -0.480889 -0.300000
v -1.690235 -0.501215 -0.300000
v -1.722250 -0.520500 -0.300000
v -1.754973 -0.538701 -0.300000
v -1.788370 -0.555778 -0.300000
v -1.822406 -0.571687 -0.300000
v -1.857046 -0.586389 -0.300000
v -1.892256 -0.599840 -0.300000
v -1.928000 -0.612000 -0.300000
v -1.919351 -0.619479 -0.300000
v -1.910472 -0.627833 -0.300000
v -1.901469 -0.636937 -0.300000
v -1.892444 -0.646666 -0.300000
v -1.883504 -0.656896 -0.300000
v -1.874750 -0.667500 -0.300000
v -1.866288 -0.678354 -0.300000
v -1.858222 -0.689333 -0.300000
v -1.850657 -0.700312 -0.300000
v -1.843695 -0.711167 -0.300000
v -1.837441 -0.721771 -0.300000
v -1.832000 -0.732000 -0.300000
v -1.763110 -0.703081 -0.300000
v -1.696547 -0.669481 -0.300000
v -1.632469 -0.631437 -0.300000
v -1.571037 -0.589185 -0.300000
v -1.512411 -0.542961 -0.300000
v -1.456750 -0.493000 -0.300000
v -1.404214 -0.439539 -0.300000
v -1.354963 -0.382815 -0.300000
v -1.309156 -0.323062 -0.300000
v -1.266954 -0.260518 -0.300000
v -1.228515 -0.195419 -0.300000
v -1.194000 -0.128000 -0.300000
v -1.180875 -0.140458 -0.300000
v -1.167500 -0.152833 -0.300000
v -1.153875 -0.165125 -0.300000
v -1.140000 -0.177333 -0.300000
v -1.125875 -0.189458 -0.300000
v -1.111500 -0.201500 -0.300000
v -1.096875 -0.213458 -0.300000
v -1.082000 -0.225333 -0.300000
v -1.066875 -0.237125 -0.300000
v -1.051500 -0.248833 -0.300000
v -1.035875 -0.260458 -0.300000
v -1.020000 -0.272000 -0.300000
v -1.020000 -0.586000 -0.300000
v -1.368000 -0.486000 -0.300000
v -1.367581 -0.494851 -0.300000
v -1.367315 -0.504305 -0.300000
v -1.367188 -0.514219 -0.300000
v -1.367185 -0.524444 -0.300000
v -1.367294 -0.534837 -0.300000
v -1.367500 -0.545250 -0.300000
v -1.367789 -0.555538 -0.300000
v -1.368148 -0.565555 -0.300000
v -1.368563 -0.575156 -0.300000
v -1.369019 -0.584194 -0.300000
v -1.369502 -0.592524 -0.300000
v -1.370000 -0.600000 -0.300000
v -1.277402 -0.630733 -0.300000
v -1.197880 -0.657194 -0.300000
v -1.130344 -0.679781 -0.300000
v -1.073704 -0.698889 -0.300000
v -1.026869 -0.714913 -0.300000
v -0.988750 -0.728250 -0.300000
v -0.958256 -0.739295 -0.300000
v -0.934296 -0.748444 -0.300000
v -0.915781 -0.756094 -0.300000
v -0.901620 -0.762639 -0.300000
v -0.890723 -0.768476 -0.300000
v -0.882000 -0.774000 -0.300000
v -0.878640 -0.765689 -0.300000
v -0.874620 -0.756843 -0.300000
v -0.870031 -0.747594 -0.300000
v -0.864963 -0.738074 -0.300000
v -0.859506 -0.728415 -0.300000
v -0.853750 -0.718750 -0.300000
v -0.847786 -0.709209 -0.300000
v -0.841704 -0.699926 -0.300000
v -0.835594 -0.691031 -0.300000
v -0.829546 -0.682657 -0.300000
v -0.823652 -0.674936 -0.300000
v -0.818000 -0.668000 -0.300000
v -0.825679 -0.663028 -0.300000
v -0.833602 -0.657056 -0.300000
v -0.841594 -0.650000 -0.300000
v -0.849482 -0.641778 -0.300000
v -0.857091 -0.632306 -0.300000
v -0.864250 -0.621500 -0.300000
v -0.870784 -0.609278 -0.300000
v -0.876519 -0.595556 -0.300000
v -0.881281 -0.580250 -0.300000
v -0.884898 -0.563278 -0.300000
v -0.887196 -0.544556 -0.300000
v -0.888000 -0.524000 -0.300000
v -0.888000 -0.360000 -0.300000
v -0.864330 -0.373917 -0.300000
v -0.840306 -0.387667 -0.300000
v -0.815906 -0.401250 -0.300000
v -0.791111 -0.414667 -0.300000
v -0.765899 -0.427917 -0.300000
v -0.740250 -0.441000 -0.300000
v -0.714142 -0.453917 -0.300000
v -0.687556 -0.466667 -0.300000
v -0.660469 -0.479250 -0.300000
v -0.632861 -0.491667 -0.300000
v -0.604712 -0.503917 -0.300000
v -0.576000 -0.516000 -0.300000
v -0.571480 -0.507652 -0.300000
v -0.566009 -0.498713 -0.300000
v -0.559719 -0.489344 -0.300000
v -0.552741 -0.479704 -0.300000
v -0.545207 -0.469953 -0.300000
v -0.537250 -0.460250 -0.300000
v -0.529001 -0.450756 -0.300000
v -0.520593 -0.441630 -0.300000
v -0.512156 -0.433031 -0.300000
v -0.503824 -0.425120 -0.300000
v -0.495728 -0.418057 -0.300000
v -0.488000 -0.412000 -0.300000
v -0.548487 -0.388354 -0.300000
v -0.606898 -0.363500 -0.300000
v -0.663156 -0.337562 -0.300000
v -0.717185 -0.310667 -0.300000
v -0.768909 -0.282937 -0.300000
v -0.818250 -0.254500 -0.300000
v -0.865133 -0.225479 -0.300000
v -0.909482 -0.196000 -0.300000
v -0.951219 -0.166187 -0.300000
v -0.990269 -0.136167 -0.300000
v -1.026554 -0.106062 -0.300000
v -1.060000 -0.076000 -0.300000
v -0.622000 -0.076000 -0.300000
v -0.646000 -0.180000 -0.300000
v -0.599860 -0.202528 -0.300000
v -0.553546 -0.225055 -0.300000
v -0.507219 -0.247500 -0.300000
v -0.461037 -0.269778 -0.300000
v -0.415161 -0.291806 -0.300000
v -0.369750 -0.313500 -0.300000
v -0.324964 -0.334778 -0.300000
v -0.280963 -0.355556 -0.300000
v -0.237906 -0.375750 -0.300000
v -0.195954 -0.395278 -0.300000
v -0.155265 -0.414056 -0.300000
v -0.116000 -0.432000 -0.300000
v -0.066000 -0.282000 -0.300000
v -0.082829 -0.275335 -0.300000
v -0.100296 -0.268343 -0.300000
v -0.118375 -0.261031 -0.300000
v -0.137037 -0.253407 -0.300000
v -0.156255 -0.245478 -0.300000
v -0.176000 -0.237250 -0.300000
v -0.196245 -0.228730 -0.300000
v -0.216963 -0.219926 -0.300000
v -0.238125 -0.210844 -0.300000
v -0.259704 -0.201491 -0.300000
v -0.281671 -0.191874 -0.300000
v -0.304000 -0.182000 -0.300000
v 0.800163 1.027504 -0.300000
v 0.806639 1.001037 -0.300000
v 0.813406 0.974625 -0.300000
v 0.820444 0.948296 -0.300000
v 0.827733 0.922079 -0.300000
v 0.835250 0.896000 -0.300000
v 0.842976 0.870088 -0.300000
v 0.850889 0.844370 -0.300000
v 0.858969 0.818875 -0.300000
v 0.867194 0.793630 -0.300000
v 0.875545 0.768662 -0.300000
v 0.884000 0.744000 -0.300000
v 0.098000 0.744000 -0.300000
v 0.098041 0.742887 -0.300000
v 0.098157 0.739759 -0.300000
v 0.098344 0.734938 -0.300000
v 0.098593 0.728741 -0.300000
v 0.098897 0.721488 -0.300000
v 0.099250 0.713500 -0.300000
v 0.099645 0.705095 -0.300000
v 0.100074 0.696593 -0.300000
v 0.100531 0.688313 -0.300000
v 0.101009 0.680574 -0.300000
v 0.101501 0.673697 -0.300000
v 0.102000 0.668000 -0.300000
v 0.113021 0.452237 -0.300000
v 0.124167 0.260065 -0.300000
v 0.135562 0.090156 -0.300000
v 0.147333 -0.058815 -0.300000
v 0.159604 -0.188175 -0.300000
v 0.172500 -0.299250 -0.300000
v 0.186146 -0.393367 -0.300000
v 0.200667 -0.471852 -0.300000
v 0.216187 -0.536031 -0.300000
v 0.232833 -0.587232 -0.300000
v 0.250729 -0.626779 -0.300000
v 0.270000 -0.656000 -0.300000
v 0.280011 -0.669185 -0.300000
v 0.290092 -0.680815 -0.300000
v 0.300312 -0.691000 -0.300000
v 0.310741 -0.699852 -0.300000
v 0.321447 -0.707482 -0.300000
v 0.332500 -0.714000 -0.300000
v 0.343970 -0.719519 -0.300000
v 0.355926 -0.724148 -0.300000
v 0.368437 -0.728000 -0.300000
v 0.381574 -0.731185 -0.300000
v 0.395405 -0.733815 -0.300000
v 0.410000 -0.736000 -0.300000
v 0.424149 -0.737375 -0.300000
v 0.439528 -0.738500 -0.300000
v 0.456031 -0.739375 -0.300000
v 0.473556 -0.740000 -0.300000
v 0.491996 -0.740375 -0.300000
v 0.511250 -0.740500 -0.300000
v 0.531212 -0.740375 -0.300000
v 0.551778 -0.740000 -0.300000
v 0.572844 -0.739375 -0.300000
v 0.594305 -0.738500 -0.300000
v 0.616059 -0.737375 -0.300000
v 0.638000 -0.736000 -0.300000
v 0.639208 -0.724608 -0.300000
v 0.640833 -0.712528 -0.300000
v 0.642875 -0.699906 -0.300000
v 0.645333 -0.686889 -0.300000
v 0.648208 -0.673622 -0.300000
v 0.651500 -0.660250 -0.300000
v 0.655208 -0.646920 -0.300000
v 0.659333 -0.633778 -0.300000
v 0.663875 -0.620969 -0.300000
v 0.668833 -0.608639 -0.300000
v 0.674208 -0.596934 -0.300000
v 0.680000 -0.586000 -0.300000
v 0.657727 -0.587877 -0.300000
v 0.635981 -0.589519 -0.300000
v 0.614875 -0.590938 -0.300000
v 0.594518 -0.592148 -0.300000
v 0.575023 -0.593164 -0.300000
v 0.556500 -0.594000 -0.300000
v 0.539060 -0.594669 -0.300000
v 0.522815 -0.595185 -0.300000
v 0.507875 -0.595563 -0.300000
v 0.494352 -0.595815 -0.300000
v 0.482356 -0.595956 -0.300000
v 0.472000 -0.596000 -0.300000
v 0.463782 -0.595867 -0.300000
v 0.456092 -0.595435 -0.300000
v 0.448875 -0.594656 -0.300000
v 0.442074 -0.593482 -0.300000
v 0.435634 -0.591862 -0.300000
v 0.429500 -0.589750 -0.300000
v 0.423616 -0.587096 -0.300000
v 0.417926 -0.583852 -0.300000
v 0.412375 -0.579969 -0.300000
v 0.406907 -0.575398 -0.300000
v 0.401467 -0.570091 -0.300000
v 0.396000 -0.564000 -0.300000
v 0.380407 -0.541133 -0.300000
v 0.365592 -0.507898 -0.300000
v 0.351500 -0.463344 -0.300000
v 0.338074 -0.406518 -0.300000
v 0.325259 -0.336471 -0.300000
v 0.313000 -0.252250 -0.300000
v 0.301241 -0.152904 -0.300000
v 0.289926 -0.037481 -0.300000
v 0.279000 0.094969 -0.300000
v 0.268407 0.245398 -0.300000
v 0.258093 0.414758 -0.300000
v 0.248000 0.604000 -0.300000
v 0.342000 0.604000 -0.300000
v 0.369994 0.471956 -0.300000
v 0.402954 0.340482 -0.300000
v 0.440844 0.210563 -0.300000
v 0.483630 0.083185 -0.300000
v 0.531277 -0.040664 -0.300000
v 0.583750 -0.160000 -0.300000
v 0.641015 -0.273836 -0.300000
v 0.703037 -0.381185 -0.300000
v 0.769781 -0.481063 -0.300000
v 0.841213 -0.572482 -0.300000
v 0.917297 -0.654456 -0.300000
v 0.998000 -0.726000 -0.300000
v 1.005979 -0.718309 -0.300000
v 1.014833 -0.710306 -0.300000
v 1.024437 -0.702094 -0.300000
v 1.034666 -0.693778 -0.300000
v 1.045396 -0.685462 -0.300000
v 1.056500 -0.677250 -0.300000
v 1.067854 -0.669247 -0.300000
v 1.079333 -0.661556 -0.300000
v 1.090812 -0.654281 -0.300000
v 1.102167 -0.647528 -0.300000
v 1.113271 -0.641399 -0.300000
v 1.124000 -0.636000 -0.300000
v 1.043874 -0.571689 -0.300000
v 0.968491 -0.497343 -0.300000
v 0.897844 -0.413844 -0.300000
v 0.831926 -0.322074 -0.300000
v 0.770730 -0.222916 -0.300000
v 0.714250 -0.117250 -0.300000
v 0.662478 -0.005960 -0.300000
v 0.615407 0.110074 -0.300000
v 0.573031 0.229969 -0.300000
v 0.535343 0.352843 -0.300000
v 0.502335 0.477814 -0.300000
v 0.474000 0.604000 -0.300000
v 0.638000 0.604000 -0.300000
v 0.662845 0.516999 -0.300000
v 0.691259 0.429491 -0.300000
v 0.723062 0.342219 -0.300000
v 0.758074 0.255926 -0.300000
v 0.796113 0.171355 -0.300000
v 0.837000 0.089250 -0.300000
v 0.880553 0.010353 -0.300000
v 0.926592 -0.064593 -0.300000
v 0.974937 -0.134844 -0.300000
v 1.025407 -0.199657 -0.300000
v 1.077822 -0.258291 -0.300000
v 1.132000 -0.310000 -0.300000
v 1.139860 -0.302387 -0.300000
v 1.148380 -0.294593 -0.300000
v 1.157469 -0.286688 -0.300000
v 1.167037 -0.278741 -0.300000
v 1.176994 -0.270822 -0.300000
v 1.187250 -0.263000 -0.300000
v 1.197714 -0.255345 -0.300000
v 1.208296 -0.247926 -0.300000
v 1.218906 -0.240813 -0.300000
v 1.229454 -0.234074 -0.300000
v 1.239848 -0.227780 -0.300000
v 1.250000 -0.222000 -0.300000
v 1.197738 -0.176605 -0.300000
v 1.147074 -0.124843 -0.300000
v 1.098187 -0.067344 -0.300000
v 1.051259 -0.004741 -0.300000
v 1.006470 0.062334 -0.300000
v 0.964000 0.133250 -0.300000
v 0.924030 0.207374 -0.300000
v 0.886741 0.284074 -0.300000
v 0.852312 0.362719 -0.300000
v 0.820926 0.442676 -0.300000
v 0.792762 0.523314 -0.300000
v 0.768000 0.604000 -0.300000
v 0.940000 0.604000 -0.300000
v 0.956710 0.567341 -0.300000
v 0.973843 0.531398 -0.300000
v 0.991406 0.496219 -0.300000
v 1.009408 0.461852 -0.300000
v 1.027853 0.428346 -0.300000
v 1.046750 0.395750 -0.300000
v 1.066105 0.364112 -0.300000
v 1.085926 0.333481 -0.300000
v 1.106219 0.303906 -0.300000
v 1.126991 0.275435 -0.300000
v 1.148249 0.248117 -0.300000
v 1.170000 0.222000 -0.300000
v 1.176675 0.228352 -0.300000
v 1.184565 0.235315 -0.300000
v 1.193469 0.242750 -0.300000
v 1.203185 0.250518 -0.300000
v 1.213513 0.258481 -0.300000
v 1.224250 0.266500 -0.300000
v 1.235196 0.274435 -0.300000
v 1.246148 0.282148 -0.300000
v 1.256906 0.289500 -0.300000
v 1.267269 0.296352 -0.300000
v 1.277034 0.302565 -0.300000
v 1.286000 0.308000 -0.300000
v 1.245003 0.355617 -0.300000
v 1.206028 0.407268 -0.300000
v 1.169094 0.462656 -0.300000
v 1.134222 0.521481 -0.300000
v 1.101434 0.583445 -0.300000
v 1.070750 0.648250 -0.300000
v 1.042191 0.715596 -0.300000
v 1.015778 0.785185 -0.300000
v 0.991531 0.856719 -0.300000
v 0.969472 0.929898 -0.300000
v 0.949621 1.004425 -0.300000
v 0.932000 1.080000 -0.300000
v 0.794000 1.054000 -0.300000
v 1.676581 0.921001 -0.300000
v 1.679315 0.898009 -0.300000
v 1.682188 0.875031 -0.300000
v 1.685185 0.852074 -0.300000
v 1.688294 0.829145 -0.300000
v 1.691500 0.806250 -0.300000
v 1.694789 0.783397 -0.300000
v 1.698148 0.760592 -0.300000
v 1.701563 0.737844 -0.300000
v 1.705019 0.715157 -0.300000
v 1.708502 0.692540 -0.300000
v 1.712000 0.670000 -0.300000
v 1.556000 0.670000 -0.300000
v 1.556000 1.078000 -0.300000
v 1.416000 1.078000 -0.300000
v 1.416000 0.670000 -0.300000
v 1.210000 0.670000 -0.300000
v 1.210000 0.526000 -0.300000
v 1.416000 0.526000 -0.300000
v 1.416000 0.116000 -0.300000
v 1.184000 0.186000 -0.300000
v 1.164000 0.054000 -0.300000
v 1.416000 -0.026000 -0.300000
v 1.416000 -0.760000 -0.300000
v 1.556000 -0.760000 -0.300000
v 1.556000 -0.070000 -0.300000
v 1.890000 -0.174000 -0.300000
v 1.930000 -0.030000 -0.300000
v 1.903888 -0.023256 -0.300000
v 1.876602 -0.016046 -0.300000
v 1.848219 -0.008406 -0.300000
v 1.818815 -0.000371 -0.300000
v 1.788466 0.008026 -0.300000
v 1.757250 0.016750 -0.300000
v 1.725242 0.025765 -0.300000
v 1.692518 0.035037 -0.300000
v 1.659156 0.044531 -0.300000
v 1.625231 0.054213 -0.300000
v 1.590821 0.064047 -0.300000
v 1.556000 0.074000 -0.300000
v 1.556000 0.526000 -0.300000
v 1.740000 0.526000 -0.300000
v 1.746124 0.498175 -0.300000
v 1.752491 0.470731 -0.300000
v 1.759094 0.443719 -0.300000
v 1.765926 0.417185 -0.300000
v 1.772980 0.391179 -0.300000
v 1.780250 0.365750 -0.300000
v 1.787728 0.340945 -0.300000
v 1.795407 0.316815 -0.300000
v 1.803281 0.293406 -0.300000
v 1.811343 0.270768 -0.300000
v 1.819584 0.248950 -0.300000
v 1.828000 0.228000 -0.300000
v 1.834673 0.232852 -0.300000
v 1.842555 0.238315 -0.300000
v 1.851437 0.244250 -0.300000
v 1.861111 0.250518 -0.300000
v 1.871368 0.256981 -0.300000
v 1.882000 0.263500 -0.300000
v 1.892798 0.269935 -0.300000
v 1.903555 0.276148 -0.300000
v 1.914062 0.282000 -0.300000
v 1.924111 0.287352 -0.300000
v 1.933493 0.292065 -0.300000
v 1.942000 0.296000 -0.300000
v 1.924198 0.339737 -0.300000
v 1.907750 0.386731 -0.300000
v 1.892594 0.436656 -0.300000
v 1.878667 0.489185 -0.300000
v 1.865906 0.543992 -0.300000
v 1.854250 0.600750 -0.300000
v 1.843635 0.659133 -0.300000
v 1.834000 0.718815 -0.300000
v 1.825281 0.779469 -0.300000
v 1.817417 0.840768 -0.300000
v 1.810344 0.902388 -0.300000
v 1.804000 0.964000 -0.300000
v 1.674000 0.944000 -0.300000
v 3.192584 0.243040 -0.300000
v 3.197334 0.230157 -0.300000
v 3.202250 0.217343 -0.300000
v 3.207334 0.204592 -0.300000
v 3.212584 0.191897 -0.300000
v 3.218000 0.179250 -0.300000
v 3.223584 0.166644 -0.300000
v 3.229334 0.154074 -0.300000
v 3.235250 0.141531 -0.300000
v 3.241333 0.129009 -0.300000
v 3.247583 0.116501 -0.300000
v 3.254000 0.104000 -0.300000
v 2.942000 0.104000 -0.300000
v 2.942000 0.284000 -0.300000
v 2.794000 0.284000 -0.300000
v 2.794000 0.104000 -0.300000
v 2.258000 0.104000 -0.300000
v 2.258000 -0.018000 -0.300000
v 2.794000 -0.018000 -0.300000
v 2.794000 -0.222000 -0.300000
v 2.312000 -0.222000 -0.300000
v 2.312000 -0.344000 -0.300000
v 2.794000 -0.344000 -0.300000
v 2.794000 -0.590000 -0.300000
v 2.138000 -0.590000 -0.300000
v 2.138000 -0.720000 -0.300000
v 3.570000 -0.720000 -0.300000
v 3.570000 -0.590000 -0.300000
v 2.942000 -0.590000 -0.300000
v 2.942000 -0.344000 -0.300000
v 3.400000 -0.344000 -0.300000
v 3.400000 -0.222000 -0.300000
v 2.942000 -0.222000 -0.300000
v 2.942000 -0.018000 -0.300000
v 3.322000 -0.018000 -0.300000
v 3.333082 -0.035831 -0.300000
v 3.344324 -0.053315 -0.300000
v 3.355719 -0.070438 -0.300000
v 3.367259 -0.087185 -0.300000
v 3.378938 -0.103544 -0.300000
v 3.390750 -0.119500 -0.300000
v 3.402686 -0.135040 -0.300000
v 3.414741 -0.150148 -0.300000
v 3.426906 -0.164813 -0.300000
v 3.439176 -0.179019 -0.300000
v 3.451543 -0.192753 -0.300000
v 3.464000 -0.206000 -0.300000
v 3.471135 -0.200227 -0.300000
v 3.479417 -0.193982 -0.300000
v 3.488656 -0.187375 -0.300000
v 3.498667 -0.180519 -0.300000
v 3.509260 -0.173523 -0.300000
v 3.520250 -0.166500 -0.300000
v 3.531448 -0.159560 -0.300000
v 3.542667 -0.152815 -0.300000
v 3.553719 -0.146375 -0.300000
v 3.564417 -0.140352 -0.300000
v 3.574573 -0.134857 -0.300000
v 3.584000 -0.130000 -0.300000
v 3.556388 -0.103366 -0.300000
v 3.529602 -0.074593 -0.300000
v 3.503719 -0.043875 -0.300000
v 3.478815 -0.011408 -0.300000
v 3.454967 0.022615 -0.300000
v 3.432250 0.058000 -0.300000
v 3.410742 0.094551 -0.300000
v 3.390518 0.132074 -0.300000
v 3.371656 0.170375 -0.300000
v 3.354231 0.209259 -0.300000
v 3.338320 0.248532 -0.300000
v 3.324000 0.288000 -0.300000
v 3.188000 0.256000 -0.300000
v 3.005975 1.068568 -0.300000
v 2.991963 1.052379 -0.300000
v 2.978062 1.035594 -0.300000
v 2.964370 1.018370 -0.300000
v 2.950984 1.000869 -0.300000
v 2.938000 0.983250 -0.300000
v 2.925516 0.965672 -0.300000
v 2.913630 0.948296 -0.300000
v 2.902437 0.931281 -0.300000
v 2.892037 0.914787 -0.300000
v 2.882525 0.898973 -0.300000
v 2.874000 0.884000 -0.300000
v 2.206000 0.884000 -0.300000
v 2.206000 0.754000 -0.300000
v 3.320000 0.754000 -0.300000
v 3.304361 0.735032 -0.300000
v 3.288555 0.715259 -0.300000
v 3.272750 0.694875 -0.300000
v 3.257111 0.674074 -0.300000
v 3.241806 0.653051 -0.300000
v 3.227000 0.632000 -0.300000
v 3.212861 0.611116 -0.300000
v 3.199555 0.590592 -0.300000
v 3.187250 0.570625 -0.300000
v 3.176111 0.551407 -0.300000
v 3.166306 0.533134 -0.300000
v 3.158000 0.516000 -0.300000
v 3.248000 0.468000 -0.300000
v 2.768000 0.468000 -0.300000
v 2.755852 0.488668 -0.300000
v 2.743490 0.510509 -0.300000
v 2.731031 0.533281 -0.300000
v 2.718592 0.556741 -0.300000
v 2.706292 0.580644 -0.300000
v 2.694250 0.604750 -0.300000
v 2.682582 0.628813 -0.300000
v 2.671407 0.652592 -0.300000
v 2.660844 0.675844 -0.300000
v 2.651009 0.698324 -0.300000
v 2.642022 0.719790 -0.300000
v 2.634000 0.740000 -0.300000
v 2.476000 0.688000 -0.300000
v 2.487118 0.669845 -0.300000
v 2.498445 0.651426 -0.300000
v 2.509938 0.632812 -0.300000
v 2.521556 0.614074 -0.300000
v 2.533257 0.595280 -0.300000
v 2.545000 0.576500 -0.300000
v 2.556743 0.557803 -0.300000
v 2.568444 0.539259 -0.300000
v 2.580063 0.520937 -0.300000
v 2.591556 0.502907 -0.300000
v 2.602882 0.485238 -0.300000
v 2.614000 0.468000 -0.300000
v 2.144000 0.468000 -0.300000
v 2.144000 0.334000 -0.300000
v 3.606000 0.334000 -0.300000
v 3.606000 0.154000 -0.300000
v 3.606772 0.085440 -0.300000
v 3.609343 0.012352 -0.300000
v 3.614094 -0.064375 -0.300000
v 3.621408 -0.143852 -0.300000
v 3.631666 -0.225190 -0.300000
v 3.645250 -0.307500 -0.300000
v 3.662543 -0.389894 -0.300000
v 3.683926 -0.471482 -0.300000
v 3.709781 -0.551375 -0.300000
v 3.740491 -0.628686 -0.300000
v 3.776436 -0.702524 -0.300000
v 3.818000 -0.772000 -0.300000
v 3.824293 -0.765034 -0.300000
v 3.832009 -0.757269 -0.300000
v 3.840906 -0.748907 -0.300000
v 3.850741 -0.740149 -0.300000
v 3.861270 -0.731196 -0.300000
v 3.872250 -0.722250 -0.300000
v 3.883439 -0.713513 -0.300000
v 3.894593 -0.705186 -0.300000
v 3.905469 -0.697469 -0.300000
v 3.915824 -0.690565 -0.300000
v 3.925416 -0.684675 -0.300000
v 3.934000 -0.680000 -0.300000
v 3.895967 -0.615197 -0.300000
v 3.863574 -0.547241 -0.300000
v 3.836375 -0.476813 -0.300000
v 3.813926 -0.404593 -0.300000
v 3.795783 -0.331262 -0.300000
v 3.781500 -0.257500 -0.300000
v 3.770634 -0.183989 -0.300000
v 3.762741 -0.111408 -0.300000
v 3.757375 -0.040438 -0.300000
v 3.754093 0.028240 -0.300000
v 3.752449 0.093946 -0.300000
v 3.752000 0.156000 -0.300000
v 3.752000 0.468000 -0.300000
v 3.290000 0.468000 -0.300000
v 3.299104 0.485515 -0.300000
v 3.309333 0.503954 -0.300000
v 3.320562 0.523156 -0.300000
v 3.332667 0.542963 -0.300000
v 3.345521 0.563214 -0.300000
v 3.359000 0.583750 -0.300000
v 3.372979 0.604411 -0.300000
v 3.387333 0.625037 -0.300000
v 3.401937 0.645468 -0.300000
v 3.416667 0.665546 -0.300000
v 3.431396 0.685110 -0.300000
v 3.446000 0.704000 -0.300000
v 3.342000 0.754000 -0.300000
v 3.780000 0.754000 -0.300000
v 3.780000 0.884000 -0.300000
v 3.040000 0.884000 -0.300000
v 3.047621 0.896075 -0.300000
v 3.055463 0.908268 -0.300000
v 3.063500 0.920531 -0.300000
v 3.071704 0.932815 -0.300000
v 3.080046 0.945070 -0.300000
v 3.088500 0.957250 -0.300000
v 3.097037 0.969304 -0.300000
v 3.105630 0.981185 -0.300000
v 3.114250 0.992844 -0.300000
v 3.122870 1.004231 -0.300000
v 3.131463 1.015300 -0.300000
v 3.140000 1.026000 -0.300000
v 3.020000 1.084000 -0.300000
v 5.665666 -0.024100 -0.300000
v 5.658991 -0.078463 -0.300000
v 5.648469 -0.127188 -0.300000
v 5.634593 -0.170371 -0.300000
v 5.617856 -0.208109 -0.300000
v 5.598750 -0.240500 -0.300000
v 5.577770 -0.267642 -0.300000
v 5.555408 -0.289630 -0.300000
v 5.532156 -0.306563 -0.300000
v 5.508510 -0.318538 -0.300000
v 5.484960 -0.325651 -0.300000
v 5.462000 -0.328000 -0.300000
v 5.438260 -0.325168 -0.300000
v 5.414074 -0.316510 -0.300000
v 5.389500 -0.301782 -0.300000
v 5.364593 -0.280741 -0.300000
v 5.339407 -0.253145 -0.300000
v 5.314000 -0.218750 -0.300000
v 5.288426 -0.177314 -0.300000
v 5.262741 -0.128593 -0.300000
v 5.237000 -0.072344 -0.300000
v 5.211259 -0.008325 -0.300000
v 5.185574 0.063709 -0.300000
v 5.160000 0.144000 -0.300000
v 5.147713 0.185982 -0.300000
v 5.135870 0.228861 -0.300000
v 5.124500 0.272531 -0.300000
v 5.113630 0.316888 -0.300000
v 5.103287 0.361829 -0.300000
v 5.093500 0.407249 -0.300000
v 5.084296 0.453045 -0.300000
v 5.075704 0.499111 -0.300000
v 5.067750 0.545343 -0.300000
v 5.060463 0.591638 -0.300000
v 5.053870 0.637892 -0.300000
v 5.048000 0.684000 -0.300000
v 5.140866 0.666361 -0.300000
v 5.227260 0.638222 -0.300000
v 5.306875 0.600749 -0.300000
v 5.379408 0.555111 -0.300000
v 5.444551 0.502472 -0.300000
v 5.502001 0.444000 -0.300000
v 5.551450 0.380861 -0.300000
v 5.592593 0.314222 -0.300000
v 5.625125 0.245250 -0.300000
v 5.648741 0.175111 -0.300000
v 5.663135 0.104972 -0.300000
v 5.668000 0.036000 -0.300000
v 5.033246 0.011213 -0.300000
v 5.065963 -0.079130 -0.300000
v 5.100125 -0.161000 -0.300000
v 5.135704 -0.234371 -0.300000
v 5.172672 -0.299213 -0.300000
v 5.211000 -0.355500 -0.300000
v 5.250662 -0.403204 -0.300000
v 5.291630 -0.442297 -0.300000
v 5.333875 -0.472750 -0.300000
v 5.377370 -0.494538 -0.300000
v 5.422088 -0.507630 -0.300000
v 5.468000 -0.512001 -0.300000
v 5.512396 -0.507796 -0.300000
v 5.556175 -0.495362 -0.300000
v 5.598718 -0.474969 -0.300000
v 5.639407 -0.446889 -0.300000
v 5.677623 -0.411393 -0.300000
v 5.712749 -0.368751 -0.300000
v 5.744167 -0.319233 -0.300000
v 5.771259 -0.263112 -0.300000
v 5.793406 -0.200657 -0.300000
v 5.809990 -0.132139 -0.300000
v 5.820395 -0.057830 -0.300000
v 5.824000 0.022000 -0.300000
v 5.816123 0.129186 -0.300000
v 5.793149 0.232990 -0.300000
v 5.756063 0.332281 -0.300000
v 5.705853 0.425925 -0.300000
v 5.643503 0.512792 -0.300000
v 5.570000 0.591750 -0.300000
v 5.486331 0.661665 -0.300000
v 5.393481 0.721407 -0.300000
v 5.292437 0.769843 -0.300000
v 5.184185 0.805842 -0.300000
v 5.069710 0.828272 -0.300000
v 4.950000 0.836000 -0.300000
v 4.836616 0.829272 -0.300000
v 4.730759 0.809676 -0.300000
v 4.632875 0.778093 -0.300000
v 4.543407 0.735407 -0.300000
v 4.462801 0.682498 -0.300000
v 4.391500 0.620250 -0.300000
v 4.329949 0.549542 -0.300000
v 4.278593 0.471259 -0.300000
v 4.237875 0.386281 -0.300000
v 4.208241 0.295490 -0.300000
v 4.190134 0.199769 -0.300000
v 4.184000 0.100000 -0.300000
v 4.189704 -0.002039 -0.300000
v 4.206638 -0.097973 -0.300000
v 4.234531 -0.187532 -0.300000
v 4.273111 -0.270445 -0.300000
v 4.322107 -0.346441 -0.300000
v 4.381250 -0.415250 -0.300000
v 4.450267 -0.476601 -0.300000
v 4.528889 -0.530223 -0.300000
v 4.616844 -0.575844 -0.300000
v 4.713861 -0.613195 -0.300000
v 4.819670 -0.642004 -0.300000
v 4.934000 -0.662000 -0.300000
v 5.028000 -0.514000 -0.300000
v 5.012050 -0.512419 -0.300000
v 4.996232 -0.510686 -0.300000
v 4.980594 -0.508813 -0.300000
v 4.965185 -0.506815 -0.300000
v 4.950054 -0.504706 -0.300000
v 4.935250 -0.502500 -0.300000
v 4.920820 -0.500211 -0.300000
v 4.906815 -0.497852 -0.300000
v 4.893281 -0.495438 -0.300000
v 4.880268 -0.492982 -0.300000
v 4.867825 -0.490498 -0.300000
v 4.856000 -0.488000 -0.300000
v 4.792227 -0.470737 -0.300000
v 4.729481 -0.447889 -0.300000
v 4.668625 -0.419375 -0.300000
v 4.610518 -0.385112 -0.300000
v 4.556023 -0.345014 -0.300000
v 4.506000 -0.299000 -0.300000
v 4.461310 -0.246986 -0.300000
v 4.422815 -0.188889 -0.300000
v 4.391375 -0.124625 -0.300000
v 4.367852 -0.054111 -0.300000
v 4.353106 0.022736 -0.300000
v 4.348000 0.106000 -0.300000
v 4.352014 0.180319 -0.300000
v 4.363944 0.251889 -0.300000
v 4.383625 0.320125 -0.300000
v 4.410888 0.384444 -0.300000
v 4.445569 0.444264 -0.300000
v 4.487499 0.499000 -0.300000
v 4.536513 0.548069 -0.300000
v 4.592444 0.590889 -0.300000
v 4.655125 0.626875 -0.300000
v 4.724389 0.655444 -0.300000
v 4.800069 0.676014 -0.300000
v 4.882000 0.688000 -0.300000
v 4.888754 0.640686 -0.300000
v 4.896029 0.592824 -0.300000
v 4.903844 0.544531 -0.300000
v 4.912223 0.495926 -0.300000
v 4.921185 0.447126 -0.300000
v 4.930750 0.398250 -0.300000
v 4.940941 0.349415 -0.300000
v 4.951778 0.300740 -0.300000
v 4.963281 0.252343 -0.300000
v 4.975472 0.204342 -0.300000
v 4.988371 0.156855 -0.300000
v 5.002000 0.110000 -0.300000
v 7.750951 -0.538756 -0.300000
v 7.739778 -0.534047 -0.300000
v 7.728437 -0.527907 -0.300000
v 7.716889 -0.520371 -0.300000
v 7.705090 -0.511474 -0.300000
v 7.693000 -0.501251 -0.300000
v 7.680576 -0.489736 -0.300000
v 7.667778 -0.476964 -0.300000
v 7.654562 -0.462969 -0.300000
v 7.640889 -0.447788 -0.300000
v 7.626715 -0.431453 -0.300000
v 7.612000 -0.414001 -0.300000
v 7.596175 -0.395835 -0.300000
v 7.576065 -0.371677 -0.300000
v 7.552219 -0.342032 -0.300000
v 7.525186 -0.307408 -0.300000
v 7.495513 -0.268312 -0.300000
v 7.463750 -0.225251 -0.300000
v 7.430446 -0.178731 -0.300000
v 7.396149 -0.129260 -0.300000
v 7.361407 -0.077344 -0.300000
v 7.326769 -0.023491 -0.300000
v 7.292784 0.031792 -0.300000
v 7.260000 0.087999 -0.300000
v 7.894000 0.087999 -0.300000
v 7.894000 0.237999 -0.300000
v 7.080000 0.237999 -0.300000
v 7.080000 0.615999 -0.300000
v 7.740000 0.615999 -0.300000
v 7.740000 0.765999 -0.300000
v 7.080000 0.765999 -0.300000
v 7.080000 1.081999 -0.300000
v 6.922000 1.081999 -0.300000
v 6.922000 0.765999 -0.300000
v 6.246000 0.765999 -0.300000
v 6.246000 0.616000 -0.300000
v 6.922000 0.615999 -0.300000
v 6.922000 0.237999 -0.300000
v 6.098000 0.238000 -0.300000
v 6.098000 0.087999 -0.300000
v 7.074000 0.087999 -0.300000
v 7.107443 0.033726 -0.300000
v 7.141713 -0.020019 -0.300000
v 7.176719 -0.073126 -0.300000
v 7.212370 -0.125482 -0.300000
v 7.248578 -0.176977 -0.300000
v 7.285250 -0.227501 -0.300000
v 7.322298 -0.276940 -0.300000
v 7.359630 -0.325186 -0.300000
v 7.397156 -0.372126 -0.300000
v 7.434787 -0.417649 -0.300000
v 7.472432 -0.461644 -0.300000
v 7.510000 -0.504001 -0.300000
v 6.518000 -0.432001 -0.300000
v 6.539241 -0.401932 -0.300000
v 6.560926 -0.371788 -0.300000
v 6.583000 -0.341657 -0.300000
v 6.605408 -0.311630 -0.300000
v 6.628093 -0.281798 -0.300000
v 6.651000 -0.252251 -0.300000
v 6.674074 -0.223078 -0.300000
v 6.697259 -0.194371 -0.300000
v 6.720500 -0.166219 -0.300000
v 6.743741 -0.138714 -0.300000
v 6.766926 -0.111944 -0.300000
v 6.790000 -0.086001 -0.300000
v 6.656000 -0.022001 -0.300000
v 6.610316 -0.072826 -0.300000
v 6.564528 -0.125936 -0.300000
v 6.519031 -0.180782 -0.300000
v 6.474222 -0.236815 -0.300000
v 6.430496 -0.293488 -0.300000
v 6.388250 -0.350251 -0.300000
v 6.347878 -0.406555 -0.300000
v 6.309778 -0.461852 -0.300000
v 6.274343 -0.515594 -0.300000
v 6.241972 -0.567232 -0.300000
v 6.213059 -0.616217 -0.300000
v 6.188000 -0.662001 -0.300000
v 6.332000 -0.740001 -0.300000
v 6.338205 -0.726877 -0.300000
v 6.344814 -0.713510 -0.300000
v 6.351812 -0.699907 -0.300000
v 6.359185 -0.686075 -0.300000
v 6.366919 -0.672020 -0.300000
v 6.375000 -0.657751 -0.300000
v 6.383414 -0.643273 -0.300000
v 6.392148 -0.628593 -0.300000
v 6.401187 -0.613719 -0.300000
v 6.410518 -0.598658 -0.300000
v 6.420127 -0.583416 -0.300000
v 6.430000 -0.568001 -0.300000
v 6.682672 -0.587895 -0.300000
v 6.897871 -0.604825 -0.300000
v 7.078875 -0.619157 -0.300000
v 7.228963 -0.631260 -0.300000
v 7.351412 -0.641502 -0.300000
v 7.449500 -0.650251 -0.300000
v 7.526504 -0.657875 -0.300000
v 7.585703 -0.664741 -0.300000
v 7.630374 -0.671219 -0.300000
v 7.663796 -0.677677 -0.300000
v 7.689245 -0.684481 -0.300000
v 7.710000 -0.692001 -0.300000
v 7.712322 -0.683129 -0.300000
v 7.715241 -0.672695 -0.300000
v 7.718688 -0.660969 -0.300000
v 7.722593 -0.648223 -0.300000
v 7.726887 -0.634726 -0.300000
v 7.731501 -0.620751 -0.300000
v 7.736364 -0.606567 -0.300000
v 7.741408 -0.592445 -0.300000
v 7.746563 -0.578657 -0.300000
v 7.751760 -0.565473 -0.300000
v 7.756928 -0.553164 -0.300000
v 7.762000 -0.542001 -0.300000
v 8.334000 0.391999 -0.300000
v 8.180000 0.391999 -0.300000
v 8.180000 -0.328001 -0.300000
v 8.180266 -0.344804 -0.300000
v 8.181122 -0.360260 -0.300000
v 8.182657 -0.374438 -0.300000
v 8.184964 -0.387408 -0.300000
v 8.188132 -0.399239 -0.300000
v 8.192251 -0.410001 -0.300000
v 8.197412 -0.419762 -0.300000
v 8.203704 -0.428593 -0.300000
v 8.211219 -0.436563 -0.300000
v 8.220046 -0.443741 -0.300000
v 8.230276 -0.450197 -0.300000
v 8.242000 -0.456001 -0.300000
v 8.254669 -0.460635 -0.300000
v 8.268694 -0.464575 -0.300000
v 8.284093 -0.467876 -0.300000
v 8.300888 -0.470593 -0.300000
v 8.319099 -0.472783 -0.300000
v 8.338749 -0.474501 -0.300000
v 8.359857 -0.475802 -0.300000
v 8.382443 -0.476741 -0.300000
v 8.406530 -0.477376 -0.300000
v 8.432138 -0.477760 -0.300000
v 8.459288 -0.477950 -0.300000
v 8.488000 -0.478001 -0.300000
v 8.489742 -0.468686 -0.300000
v 8.491936 -0.458816 -0.300000
v 8.494532 -0.448501 -0.300000
v 8.497482 -0.437853 -0.300000
v 8.500738 -0.426982 -0.300000
v 8.504251 -0.416001 -0.300000
v 8.507972 -0.405019 -0.300000
v 8.511852 -0.394149 -0.300000
v 8.515844 -0.383501 -0.300000
v 8.519898 -0.373186 -0.300000
v 8.523967 -0.363316 -0.300000
v 8.528000 -0.354001 -0.300000
v 8.507234 -0.354919 -0.300000
v 8.487029 -0.355677 -0.300000
v 8.467532 -0.356282 -0.300000
v 8.448890 -0.356741 -0.300000
v 8.431248 -0.357062 -0.300000
v 8.414751 -0.357251 -0.300000
v 8.399546 -0.357314 -0.300000
v 8.385778 -0.357260 -0.300000
v 8.373594 -0.357094 -0.300000
v 8.363139 -0.356825 -0.300000
v 8.354559 -0.356458 -0.300000
v 8.348000 -0.356001 -0.300000
v 8.342788 -0.355870 -0.300000
v 8.338139 -0.355454 -0.300000
v 8.334031 -0.354719 -0.300000
v 8.330444 -0.353630 -0.300000
v 8.327357 -0.352152 -0.300000
v 8.324750 -0.350251 -0.300000
v 8.322600 -0.347891 -0.300000
v 8.320889 -0.345038 -0.300000
v 8.319593 -0.341657 -0.300000
v 8.318694 -0.337714 -0.300000
v 8.318170 -0.333173 -0.300000
v 8.318000 -0.328001 -0.300000
v 8.318000 0.271999 -0.300000
v 9.182000 0.271999 -0.300000
v 9.182000 -0.478001 -0.300000
v 9.316000 -0.478001 -0.300000
v 9.316000 0.391999 -0.300000
v 9.160000 0.391999 -0.300000
v 9.160000 1.009999 -0.300000
v 8.334000 1.009999 -0.300000
v 8.786000 0.621999 -0.300000
v 9.026000 0.621999 -0.300000
v 9.026000 0.391999 -0.300000
v 8.786000 0.391999 -0.300000
v 9.026000 0.893999 -0.300000
v 9.026000 0.729999 -0.300000
v 8.674000 0.729999 -0.300000
v 8.674000 0.391999 -0.300000
v 8.472000 0.391999 -0.300000
v 8.472000 0.893999 -0.300000
v 8.492000 -0.282001 -0.300000
v 8.896000 -0.282001 -0.300000
v 8.896000 -0.362001 -0.300000
v 9.014000 -0.362001 -0.300000
v 9.014000 0.141999 -0.300000
v 8.492000 0.141999 -0.300000
v 8.610000 -0.178001 -0.300000
v 8.610000 0.035999 -0.300000
v 8.896000 0.035999 -0.300000
v 8.896000 -0.178001 -0.300000
v 9.495370 -0.402206 -0.300000
v 9.486446 -0.408806 -0.300000
v 9.477189 -0.415782 -0.300000
v 9.467557 -0.423112 -0.300000
v 9.457508 -0.430775 -0.300000
v 9.447001 -0.438751 -0.300000
v 9.435994 -0.447018 -0.300000
v 9.424445 -0.455556 -0.300000
v 9.412313 -0.464345 -0.300000
v 9.399556 -0.473362 -0.300000
v 9.386132 -0.482588 -0.300000
v 9.372000 -0.492001 -0.300000
v 9.338035 -0.512455 -0.300000
v 9.302111 -0.529964 -0.300000
v 9.264187 -0.544751 -0.300000
v 9.224221 -0.557038 -0.300000
v 9.182173 -0.567047 -0.300000
v 9.138000 -0.575001 -0.300000
v 9.091660 -0.581121 -0.300000
v 9.043111 -0.585630 -0.300000
v 8.992312 -0.588751 -0.300000
v 8.939222 -0.590704 -0.300000
v 8.883799 -0.591714 -0.300000
v 8.826000 -0.592001 -0.300000
v 8.761271 -0.591595 -0.300000
v 8.694491 -0.590417 -0.300000
v 8.626282 -0.588532 -0.300000
v 8.557260 -0.586001 -0.300000
v 8.488043 -0.582886 -0.300000
v 8.419250 -0.579251 -0.300000
v 8.351499 -0.575157 -0.300000
v 8.285407 -0.570667 -0.300000
v 8.221594 -0.565844 -0.300000
v 8.160676 -0.560751 -0.300000
v 8.103272 -0.555449 -0.300000
v 8.050000 -0.550001 -0.300000
v 8.054609 -0.560292 -0.300000
v 8.059371 -0.572001 -0.300000
v 8.064188 -0.584876 -0.300000
v 8.068963 -0.598667 -0.300000
v 8.073600 -0.613126 -0.300000
v 8.078000 -0.628001 -0.300000
v 8.082067 -0.643042 -0.300000
v 8.085704 -0.658001 -0.300000
v 8.088813 -0.672626 -0.300000
v 8.091296 -0.686667 -0.300000
v 8.093058 -0.699876 -0.300000
v 8.094000 -0.712001 -0.300000
v 8.135219 -0.714574 -0.300000
v 8.184916 -0.717251 -0.300000
v 8.241656 -0.719969 -0.300000
v 8.304000 -0.722667 -0.300000
v 8.370510 -0.725282 -0.300000
v 8.439750 -0.727751 -0.300000
v 8.510281 -0.730011 -0.300000
v 8.580666 -0.732001 -0.300000
v 8.649467 -0.733657 -0.300000
v 8.715249 -0.734917 -0.300000
v 8.776572 -0.735720 -0.300000
v 8.832000 -0.736001 -0.300000
v 8.896079 -0.735553 -0.300000
v 8.956471 -0.734084 -0.300000
v 9.013406 -0.731407 -0.300000
v 9.067111 -0.727334 -0.300000
v 9.117816 -0.721678 -0.300000
v 9.165750 -0.714251 -0.300000
v 9.211142 -0.704865 -0.300000
v 9.254222 -0.693334 -0.300000
v 9.295218 -0.679470 -0.300000
v 9.334361 -0.663084 -0.300000
v 9.371879 -0.643990 -0.300000
v 9.408000 -0.622001 -0.300000
v 9.428201 -0.608139 -0.300000
v 9.447777 -0.593769 -0.300000
v 9.466686 -0.579220 -0.300000
v 9.484888 -0.564816 -0.300000
v 9.502339 -0.550884 -0.300000
v 9.518999 -0.537751 -0.300000
v 9.534825 -0.525743 -0.300000
v 9.549777 -0.515186 -0.300000
v 9.563812 -0.506407 -0.300000
v 9.576889 -0.499732 -0.300000
v 9.588965 -0.495488 -0.300000
v 9.600000 -0.494001 -0.300000
v 9.616108 -0.496561 -0.300000
v 9.633369 -0.503982 -0.300000
v 9.651687 -0.515876 -0.300000
v 9.670962 -0.531853 -0.300000
v 9.691099 -0.551524 -0.300000
v 9.712000 -0.574501 -0.300000
v 9.733567 -0.600394 -0.300000
v 9.755704 -0.628816 -0.300000
v 9.778313 -0.659376 -0.300000
v 9.801296 -0.691686 -0.300000
v 9.824557 -0.725357 -0.300000
v 9.848000 -0.760001 -0.300000
v 9.950000 -0.622001 -0.300000
v 9.922630 -0.589768 -0.300000
v 9.895546 -0.559140 -0.300000
v 9.868781 -0.530220 -0.300000
v 9.842370 -0.503112 -0.300000
v 9.816348 -0.477921 -0.300000
v 9.790750 -0.454751 -0.300000
v 9.765610 -0.433706 -0.300000
v 9.740963 -0.414890 -0.300000
v 9.716844 -0.398407 -0.300000
v 9.693287 -0.384362 -0.300000
v 9.670327 -0.372858 -0.300000
v 9.648000 -0.364001 -0.300000
v 9.648000 0.261999 -0.300000
v 9.910000 0.261999 -0.300000
v 9.910000 0.401999 -0.300000
v 9.504000 0.401999 -0.300000
v 9.504000 -0.396001 -0.300000
v 9.694853 1.036140 -0.300000
v 9.666657 1.008795 -0.300000
v 9.637781 0.980312 -0.300000
v 9.608592 0.951036 -0.300000
v 9.579459 0.921316 -0.300000
v 9.550750 0.891499 -0.300000
v 9.522832 0.861932 -0.300000
v 9.496074 0.832962 -0.300000
v 9.470843 0.804937 -0.300000
v 9.447509 0.778203 -0.300000
v 9.426438 0.753108 -0.300000
v 9.408000 0.729999 -0.300000
v 9.526000 0.639999 -0.300000
v 9.543481 0.663650 -0.300000
v 9.563677 0.689369 -0.300000
v 9.586220 0.716812 -0.300000
v 9.610742 0.745629 -0.300000
v 9.636874 0.775474 -0.300000
v 9.664250 0.805999 -0.300000
v 9.692501 0.836858 -0.300000
v 9.721259 0.867703 -0.300000
v 9.750156 0.898187 -0.300000
v 9.778824 0.927962 -0.300000
v 9.806894 0.956682 -0.300000
v 9.834000 0.983999 -0.300000
v 9.722000 1.061999 -0.300000
v -9.322049 0.295743 0.300000
v -9.294897 0.270603 0.300000
v -9.263593 0.241532 0.300000
v -9.229184 0.209482 0.300000
v -9.192720 0.175405 0.300000
v -9.155250 0.140251 0.300000
v -9.117820 0.104972 0.300000
v -9.081481 0.070519 0.300000
v -9.047281 0.037845 0.300000
v -9.016269 0.007899 0.300000
v -8.989492 -0.018366 0.300000
v -8.968000 -0.039999 0.300000
v -8.973316 -0.039581 0.300000
v -8.979195 -0.039323 0.300000
v -8.985532 -0.039218 0.300000
v -8.992223 -0.039258 0.300000
v -8.999164 -0.039438 0.300000
v -9.006250 -0.039749 0.300000
v -9.013379 -0.040186 0.300000
v -9.020445 -0.040740 0.300000
v -9.027344 -0.041405 0.300000
v -9.033972 -0.042175 0.300000
v -9.040225 -0.043042 0.300000
v -9.046000 -0.043999 0.300000
v -9.064841 -0.046947 0.300000
v -9.082398 -0.051749 0.300000
v -9.098720 -0.058343 0.300000
v -9.113853 -0.066666 0.300000
v -9.127847 -0.076655 0.300000
v -9.140751 -0.088249 0.300000
v -9.152613 -0.101385 0.300000
v -9.163482 -0.115999 0.300000
v -9.173407 -0.132030 0.300000
v -9.182435 -0.149416 0.300000
v -9.190617 -0.168093 0.300000
v -9.198000 -0.187999 0.300000
v -9.202699 -0.203330 0.300000
v -9.207750 -0.220147 0.300000
v -9.213094 -0.238187 0.300000
v -9.218667 -0.257184 0.300000
v -9.224406 -0.276877 0.300000
v -9.230250 -0.296999 0.300000
v -9.236135 -0.317289 0.300000
v -9.242000 -0.337481 0.300000
v -9.247781 -0.357312 0.300000
v -9.253416 -0.376518 0.300000
v -9.258843 -0.394835 0.300000
v -9.264000 -0.411999 0.300000
v -9.270517 -0.430090 0.300000
v -9.278139 -0.446388 0.300000
v -9.286969 -0.460937 0.300000
v -9.297112 -0.473777 0.300000
v -9.308671 -0.484951 0.300000
v -9.321751 -0.494499 0.300000
v -9.336455 -0.502464 0.300000
v -9.352889 -0.508888 0.300000
v -9.371157 -0.513812 0.300000
v -9.391361 -0.517277 0.300000
v -9.413608 -0.519326 0.300000
v -9.438000 -0.519999 0.300000
v -9.471373 -0.519670 0.300000
v -9.505306 -0.518703 0.300000
v -9.539532 -0.517124 0.300000
v -9.573778 -0.514962 0.300000
v -9.607775 -0.512245 0.300000
v -9.641251 -0.508999 0.300000
v -9.673935 -0.505254 0.300000
v -9.705557 -0.501036 0.300000
v -9.735845 -0.496374 0.300000
v -9.764528 -0.491295 0.300000
v -9.791337 -0.485828 0.300000
v -9.816000 -0.479999 0.300000
v -9.806000 -0.647999 0.300000
v -9.783019 -0.651530 0.300000
v -9.756482 -0.655083 0.300000
v -9.727000 -0.658593 0.300000
v -9.695186 -0.661999 0.300000
v -9.661649 -0.665239 0.300000
v -9.627001 -0.668249 0.300000
v -9.591853 -0.670968 0.300000
v -9.556816 -0.673332 0.300000
v -9.522501 -0.675280 0.300000
v -9.489519 -0.676749 0.300000
v -9.458482 -0.677676 0.300000
v -9.430000 -0.677999 0.300000
v -9.391250 -0.677175 0.300000
v -9.354992 -0.674573 0.300000
v -9.321219 -0.669999 0.300000
v -9.289927 -0.663259 0.300000
v -9.261106 -0.654157 0.300000
v -9.234750 -0.642499 0.300000
v -9.210853 -0.628092 0.300000
v -9.189407 -0.610740 0.300000
v -9.170406 -0.590249 0.300000
v -9.153843 -0.566425 0.300000
v -9.139709 -0.539073 0.300000
v -9.128000 -0.507999 0.300000
v -9.122805 -0.491859 0.300000
v -9.117269 -0.473712 0.300000
v -9.111468 -0.453968 0.300000
v -9.105481 -0.433036 0.300000
v -9.099382 -0.411327 0.300000
v -9.093249 -0.389249 0.300000
v -9.087158 -0.367213 0.300000
v -9.081185 -0.345629 0.300000
v -9.075406 -0.324905 0.300000
v -9.069898 -0.305453 0.300000
v -9.064737 -0.287681 0.300000
v -9.060000 -0.271999 0.300000
v -9.053590 -0.255209 0.300000
v -9.046380 -0.239842 0.300000
v -9.038406 -0.225905 0.300000
v -9.029704 -0.213407 0.300000
v -9.020307 -0.202352 0.300000
v -9.010250 -0.192749 0.300000
v -8.999568 -0.184605 0.300000
v -8.988296 -0.177925 0.300000
v -8.976468 -0.172718 0.300000
v -8.964120 -0.168990 0.300000
v -8.951285 -0.166748 0.300000
v -8.938000 -0.165999 0.300000
v -8.924202 -0.166576 0.300000
v -8.910787 -0.168277 0.300000
v -8.897718 -0.171062 0.300000
v -8.884963 -0.174888 0.300000
v -8.872485 -0.179715 0.300000
v -8.860250 -0.185499 0.300000
v -8.848224 -0.192201 0.300000
v -8.836370 -0.199777 0.300000
v -8.824656 -0.208187 0.300000
v -8.813046 -0.217388 0.300000
v -8.801506 -0.227340 0.300000
v -8.790000 -0.237999 0.300000
v -8.768186 -0.259150 0.300000
v -8.741315 -0.286036 0.300000
v -8.710250 -0.317812 0.300000
v -8.675852 -0.353629 0.300000
v -8.638982 -0.392640 0.300000
v -8.600500 -0.433999 0.300000
v -8.561269 -0.476858 0.300000
v -8.522148 -0.520370 0.300000
v -8.484000 -0.563687 0.300000
v -8.447685 -0.605962 0.300000
v -8.414064 -0.646349 0.300000
v -8.384000 -0.683999 0.300000
v -8.232000 -0.577999 0.300000
v -8.238244 -0.572333 0.300000
v -8.244962 -0.566333 0.300000
v -8.252124 -0.559999 0.300000
v -8.259703 -0.553333 0.300000
v -8.267671 -0.546333 0.300000
v -8.275999 -0.538999 0.300000
v -8.284661 -0.531333 0.300000
v -8.293629 -0.523333 0.300000
v -8.302874 -0.514999 0.300000
v -8.312369 -0.506333 0.300000
v -8.322087 -0.497333 0.300000
v -8.332000 -0.487999 0.300000
v -8.361197 -0.458342 0.300000
v -8.406917 -0.412240 0.300000
v -8.466344 -0.352499 0.300000
v -8.536667 -0.281925 0.300000
v -8.615073 -0.203323 0.300000
v -8.698750 -0.119499 0.300000
v -8.784886 -0.033259 0.300000
v -8.870667 0.052593 0.300000
v -8.953282 0.135251 0.300000
v -9.029918 0.211908 0.300000
v -9.097761 0.279760 0.300000
v -9.154000 0.336001 0.300000
v -9.111021 0.333147 0.300000
v -9.061984 0.329668 0.300000
v -9.008252 0.325688 0.300000
v -8.951187 0.321334 0.300000
v -8.892150 0.316730 0.300000
v -8.832501 0.312001 0.300000
v -8.773603 0.307272 0.300000
v -8.716816 0.302667 0.300000
v -8.663501 0.298313 0.300000
v -8.615019 0.294334 0.300000
v -8.572732 0.290855 0.300000
v -8.538000 0.288001 0.300000
v -8.521788 0.286500 0.300000
v -8.506139 0.284992 0.300000
v -8.491031 0.283470 0.300000
v -8.476444 0.281927 0.300000
v -8.462358 0.280356 0.300000
v -8.448750 0.278751 0.300000
v -8.435600 0.277104 0.300000
v -8.422889 0.275408 0.300000
v -8.410594 0.273657 0.300000
v -8.398695 0.271843 0.300000
v -8.387171 0.269960 0.300000
v -8.376000 0.268001 0.300000
v -8.362000 0.444001 0.300000
v -8.373785 0.443044 0.300000
v -8.386120 0.442177 0.300000
v -8.398968 0.441407 0.300000
v -8.412295 0.440742 0.300000
v -8.426067 0.440187 0.300000
v -8.440249 0.439751 0.300000
v -8.454806 0.439439 0.300000
v -8.469704 0.439260 0.300000
v -8.484906 0.439220 0.300000
v -8.500380 0.439325 0.300000
v -8.516088 0.439583 0.300000
v -8.532000 0.440001 0.300000
v -8.567447 0.441100 0.300000
v -8.615241 0.443297 0.300000
v -8.673063 0.446438 0.300000
v -8.738593 0.450371 0.300000
v -8.809512 0.454943 0.300000
v -8.883501 0.460001 0.300000
v -8.958240 0.465392 0.300000
v -9.031408 0.470964 0.300000
v -9.100688 0.476563 0.300000
v -9.163760 0.482038 0.300000
v -9.218304 0.487235 0.300000
v -9.262000 0.492001 0.300000
v -9.270688 0.493121 0.300000
v -9.279667 0.494464 0.300000
v -9.288813 0.496001 0.300000
v -9.298000 0.497705 0.300000
v -9.307104 0.499547 0.300000
v -9.316000 0.501501 0.300000
v -9.324562 0.503538 0.300000
v -9.332666 0.505630 0.300000
v -9.340187 0.507751 0.300000
v -9.346999 0.509871 0.300000
v -9.352979 0.511964 0.300000
v -9.358000 0.514001 0.300000
v -9.454000 0.406001 0.300000
v -9.444311 0.399188 0.300000
v -9.434324 0.391834 0.300000
v -9.424156 0.384063 0.300000
v -9.413926 0.376001 0.300000
v -9.403751 0.367772 0.300000
v -9.393750 0.359501 0.300000
v -9.384041 0.351313 0.300000
v -9.374741 0.343334 0.300000
v -9.365969 0.335688 0.300000
v -9.357842 0.328501 0.300000
v -9.350480 0.321897 0.300000
v -9.344000 0.316001 0.300000
v -9.392000 0.724001 0.300000
v -9.339025 0.729067 0.300000
v -9.280687 0.735195 0.300000
v -9.217877 0.742282 0.300000
v -9.151484 0.750223 0.300000
v -9.082396 0.758914 0.300000
v -9.011502 0.768251 0.300000
v -8.939692 0.778129 0.300000
v -8.867853 0.788445 0.300000
v -8.796876 0.799094 0.300000
v -8.727649 0.809973 0.300000
v -8.661060 0.820976 0.300000
v -8.598000 0.832001 0.300000
v -8.624000 0.978001 0.300000
v -8.681711 0.966061 0.300000
v -8.745019 0.954316 0.300000
v -8.812688 0.942876 0.300000
v -8.883482 0.931853 0.300000
v -8.956165 0.921357 0.300000
v -9.029501 0.911501 0.300000
v -9.102253 0.902394 0.300000
v -9.173185 0.894149 0.300000
v -9.241062 0.886876 0.300000
v -9.304647 0.880686 0.300000
v -9.362705 0.875691 0.300000
v -9.414000 0.872001 0.300000
v -6.934000 0.670001 0.300000
v -6.948524 0.659465 0.300000
v -6.964860 0.647047 0.300000
v -6.982656 0.633032 0.300000
v -7.001555 0.617704 0.300000
v -7.021204 0.601349 0.300000
v -7.041250 0.584251 0.300000
v -7.061337 0.566694 0.300000
v -7.081111 0.548964 0.300000
v -7.100219 0.531344 0.300000
v -7.118306 0.514121 0.300000
v -7.135017 0.497578 0.300000
v -7.150000 0.482001 0.300000
v -7.040000 0.396001 0.300000
v -7.024979 0.411770 0.300000
v -7.008999 0.427991 0.300000
v -6.992187 0.444532 0.300000
v -6.974666 0.461260 0.300000
v -6.956562 0.478043 0.300000
v -6.938000 0.494751 0.300000
v -6.919104 0.511249 0.300000
v -6.900000 0.527408 0.300000
v -6.880813 0.543094 0.300000
v -6.861667 0.558177 0.300000
v -6.842688 0.572523 0.300000
v -6.824000 0.586001 0.300000
v -6.382287 0.093665 0.300000
v -6.397129 0.099649 0.300000
v -6.412499 0.105938 0.300000
v -6.428370 0.112519 0.300000
v -6.444713 0.119378 0.300000
v -6.461500 0.126501 0.300000
v -6.478703 0.133873 0.300000
v -6.496296 0.141482 0.300000
v -6.514250 0.149313 0.300000
v -6.532537 0.157352 0.300000
v -6.551130 0.165586 0.300000
v -6.570000 0.174001 0.300000
v -6.561545 0.191286 0.300000
v -6.553195 0.208121 0.300000
v -6.544969 0.224469 0.300000
v -6.536889 0.240297 0.300000
v -6.528975 0.255569 0.300000
v -6.521250 0.270251 0.300000
v -6.513732 0.284307 0.300000
v -6.506444 0.297704 0.300000
v -6.499406 0.310407 0.300000
v -6.492639 0.322380 0.300000
v -6.486163 0.333590 0.300000
v -6.480000 0.344001 0.300000
v -6.474759 0.352355 0.300000
v -6.469066 0.361334 0.300000
v -6.462970 0.370813 0.300000
v -6.456520 0.380667 0.300000
v -6.449764 0.390771 0.300000
v -6.442751 0.401001 0.300000
v -6.435530 0.411230 0.300000
v -6.428149 0.421334 0.300000
v -6.420657 0.431188 0.300000
v -6.413102 0.440667 0.300000
v -6.405534 0.449646 0.300000
v -6.398000 0.458001 0.300000
v -6.558000 0.520001 0.300000
v -6.561619 0.511925 0.300000
v -6.565445 0.503732 0.300000
v -6.569438 0.495469 0.300000
v -6.573556 0.487186 0.300000
v -6.577757 0.478930 0.300000
v -6.582000 0.470751 0.300000
v -6.586243 0.462696 0.300000
v -6.590445 0.454815 0.300000
v -6.594563 0.447157 0.300000
v -6.598556 0.439769 0.300000
v -6.602382 0.432701 0.300000
v -6.606000 0.426001 0.300000
v -6.704000 0.234001 0.300000
v -6.755905 0.255989 0.300000
v -6.808407 0.277741 0.300000
v -6.861187 0.298938 0.300000
v -6.913926 0.319260 0.300000
v -6.966303 0.338387 0.300000
v -7.018000 0.356001 0.300000
v -7.068696 0.371781 0.300000
v -7.118074 0.385408 0.300000
v -7.165812 0.396563 0.300000
v -7.211593 0.404927 0.300000
v -7.255095 0.410179 0.300000
v -7.296000 0.412001 0.300000
v -7.359013 0.408834 0.300000
v -7.416111 0.399667 0.300000
v -7.467374 0.385001 0.300000
v -7.512888 0.365334 0.300000
v -7.552736 0.341167 0.300000
v -7.587000 0.313001 0.300000
v -7.615764 0.281334 0.300000
v -7.639111 0.246667 0.300000
v -7.657125 0.209501 0.300000
v -7.669889 0.170334 0.300000
v -7.677486 0.129667 0.300000
v -7.680000 0.088001 0.300000
v -7.677401 0.037918 0.300000
v -7.669538 -0.009157 0.300000
v -7.656313 -0.052968 0.300000
v -7.637630 -0.093259 0.300000
v -7.613391 -0.129771 0.300000
v -7.583500 -0.162249 0.300000
v -7.547859 -0.190436 0.300000
v -7.506371 -0.214073 0.300000
v -7.458938 -0.232906 0.300000
v -7.405463 -0.246675 0.300000
v -7.345850 -0.255126 0.300000
v -7.280000 -0.257999 0.300000
v -7.257322 -0.257474 0.300000
v -7.234407 -0.255962 0.300000
v -7.211438 -0.253562 0.300000
v -7.188593 -0.250370 0.300000
v -7.166054 -0.246483 0.300000
v -7.144001 -0.241999 0.300000
v -7.122614 -0.237016 0.300000
v -7.102075 -0.231629 0.300000
v -7.082563 -0.225937 0.300000
v -7.064260 -0.220036 0.300000
v -7.047345 -0.214025 0.300000
v -7.032000 -0.207999 0.300000
v -7.038000 -0.061999 0.300000
v -7.054101 -0.069403 0.300000
v -7.071306 -0.076564 0.300000
v -7.089469 -0.083406 0.300000
v -7.108445 -0.089851 0.300000
v -7.128087 -0.095825 0.300000
v -7.148250 -0.101249 0.300000
v -7.168788 -0.106049 0.300000
v -7.189556 -0.110148 0.300000
v -7.210406 -0.113468 0.300000
v -7.231194 -0.115935 0.300000
v -7.251774 -0.117470 0.300000
v -7.272000 -0.117999 0.300000
v -7.317831 -0.115970 0.300000
v -7.358473 -0.110101 0.300000
v -7.394157 -0.100718 0.300000
v -7.425112 -0.088148 0.300000
v -7.451567 -0.072716 0.300000
v -7.473751 -0.054749 0.300000
v -7.491893 -0.034575 0.300000
v -7.506223 -0.012518 0.300000
v -7.516969 0.011094 0.300000
v -7.524362 0.035936 0.300000
v -7.528629 0.061680 0.300000
v -7.530000 0.088001 0.300000
v -7.528716 0.109267 0.300000
v -7.524723 0.130797 0.300000
v -7.517813 0.152188 0.300000
v -7.507778 0.173038 0.300000
v -7.494410 0.192943 0.300000
v -7.477500 0.211501 0.300000
v -7.456841 0.228308 0.300000
v -7.432222 0.242964 0.300000
v -7.403438 0.255063 0.300000
v -7.370278 0.264204 0.300000
v -7.332535 0.269984 0.300000
v -7.290000 0.272001 0.300000
v -7.255550 0.270455 0.300000
v -7.218398 0.265973 0.300000
v -7.178843 0.258782 0.300000
v -7.137185 0.249112 0.300000
v -7.093721 0.237192 0.300000
v -7.048750 0.223251 0.300000
v -7.002571 0.207518 0.300000
v -6.955482 0.190223 0.300000
v -6.907781 0.171594 0.300000
v -6.859768 0.151862 0.300000
v -6.811742 0.131254 0.300000
v -6.764000 0.110001 0.300000
v -6.830000 -0.037999 0.300000
v -6.852217 -0.089952 0.300000
v -6.874741 -0.145286 0.300000
v -6.897375 -0.203218 0.300000
v -6.919926 -0.262962 0.300000
v -6.942199 -0.323734 0.300000
v -6.964000 -0.384749 0.300000
v -6.985135 -0.445223 0.300000
v -7.005408 -0.504370 0.300000
v -7.024625 -0.561406 0.300000
v -7.042593 -0.615546 0.300000
v -7.059116 -0.666005 0.300000
v -7.074000 -0.711999 0.300000
v -6.916000 -0.755999 0.300000
v -6.902811 -0.707075 0.300000
v -6.888315 -0.655601 0.300000
v -6.872625 -0.602031 0.300000
v -6.855852 -0.546814 0.300000
v -6.838107 -0.490403 0.300000
v -6.819500 -0.433249 0.300000
v -6.800144 -0.375804 0.300000
v -6.780149 -0.318518 0.300000
v -6.759625 -0.261843 0.300000
v -6.738686 -0.206231 0.300000
v -6.717440 -0.152133 0.300000
v -6.696000 -0.099999 0.300000
v -6.630000 0.048001 0.300000
v -6.595895 0.031600 0.300000
v -6.562658 0.015464 0.300000
v -6.530406 -0.000312 0.300000
v -6.499259 -0.015629 0.300000
v -6.469335 -0.030391 0.300000
v -6.440750 -0.044499 0.300000
v -6.413624 -0.057858 0.300000
v -6.388074 -0.070370 0.300000
v -6.364219 -0.081937 0.300000
v -6.342176 -0.092462 0.300000
v -6.322063 -0.101849 0.300000
v -6.304000 -0.109999 0.300000
v -6.228000 0.046001 0.300000
v -6.242404 0.049577 0.300000
v -6.256565 0.053278 0.300000
v -6.270407 0.057063 0.300000
v -6.283852 0.060889 0.300000
v -6.296825 0.064716 0.300000
v -6.309250 0.068501 0.300000
v -6.321050 0.072202 0.300000
v -6.332149 0.075778 0.300000
v -6.342469 0.079188 0.300000
v -6.351935 0.082389 0.300000
v -6.360471 0.085341 0.300000
v -6.368000 0.088001 0.300000
v -4.638000 0.678001 0.300000
v -4.660000 0.810000 0.300000
v -4.661876 0.825642 0.300000
v -4.663509 0.840630 0.300000
v -4.664906 0.855063 0.300000
v -4.666074 0.869038 0.300000
v -4.667019 0.882651 0.300000
v -4.667750 0.896000 0.300000
v -4.668272 0.909183 0.300000
v -4.668592 0.922297 0.300000
v -4.668719 0.935438 0.300000
v -4.668657 0.948704 0.300000
v -4.668416 0.962193 0.300000
v -4.668000 0.976000 0.300000
v -4.846000 0.966000 0.300000
v -4.842542 0.952344 0.300000
v -4.839167 0.938417 0.300000
v -4.835875 0.924282 0.300000
v -4.832667 0.910000 0.300000
v -4.829542 0.895636 0.300000
v -4.826500 0.881250 0.300000
v -4.823542 0.866907 0.300000
v -4.820667 0.852667 0.300000
v -4.817875 0.838594 0.300000
v -4.815166 0.824750 0.300000
v -4.812541 0.811198 0.300000
v -4.810000 0.798001 0.300000
v -4.788000 0.682000 0.300000
v -4.849065 0.684959 0.300000
v -4.912027 0.688834 0.300000
v -4.976531 0.693626 0.300000
v -5.042222 0.699334 0.300000
v -5.108746 0.705959 0.300000
v -5.175749 0.713501 0.300000
v -5.242878 0.721959 0.300000
v -5.309777 0.731334 0.300000
v -5.376093 0.741626 0.300000
v -5.441472 0.752834 0.300000
v -5.505559 0.764959 0.300000
v -5.568000 0.778000 0.300000
v -5.570000 0.624001 0.300000
v -5.509832 0.614136 0.300000
v -5.446658 0.604584 0.300000
v -5.380969 0.595407 0.300000
v -5.313260 0.586667 0.300000
v -5.244022 0.578428 0.300000
v -5.173750 0.570750 0.300000
v -5.102937 0.563698 0.300000
v -5.032074 0.557334 0.300000
v -4.961657 0.551719 0.300000
v -4.892176 0.546917 0.300000
v -4.824126 0.542990 0.300000
v -4.758000 0.540000 0.300000
v -4.748799 0.497599 0.300000
v -4.739223 0.454621 0.300000
v -4.729313 0.411407 0.300000
v -4.719112 0.368297 0.300000
v -4.708661 0.325631 0.300000
v -4.698001 0.283750 0.300000
v -4.687174 0.242995 0.300000
v -4.676223 0.203704 0.300000
v -4.665188 0.166219 0.300000
v -4.654111 0.130880 0.300000
v -4.643035 0.098027 0.300000
v -4.632000 0.068000 0.300000
v -4.675639 0.096974 0.300000
v -4.719612 0.122954 0.300000
v -4.764000 0.146032 0.300000
v -4.808889 0.166297 0.300000
v -4.854362 0.183840 0.300000
v -4.900500 0.198750 0.300000
v -4.947389 0.211120 0.300000
v -4.995111 0.221037 0.300000
v -5.043750 0.228594 0.300000
v -5.093389 0.233880 0.300000
v -5.144111 0.236985 0.300000
v -5.196000 0.238000 0.300000
v -5.272719 0.234678 0.300000
v -5.343750 0.224917 0.300000
v -5.408906 0.209032 0.300000
v -5.468000 0.187334 0.300000
v -5.520844 0.160136 0.300000
v -5.567250 0.127751 0.300000
v -5.607031 0.090490 0.300000
v -5.640000 0.048667 0.300000
v -5.665968 0.002594 0.300000
v -5.684750 -0.047416 0.300000
v -5.696156 -0.101052 0.300000
v -5.700000 -0.158000 0.300000
v -5.691226 -0.256605 0.300000
v -5.665481 -0.344509 0.300000
v -5.623625 -0.421843 0.300000
v -5.566518 -0.488740 0.300000
v -5.495023 -0.545332 0.300000
v -5.410000 -0.591750 0.300000
v -5.312310 -0.628126 0.300000
v -5.202815 -0.654592 0.300000
v -5.082375 -0.671281 0.300000
v -4.951852 -0.678324 0.300000
v -4.812107 -0.675853 0.300000
v -4.664000 -0.664000 0.300000
v -4.624000 -0.506000 0.300000
v -4.738997 -0.518940 0.300000
v -4.851972 -0.525518 0.300000
v -4.961406 -0.525375 0.300000
v -5.065778 -0.518148 0.300000
v -5.163566 -0.503476 0.300000
v -5.253250 -0.481000 0.300000
v -5.333309 -0.450356 0.300000
v -5.402223 -0.411185 0.300000
v -5.458469 -0.363125 0.300000
v -5.500528 -0.305814 0.300000
v -5.526879 -0.238893 0.300000
v -5.536000 -0.162000 0.300000
v -5.533425 -0.125255 0.300000
v -5.525732 -0.090213 0.300000
v -5.512969 -0.057156 0.300000
v -5.495186 -0.026370 0.300000
v -5.472430 0.001860 0.300000
v -5.444751 0.027250 0.300000
v -5.412196 0.049516 0.300000
v -5.374815 0.068371 0.300000
v -5.332657 0.083532 0.300000
v -5.285769 0.094713 0.300000
v -5.234200 0.101631 0.300000
v -5.178000 0.104000 0.300000
v -5.118916 0.102294 0.300000
v -5.060824 0.097186 0.300000
v -5.003969 0.088688 0.300000
v -4.948593 0.076815 0.300000
v -4.894939 0.061581 0.300000
v -4.843250 0.043000 0.300000
v -4.793770 0.021086 0.300000
v -4.746741 -0.004148 0.300000
v -4.702406 -0.032687 0.300000
v -4.661009 -0.064518 0.300000
v -4.622793 -0.099627 0.300000
v -4.588000 -0.138000 0.300000
v -4.581662 -0.145424 0.300000
v -4.575629 -0.152731 0.300000
v -4.569875 -0.159968 0.300000
v -4.564370 -0.167185 0.300000
v -4.559088 -0.174429 0.300000
v -4.554000 -0.181750 0.300000
v -4.549078 -0.189195 0.300000
v -4.544296 -0.196814 0.300000
v -4.539625 -0.204656 0.300000
v -4.535037 -0.212768 0.300000
v -4.530505 -0.221200 0.300000
v -4.526000 -0.230000 0.300000
v -4.376000 -0.176000 0.300000
v -4.401037 -0.124292 0.300000
v -4.425130 -0.069509 0.300000
v -4.448250 -0.012156 0.300000
v -4.470371 0.047260 0.300000
v -4.491463 0.108231 0.300000
v -4.511500 0.170250 0.300000
v -4.530454 0.232812 0.300000
v -4.548297 0.295408 0.300000
v -4.565001 0.357532 0.300000
v -4.580537 0.418676 0.300000
v -4.594880 0.478335 0.300000
v -4.608000 0.536000 0.300000
v -4.606000 0.536000 0.300000
v -4.572169 0.536165 0.300000
v -4.538685 0.536649 0.300000
v -4.505563 0.537438 0.300000
v -4.472815 0.538519 0.300000
v -4.440456 0.539878 0.300000
v -4.408500 0.541500 0.300000
v -4.376961 0.543373 0.300000
v -4.345852 0.545482 0.300000
v -4.315187 0.547813 0.300000
v -4.284981 0.550352 0.300000
v -4.255248 0.553086 0.300000
v -4.226000 0.556000 0.300000
v -4.224000 0.712000 0.300000
v -4.251454 0.707550 0.300000
v -4.280622 0.703232 0.300000
v -4.311220 0.699094 0.300000
v -4.342964 0.695185 0.300000
v -4.375569 0.691555 0.300000
v -4.408751 0.688250 0.300000
v -4.442224 0.685321 0.300000
v -4.475704 0.682815 0.300000
v -4.508907 0.680782 0.300000
v -4.541547 0.679269 0.300000
v -4.573339 0.678326 0.300000
v -4.604000 0.678001 0.300000
v -2.659427 0.694618 0.300000
v -2.656750 0.624445 0.300000
v -2.654032 0.546938 0.300000
v -2.651334 0.463556 0.300000
v -2.648719 0.375757 0.300000
v -2.646250 0.285000 0.300000
v -2.643990 0.192743 0.300000
v -2.642000 0.100445 0.300000
v -2.640344 0.009563 0.300000
v -2.639083 -0.078444 0.300000
v -2.638281 -0.162118 0.300000
v -2.638000 -0.240000 0.300000
v -2.640825 -0.292078 0.300000
v -2.649102 -0.338463 0.300000
v -2.662531 -0.379375 0.300000
v -2.680815 -0.415037 0.300000
v -2.703654 -0.445671 0.300000
v -2.730750 -0.471500 0.300000
v -2.761804 -0.492745 0.300000
v -2.796519 -0.509629 0.300000
v -2.834594 -0.522375 0.300000
v -2.875731 -0.531204 0.300000
v -2.919633 -0.536338 0.300000
v -2.966000 -0.538000 0.300000
v -3.054223 -0.533826 0.300000
v -3.136120 -0.521778 0.300000
v -3.212031 -0.502562 0.300000
v -3.282296 -0.476889 0.300000
v -3.347256 -0.445465 0.300000
v -3.407250 -0.409000 0.300000
v -3.462619 -0.368201 0.300000
v -3.513704 -0.323777 0.300000
v -3.560844 -0.276437 0.300000
v -3.604380 -0.226889 0.300000
v -3.644652 -0.175840 0.300000
v -3.682000 -0.124000 0.300000
v -3.796000 -0.260000 0.300000
v -3.758965 -0.308610 0.300000
v -3.716713 -0.358713 0.300000
v -3.669032 -0.409218 0.300000
v -3.615704 -0.459037 0.300000
v -3.556515 -0.507077 0.300000
v -3.491251 -0.552250 0.300000
v -3.419694 -0.593464 0.300000
v -3.341630 -0.629629 0.300000
v -3.256844 -0.659656 0.300000
v -3.165121 -0.682453 0.300000
v -3.066244 -0.696931 0.300000
v -2.960000 -0.702000 0.300000
v -2.889937 -0.699450 0.300000
v -2.824000 -0.691602 0.300000
v -2.762562 -0.678156 0.300000
v -2.706000 -0.658815 0.300000
v -2.654687 -0.633279 0.300000
v -2.609000 -0.601250 0.300000
v -2.569312 -0.562429 0.300000
v -2.536000 -0.516518 0.300000
v -2.509437 -0.463219 0.300000
v -2.490000 -0.402231 0.300000
v -2.478062 -0.333258 0.300000
v -2.474000 -0.256000 0.300000
v -2.474394 -0.177918 0.300000
v -2.475482 -0.092843 0.300000
v -2.477125 -0.002531 0.300000
v -2.479185 0.091259 0.300000
v -2.481523 0.186772 0.300000
v -2.484000 0.282250 0.300000
v -2.486477 0.375937 0.300000
v -2.488815 0.466074 0.300000
v -2.490875 0.550906 0.300000
v -2.492518 0.628676 0.300000
v -2.493606 0.697626 0.300000
v -2.494000 0.756000 0.300000
v -2.493915 0.774452 0.300000
v -2.493648 0.792778 0.300000
v -2.493188 0.810938 0.300000
v -2.492519 0.828889 0.300000
v -2.491627 0.846591 0.300000
v -2.490500 0.864000 0.300000
v -2.489123 0.881077 0.300000
v -2.487482 0.897778 0.300000
v -2.485563 0.914063 0.300000
v -2.483352 0.929889 0.300000
v -2.480836 0.945216 0.300000
v -2.478000 0.960000 0.300000
v -2.680000 0.958000 0.300000
v -2.677584 0.941422 0.300000
v -2.675334 0.924704 0.300000
v -2.673250 0.907875 0.300000
v -2.671334 0.890963 0.300000
v -2.669584 0.873996 0.300000
v -2.668000 0.857000 0.300000
v -2.666584 0.840005 0.300000
v -2.665334 0.823037 0.300000
v -2.664250 0.806125 0.300000
v -2.663334 0.789297 0.300000
v -2.662584 0.772579 0.300000
v -2.662000 0.756000 0.300000
v -1.664000 0.290000 0.300000
v -1.664000 0.536000 0.300000
v -1.458000 0.536000 0.300000
v -1.458000 0.290000 0.300000
v -1.342000 0.290000 0.300000
v -1.342000 0.536000 0.300000
v -1.142000 0.536000 0.300000
v -1.142000 0.290000 0.300000
v -1.026000 0.290000 0.300000
v -1.026000 0.536000 0.300000
v -0.830000 0.536000 0.300000
v -0.830000 0.290000 0.300000
v -1.312000 0.896000 0.300000
v -1.886000 0.896000 0.300000
v -1.886000 0.774000 0.300000
v -1.312000 0.774000 0.300000
v -1.312000 0.636000 0.300000
v -1.806000 0.636000 0.300000
v -1.806000 0.190000 0.300000
v -0.696000 0.190000 0.300000
v -0.696000 0.636000 0.300000
v -1.168000 0.636000 0.300000
v -1.168000 0.774000 0.300000
v -0.620000 0.774000 0.300000
v -0.620000 0.896000 0.300000
v -1.168000 0.896000 0.300000
v -1.168000 1.054000 0.300000
v -1.312000 1.054000 0.300000
v -0.304000 0.450000 0.300000
v -0.100000 0.450000 0.300000
v -0.100000 0.592000 0.300000
v -0.304000 0.592000 0.300000
v -0.304000 1.056000 0.300000
v -0.436000 1.056000 0.300000
v -0.436000 0.592000 0.300000
v -0.612000 0.592000 0.300000
v -0.612000 0.450000 0.300000
v -0.436000 0.450000 0.300000
v -0.436000 -0.124000 0.300000
v -0.614000 -0.044000 0.300000
v -0.614000 0.048000 0.300000
v -1.168000 0.048000 0.300000
v -1.163460 0.056576 0.300000
v -1.158843 0.065278 0.300000
v -1.154156 0.074063 0.300000
v -1.149408 0.082889 0.300000
v -1.144603 0.091715 0.300000
v -1.139750 0.100500 0.300000
v -1.134855 0.109201 0.300000
v -1.129926 0.117778 0.300000
v -1.124969 0.126188 0.300000
v -1.119991 0.134389 0.300000
v -1.114999 0.142340 0.300000
v -1.110000 0.150000 0.300000
v -1.240000 0.190000 0.300000
v -1.248031 0.179185 0.300000
v -1.256083 0.167815 0.300000
v -1.264094 0.156000 0.300000
v -1.272000 0.143852 0.300000
v -1.279740 0.131482 0.300000
v -1.287250 0.119000 0.300000
v -1.294469 0.106519 0.300000
v -1.301333 0.094148 0.300000
v -1.307781 0.082000 0.300000
v -1.313750 0.070185 0.300000
v -1.319177 0.058815 0.300000
v -1.324000 0.048000 0.300000
v -1.890000 0.048000 0.300000
v -1.890000 -0.076000 0.300000
v -1.306000 -0.076000 0.300000
v -1.316248 -0.096413 0.300000
v -1.326981 -0.116639 0.300000
v -1.338187 -0.136656 0.300000
v -1.349852 -0.156444 0.300000
v -1.361961 -0.175983 0.300000
v -1.374500 -0.195250 0.300000
v -1.387456 -0.214226 0.300000
v -1.400815 -0.232889 0.300000
v -1.414563 -0.251219 0.300000
v -1.428685 -0.269194 0.300000
v -1.443169 -0.286795 0.300000
v -1.458000 -0.304000 0.300000
v -1.479221 -0.288145 0.300000
v -1.500769 -0.271657 0.300000
v -1.522469 -0.254656 0.300000
v -1.544148 -0.237259 0.300000
v -1.565633 -0.219584 0.300000
v -1.586750 -0.201750 0.300000
v -1.607325 -0.183874 0.300000
v -1.627185 -0.166074 0.300000
v -1.646156 -0.148469 0.300000
v -1.664065 -0.131176 0.300000
v -1.680737 -0.114314 0.300000
v -1.696000 -0.098000 0.300000
v -1.800000 -0.184000 0.300000
v -1.780142 -0.202032 0.300000
v -1.759639 -0.220092 0.300000
v -1.738594 -0.238125 0.300000
v -1.717111 -0.256074 0.300000
v -1.695295 -0.273884 0.300000
v -1.673250 -0.291500 0.300000
v -1.651080 -0.308866 0.300000
v -1.628889 -0.325926 0.300000
v -1.606781 -0.342625 0.300000
v -1.584861 -0.358907 0.300000
v -1.563233 -0.374717 0.300000
v -1.542000 -0.390000 0.300000
v -1.569953 -0.414076 0.300000
v -1.598787 -0.437278 0.300000
v -1.628469 -0.459562 0.300000
v -1.658963 -0.480889 0.300000
v -1.690235 -0.501215 0.300000
v -1.722250 -0.520500 0.300000
v -1.754973 -0.538701 0.300000
v -1.788370 -0.555778 0.300000
v -1.822406 -0.571687 0.300000
v -1.857046 -0.586389 0.300000
v -1.892256 -0.599840 0.300000
v -1.928000 -0.612000 0.300000
v -1.919351 -0.619479 0.300000
v -1.910472 -0.627833 0.300000
v -1.901469 -0.636937 0.300000
v -1.892444 -0.646666 0.300000
v -1.883504 -0.656896 0.300000
v -1.874750 -0.667500 0.300000
v -1.866288 -0.678354 0.300000
v -1.858222 -0.689333 0.300000
v -1.850657 -0.700312 0.300000
v -1.843695 -0.711167 0.300000
v -1.837441 -0.721771 0.300000
v -1.832000 -0.732000 0.300000
v -1.763110 -0.703081 0.300000
v -1.696547 -0.669481 0.300000
v -1.632469 -0.631437 0.300000
v -1.571037 -0.589185 0.300000
v -1.512411 -0.542961 0.300000
v -1.456750 -0.493000 0.300000
v -1.404214 -0.439539 0.300000
v -1.354963 -0.382815 0.300000
v -1.309156 -0.323062 0.300000
v -1.266954 -0.260518 0.300000
v -1.228515 -0.195419 0.300000
v -1.194000 -0.128000 0.300000
v -1.180875 -0.140458 0.300000
v -1.167500 -0.152833 0.300000
v -1.153875 -0.165125 0.300000
v -1.140000 -0.177333 0.300000
v -1.125875 -0.189458 0.300000
v -1.111500 -0.201500 0.300000
v -1.096875 -0.213458 0.300000
v -1.082000 -0.225333 0.300000
v -1.066875 -0.237125 0.300000
v -1.051500 -0.248833 0.300000
v -1.035875 -0.260458 0.300000
v -1.020000 -0.272000 0.300000
v -1.020000 -0.586000 0.300000
v -1.368000 -0.486000 0.300000
v -1.367581 -0.494851 0.300000
v -1.367315 -0.504305 0.300000
v -1.367188 -0.514219 0.300000
v -1.367185 -0.524444 0.300000
v -1.367294 -0.534837 0.300000
v -1.367500 -0.545250 0.300000
v -1.367789 -0.555538 0.300000
v -1.368148 -0.565555 0.300000
v -1.368563 -0.575156 0.300000
v -1.369019 -0.584194 0.300000
v -1.369502 -0.592524 0.300000
v -1.370000 -0.600000 0.300000
v -1.277402 -0.630733 0.300000
v -1.197880 -0.657194 0.300000
v -1.130344 -0.679781 0.300000
v -1.073704 -0.698889 0.300000
v -1.026869 -0.714913 0.300000
v -0.988750 -0.728250 0.300000
v -0.958256 -0.739295 0.300000
v -0.934296 -0.748444 0.300000
v -0.915781 -0.756094 0.300000
v -0.901620 -0.762639 0.300000
v -0.890723 -0.768476 0.300000
v -0.882000 -0.774000 0.300000
v -0.878640 -0.765689 0.300000
v -0.874620 -0.756843 0.300000
v -0.870031 -0.747594 0.300000
v -0.864963 -0.738074 0.300000
v -0.859506 -0.728415 0.300000
v -0.853750 -0.718750 0.300000
v -0.847786 -0.709209 0.300000
v -0.841704 -0.699926 0.300000
v -0.835594 -0.691031 0.300000
v -0.829546 -0.682657 0.300000
v -0.823652 -0.674936 0.300000
v -0.818000 -0.668000 0.300000
v -0.825679 -0.663028 0.300000
v -0.833602 -0.657056 0.300000
v -0.841594 -0.650000 0.300000
v -0.849482 -0.641778 0.300000
v -0.857091 -0.632306 0.300000
v -0.864250 -0.621500 0.300000
v -0.870784 -0.609278 0.300000
v -0.876519 -0.595556 0.300000
v -0.881281 -0.580250 0.300000
v -0.884898 -0.563278 0.300000
v -0.887196 -0.544556 0.300000
v -0.888000 -0.524000 0.300000
v -0.888000 -0.360000 0.300000
v -0.864330 -0.373917 0.300000
v -0.840306 -0.387667 0.300000
v -0.815906 -0.401250 0.300000
v -0.791111 -0.414667 0.300000
v -0.765899 -0.427917 0.300000
v -0.740250 -0.441000 0.300000
v -0.714142 -0.453917 0.300000
v -0.687556 -0.466667 0.300000
v -0.660469 -0.479250 0.300000
v -0.632861 -0.491667 0.300000
v -0.604712 -0.503917 0.300000
v -0.576000 -0.516000 0.300000
v -0.571480 -0.507652 0.300000
v -0.566009 -0.498713 0.300000
v -0.559719 -0.489344 0.300000
v -0.552741 -0.479704 0.300000
v -0.545207 -0.469953 0.300000
v -0.537250 -0.460250 0.300000
v -0.529001 -0.450756 0.300000
v -0.520593 -0.441630 0.300000
v -0.512156 -0.433031 0.300000
v -0.503824 -0.425120 0.300000
v -0.495728 -0.418057 0.300000
v -0.488000 -0.412000 0.300000
v -0.548487 -0.388354 0.300000
v -0.606898 -0.363500 0.300000
v -0.663156 -0.337562 0.300000
v -0.717185 -0.310667 0.300000
v -0.768909 -0.282937 0.300000
v -0.818250 -0.254500 0.300000
v -0.865133 -0.225479 0.300000
v -0.909482 -0.196000 0.300000
v -0.951219 -0.166187 0.300000
v -0.990269 -0.136167 0.300000
v -1.026554 -0.106062 0.300000
v -1.060000 -0.076000 0.300000
v -0.622000 -0.076000 0.300000
v -0.646000 -0.180000 0.300000
v -0.599860 -0.202528 0.300000
v -0.553546 -0.225056 0.300000
v -0.507219 -0.247500 0.300000
v -0.461037 -0.269778 0.300000
v -0.415161 -0.291806 0.300000
v -0.369750 -0.313500 0.300000
v -0.324964 -0.334778 0.300000
v -0.280963 -0.355556 0.300000
v -0.237906 -0.375750 0.300000
v -0.195954 -0.395278 0.300000
v -0.155265 -0.414056 0.300000
v -0.116000 -0.432000 0.300000
v -0.066000 -0.282000 0.300000
v -0.082829 -0.275335 0.300000
v -0.100296 -0.268343 0.300000
v -0.118375 -0.261031 0.300000
v -0.137037 -0.253407 0.300000
v -0.156255 -0.245478 0.300000
v -0.176000 -0.237250 0.300000
v -0.196245 -0.228730 0.300000
v -0.216963 -0.219926 0.300000
v -0.238125 -0.210844 0.300000
v -0.259704 -0.201491 0.300000
v -0.281671 -0.191874 0.300000
v -0.304000 -0.182000 0.300000
v 0.800163 1.027504 0.300000
v 0.806639 1.001037 0.300000
v 0.813406 0.974625 0.300000
v 0.820444 0.948296 0.300000
v 0.827733 0.922079 0.300000
v 0.835250 0.896000 0.300000
v 0.842976 0.870088 0.300000
v 0.850889 0.844370 0.300000
v 0.858969 0.818875 0.300000
v 0.867194 0.793630 0.300000
v 0.875545 0.768662 0.300000
v 0.884000 0.744000 0.300000
v 0.098000 0.744000 0.300000
v 0.098041 0.742887 0.300000
v 0.098157 0.739759 0.300000
v 0.098344 0.734938 0.300000
v 0.098593 0.728741 0.300000
v 0.098897 0.721488 0.300000
v 0.099250 0.713500 0.300000
v 0.099645 0.705095 0.300000
v 0.100074 0.696593 0.300000
v 0.100531 0.688313 0.300000
v 0.101009 0.680574 0.300000
v 0.101501 0.673697 0.300000
v 0.102000 0.668000 0.300000
v 0.113021 0.452237 0.300000
v 0.124167 0.260065 0.300000
v 0.135562 0.090156 0.300000
v 0.147333 -0.058815 0.300000
v 0.159604 -0.188175 0.300000
v 0.172500 -0.299250 0.300000
v 0.186146 -0.393367 0.300000
v 0.200667 -0.471852 0.300000
v 0.216187 -0.536031 0.300000
v 0.232833 -0.587232 0.300000
v 0.250729 -0.626779 0.300000
v 0.270000 -0.656000 0.300000
v 0.280011 -0.669185 0.300000
v 0.290092 -0.680815 0.300000
v 0.300312 -0.691000 0.300000
v 0.310741 -0.699852 0.300000
v 0.321447 -0.707482 0.300000
v 0.332500 -0.714000 0.300000
v 0.343970 -0.719519 0.300000
v 0.355926 -0.724148 0.300000
v 0.368437 -0.728000 0.300000
v 0.381574 -0.731185 0.300000
v 0.395405 -0.733815 0.300000
v 0.410000 -0.736000 0.300000
v 0.424149 -0.737375 0.300000
v 0.439528 -0.738500 0.300000
v 0.456031 -0.739375 0.300000
v 0.473556 -0.740000 0.300000
v 0.491996 -0.740375 0.300000
v 0.511250 -0.740500 0.300000
v 0.531212 -0.740375 0.300000
v 0.551778 -0.740000 0.300000
v 0.572844 -0.739375 0.300000
v 0.594305 -0.738500 0.300000
v 0.616059 -0.737375 0.300000
v 0.638000 -0.736000 0.300000
v 0.639208 -0.724608 0.300000
v 0.640833 -0.712528 0.300000
v 0.642875 -0.699906 0.300000
v 0.645333 -0.686889 0.300000
v 0.648208 -0.673622 0.300000
v 0.651500 -0.660250 0.300000
v 0.655208 -0.646920 0.300000
v 0.659333 -0.633778 0.300000
v 0.663875 -0.620969 0.300000
v 0.668833 -0.608639 0.300000
v 0.674208 -0.596934 0.300000
v 0.680000 -0.586000 0.300000
v 0.657727 -0.587877 0.300000
v 0.635981 -0.589519 0.300000
v 0.614875 -0.590938 0.300000
v 0.594518 -0.592148 0.300000
v 0.575023 -0.593164 0.300000
v 0.556500 -0.594000 0.300000
v 0.539060 -0.594669 0.300000
v 0.522815 -0.595185 0.300000
v 0.507875 -0.595563 0.300000
v 0.494352 -0.595815 0.300000
v 0.482356 -0.595956 0.300000
v 0.472000 -0.596000 0.300000
v 0.463782 -0.595867 0.300000
v 0.456092 -0.595435 0.300000
v 0.448875 -0.594656 0.300000
v 0.442074 -0.593482 0.300000
v 0.435634 -0.591862 0.300000
v 0.429500 -0.589750 0.300000
v 0.423616 -0.587096 0.300000
v 0.417926 -0.583852 0.300000
v 0.412375 -0.579969 0.300000
v 0.406907 -0.575398 0.300000
v 0.401467 -0.570091 0.300000
v 0.396000 -0.564000 0.300000
v 0.380407 -0.541133 0.300000
v 0.365592 -0.507898 0.300000
v 0.351500 -0.463344 0.300000
v 0.338074 -0.406518 0.300000
v 0.325259 -0.336471 0.300000
v 0.313000 -0.252250 0.300000
v 0.301241 -0.152904 0.300000
v 0.289926 -0.037481 0.300000
v 0.279000 0.094969 0.300000
v 0.268407 0.245398 0.300000
v 0.258093 0.414758 0.300000
v 0.248000 0.604000 0.300000
v 0.342000 0.604000 0.300000
v 0.369994 0.471956 0.300000
v 0.402954 0.340482 0.300000
v 0.440844 0.210563 0.300000
v 0.483630 0.083185 0.300000
v 0.531277 -0.040664 0.300000
v 0.583750 -0.160000 0.300000
v 0.641015 -0.273836 0.300000
v 0.703037 -0.381185 0.300000
v 0.769781 -0.481063 0.300000
v 0.841213 -0.572482 0.300000
v 0.917297 -0.654456 0.300000
v 0.998000 -0.726000 0.300000
v 1.005979 -0.718309 0.300000
v 1.014833 -0.710306 0.300000
v 1.024437 -0.702094 0.300000
v 1.034666 -0.693778 0.300000
v 1.045396 -0.685462 0.300000
v 1.056500 -0.677250 0.300000
v 1.067854 -0.669247 0.300000
v 1.079333 -0.661556 0.300000
v 1.090812 -0.654281 0.300000
v 1.102167 -0.647528 0.300000
v 1.113271 -0.641399 0.300000
v 1.124000 -0.636000 0.300000
v 1.043874 -0.571689 0.300000
v 0.968491 -0.497343 0.300000
v 0.897844 -0.413844 0.300000
v 0.831926 -0.322074 0.300000
v 0.770730 -0.222916 0.300000
v 0.714250 -0.117250 0.300000
v 0.662478 -0.005960 0.300000
v 0.615407 0.110074 0.300000
v 0.573031 0.229969 0.300000
v 0.535343 0.352843 0.300000
v 0.502335 0.477814 0.300000
v 0.474000 0.604000 0.300000
v 0.638000 0.604000 0.300000
v 0.662845 0.516999 0.300000
v 0.691259 0.429491 0.300000
v 0.723062 0.342219 0.300000
v 0.758074 0.255926 0.300000
v 0.796113 0.171355 0.300000
v 0.837000 0.089250 0.300000
v 0.880553 0.010353 0.300000
v 0.926592 -0.064593 0.300000
v 0.974937 -0.134844 0.300000
v 1.025407 -0.199658 0.300000
v 1.077822 -0.258291 0.300000
v 1.132000 -0.310000 0.300000
v 1.139860 -0.302387 0.300000
v 1.148380 -0.294593 0.300000
v 1.157469 -0.286688 0.300000
v 1.167037 -0.278741 0.300000
v 1.176994 -0.270822 0.300000
v 1.187250 -0.263000 0.300000
v 1.197714 -0.255345 0.300000
v 1.208296 -0.247926 0.300000
v 1.218906 -0.240813 0.300000
v 1.229454 -0.234074 0.300000
v 1.239848 -0.227780 0.300000
v 1.250000 -0.222000 0.300000
v 1.197738 -0.176605 0.300000
v 1.147074 -0.124843 0.300000
v 1.098187 -0.067344 0.300000
v 1.051259 -0.004741 0.300000
v 1.006470 0.062334 0.300000
v 0.964000 0.133250 0.300000
v 0.924030 0.207374 0.300000
v 0.886741 0.284074 0.300000
v 0.852312 0.362719 0.300000
v 0.820926 0.442676 0.300000
v 0.792762 0.523314 0.300000
v 0.768000 0.604000 0.300000
v 0.940000 0.604000 0.300000
v 0.956710 0.567341 0.300000
v 0.973843 0.531398 0.300000
v 0.991406 0.496219 0.300000
v 1.009408 0.461852 0.300000
v 1.027853 0.428346 0.300000
v 1.046750 0.395750 0.300000
v 1.066105 0.364112 0.300000
v 1.085926 0.333481 0.300000
v 1.106219 0.303906 0.300000
v 1.126991 0.275435 0.300000
v 1.148249 0.248117 0.300000
v 1.170000 0.222000 0.300000
v 1.176675 0.228352 0.300000
v 1.184565 0.235315 0.300000
v 1.193469 0.242750 0.300000
v 1.203185 0.250518 0.300000
v 1.213513 0.258481 0.300000
v 1.224250 0.266500 0.300000
v 1.235196 0.274435 0.300000
v 1.246148 0.282148 0.300000
v 1.256906 0.289500 0.300000
v 1.267269 0.296352 0.300000
v 1.277034 0.302565 0.300000
v 1.286000 0.308000 0.300000
v 1.245003 0.355617 0.300000
v 1.206028 0.407268 0.300000
v 1.169094 0.462656 0.300000
v 1.134222 0.521481 0.300000
v 1.101434 0.583445 0.300000
v 1.070750 0.648250 0.300000
v 1.042191 0.715596 0.300000
v 1.015778 0.785185 0.300000
v 0.991531 0.856719 0.300000
v 0.969472 0.929898 0.300000
v 0.949621 1.004425 0.300000
v 0.932000 1.080000 0.300000
v 0.794000 1.054000 0.300000
v 1.676581 0.921001 0.300000
v 1.679315 0.898009 0.300000
v 1.682188 0.875031 0.300000
v 1.685185 0.852074 0.300000
v 1.688294 0.829145 0.300000
v 1.691500 0.806250 0.300000
v 1.694789 0.783397 0.300000
v 1.698148 0.760592 0.300000
v 1.701563 0.737844 0.300000
v 1.705019 0.715157 0.300000
v 1.708502 0.692540 0.300000
v 1.712000 0.670000 0.300000
v 1.556000 0.670000 0.300000
v 1.556000 1.078000 0.300000
v 1.416000 1.078000 0.300000
v 1.416000 0.670000 0.300000
v 1.210000 0.670000 0.300000
v 1.210000 0.526000 0.300000
v 1.416000 0.526000 0.300000
v 1.416000 0.116000 0.300000
v 1.184000 0.186000 0.300000
v 1.164000 0.054000 0.300000
v 1.416000 -0.026000 0.300000
v 1.416000 -0.760000 0.300000
v 1.556000 -0.760000 0.300000
v 1.556000 -0.070000 0.300000
v 1.890000 -0.174000 0.300000
v 1.930000 -0.030000 0.300000
v 1.903888 -0.023256 0.300000
v 1.876602 -0.016046 0.300000
v 1.848219 -0.008406 0.300000
v 1.818815 -0.000371 0.300000
v 1.788466 0.008026 0.300000
v 1.757250 0.016750 0.300000
v 1.725242 0.025765 0.300000
v 1.692518 0.035037 0.300000
v 1.659156 0.044531 0.300000
v 1.625231 0.054213 0.300000
v 1.590821 0.064047 0.300000
v 1.556000 0.074000 0.300000
v 1.556000 0.526000 0.300000
v 1.740000 0.526000 0.300000
v 1.746124 0.498175 0.300000
v 1.752491 0.470731 0.300000
v 1.759094 0.443719 0.300000
v 1.765926 0.417185 0.300000
v 1.772980 0.391179 0.300000
v 1.780250 0.365750 0.300000
v 1.787728 0.340945 0.300000
v 1.795407 0.316815 0.300000
v 1.803281 0.293406 0.300000
v 1.811343 0.270768 0.300000
v 1.819584 0.248950 0.300000
v 1.828000 0.228000 0.300000
v 1.834673 0.232852 0.300000
v 1.842555 0.238315 0.300000
v 1.851437 0.244250 0.300000
v 1.861111 0.250518 0.300000
v 1.871368 0.256981 0.300000
v 1.882000 0.263500 0.300000
v 1.892798 0.269935 0.300000
v 1.903555 0.276148 0.300000
v 1.914062 0.282000 0.300000
v 1.924111 0.287352 0.300000
v 1.933493 0.292065 0.300000
v 1.942000 0.296000 0.300000
v 1.924198 0.339737 0.300000
v 1.907750 0.386731 0.300000
v 1.892594 0.436656 0.300000
v 1.878667 0.489185 0.300000
v 1.865906 0.543992 0.300000
v 1.854250 0.600750 0.300000
v 1.843635 0.659133 0.300000
v 1.834000 0.718815 0.300000
v 1.825281 0.779469 0.300000
v 1.817417 0.840768 0.300000
v 1.810344 0.902388 0.300000
v 1.804000 0.964000 0.300000
v 1.674000 0.944000 0.300000
v 3.192584 0.243040 0.300000
v 3.197334 0.230157 0.300000
v 3.202250 0.217343 0.300000
v 3.207334 0.204592 0.300000
v 3.212584 0.191897 0.300000
v 3.218000 0.179250 0.300000
v 3.223584 0.166644 0.300000
v 3.229334 0.154074 0.300000
v 3.235250 0.141531 0.300000
v 3.241333 0.129009 0.300000
v 3.247583 0.116501 0.300000
v 3.254000 0.104000 0.300000
v 2.942000 0.104000 0.300000
v 2.942000 0.284000 0.300000
v 2.794000 0.284000 0.300000
v 2.794000 0.104000 0.300000
v 2.258000 0.104000 0.300000
v 2.258000 -0.018000 0.300000
v 2.794000 -0.018000 0.300000
v 2.794000 -0.222000 0.300000
v 2.312000 -0.222000 0.300000
v 2.312000 -0.344000 0.300000
v 2.794000 -0.344000 0.300000
v 2.794000 -0.590000 0.300000
v 2.138000 -0.590000 0.300000
v 2.138000 -0.720000 0.300000
v 3.570000 -0.720000 0.300000
v 3.570000 -0.590000 0.300000
v 2.942000 -0.590000 0.300000
v 2.942000 -0.344000 0.300000
v 3.400000 -0.344000 0.300000
v 3.400000 -0.222000 0.300000
v 2.942000 -0.222000 0.300000
v 2.942000 -0.018000 0.300000
v 3.322000 -0.018000 0.300000
v 3.333082 -0.035831 0.300000
v 3.344324 -0.053315 0.300000
v 3.355719 -0.070438 0.300000
v 3.367259 -0.087186 0.300000
v 3.378938 -0.103544 0.300000
v 3.390750 -0.119500 0.300000
v 3.402686 -0.135040 0.300000
v 3.414741 -0.150148 0.300000
v 3.426906 -0.164813 0.300000
v 3.439176 -0.179019 0.300000
v 3.451543 -0.192753 0.300000
v 3.464000 -0.206000 0.300000
v 3.471135 -0.200227 0.300000
v 3.479417 -0.193982 0.300000
v 3.488656 -0.187375 0.300000
v 3.498667 -0.180519 0.300000
v 3.509260 -0.173523 0.300000
v 3.520250 -0.166500 0.300000
v 3.531448 -0.159561 0.300000
v 3.542667 -0.152815 0.300000
v 3.553719 -0.146375 0.300000
v 3.564417 -0.140352 0.300000
v 3.574573 -0.134857 0.300000
v 3.584000 -0.130000 0.300000
v 3.556388 -0.103366 0.300000
v 3.529602 -0.074593 0.300000
v 3.503719 -0.043875 0.300000
v 3.478815 -0.011408 0.300000
v 3.454967 0.022615 0.300000
v 3.432250 0.058000 0.300000
v 3.410742 0.094551 0.300000
v 3.390518 0.132074 0.300000
v 3.371656 0.170375 0.300000
v 3.354231 0.209259 0.300000
v 3.338320 0.248532 0.300000
v 3.324000 0.288000 0.300000
v 3.188000 0.256000 0.300000
v 3.005975 1.068568 0.300000
v 2.991963 1.052379 0.300000
v 2.978062 1.035594 0.300000
v 2.964370 1.018370 0.300000
v 2.950984 1.000869 0.300000
v 2.938000 0.983250 0.300000
v 2.925516 0.965672 0.300000
v 2.913630 0.948296 0.300000
v 2.902437 0.931281 0.300000
v 2.892037 0.914787 0.300000
v 2.882525 0.898973 0.300000
v 2.874000 0.884000 0.300000
v 2.206000 0.884000 0.300000
v 2.206000 0.754000 0.300000
v 3.320000 0.754000 0.300000
v 3.304361 0.735032 0.300000
v 3.288555 0.715259 0.300000
v 3.272750 0.694875 0.300000
v 3.257111 0.674074 0.300000
v 3.241806 0.653051 0.300000
v 3.227000 0.632000 0.300000
v 3.212861 0.611116 0.300000
v 3.199555 0.590592 0.300000
v 3.187250 0.570625 0.300000
v 3.176111 0.551407 0.300000
v 3.166306 0.533134 0.300000
v 3.158000 0.516000 0.300000
v 3.248000 0.468000 0.300000
v 2.768000 0.468000 0.300000
v 2.755852 0.488668 0.300000
v 2.743490 0.510509 0.300000
v 2.731031 0.533281 0.300000
v 2.718592 0.556741 0.300000
v 2.706292 0.580644 0.300000
v 2.694250 0.604750 0.300000
v 2.682582 0.628813 0.300000
v 2.671407 0.652592 0.300000
v 2.660844 0.675844 0.300000
v 2.651009 0.698324 0.300000
v 2.642022 0.719790 0.300000
v 2.634000 0.740000 0.300000
v 2.476000 0.688000 0.300000
v 2.487118 0.669845 0.300000
v 2.498445 0.651426 0.300000
v 2.509938 0.632812 0.300000
v 2.521556 0.614074 0.300000
v 2.533257 0.595280 0.300000
v 2.545000 0.576500 0.300000
v 2.556743 0.557803 0.300000
v 2.568444 0.539259 0.300000
v 2.580063 0.520937 0.300000
v 2.591556 0.502907 0.300000
v 2.602882 0.485238 0.300000
v 2.614000 0.468000 0.300000
v 2.144000 0.468000 0.300000
v 2.144000 0.334000 0.300000
v 3.606000 0.334000 0.300000
v 3.606000 0.154000 0.300000
v 3.606772 0.085440 0.300000
v 3.609343 0.012352 0.300000
v 3.614094 -0.064375 0.300000
v 3.621408 -0.143852 0.300000
v 3.631666 -0.225190 0.300000
v 3.645250 -0.307500 0.300000
v 3.662543 -0.389894 0.300000
v 3.683926 -0.471482 0.300000
v 3.709781 -0.551375 0.300000
v 3.740491 -0.628686 0.300000
v 3.776436 -0.702524 0.300000
v 3.818000 -0.772000 0.300000
v 3.824293 -0.765034 0.300000
v 3.832009 -0.757269 0.300000
v 3.840906 -0.748907 0.300000
v 3.850741 -0.740149 0.300000
v 3.861270 -0.731196 0.300000
v 3.872250 -0.722250 0.300000
v 3.883439 -0.713513 0.300000
v 3.894593 -0.705186 0.300000
v 3.905469 -0.697469 0.300000
v 3.915824 -0.690565 0.300000
v 3.925416 -0.684675 0.300000
v 3.934000 -0.680000 0.300000
v 3.895967 -0.615197 0.300000
v 3.863574 -0.547241 0.300000
v 3.836375 -0.476813 0.300000
v 3.813926 -0.404593 0.300000
v 3.795783 -0.331262 0.300000
v 3.781500 -0.257500 0.300000
v 3.770634 -0.183989 0.300000
v 3.762741 -0.111408 0.300000
v 3.757375 -0.040438 0.300000
v 3.754093 0.028240 0.300000
v 3.752449 0.093946 0.300000
v 3.752000 0.156000 0.300000
v 3.752000 0.468000 0.300000
v 3.290000 0.468000 0.300000
v 3.299104 0.485515 0.300000
v 3.309333 0.503954 0.300000
v 3.320562 0.523156 0.300000
v 3.332667 0.542963 0.300000
v 3.345521 0.563214 0.300000
v 3.359000 0.583750 0.300000
v 3.372979 0.604411 0.300000
v 3.387333 0.625037 0.300000
v 3.401937 0.645468 0.300000
v 3.416667 0.665546 0.300000
v 3.431396 0.685110 0.300000
v 3.446000 0.704000 0.300000
v 3.342000 0.754000 0.300000
v 3.780000 0.754000 0.300000
v 3.780000 0.884000 0.300000
v 3.040000 0.884000 0.300000
v 3.047621 0.896075 0.300000
v 3.055463 0.908268 0.300000
v 3.063500 0.920531 0.300000
v 3.071704 0.932815 0.300000
v 3.080046 0.945070 0.300000
v 3.088500 0.957250 0.300000
v 3.097037 0.969304 0.300000
v 3.105630 0.981185 0.300000
v 3.114250 0.992844 0.300000
v 3.122870 1.004231 0.300000
v 3.131463 1.015300 0.300000
v 3.140000 1.026000 0.300000
v 3.020000 1.084000 0.300000
v 5.665666 -0.024100 0.300000
v 5.658991 -0.078463 0.300000
v 5.648469 -0.127188 0.300000
v 5.634593 -0.170371 0.300000
v 5.617856 -0.208109 0.300000
v 5.598750 -0.240501 0.300000
v 5.577770 -0.267642 0.300000
v 5.555408 -0.289630 0.300000
v 5.532156 -0.306563 0.300000
v 5.508510 -0.318538 0.300000
v 5.484960 -0.325651 0.300000
v 5.462000 -0.328000 0.300000
v 5.438260 -0.325168 0.300000
v 5.414074 -0.316510 0.300000
v 5.389500 -0.301782 0.300000
v 5.364593 -0.280741 0.300000
v 5.339407 -0.253145 0.300000
v 5.314000 -0.218750 0.300000
v 5.288426 -0.177314 0.300000
v 5.262741 -0.128593 0.300000
v 5.237000 -0.072344 0.300000
v 5.211259 -0.008325 0.300000
v 5.185574 0.063709 0.300000
v 5.160000 0.144000 0.300000
v 5.147713 0.185982 0.300000
v 5.135870 0.228861 0.300000
v 5.124500 0.272531 0.300000
v 5.113630 0.316888 0.300000
v 5.103287 0.361829 0.300000
v 5.093500 0.407249 0.300000
v 5.084296 0.453045 0.300000
v 5.075704 0.499111 0.300000
v 5.067750 0.545343 0.300000
v 5.060463 0.591638 0.300000
v 5.053870 0.637892 0.300000
v 5.048000 0.684000 0.300000
v 5.140866 0.666361 0.300000
v 5.227260 0.638222 0.300000
v 5.306875 0.600749 0.300000
v 5.379408 0.555111 0.300000
v 5.444551 0.502472 0.300000
v 5.502001 0.444000 0.300000
v 5.551450 0.380861 0.300000
v 5.592593 0.314222 0.300000
v 5.625125 0.245249 0.300000
v 5.648741 0.175111 0.300000
v 5.663135 0.104972 0.300000
v 5.668000 0.036000 0.300000
v 5.033246 0.011213 0.300000
v 5.065963 -0.079130 0.300000
v 5.100125 -0.161000 0.300000
v 5.135704 -0.234371 0.300000
v 5.172672 -0.299213 0.300000
v 5.211000 -0.355500 0.300000
v 5.250662 -0.403204 0.300000
v 5.291630 -0.442297 0.300000
v 5.333875 -0.472750 0.300000
v 5.377370 -0.494538 0.300000
v 5.422088 -0.507630 0.300000
v 5.468000 -0.512001 0.300000
v 5.512396 -0.507796 0.300000
v 5.556175 -0.495362 0.300000
v 5.598718 -0.474969 0.300000
v 5.639407 -0.446889 0.300000
v 5.677623 -0.411393 0.300000
v 5.712749 -0.368751 0.300000
v 5.744167 -0.319233 0.300000
v 5.771259 -0.263112 0.300000
v 5.793406 -0.200657 0.300000
v 5.809990 -0.132139 0.300000
v 5.820395 -0.057830 0.300000
v 5.824000 0.021999 0.300000
v 5.816123 0.129186 0.300000
v 5.793149 0.232990 0.300000
v 5.756063 0.332281 0.300000
v 5.705853 0.425925 0.300000
v 5.643503 0.512792 0.300000
v 5.570000 0.591750 0.300000
v 5.486331 0.661665 0.300000
v 5.393481 0.721407 0.300000
v 5.292437 0.769843 0.300000
v 5.184185 0.805842 0.300000
v 5.069710 0.828272 0.300000
v 4.950000 0.836000 0.300000
v 4.836616 0.829272 0.300000
v 4.730759 0.809676 0.300000
v 4.632875 0.778093 0.300000
v 4.543407 0.735407 0.300000
v 4.462801 0.682498 0.300000
v 4.391500 0.620250 0.300000
v 4.329949 0.549542 0.300000
v 4.278593 0.471259 0.300000
v 4.237875 0.386281 0.300000
v 4.208241 0.295490 0.300000
v 4.190134 0.199769 0.300000
v 4.184000 0.100000 0.300000
v 4.189704 -0.002039 0.300000
v 4.206638 -0.097973 0.300000
v 4.234531 -0.187532 0.300000
v 4.273111 -0.270445 0.300000
v 4.322107 -0.346441 0.300000
v 4.381250 -0.415250 0.300000
v 4.450267 -0.476601 0.300000
v 4.528889 -0.530223 0.300000
v 4.616844 -0.575844 0.300000
v 4.713861 -0.613195 0.300000
v 4.819670 -0.642004 0.300000
v 4.934000 -0.662000 0.300000
v 5.028000 -0.514000 0.300000
v 5.012050 -0.512419 0.300000
v 4.996232 -0.510686 0.300000
v 4.980594 -0.508813 0.300000
v 4.965185 -0.506815 0.300000
v 4.950054 -0.504706 0.300000
v 4.935250 -0.502500 0.300000
v 4.920820 -0.500211 0.300000
v 4.906815 -0.497852 0.300000
v 4.893281 -0.495438 0.300000
v 4.880268 -0.492982 0.300000
v 4.867825 -0.490498 0.300000
v 4.856000 -0.488000 0.300000
v 4.792227 -0.470737 0.300000
v 4.729481 -0.447889 0.300000
v 4.668625 -0.419375 0.300000
v 4.610518 -0.385112 0.300000
v 4.556023 -0.345014 0.300000
v 4.506000 -0.299000 0.300000
v 4.461310 -0.246987 0.300000
v 4.422815 -0.188889 0.300000
v 4.391375 -0.124625 0.300000
v 4.367852 -0.054112 0.300000
v 4.353106 0.022736 0.300000
v 4.348000 0.106000 0.300000
v 4.352014 0.180319 0.300000
v 4.363944 0.251889 0.300000
v 4.383625 0.320125 0.300000
v 4.410888 0.384444 0.300000
v 4.445569 0.444264 0.300000
v 4.487499 0.499000 0.300000
v 4.536513 0.548069 0.300000
v 4.592444 0.590889 0.300000
v 4.655125 0.626875 0.300000
v 4.724389 0.655444 0.300000
v 4.800069 0.676014 0.300000
v 4.882000 0.688000 0.300000
v 4.888754 0.640686 0.300000
v 4.896029 0.592824 0.300000
v 4.903844 0.544531 0.300000
v 4.912223 0.495926 0.300000
v 4.921185 0.447126 0.300000
v 4.930750 0.398250 0.300000
v 4.940941 0.349415 0.300000
v 4.951778 0.300740 0.300000
v 4.963281 0.252343 0.300000
v 4.975472 0.204342 0.300000
v 4.988371 0.156855 0.300000
v 5.002000 0.110000 0.300000
v 7.750951 -0.538756 0.300000
v 7.739778 -0.534047 0.300000
v 7.728437 -0.527907 0.300000
v 7.716889 -0.520371 0.300000
v 7.705090 -0.511474 0.300000
v 7.693000 -0.501251 0.300000
v 7.680576 -0.489736 0.300000
v 7.667778 -0.476964 0.300000
v 7.654562 -0.462969 0.300000
v 7.640889 -0.447788 0.300000
v 7.626715 -0.431453 0.300000
v 7.612000 -0.414001 0.300000
v 7.596175 -0.395835 0.300000
v 7.576065 -0.371677 0.300000
v 7.552219 -0.342032 0.300000
v 7.525186 -0.307408 0.300000
v 7.495513 -0.268312 0.300000
v 7.463750 -0.225251 0.300000
v 7.430446 -0.178731 0.300000
v 7.396149 -0.129260 0.300000
v 7.361407 -0.077344 0.300000
v 7.326769 -0.023491 0.300000
v 7.292784 0.031792 0.300000
v 7.260000 0.087999 0.300000
v 7.894000 0.087999 0.300000
v 7.894000 0.237999 0.300000
v 7.080000 0.237999 0.300000
v 7.080000 0.615999 0.300000
v 7.740000 0.615999 0.300000
v 7.740000 0.765999 0.300000
v 7.080000 0.765999 0.300000
v 7.080000 1.081999 0.300000
v 6.922000 1.081999 0.300000
v 6.922000 0.765999 0.300000
v 6.246000 0.765999 0.300000
v 6.246000 0.616000 0.300000
v 6.922000 0.615999 0.300000
v 6.922000 0.237999 0.300000
v 6.098000 0.237999 0.300000
v 6.098000 0.087999 0.300000
v 7.074000 0.087999 0.300000
v 7.107443 0.033726 0.300000
v 7.141713 -0.020019 0.300000
v 7.176719 -0.073126 0.300000
v 7.212370 -0.125482 0.300000
v 7.248578 -0.176977 0.300000
v 7.285250 -0.227501 0.300000
v 7.322298 -0.276940 0.300000
v 7.359630 -0.325186 0.300000
v 7.397156 -0.372126 0.300000
v 7.434787 -0.417649 0.300000
v 7.472432 -0.461644 0.300000
v 7.510000 -0.504001 0.300000
v 6.518000 -0.432001 0.300000
v 6.539241 -0.401932 0.300000
v 6.560926 -0.371788 0.300000
v 6.583000 -0.341657 0.300000
v 6.605408 -0.311630 0.300000
v 6.628093 -0.281798 0.300000
v 6.651000 -0.252251 0.300000
v 6.674074 -0.223078 0.300000
v 6.697259 -0.194371 0.300000
v 6.720500 -0.166219 0.300000
v 6.743741 -0.138714 0.300000
v 6.766926 -0.111944 0.300000
v 6.790000 -0.086001 0.300000
v 6.656000 -0.022001 0.300000
v 6.610316 -0.072826 0.300000
v 6.564528 -0.125936 0.300000
v 6.519031 -0.180782 0.300000
v 6.474222 -0.236815 0.300000
v 6.430496 -0.293488 0.300000
v 6.388250 -0.350251 0.300000
v 6.347878 -0.406555 0.300000
v 6.309778 -0.461852 0.300000
v 6.274343 -0.515594 0.300000
v 6.241972 -0.567232 0.300000
v 6.213059 -0.616217 0.300000
v 6.188000 -0.662001 0.300000
v 6.332000 -0.740001 0.300000
v 6.338205 -0.726877 0.300000
v 6.344814 -0.713510 0.300000
v 6.351812 -0.699907 0.300000
v 6.359185 -0.686075 0.300000
v 6.366919 -0.672020 0.300000
v 6.375000 -0.657751 0.300000
v 6.383414 -0.643273 0.300000
v 6.392148 -0.628593 0.300000
v 6.401187 -0.613719 0.300000
v 6.410518 -0.598658 0.300000
v 6.420127 -0.583416 0.300000
v 6.430000 -0.568001 0.300000
v 6.682672 -0.587895 0.300000
v 6.897871 -0.604825 0.300000
v 7.078875 -0.619157 0.300000
v 7.228963 -0.631260 0.300000
v 7.351412 -0.641502 0.300000
v 7.449500 -0.650251 0.300000
v 7.526504 -0.657875 0.300000
v 7.585703 -0.664741 0.300000
v 7.630374 -0.671219 0.300000
v 7.663796 -0.677677 0.300000
v 7.689245 -0.684481 0.300000
v 7.710000 -0.692001 0.300000
v 7.712322 -0.683129 0.300000
v 7.715241 -0.672695 0.300000
v 7.718688 -0.660969 0.300000
v 7.722593 -0.648223 0.300000
v 7.726887 -0.634726 0.300000
v 7.731501 -0.620751 0.300000
v 7.736364 -0.606567 0.300000
v 7.741408 -0.592445 0.300000
v 7.746563 -0.578657 0.300000
v 7.751760 -0.565473 0.300000
v 7.756928 -0.553164 0.300000
v 7.762000 -0.542001 0.300000
v 8.334000 0.391999 0.300000
v 8.180000 0.391999 0.300000
v 8.180000 -0.328001 0.300000
v 8.180266 -0.344804 0.300000
v 8.181122 -0.360260 0.300000
v 8.182657 -0.374438 0.300000
v 8.184964 -0.387408 0.300000
v 8.188132 -0.399239 0.300000
v 8.192251 -0.410001 0.300000
v 8.197412 -0.419762 0.300000
v 8.203704 -0.428593 0.300000
v 8.211219 -0.436563 0.300000
v 8.220046 -0.443741 0.300000
v 8.230276 -0.450197 0.300000
v 8.242000 -0.456001 0.300000
v 8.254669 -0.460635 0.300000
v 8.268694 -0.464575 0.300000
v 8.284093 -0.467876 0.300000
v 8.300888 -0.470593 0.300000
v 8.319099 -0.472783 0.300000
v 8.338749 -0.474501 0.300000
v 8.359857 -0.475802 0.300000
v 8.382443 -0.476741 0.300000
v 8.406530 -0.477376 0.300000
v 8.432138 -0.477760 0.300000
v 8.459288 -0.477950 0.300000
v 8.488000 -0.478001 0.300000
v 8.489742 -0.468686 0.300000
v 8.491936 -0.458816 0.300000
v 8.494532 -0.448501 0.300000
v 8.497482 -0.437853 0.300000
v 8.500738 -0.426982 0.300000
v 8.504251 -0.416001 0.300000
v 8.507972 -0.405019 0.300000
v 8.511852 -0.394149 0.300000
v 8.515844 -0.383501 0.300000
v 8.519898 -0.373186 0.300000
v 8.523967 -0.363316 0.300000
v 8.528000 -0.354001 0.300000
v 8.507234 -0.354919 0.300000
v 8.487029 -0.355677 0.300000
v 8.467532 -0.356282 0.300000
v 8.448890 -0.356741 0.300000
v 8.431248 -0.357062 0.300000
v 8.414751 -0.357251 0.300000
v 8.399546 -0.357314 0.300000
v 8.385778 -0.357260 0.300000
v 8.373594 -0.357094 0.300000
v 8.363139 -0.356825 0.300000
v 8.354559 -0.356458 0.300000
v 8.348000 -0.356001 0.300000
v 8.342788 -0.355870 0.300000
v 8.338139 -0.355454 0.300000
v 8.334031 -0.354719 0.300000
v 8.330444 -0.353630 0.300000
v 8.327357 -0.352152 0.300000
v 8.324750 -0.350251 0.300000
v 8.322600 -0.347891 0.300000
v 8.320889 -0.345038 0.300000
v 8.319593 -0.341657 0.300000
v 8.318694 -0.337714 0.300000
v 8.318170 -0.333173 0.300000
v 8.318000 -0.328001 0.300000
v 8.318000 0.271999 0.300000
v 9.182000 0.271999 0.300000
v 9.182000 -0.478001 0.300000
v 9.316000 -0.478001 0.300000
v 9.316000 0.391999 0.300000
v 9.160000 0.391999 0.300000
v 9.160000 1.009999 0.300000
v 8.334000 1.009999 0.300000
v 8.786000 0.621999 0.300000
v 9.026000 0.621999 0.300000
v 9.026000 0.391999 0.300000
v 8.786000 0.391999 0.300000
v 9.026000 0.893999 0.300000
v 9.026000 0.729999 0.300000
v 8.674000 0.729999 0.300000
v 8.674000 0.391999 0.300000
v 8.472000 0.391999 0.300000
v 8.472000 0.893999 0.300000
v 8.492000 -0.282001 0.300000
v 8.896000 -0.282001 0.300000
v 8.896000 -0.362001 0.300000
v 9.014000 -0.362001 0.300000
v 9.014000 0.141999 0.300000
v 8.492000 0.141999 0.300000
v 8.610000 -0.178001 0.300000
v 8.610000 0.035999 0.300000
v 8.896000 0.035999 0.300000
v 8.896000 -0.178001 0.300000
v 9.495370 -0.402206 0.300000
v 9.486446 -0.408806 0.300000
v 9.477189 -0.415782 0.300000
v 9.467557 -0.423112 0.300000
v 9.457508 -0.430775 0.300000
v 9.447001 -0.438751 0.300000
v 9.435994 -0.447018 0.300000
v 9.424445 -0.455556 0.300000
v 9.412313 -0.464345 0.300000
v 9.399556 -0.473362 0.300000
v 9.386132 -0.482588 0.300000
v 9.372000 -0.492001 0.300000
v 9.338035 -0.512455 0.300000
v 9.302111 -0.529964 0.300000
v 9.264187 -0.544751 0.300000
v 9.224221 -0.557038 0.300000
v 9.182173 -0.567047 0.300000
v 9.138000 -0.575001 0.300000
v 9.091660 -0.581121 0.300000
v 9.043111 -0.585630 0.300000
v 8.992312 -0.588751 0.300000
v 8.939222 -0.590704 0.300000
v 8.883799 -0.591714 0.300000
v 8.826000 -0.592001 0.300000
v 8.761271 -0.591595 0.300000
v 8.694491 -0.590417 0.300000
v 8.626282 -0.588532 0.300000
v 8.557260 -0.586001 0.300000
v 8.488043 -0.582886 0.300000
v 8.419250 -0.579251 0.300000
v 8.351499 -0.575157 0.300000
v 8.285407 -0.570667 0.300000
v 8.221594 -0.565844 0.300000
v 8.160676 -0.560751 0.300000
v 8.103272 -0.555449 0.300000
v 8.050000 -0.550001 0.300000
v 8.054609 -0.560292 0.300000
v 8.059371 -0.572001 0.300000
v 8.064188 -0.584876 0.300000
v 8.068963 -0.598667 0.300000
v 8.073600 -0.613126 0.300000
v 8.078000 -0.628001 0.300000
v 8.082067 -0.643042 0.300000
v 8.085704 -0.658001 0.300000
v 8.088813 -0.672626 0.300000
v 8.091296 -0.686667 0.300000
v 8.093058 -0.699876 0.300000
v 8.094000 -0.712001 0.300000
v 8.135219 -0.714574 0.300000
v 8.184916 -0.717251 0.300000
v 8.241656 -0.719969 0.300000
v 8.304000 -0.722667 0.300000
v 8.370510 -0.725282 0.300000
v 8.439750 -0.727751 0.300000
v 8.510281 -0.730011 0.300000
v 8.580666 -0.732001 0.300000
v 8.649467 -0.733657 0.300000
v 8.715249 -0.734917 0.300000
v 8.776572 -0.735720 0.300000
v 8.832000 -0.736001 0.300000
v 8.896079 -0.735553 0.300000
v 8.956471 -0.734084 0.300000
v 9.013406 -0.731407 0.300000
v 9.067111 -0.727334 0.300000
v 9.117816 -0.721678 0.300000
v 9.165750 -0.714251 0.300000
v 9.211142 -0.704865 0.300000
v 9.254222 -0.693334 0.300000
v 9.295218 -0.679470 0.300000
v 9.334361 -0.663084 0.300000
v 9.371879 -0.643990 0.300000
v 9.408000 -0.622001 0.300000
v 9.428201 -0.608139 0.300000
v 9.447777 -0.593769 0.300000
v 9.466686 -0.579220 0.300000
v 9.484888 -0.564816 0.300000
v 9.502339 -0.550884 0.300000
v 9.518999 -0.537751 0.300000
v 9.534825 -0.525743 0.300000
v 9.549777 -0.515186 0.300000
v 9.563812 -0.506407 0.300000
v 9.576889 -0.499732 0.300000
v 9.588965 -0.495488 0.300000
v 9.600000 -0.494001 0.300000
v 9.616108 -0.496561 0.300000
v 9.633369 -0.503982 0.300000
v 9.651687 -0.515876 0.300000
v 9.670962 -0.531853 0.300000
v 9.691099 -0.551524 0.300000
v 9.712000 -0.574501 0.300000
v 9.733567 -0.600394 0.300000
v 9.755704 -0.628816 0.300000
v 9.778313 -0.659376 0.300000
v 9.801296 -0.691686 0.300000
v 9.824557 -0.725357 0.300000
v 9.848000 -0.760001 0.300000
v 9.950000 -0.622001 0.300000
v 9.922630 -0.589768 0.300000
v 9.895546 -0.559140 0.300000
v 9.868781 -0.530220 0.300000
v 9.842370 -0.503112 0.300000
v 9.816348 -0.477921 0.300000
v 9.790750 -0.454751 0.300000
v 9.765610 -0.433706 0.300000
v 9.740963 -0.414890 0.300000
v 9.716844 -0.398407 0.300000
v 9.693287 -0.384362 0.300000
v 9.670327 -0.372858 0.300000
v 9.648000 -0.364001 0.300000
v 9.648000 0.261999 0.300000
v 9.910000 0.261999 0.300000
v 9.910000 0.401999 0.300000
v 9.504000 0.401999 0.300000
v 9.504000 -0.396001 0.300000
v 9.694853 1.036140 0.300000
v 9.666657 1.008795 0.300000
v 9.637781 0.980312 0.300000
v 9.608592 0.951036 0.300000
v 9.579459 0.921316 0.300000
v 9.550750 0.891499 0.300000
v 9.522832 0.861932 0.300000
v 9.496074 0.832962 0.300000
v 9.470843 0.804937 0.300000
v 9.447509 0.778203 0.300000
v 9.426438 0.753108 0.300000
v 9.408000 0.729999 0.300000
v 9.526000 0.639999 0.300000
v 9.543481 0.663650 0.300000
v 9.563677 0.689369 0.300000
v 9.586220 0.716812 0.300000
v 9.610742 0.745629 0.300000
v 9.636874 0.775474 0.300000
v 9.664250 0.805999 0.300000
v 9.692501 0.836858 0.300000
v 9.721259 0.867703 0.300000
v 9.750156 0.898187 0.300000
v 9.778824 0.927962 0.300000
v 9.806894 0.956682 0.300000
v 9.834000 0.983999 0.300000
v 9.722000 1.061999 0.300000
v 9.694853 1.036140 0.300000
v 9.694853 1.036140 -0.300000
v 9.666657 1.008795 0.300000
v 9.666657 1.008795 -0.300000
v 9.637781 0.980312 0.300000
v 9.637781 0.980312 -0.300000
v 9.608592 0.951036 0.300000
v 9.608592 0.951036 -0.300000
v 9.579459 0.921316 0.300000
v 9.579459 0.921316 -0.300000
v 9.550750 0.891499 0.300000
v 9.550750 0.891499 -0.300000
v 9.522832 0.861932 0.300000
v 9.522832 0.861932 -0.300000
v 9.496074 0.832962 0.300000
v 9.496074 0.832962 -0.300000
v 9.470843 0.804937 0.300000
v 9.470843 0.804937 -0.300000
v 9.447509 0.778203 0.300000
v 9.447509 0.778203 -0.300000
v 9.426438 0.753108 0.300000
v 9.426438 0.753108 -0.300000
v 9.408000 0.729999 0.300000
v 9.408000 0.729999 -0.300000
v 9.526000 0.639999 0.300000
v 9.526000 0.639999 -0.300000
v 9.543481 0.663650 0.300000
v 9.543481 0.663650 -0.300000
v 9.563677 0.689369 0.300000
v 9.563677 0.689369 -0.300000
v 9.586220 0.716812 0.300000
v 9.586220 0.716812 -0.300000
v 9.610742 0.745629 0.300000
v 9.610742 0.745629 -0.300000
v 9.636874 0.775474 0.300000
v 9.636874 0.775474 -0.300000
v 9.664250 0.805999 0.300000
v 9.664250 0.805999 -0.300000
v 9.692501 0.836858 0.300000
v 9.692501 0.836858 -0.300000
v 9.721259 0.867703 0.300000
v 9.721259 0.867703 -0.300000
v 9.750156 0.898187 0.300000
v 9.750156 0.898187 -0.300000
v 9.778824 0.927962 0.300000
v 9.778824 0.927962 -0.300000
v 9.806894 0.956682 0.300000
v 9.806894 0.956682 -0.300000
v 9.834000 0.983999 0.300000
v 9.834000 0.983999 -0.300000
v 9.722000 1.061999 0.300000
v 9.722000 1.061999 -0.300000
v 8.334000 0.391999 0.300000
v 8.334000 0.391999 -0.300000
v 8.180000 0.391999 0.300000
v 8.180000 0.391999 -0.300000
v 8.180000 -0.328001 0.300000
v 8.180000 -0.328001 -0.300000
v 8.180266 -0.344804 0.300000
v 8.180266 -0.344804 -0.300000
v 8.181122 -0.360260 0.300000
v 8.181122 -0.360260 -0.300000
v 8.182657 -0.374438 0.300000
v 8.182657 -0.374438 -0.300000
v 8.184964 -0.387408 0.300000
v 8.184964 -0.387408 -0.300000
v 8.188132 -0.399239 0.300000
v 8.188132 -0.399239 -0.300000
v 8.192251 -0.410001 0.300000
v 8.192251 -0.410001 -0.300000
v 8.197412 -0.419762 0.300000
v 8.197412 -0.419762 -0.300000
v 8.203704 -0.428593 0.300000
v 8.203704 -0.428593 -0.300000
v 8.211219 -0.436563 0.300000
v 8.211219 -0.436563 -0.300000
v 8.220046 -0.443741 0.300000
v 8.220046 -0.443741 -0.300000
v 8.230276 -0.450197 0.300000
v 8.230276 -0.450197 -0.300000
v 8.242000 -0.456001 0.300000
v 8.242000 -0.456001 -0.300000
v 8.254669 -0.460635 0.300000
v 8.254669 -0.460635 -0.300000
v 8.268694 -0.464575 0.300000
v 8.268694 -0.464575 -0.300000
v 8.284093 -0.467876 0.300000
v 8.284093 -0.467876 -0.300000
v 8.300888 -0.470593 0.300000
v 8.300888 -0.470593 -0.300000
v 8.319099 -0.472783 0.300000
v 8.319099 -0.472783 -0.300000
v 8.338749 -0.474501 0.300000
v 8.338749 -0.474501 -0.300000
v 8.359857 -0.475802 0.300000
v 8.359857 -0.475802 -0.300000
v 8.382443 -0.476741 0.300000
v 8.382443 -0.476741 -0.300000
v 8.406530 -0.477376 0.300000
v 8.406530 -0.477376 -0.300000
v 8.432138 -0.477760 0.300000
v 8.432138 -0.477760 -0.300000
v 8.459288 -0.477950 0.300000
v 8.459288 -0.477950 -0.300000
v 8.488000 -0.478001 0.300000
v 8.488000 -0.478001 -0.300000
v 8.489742 -0.468686 0.300000
v 8.489742 -0.468686 -0.300000
v 8.491936 -0.458816 0.300000
v 8.491936 -0.458816 -0.300000
v 8.494532 -0.448501 0.300000
v 8.494532 -0.448501 -0.300000
v 8.497482 -0.437853 0.300000
v 8.497482 -0.437853 -0.300000
v 8.500738 -0.426982 0.300000
v 8.500738 -0.426982 -0.300000
v 8.504251 -0.416001 0.300000
v 8.504251 -0.416001 -0.300000
v 8.507972 -0.405019 0.300000
v 8.507972 -0.405019 -0.300000
v 8.511852 -0.394149 0.300000
v 8.511852 -0.394149 -0.300000
v 8.515844 -0.383501 0.300000
v 8.515844 -0.383501 -0.300000
v 8.519898 -0.373186 0.300000
v 8.519898 -0.373186 -0.300000
v 8.523967 -0.363316 0.300000
v 8.523967 -0.363316 -0.300000
v 8.528000 -0.354001 0.300000
v 8.528000 -0.354001 -0.300000
v 8.507234 -0.354919 0.300000
v 8.507234 -0.354919 -0.300000
v 8.487029 -0.355677 0.300000
v 8.487029 -0.355677 -0.300000
v 8.467532 -0.356282 0.300000
v 8.467532 -0.356282 -0.300000
v 8.448890 -0.356741 0.300000
v 8.448890 -0.356741 -0.300000
v 8.431248 -0.357062 0.300000
v 8.431248 -0.357062 -0.300000
v 8.414751 -0.357251 0.300000
v 8.414751 -0.357251 -0.300000
v 8.399546 -0.357314 0.300000
v 8.399546 -0.357314 -0.300000
v 8.385778 -0.357260 0.300000
v 8.385778 -0.357260 -0.300000
v 8.373594 -0.357094 0.300000
v 8.373594 -0.357094 -0.300000
v 8.363139 -0.356825 0.300000
v 8.363139 -0.356825 -0.300000
v 8.354559 -0.356458 0.300000
v 8.354559 -0.356458 -0.300000
v 8.348000 -0.356001 0.300000
v 8.348000 -0.356001 -0.300000
v 8.342788 -0.355870 0.300000
v 8.342788 -0.355870 -0.300000
v 8.338139 -0.355454 0.300000
v 8.338139 -0.355454 -0.300000
v 8.334031 -0.354719 0.300000
v 8.334031 -0.354719 -0.300000
v 8.330444 -0.353630 0.300000
v 8.330444 -0.353630 -0.300000
v 8.327357 -0.352152 0.300000
v 8.327357 -0.352152 -0.300000
v 8.324750 -0.350251 0.300000
v 8.324750 -0.350251 -0.300000
v 8.322600 -0.347891 0.300000
v 8.322600 -0.347891 -0.300000
v 8.320889 -0.345038 0.300000
v 8.320889 -0.345038 -0.300000
v 8.319593 -0.341657 0.300000
v 8.319593 -0.341657 -0.300000
v 8.318694 -0.337714 0.300000
v 8.318694 -0.337714 -0.300000
v 8.318170 -0.333173 0.300000
v 8.318170 -0.333173 -0.300000
v 8.318000 -0.328001 0.300000
v 8.318000 -0.328001 -0.300000
v 8.318000 0.271999 0.300000
v 8.318000 0.271999 -0.300000
v 9.182000 0.271999 0.300000
v 9.182000 0.271999 -0.300000
v 9.182000 -0.478001 0.300000
v 9.182000 -0.478001 -0.300000
v 9.316000 -0.478001 0.300000
v 9.316000 -0.478001 -0.300000
v 9.316000 0.391999 0.300000
v 9.316000 0.391999 -0.300000
v 9.160000 0.391999 0.300000
v 9.160000 0.391999 -0.300000
v 9.160000 1.009999 0.300000
v 9.160000 1.009999 -0.300000
v 8.334000 1.009999 0.300000
v 8.334000 1.009999 -0.300000
v 8.786000 0.621999 0.300000
v 8.786000 0.621999 -0.300000
v 9.026000 0.621999 0.300000
v 9.026000 0.621999 -0.300000
v 9.026000 0.391999 0.300000
v 9.026000 0.391999 -0.300000
v 8.786000 0.391999 0.300000
v 8.786000 0.391999 -0.300000
v 9.026000 0.893999 0.300000
v 9.026000 0.893999 -0.300000
v 9.026000 0.729999 0.300000
v 9.026000 0.729999 -0.300000
v 8.674000 0.729999 0.300000
v 8.674000 0.729999 -0.300000
v 8.674000 0.391999 0.300000
v 8.674000 0.391999 -0.300000
v 8.472000 0.391999 0.300000
v 8.472000 0.391999 -0.300000
v 8.472000 0.893999 0.300000
v 8.472000 0.893999 -0.300000
v 8.492000 -0.282001 0.300000
v 8.492000 -0.282001 -0.300000
v 8.896000 -0.282001 0.300000
v 8.896000 -0.282001 -0.300000
v 8.896000 -0.362001 0.300000
v 8.896000 -0.362001 -0.300000
v 9.014000 -0.362001 0.300000
v 9.014000 -0.362001 -0.300000
v 9.014000 0.141999 0.300000
v 9.014000 0.141999 -0.300000
v 8.492000 0.141999 0.300000
v 8.492000 0.141999 -0.300000
v 8.610000 -0.178001 0.300000
v 8.610000 -0.178001 -0.300000
v 8.610000 0.035999 0.300000
v 8.610000 0.035999 -0.300000
v 8.896000 0.035999 0.300000
v 8.896000 0.035999 -0.300000
v 8.896000 -0.178001 0.300000
v 8.896000 -0.178001 -0.300000
v 9.495370 -0.402206 0.300000
v 9.495370 -0.402206 -0.300000
v 9.486446 -0.408806 0.300000
v 9.486446 -0.408806 -0.300000
v 9.477189 -0.415782 0.300000
v 9.477189 -0.415782 -0.300000
v 9.467557 -0.423112 0.300000
v 9.467557 -0.423112 -0.300000
v 9.457508 -0.430775 0.300000
v 9.457508 -0.430775 -0.300000
v 9.447001 -0.438751 0.300000
v 9.447001 -0.438751 -0.300000
v 9.435994 -0.447018 0.300000
v 9.435994 -0.447018 -0.300000
v 9.424445 -0.455556 0.300000
v 9.424445 -0.455556 -0.300000
v 9.412313 -0.464345 0.300000
v 9.412313 -0.464345 -0.300000
v 9.399556 -0.473362 0.300000
v 9.399556 -0.473362 -0.300000
v 9.386132 -0.482588 0.300000
v 9.386132 -0.482588 -0.300000
v 9.372000 -0.492001 0.300000
v 9.372000 -0.492001 -0.300000
v 9.338035 -0.512455 0.300000
v 9.338035 -0.512455 -0.300000
v 9.302111 -0.529964 0.300000
v 9.302111 -0.529964 -0.300000
v 9.264187 -0.544751 0.300000
v 9.264187 -0.544751 -0.300000
v 9.224221 -0.557038 0.300000
v 9.224221 -0.557038 -0.300000
v 9.182173 -0.567047 0.300000
v 9.182173 -0.567047 -0.300000
v 9.138000 -0.575001 0.300000
v 9.138000 -0.575001 -0.300000
v 9.091660 -0.581121 0.300000
v 9.091660 -0.581121 -0.300000
v 9.043111 -0.585630 0.300000
v 9.043111 -0.585630 -0.300000
v 8.992312 -0.588751 0.300000
v 8.992312 -0.588751 -0.300000
v 8.939222 -0.590704 0.300000
v 8.939222 -0.590704 -0.300000
v 8.883799 -0.591714 0.300000
v 8.883799 -0.591714 -0.300000
v 8.826000 -0.592001 0.300000
v 8.826000 -0.592001 -0.300000
v 8.761271 -0.591595 0.300000
v 8.761271 -0.591595 -0.300000
v 8.694491 -0.590417 0.300000
v 8.694491 -0.590417 -0.300000
v 8.626282 -0.588532 0.300000
v 8.626282 -0.588532 -0.300000
v 8.557260 -0.586001 0.300000
v 8.557260 -0.586001 -0.300000
v 8.488043 -0.582886 0.300000
v 8.488043 -0.582886 -0.300000
v 8.419250 -0.579251 0.300000
v 8.419250 -0.579251 -0.300000
v 8.351499 -0.575157 0.300000
v 8.351499 -0.575157 -0.300000
v 8.285407 -0.570667 0.300000
v 8.285407 -0.570667 -0.300000
v 8.221594 -0.565844 0.300000
v 8.221594 -0.565844 -0.300000
v 8.160676 -0.560751 0.300000
v 8.160676 -0.560751 -0.300000
v 8.103272 -0.555449 0.300000
v 8.103272 -0.555449 -0.300000
v 8.050000 -0.550001 0.300000
v 8.050000 -0.550001 -0.300000
v 8.054609 -0.560292 0.300000
v 8.054609 -0.560292 -0.300000
v 8.059371 -0.572001 0.300000
v 8.059371 -0.572001 -0.300000
v 8.064188 -0.584876 0.300000
v 8.064188 -0.584876 -0.300000
v 8.068963 -0.598667 0.300000
v 8.068963 -0.598667 -0.300000
v 8.073600 -0.613126 0.300000
v 8.073600 -0.613126 -0.300000
v 8.078000 -0.628001 0.300000
v 8.078000 -0.628001 -0.300000
v 8.082067 -0.643042 0.300000
v 8.082067 -0.643042 -0.300000
v 8.085704 -0.658001 0.300000
v 8.085704 -0.658001 -0.300000
v 8.088813 -0.672626 0.300000
v 8.088813 -0.672626 -0.300000
v 8.091296 -0.686667 0.300000
v 8.091296 -0.686667 -0.300000
v 8.093058 -0.699876 0.300000
v 8.093058 -0.699876 -0.300000
v 8.094000 -0.712001 0.300000
v 8.094000 -0.712001 -0.300000
v 8.135219 -0.714574 0.300000
v 8.135219 -0.714574 -0.300000
v 8.184916 -0.717251 0.300000
v 8.184916 -0.717251 -0.300000
v 8.241656 -0.719969 0.300000
v 8.241656 -0.719969 -0.300000
v 8.304000 -0.722667 0.300000
v 8.304000 -0.722667 -0.300000
v 8.370510 -0.725282 0.300000
v 8.370510 -0.725282 -0.300000
v 8.439750 -0.727751 0.300000
v 8.439750 -0.727751 -0.300000
v 8.510281 -0.730011 0.300000
v 8.510281 -0.730011 -0.300000
v 8.580666 -0.732001 0.300000
v 8.580666 -0.732001 -0.300000
v 8.649467 -0.733657 0.300000
v 8.649467 -0.733657 -0.300000
v 8.715249 -0.734917 0.300000
v 8.715249 -0.734917 -0.300000
v 8.776572 -0.735720 0.300000
v 8.776572 -0.735720 -0.300000
v 8.832000 -0.736001 0.300000
v 8.832000 -0.736001 -0.300000
v 8.896079 -0.735553 0.300000
v 8.896079 -0.735553 -0.300000
v 8.956471 -0.734084 0.300000
v 8.956471 -0.734084 -0.300000
v 9.013406 -0.731407 0.300000
v 9.013406 -0.731407 -0.300000
v 9.067111 -0.727334 0.300000
v 9.067111 -0.727334 -0.300000
v 9.117816 -0.721678 0.300000
v 9.117816 -0.721678 -0.300000
v 9.165750 -0.714251 0.300000
v 9.165750 -0.714251 -0.300000
v 9.211142 -0.704865 0.300000
v 9.211142 -0.704865 -0.300000
v 9.254222 -0.693334 0.300000
v 9.254222 -0.693334 -0.300000
v 9.295218 -0.679470 0.300000
v 9.295218 -0.679470 -0.300000
v 9.334361 -0.663084 0.300000
v 9.334361 -0.663084 -0.300000
v 9.371879 -0.643990 0.300000
v 9.371879 -0.643990 -0.300000
v 9.408000 -0.622001 0.300000
v 9.408000 -0.622001 -0.300000
v 9.428201 -0.608139 0.300000
v 9.428201 -0.608139 -0.300000
v 9.447777 -0.593769 0.300000
v 9.447777 -0.593769 -0.300000
v 9.466686 -0.579220 0.300000
v 9.466686 -0.579220 -0.300000
v 9.484888 -0.564816 0.300000
v 9.484888 -0.564816 -0.300000
v 9.502339 -0.550884 0.300000
v 9.502339 -0.550884 -0.300000
v 9.518999 -0.537751 0.300000
v 9.518999 -0.537751 -0.300000
v 9.534825 -0.525743 0.300000
v 9.534825 -0.525743 -0.300000
v 9.549777 -0.515186 0.300000
v 9.549777 -0.515186 -0.300000
v 9.563812 -0.506407 0.300000
v 9.563812 -0.506407 -0.300000
v 9.576889 -0.499732 0.300000
v 9.576889 -0.499732 -0.300000
v 9.588965 -0.495488 0.300000
v 9.588965 -0.495488 -0.300000
v 9.600000 -0.494001 0.300000
v 9.600000 -0.494001 -0.300000
v 9.616108 -0.496561 0.300000
v 9.616108 -0.496561 -0.300000
v 9.633369 -0.503982 0.300000
v 9.633369 -0.503982 -0.300000
v 9.651687 -0.515876 0.300000
v 9.651687 -0.515876 -0.300000
v 9.670962 -0.531853 0.300000
v 9.670962 -0.531853 -0.300000
v 9.691099 -0.551524 0.300000
v 9.691099 -0.551524 -0.300000
v 9.712000 -0.574501 0.300000
v 9.712000 -0.574501 -0.300000
v 9.733567 -0.600394 0.300000
v 9.733567 -0.600394 -0.300000
v 9.755704 -0.628816 0.300000
v 9.755704 -0.628816 -0.300000
v 9.778313 -0.659376 0.300000
v 9.778313 -0.659376 -0.300000
v 9.801296 -0.691686 0.300000
v 9.801296 -0.691686 -0.300000
v 9.824557 -0.725357 0.300000
v 9.824557 -0.725357 -0.300000
v 9.848000 -0.760001 0.300000
v 9.848000 -0.760001 -0.300000
v 9.950000 -0.622001 0.300000
v 9.950000 -0.622001 -0.300000
v 9.922630 -0.589768 0.300000
v 9.922630 -0.589768 -0.300000
v 9.895546 -0.559140 0.300000
v 9.895546 -0.559140 -0.300000
v 9.868781 -0.530220 0.300000
v 9.868781 -0.530220 -0.300000
v 9.842370 -0.503112 0.300000
v 9.842370 -0.503112 -0.300000
v 9.816348 -0.477921 0.300000
v 9.816348 -0.477921 -0.300000
v 9.790750 -0.454751 0.300000
v 9.790750 -0.454751 -0.300000
v 9.765610 -0.433706 0.300000
v 9.765610 -0.433706 -0.300000
v 9.740963 -0.414890 0.300000
v 9.740963 -0.414890 -0.300000
v 9.716844 -0.398407 0.300000
v 9.716844 -0.398407 -0.300000
v 9.693287 -0.384362 0.300000
v 9.693287 -0.384362 -0.300000
v 9.670327 -0.372858 0.300000
v 9.670327 -0.372858 -0.300000
v 9.648000 -0.364001 0.300000
v 9.648000 -0.364001 -0.300000
v 9.648000 0.261999 0.300000
v 9.648000 0.261999 -0.300000
v 9.910000 0.261999 0.300000
v 9.910000 0.261999 -0.300000
v 9.910000 0.401999 0.300000
v 9.910000 0.401999 -0.300000
v 9.504000 0.401999 0.300000
v 9.504000 0.401999 -0.300000
v 9.504000 -0.396001 0.300000
v 9.504000 -0.396001 -0.300000
v 7.750951 -0.538756 0.300000
v 7.750951 -0.538756 -0.300000
v 7.739778 -0.534047 0.300000
v 7.739778 -0.534047 -0.300000
v 7.728437 -0.527907 0.300000
v 7.728437 -0.527907 -0.300000
v 7.716889 -0.520371 0.300000
v 7.716889 -0.520371 -0.300000
v 7.705090 -0.511474 0.300000
v 7.705090 -0.511474 -0.300000
v 7.693000 -0.501251 0.300000
v 7.693000 -0.501251 -0.300000
v 7.680576 -0.489736 0.300000
v 7.680576 -0.489736 -0.300000
v 7.667778 -0.476964 0.300000
v 7.667778 -0.476964 -0.300000
v 7.654562 -0.462969 0.300000
v 7.654562 -0.462969 -0.300000
v 7.640889 -0.447788 0.300000
v 7.640889 -0.447788 -0.300000
v 7.626715 -0.431453 0.300000
v 7.626715 -0.431453 -0.300000
v 7.612000 -0.414001 0.300000
v 7.612000 -0.414001 -0.300000
v 7.596175 -0.395835 0.300000
v 7.596175 -0.395835 -0.300000
v 7.576065 -0.371677 0.300000
v 7.576065 -0.371677 -0.300000
v 7.552219 -0.342032 0.300000
v 7.552219 -0.342032 -0.300000
v 7.525186 -0.307408 0.300000
v 7.525186 -0.307408 -0.300000
v 7.495513 -0.268312 0.300000
v 7.495513 -0.268312 -0.300000
v 7.463750 -0.225251 0.300000
v 7.463750 -0.225251 -0.300000
v 7.430446 -0.178731 0.300000
v 7.430446 -0.178731 -0.300000
v 7.396149 -0.129260 0.300000
v 7.396149 -0.129260 -0.300000
v 7.361407 -0.077344 0.300000
v 7.361407 -0.077344 -0.300000
v 7.326769 -0.023491 0.300000
v 7.326769 -0.023491 -0.300000
v 7.292784 0.031792 0.300000
v 7.292784 0.031792 -0.300000
v 7.260000 0.087999 0.300000
v 7.260000 0.087999 -0.300000
v 7.894000 0.087999 0.300000
v 7.894000 0.087999 -0.300000
v 7.894000 0.237999 0.300000
v 7.894000 0.237999 -0.300000
v 7.080000 0.237999 0.300000
v 7.080000 0.237999 -0.300000
v 7.080000 0.615999 0.300000
v 7.080000 0.615999 -0.300000
v 7.740000 0.615999 0.300000
v 7.740000 0.615999 -0.300000
v 7.740000 0.765999 0.300000
v 7.740000 0.765999 -0.300000
v 7.080000 0.765999 0.300000
v 7.080000 0.765999 -0.300000
v 7.080000 1.081999 0.300000
v 7.080000 1.081999 -0.300000
v 6.922000 1.081999 0.300000
v 6.922000 1.081999 -0.300000
v 6.922000 0.765999 0.300000
v 6.922000 0.765999 -0.300000
v 6.246000 0.765999 0.300000
v 6.246000 0.765999 -0.300000
v 6.246000 0.616000 0.300000
v 6.246000 0.616000 -0.300000
v 6.922000 0.615999 0.300000
v 6.922000 0.615999 -0.300000
v 6.922000 0.237999 0.300000
v 6.922000 0.237999 -0.300000
v 6.098000 0.237999 0.300000
v 6.098000 0.238000 -0.300000
v 6.098000 0.087999 0.300000
v 6.098000 0.087999 -0.300000
v 7.074000 0.087999 0.300000
v 7.074000 0.087999 -0.300000
v 7.107443 0.033726 0.300000
v 7.107443 0.033726 -0.300000
v 7.141713 -0.020019 0.300000
v 7.141713 -0.020019 -0.300000
v 7.176719 -0.073126 0.300000
v 7.176719 -0.073126 -0.300000
v 7.212370 -0.125482 0.300000
v 7.212370 -0.125482 -0.300000
v 7.248578 -0.176977 0.300000
v 7.248578 -0.176977 -0.300000
v 7.285250 -0.227501 0.300000
v 7.285250 -0.227501 -0.300000
v 7.322298 -0.276940 0.300000
v 7.322298 -0.276940 -0.300000
v 7.359630 -0.325186 0.300000
v 7.359630 -0.325186 -0.300000
v 7.397156 -0.372126 0.300000
v 7.397156 -0.372126 -0.300000
v 7.434787 -0.417649 0.300000
v 7.434787 -0.417649 -0.300000
v 7.472432 -0.461644 0.300000
v 7.472432 -0.461644 -0.300000
v 7.510000 -0.504001 0.300000
v 7.510000 -0.504001 -0.300000
v 6.518000 -0.432001 0.300000
v 6.518000 -0.432001 -0.300000
v 6.539241 -0.401932 0.300000
v 6.539241 -0.401932 -0.300000
v 6.560926 -0.371788 0.300000
v 6.560926 -0.371788 -0.300000
v 6.583000 -0.341657 0.300000
v 6.583000 -0.341657 -0.300000
v 6.605408 -0.311630 0.300000
v 6.605408 -0.311630 -0.300000
v 6.628093 -0.281798 0.300000
v 6.628093 -0.281798 -0.300000
v 6.651000 -0.252251 0.300000
v 6.651000 -0.252251 -0.300000
v 6.674074 -0.223078 0.300000
v 6.674074 -0.223078 -0.300000
v 6.697259 -0.194371 0.300000
v 6.697259 -0.194371 -0.300000
v 6.720500 -0.166219 0.300000
v 6.720500 -0.166219 -0.300000
v 6.743741 -0.138714 0.300000
v 6.743741 -0.138714 -0.300000
v 6.766926 -0.111944 0.300000
v 6.766926 -0.111944 -0.300000
v 6.790000 -0.086001 0.300000
v 6.790000 -0.086001 -0.300000
v 6.656000 -0.022001 0.300000
v 6.656000 -0.022001 -0.300000
v 6.610316 -0.072826 0.300000
v 6.610316 -0.072826 -0.300000
v 6.564528 -0.125936 0.300000
v 6.564528 -0.125936 -0.300000
v 6.519031 -0.180782 0.300000
v 6.519031 -0.180782 -0.300000
v 6.474222 -0.236815 0.300000
v 6.474222 -0.236815 -0.300000
v 6.430496 -0.293488 0.300000
v 6.430496 -0.293488 -0.300000
v 6.388250 -0.350251 0.300000
v 6.388250 -0.350251 -0.300000
v 6.347878 -0.406555 0.300000
v 6.347878 -0.406555 -0.300000
v 6.309778 -0.461852 0.300000
v 6.309778 -0.461852 -0.300000
v 6.274343 -0.515594 0.300000
v 6.274343 -0.515594 -0.300000
v 6.241972 -0.567232 0.300000
v 6.241972 -0.567232 -0.300000
v 6.213059 -0.616217 0.300000
v 6.213059 -0.616217 -0.300000
v 6.188000 -0.662001 0.300000
v 6.188000 -0.662001 -0.300000
v 6.332000 -0.740001 0.300000
v 6.332000 -0.740001 -0.300000
v 6.338205 -0.726877 0.300000
v 6.338205 -0.726877 -0.300000
v 6.344814 -0.713510 0.300000
v 6.344814 -0.713510 -0.300000
v 6.351812 -0.699907 0.300000
v 6.351812 -0.699907 -0.300000
v 6.359185 -0.686075 0.300000
v 6.359185 -0.686075 -0.300000
v 6.366919 -0.672020 0.300000
v 6.366919 -0.672020 -0.300000
v 6.375000 -0.657751 0.300000
v 6.375000 -0.657751 -0.300000
v 6.383414 -0.643273 0.300000
v 6.383414 -0.643273 -0.300000
v 6.392148 -0.628593 0.300000
v 6.392148 -0.628593 -0.300000
v 6.401187 -0.613719 0.300000
v 6.401187 -0.613719 -0.300000
v 6.410518 -0.598658 0.300000
v 6.410518 -0.598658 -0.300000
v 6.420127 -0.583416 0.300000
v 6.420127 -0.583416 -0.300000
v 6.430000 -0.568001 0.300000
v 6.430000 -0.568001 -0.300000
v 6.682672 -0.587895 0.300000
v 6.682672 -0.587895 -0.300000
v 6.897871 -0.604825 0.300000
v 6.897871 -0.604825 -0.300000
v 7.078875 -0.619157 0.300000
v 7.078875 -0.619157 -0.300000
v 7.228963 -0.631260 0.300000
v 7.228963 -0.631260 -0.300000
v 7.351412 -0.641502 0.300000
v 7.351412 -0.641502 -0.300000
v 7.449500 -0.650251 0.300000
v 7.449500 -0.650251 -0.300000
v 7.526504 -0.657875 0.300000
v 7.526504 -0.657875 -0.300000
v 7.585703 -0.664741 0.300000
v 7.585703 -0.664741 -0.300000
v 7.630374 -0.671219 0.300000
v 7.630374 -0.671219 -0.300000
v 7.663796 -0.677677 0.300000
v 7.663796 -0.677677 -0.300000
v 7.689245 -0.684481 0.300000
v 7.689245 -0.684481 -0.300000
v 7.710000 -0.692001 0.300000
v 7.710000 -0.692001 -0.300000
v 7.712322 -0.683129 0.300000
v 7.712322 -0.683129 -0.300000
v 7.715241 -0.672695 0.300000
v 7.715241 -0.672695 -0.300000
v 7.718688 -0.660969 0.300000
v 7.718688 -0.660969 -0.300000
v 7.722593 -0.648223 0.300000
v 7.722593 -0.648223 -0.300000
v 7.726887 -0.634726 0.300000
v 7.726887 -0.634726 -0.300000
v 7.731501 -0.620751 0.300000
v 7.731501 -0.620751 -0.300000
v 7.736364 -0.606567 0.300000
v 7.736364 -0.606567 -0.300000
v 7.741408 -0.592445 0.300000
v 7.741408 -0.592445 -0.300000
v 7.746563 -0.578657 0.300000
v 7.746563 -0.578657 -0.300000
v 7.751760 -0.565473 0.300000
v 7.751760 -0.565473 -0.300000
v 7.756928 -0.553164 0.300000
v 7.756928 -0.553164 -0.300000
v 7.762000 -0.542001 0.300000
v 7.762000 -0.542001 -0.300000
v 5.665666 -0.024100 0.300000
v 5.665666 -0.024100 -0.300000
v 5.658991 -0.078463 0.300000
v 5.658991 -0.078463 -0.300000
v 5.648469 -0.127188 0.300000
v 5.648469 -0.127188 -0.300000
v 5.634593 -0.170371 0.300000
v 5.634593 -0.170371 -0.300000
v 5.617856 -0.208109 0.300000
v 5.617856 -0.208109 -0.300000
v 5.598750 -0.240501 0.300000
v 5.598750 -0.240500 -0.300000
v 5.577770 -0.267642 0.300000
v 5.577770 -0.267642 -0.300000
v 5.555408 -0.289630 0.300000
v 5.555408 -0.289630 -0.300000
v 5.532156 -0.306563 0.300000
v 5.532156 -0.306563 -0.300000
v 5.508510 -0.318538 0.300000
v 5.508510 -0.318538 -0.300000
v 5.484960 -0.325651 0.300000
v 5.484960 -0.325651 -0.300000
v 5.462000 -0.328000 0.300000
v 5.462000 -0.328000 -0.300000
v 5.438260 -0.325168 0.300000
v 5.438260 -0.325168 -0.300000
v 5.414074 -0.316510 0.300000
v 5.414074 -0.316510 -0.300000
v 5.389500 -0.301782 0.300000
v 5.389500 -0.301782 -0.300000
v 5.364593 -0.280741 0.300000
v 5.364593 -0.280741 -0.300000
v 5.339407 -0.253145 0.300000
v 5.339407 -0.253145 -0.300000
v 5.314000 -0.218750 0.300000
v 5.314000 -0.218750 -0.300000
v 5.288426 -0.177314 0.300000
v 5.288426 -0.177314 -0.300000
v 5.262741 -0.128593 0.300000
v 5.262741 -0.128593 -0.300000
v 5.237000 -0.072344 0.300000
v 5.237000 -0.072344 -0.300000
v 5.211259 -0.008325 0.300000
v 5.211259 -0.008325 -0.300000
v 5.185574 0.063709 0.300000
v 5.185574 0.063709 -0.300000
v 5.160000 0.144000 0.300000
v 5.160000 0.144000 -0.300000
v 5.147713 0.185982 0.300000
v 5.147713 0.185982 -0.300000
v 5.135870 0.228861 0.300000
v 5.135870 0.228861 -0.300000
v 5.124500 0.272531 0.300000
v 5.124500 0.272531 -0.300000
v 5.113630 0.316888 0.300000
v 5.113630 0.316888 -0.300000
v 5.103287 0.361829 0.300000
v 5.103287 0.361829 -0.300000
v 5.093500 0.407249 0.300000
v 5.093500 0.407249 -0.300000
v 5.084296 0.453045 0.300000
v 5.084296 0.453045 -0.300000
v 5.075704 0.499111 0.300000
v 5.075704 0.499111 -0.300000
v 5.067750 0.545343 0.300000
v 5.067750 0.545343 -0.300000
v 5.060463 0.591638 0.300000
v 5.060463 0.591638 -0.300000
v 5.053870 0.637892 0.300000
v 5.053870 0.637892 -0.300000
v 5.048000 0.684000 0.300000
v 5.048000 0.684000 -0.300000
v 5.140866 0.666361 0.300000
v 5.140866 0.666361 -0.300000
v 5.227260 0.638222 0.300000
v 5.227260 0.638222 -0.300000
v 5.306875 0.600749 0.300000
v 5.306875 0.600749 -0.300000
v 5.379408 0.555111 0.300000
v 5.379408 0.555111 -0.300000
v 5.444551 0.502472 0.300000
v 5.444551 0.502472 -0.300000
v 5.502001 0.444000 0.300000
v 5.502001 0.444000 -0.300000
v 5.551450 0.380861 0.300000
v 5.551450 0.380861 -0.300000
v 5.592593 0.314222 0.300000
v 5.592593 0.314222 -0.300000
v 5.625125 0.245249 0.300000
v 5.625125 0.245250 -0.300000
v 5.648741 0.175111 0.300000
v 5.648741 0.175111 -0.300000
v 5.663135 0.104972 0.300000
v 5.663135 0.104972 -0.300000
v 5.668000 0.036000 0.300000
v 5.668000 0.036000 -0.300000
v 5.033246 0.011213 0.300000
v 5.033246 0.011213 -0.300000
v 5.065963 -0.079130 0.300000
v 5.065963 -0.079130 -0.300000
v 5.100125 -0.161000 0.300000
v 5.100125 -0.161000 -0.300000
v 5.135704 -0.234371 0.300000
v 5.135704 -0.234371 -0.300000
v 5.172672 -0.299213 0.300000
v 5.172672 -0.299213 -0.300000
v 5.211000 -0.355500 0.300000
v 5.211000 -0.355500 -0.300000
v 5.250662 -0.403204 0.300000
v 5.250662 -0.403204 -0.300000
v 5.291630 -0.442297 0.300000
v 5.291630 -0.442297 -0.300000
v 5.333875 -0.472750 0.300000
v 5.333875 -0.472750 -0.300000
v 5.377370 -0.494538 0.300000
v 5.377370 -0.494538 -0.300000
v 5.422088 -0.507630 0.300000
v 5.422088 -0.507630 -0.300000
v 5.468000 -0.512001 0.300000
v 5.468000 -0.512001 -0.300000
v 5.512396 -0.507796 0.300000
v 5.512396 -0.507796 -0.300000
v 5.556175 -0.495362 0.300000
v 5.556175 -0.495362 -0.300000
v 5.598718 -0.474969 0.300000
v 5.598718 -0.474969 -0.300000
v 5.639407 -0.446889 0.300000
v 5.639407 -0.446889 -0.300000
v 5.677623 -0.411393 0.300000
v 5.677623 -0.411393 -0.300000
v 5.712749 -0.368751 0.300000
v 5.712749 -0.368751 -0.300000
v 5.744167 -0.319233 0.300000
v 5.744167 -0.319233 -0.300000
v 5.771259 -0.263112 0.300000
v 5.771259 -0.263112 -0.300000
v 5.793406 -0.200657 0.300000
v 5.793406 -0.200657 -0.300000
v 5.809990 -0.132139 0.300000
v 5.809990 -0.132139 -0.300000
v 5.820395 -0.057830 0.300000
v 5.820395 -0.057830 -0.300000
v 5.824000 0.021999 0.300000
v 5.824000 0.022000 -0.300000
v 5.816123 0.129186 0.300000
v 5.816123 0.129186 -0.300000
v 5.793149 0.232990 0.300000
v 5.793149 0.232990 -0.300000
v 5.756063 0.332281 0.300000
v 5.756063 0.332281 -0.300000
v 5.705853 0.425925 0.300000
v 5.705853 0.425925 -0.300000
v 5.643503 0.512792 0.300000
v 5.643503 0.512792 -0.300000
v 5.570000 0.591750 0.300000
v 5.570000 0.591750 -0.300000
v 5.486331 0.661665 0.300000
v 5.486331 0.661665 -0.300000
v 5.393481 0.721407 0.300000
v 5.393481 0.721407 -0.300000
v 5.292437 0.769843 0.300000
v 5.292437 0.769843 -0.300000
v 5.184185 0.805842 0.300000
v 5.184185 0.805842 -0.300000
v 5.069710 0.828272 0.300000
v 5.069710 0.828272 -0.300000
v 4.950000 0.836000 0.300000
v 4.950000 0.836000 -0.300000
v 4.836616 0.829272 0.300000
v 4.836616 0.829272 -0.300000
v 4.730759 0.809676 0.300000
v 4.730759 0.809676 -0.300000
v 4.632875 0.778093 0.300000
v 4.632875 0.778093 -0.300000
v 4.543407 0.735407 0.300000
v 4.543407 0.735407 -0.300000
v 4.462801 0.682498 0.300000
v 4.462801 0.682498 -0.300000
v 4.391500 0.620250 0.300000
v 4.391500 0.620250 -0.300000
v 4.329949 0.549542 0.300000
v 4.329949 0.549542 -0.300000
v 4.278593 0.471259 0.300000
v 4.278593 0.471259 -0.300000
v 4.237875 0.386281 0.300000
v 4.237875 0.386281 -0.300000
v 4.208241 0.295490 0.300000
v 4.208241 0.295490 -0.300000
v 4.190134 0.199769 0.300000
v 4.190134 0.199769 -0.300000
v 4.184000 0.100000 0.300000
v 4.184000 0.100000 -0.300000
v 4.189704 -0.002039 0.300000
v 4.189704 -0.002039 -0.300000
v 4.206638 -0.097973 0.300000
v 4.206638 -0.097973 -0.300000
v 4.234531 -0.187532 0.300000
v 4.234531 -0.187532 -0.300000
v 4.273111 -0.270445 0.300000
v 4.273111 -0.270445 -0.300000
v 4.322107 -0.346441 0.300000
v 4.322107 -0.346441 -0.300000
v 4.381250 -0.415250 0.300000
v 4.381250 -0.415250 -0.300000
v 4.450267 -0.476601 0.300000
v 4.450267 -0.476601 -0.300000
v 4.528889 -0.530223 0.300000
v 4.528889 -0.530223 -0.300000
v 4.616844 -0.575844 0.300000
v 4.616844 -0.575844 -0.300000
v 4.713861 -0.613195 0.300000
v 4.713861 -0.613195 -0.300000
v 4.819670 -0.642004 0.300000
v 4.819670 -0.642004 -0.300000
v 4.934000 -0.662000 0.300000
v 4.934000 -0.662000 -0.300000
v 5.028000 -0.514000 0.300000
v 5.028000 -0.514000 -0.300000
v 5.012050 -0.512419 0.300000
v 5.012050 -0.512419 -0.300000
v 4.996232 -0.510686 0.300000
v 4.996232 -0.510686 -0.300000
v 4.980594 -0.508813 0.300000
v 4.980594 -0.508813 -0.300000
v 4.965185 -0.506815 0.300000
v 4.965185 -0.506815 -0.300000
v 4.950054 -0.504706 0.300000
v 4.950054 -0.504706 -0.300000
v 4.935250 -0.502500 0.300000
v 4.935250 -0.502500 -0.300000
v 4.920820 -0.500211 0.300000
v 4.920820 -0.500211 -0.300000
v 4.906815 -0.497852 0.300000
v 4.906815 -0.497852 -0.300000
v 4.893281 -0.495438 0.300000
v 4.893281 -0.495438 -0.300000
v 4.880268 -0.492982 0.300000
v 4.880268 -0.492982 -0.300000
v 4.867825 -0.490498 0.300000
v 4.867825 -0.490498 -0.300000
v 4.856000 -0.488000 0.300000
v 4.856000 -0.488000 -0.300000
v 4.792227 -0.470737 0.300000
v 4.792227 -0.470737 -0.300000
v 4.729481 -0.447889 0.300000
v 4.729481 -0.447889 -0.300000
v 4.668625 -0.419375 0.300000
v 4.668625 -0.419375 -0.300000
v 4.610518 -0.385112 0.300000
v 4.610518 -0.385112 -0.300000
v 4.556023 -0.345014 0.300000
v 4.556023 -0.345014 -0.300000
v 4.506000 -0.299000 0.300000
v 4.506000 -0.299000 -0.300000
v 4.461310 -0.246987 0.300000
v 4.461310 -0.246986 -0.300000
v 4.422815 -0.188889 0.300000
v 4.422815 -0.188889 -0.300000
v 4.391375 -0.124625 0.300000
v 4.391375 -0.124625 -0.300000
v 4.367852 -0.054112 0.300000
v 4.367852 -0.054111 -0.300000
v 4.353106 0.022736 0.300000
v 4.353106 0.022736 -0.300000
v 4.348000 0.106000 0.300000
v 4.348000 0.106000 -0.300000
v 4.352014 0.180319 0.300000
v 4.352014 0.180319 -0.300000
v 4.363944 0.251889 0.300000
v 4.363944 0.251889 -0.300000
v 4.383625 0.320125 0.300000
v 4.383625 0.320125 -0.300000
v 4.410888 0.384444 0.300000
v 4.410888 0.384444 -0.300000
v 4.445569 0.444264 0.300000
v 4.445569 0.444264 -0.300000
v 4.487499 0.499000 0.300000
v 4.487499 0.499000 -0.300000
v 4.536513 0.548069 0.300000
v 4.536513 0.548069 -0.300000
v 4.592444 0.590889 0.300000
v 4.592444 0.590889 -0.300000
v 4.655125 0.626875 0.300000
v 4.655125 0.626875 -0.300000
v 4.724389 0.655444 0.300000
v 4.724389 0.655444 -0.300000
v 4.800069 0.676014 0.300000
v 4.800069 0.676014 -0.300000
v 4.882000 0.688000 0.300000
v 4.882000 0.688000 -0.300000
v 4.888754 0.640686 0.300000
v 4.888754 0.640686 -0.300000
v 4.896029 0.592824 0.300000
v 4.896029 0.592824 -0.300000
v 4.903844 0.544531 0.300000
v 4.903844 0.544531 -0.300000
v 4.912223 0.495926 0.300000
v 4.912223 0.495926 -0.300000
v 4.921185 0.447126 0.300000
v 4.921185 0.447126 -0.300000
v 4.930750 0.398250 0.300000
v 4.930750 0.398250 -0.300000
v 4.940941 0.349415 0.300000
v 4.940941 0.349415 -0.300000
v 4.951778 0.300740 0.300000
v 4.951778 0.300740 -0.300000
v 4.963281 0.252343 0.300000
v 4.963281 0.252343 -0.300000
v 4.975472 0.204342 0.300000
v 4.975472 0.204342 -0.300000
v 4.988371 0.156855 0.300000
v 4.988371 0.156855 -0.300000
v 5.002000 0.110000 0.300000
v 5.002000 0.110000 -0.300000
v 3.192584 0.243040 0.300000
v 3.192584 0.243040 -0.300000
v 3.197334 0.230157 0.300000
v 3.197334 0.230157 -0.300000
v 3.202250 0.217343 0.300000
v 3.202250 0.217343 -0.300000
v 3.207334 0.204592 0.300000
v 3.207334 0.204592 -0.300000
v 3.212584 0.191897 0.300000
v 3.212584 0.191897 -0.300000
v 3.218000 0.179250 0.300000
v 3.218000 0.179250 -0.300000
v 3.223584 0.166644 0.300000
v 3.223584 0.166644 -0.300000
v 3.229334 0.154074 0.300000
v 3.229334 0.154074 -0.300000
v 3.235250 0.141531 0.300000
v 3.235250 0.141531 -0.300000
v 3.241333 0.129009 0.300000
v 3.241333 0.129009 -0.300000
v 3.247583 0.116501 0.300000
v 3.247583 0.116501 -0.300000
v 3.254000 0.104000 0.300000
v 3.254000 0.104000 -0.300000
v 2.942000 0.104000 0.300000
v 2.942000 0.104000 -0.300000
v 2.942000 0.284000 0.300000
v 2.942000 0.284000 -0.300000
v 2.794000 0.284000 0.300000
v 2.794000 0.284000 -0.300000
v 2.794000 0.104000 0.300000
v 2.794000 0.104000 -0.300000
v 2.258000 0.104000 0.300000
v 2.258000 0.104000 -0.300000
v 2.258000 -0.018000 0.300000
v 2.258000 -0.018000 -0.300000
v 2.794000 -0.018000 0.300000
v 2.794000 -0.018000 -0.300000
v 2.794000 -0.222000 0.300000
v 2.794000 -0.222000 -0.300000
v 2.312000 -0.222000 0.300000
v 2.312000 -0.222000 -0.300000
v 2.312000 -0.344000 0.300000
v 2.312000 -0.344000 -0.300000
v 2.794000 -0.344000 0.300000
v 2.794000 -0.344000 -0.300000
v 2.794000 -0.590000 0.300000
v 2.794000 -0.590000 -0.300000
v 2.138000 -0.590000 0.300000
v 2.138000 -0.590000 -0.300000
v 2.138000 -0.720000 0.300000
v 2.138000 -0.720000 -0.300000
v 3.570000 -0.720000 0.300000
v 3.570000 -0.720000 -0.300000
v 3.570000 -0.590000 0.300000
v 3.570000 -0.590000 -0.300000
v 2.942000 -0.590000 0.300000
v 2.942000 -0.590000 -0.300000
v 2.942000 -0.344000 0.300000
v 2.942000 -0.344000 -0.300000
v 3.400000 -0.344000 0.300000
v 3.400000 -0.344000 -0.300000
v 3.400000 -0.222000 0.300000
v 3.400000 -0.222000 -0.300000
v 2.942000 -0.222000 0.300000
v 2.942000 -0.222000 -0.300000
v 2.942000 -0.018000 0.300000
v 2.942000 -0.018000 -0.300000
v 3.322000 -0.018000 0.300000
v 3.322000 -0.018000 -0.300000
v 3.333082 -0.035831 0.300000
v 3.333082 -0.035831 -0.300000
v 3.344324 -0.053315 0.300000
v 3.344324 -0.053315 -0.300000
v 3.355719 -0.070438 0.300000
v 3.355719 -0.070438 -0.300000
v 3.367259 -0.087186 0.300000
v 3.367259 -0.087185 -0.300000
v 3.378938 -0.103544 0.300000
v 3.378938 -0.103544 -0.300000
v 3.390750 -0.119500 0.300000
v 3.390750 -0.119500 -0.300000
v 3.402686 -0.135040 0.300000
v 3.402686 -0.135040 -0.300000
v 3.414741 -0.150148 0.300000
v 3.414741 -0.150148 -0.300000
v 3.426906 -0.164813 0.300000
v 3.426906 -0.164813 -0.300000
v 3.439176 -0.179019 0.300000
v 3.439176 -0.179019 -0.300000
v 3.451543 -0.192753 0.300000
v 3.451543 -0.192753 -0.300000
v 3.464000 -0.206000 0.300000
v 3.464000 -0.206000 -0.300000
v 3.471135 -0.200227 0.300000
v 3.471135 -0.200227 -0.300000
v 3.479417 -0.193982 0.300000
v 3.479417 -0.193982 -0.300000
v 3.488656 -0.187375 0.300000
v 3.488656 -0.187375 -0.300000
v 3.498667 -0.180519 0.300000
v 3.498667 -0.180519 -0.300000
v 3.509260 -0.173523 0.300000
v 3.509260 -0.173523 -0.300000
v 3.520250 -0.166500 0.300000
v 3.520250 -0.166500 -0.300000
v 3.531448 -0.159561 0.300000
v 3.531448 -0.159560 -0.300000
v 3.542667 -0.152815 0.300000
v 3.542667 -0.152815 -0.300000
v 3.553719 -0.146375 0.300000
v 3.553719 -0.146375 -0.300000
v 3.564417 -0.140352 0.300000
v 3.564417 -0.140352 -0.300000
v 3.574573 -0.134857 0.300000
v 3.574573 -0.134857 -0.300000
v 3.584000 -0.130000 0.300000
v 3.584000 -0.130000 -0.300000
v 3.556388 -0.103366 0.300000
v 3.556388 -0.103366 -0.300000
v 3.529602 -0.074593 0.300000
v 3.529602 -0.074593 -0.300000
v 3.503719 -0.043875 0.300000
v 3.503719 -0.043875 -0.300000
v 3.478815 -0.011408 0.300000
v 3.478815 -0.011408 -0.300000
v 3.454967 0.022615 0.300000
v 3.454967 0.022615 -0.300000
v 3.432250 0.058000 0.300000
v 3.432250 0.058000 -0.300000
v 3.410742 0.094551 0.300000
v 3.410742 0.094551 -0.300000
v 3.390518 0.132074 0.300000
v 3.390518 0.132074 -0.300000
v 3.371656 0.170375 0.300000
v 3.371656 0.170375 -0.300000
v 3.354231 0.209259 0.300000
v 3.354231 0.209259 -0.300000
v 3.338320 0.248532 0.300000
v 3.338320 0.248532 -0.300000
v 3.324000 0.288000 0.300000
v 3.324000 0.288000 -0.300000
v 3.188000 0.256000 0.300000
v 3.188000 0.256000 -0.300000
v 3.005975 1.068568 0.300000
v 3.005975 1.068568 -0.300000
v 2.991963 1.052379 0.300000
v 2.991963 1.052379 -0.300000
v 2.978062 1.035594 0.300000
v 2.978062 1.035594 -0.300000
v 2.964370 1.018370 0.300000
v 2.964370 1.018370 -0.300000
v 2.950984 1.000869 0.300000
v 2.950984 1.000869 -0.300000
v 2.938000 0.983250 0.300000
v 2.938000 0.983250 -0.300000
v 2.925516 0.965672 0.300000
v 2.925516 0.965672 -0.300000
v 2.913630 0.948296 0.300000
v 2.913630 0.948296 -0.300000
v 2.902437 0.931281 0.300000
v 2.902437 0.931281 -0.300000
v 2.892037 0.914787 0.300000
v 2.892037 0.914787 -0.300000
v 2.882525 0.898973 0.300000
v 2.882525 0.898973 -0.300000
v 2.874000 0.884000 0.300000
v 2.874000 0.884000 -0.300000
v 2.206000 0.884000 0.300000
v 2.206000 0.884000 -0.300000
v 2.206000 0.754000 0.300000
v 2.206000 0.754000 -0.300000
v 3.320000 0.754000 0.300000
v 3.320000 0.754000 -0.300000
v 3.304361 0.735032 0.300000
v 3.304361 0.735032 -0.300000
v 3.288555 0.715259 0.300000
v 3.288555 0.715259 -0.300000
v 3.272750 0.694875 0.300000
v 3.272750 0.694875 -0.300000
v 3.257111 0.674074 0.300000
v 3.257111 0.674074 -0.300000
v 3.241806 0.653051 0.300000
v 3.241806 0.653051 -0.300000
v 3.227000 0.632000 0.300000
v 3.227000 0.632000 -0.300000
v 3.212861 0.611116 0.300000
v 3.212861 0.611116 -0.300000
v 3.199555 0.590592 0.300000
v 3.199555 0.590592 -0.300000
v 3.187250 0.570625 0.300000
v 3.187250 0.570625 -0.300000
v 3.176111 0.551407 0.300000
v 3.176111 0.551407 -0.300000
v 3.166306 0.533134 0.300000
v 3.166306 0.533134 -0.300000
v 3.158000 0.516000 0.300000
v 3.158000 0.516000 -0.300000
v 3.248000 0.468000 0.300000
v 3.248000 0.468000 -0.300000
v 2.768000 0.468000 0.300000
v 2.768000 0.468000 -0.300000
v 2.755852 0.488668 0.300000
v 2.755852 0.488668 -0.300000
v 2.743490 0.510509 0.300000
v 2.743490 0.510509 -0.300000
v 2.731031 0.533281 0.300000
v 2.731031 0.533281 -0.300000
v 2.718592 0.556741 0.300000
v 2.718592 0.556741 -0.300000
v 2.706292 0.580644 0.300000
v 2.706292 0.580644 -0.300000
v 2.694250 0.604750 0.300000
v 2.694250 0.604750 -0.300000
v 2.682582 0.628813 0.300000
v 2.682582 0.628813 -0.300000
v 2.671407 0.652592 0.300000
v 2.671407 0.652592 -0.300000
v 2.660844 0.675844 0.300000
v 2.660844 0.675844 -0.300000
v 2.651009 0.698324 0.300000
v 2.651009 0.698324 -0.300000
v 2.642022 0.719790 0.300000
v 2.642022 0.719790 -0.300000
v 2.634000 0.740000 0.300000
v 2.634000 0.740000 -0.300000
v 2.476000 0.688000 0.300000
v 2.476000 0.688000 -0.300000
v 2.487118 0.669845 0.300000
v 2.487118 0.669845 -0.300000
v 2.498445 0.651426 0.300000
v 2.498445 0.651426 -0.300000
v 2.509938 0.632812 0.300000
v 2.509938 0.632812 -0.300000
v 2.521556 0.614074 0.300000
v 2.521556 0.614074 -0.300000
v 2.533257 0.595280 0.300000
v 2.533257 0.595280 -0.300000
v 2.545000 0.576500 0.300000
v 2.545000 0.576500 -0.300000
v 2.556743 0.557803 0.300000
v 2.556743 0.557803 -0.300000
v 2.568444 0.539259 0.300000
v 2.568444 0.539259 -0.300000
v 2.580063 0.520937 0.300000
v 2.580063 0.520937 -0.300000
v 2.591556 0.502907 0.300000
v 2.591556 0.502907 -0.300000
v 2.602882 0.485238 0.300000
v 2.602882 0.485238 -0.300000
v 2.614000 0.468000 0.300000
v 2.614000 0.468000 -0.300000
v 2.144000 0.468000 0.300000
v 2.144000 0.468000 -0.300000
v 2.144000 0.334000 0.300000
v 2.144000 0.334000 -0.300000
v 3.606000 0.334000 0.300000
v 3.606000 0.334000 -0.300000
v 3.606000 0.154000 0.300000
v 3.606000 0.154000 -0.300000
v 3.606772 0.085440 0.300000
v 3.606772 0.085440 -0.300000
v 3.609343 0.012352 0.300000
v 3.609343 0.012352 -0.300000
v 3.614094 -0.064375 0.300000
v 3.614094 -0.064375 -0.300000
v 3.621408 -0.143852 0.300000
v 3.621408 -0.143852 -0.300000
v 3.631666 -0.225190 0.300000
v 3.631666 -0.225190 -0.300000
v 3.645250 -0.307500 0.300000
v 3.645250 -0.307500 -0.300000
v 3.662543 -0.389894 0.300000
v 3.662543 -0.389894 -0.300000
v 3.683926 -0.471482 0.300000
v 3.683926 -0.471482 -0.300000
v 3.709781 -0.551375 0.300000
v 3.709781 -0.551375 -0.300000
v 3.740491 -0.628686 0.300000
v 3.740491 -0.628686 -0.300000
v 3.776436 -0.702524 0.300000
v 3.776436 -0.702524 -0.300000
v 3.818000 -0.772000 0.300000
v 3.818000 -0.772000 -0.300000
v 3.824293 -0.765034 0.300000
v 3.824293 -0.765034 -0.300000
v 3.832009 -0.757269 0.300000
v 3.832009 -0.757269 -0.300000
v 3.840906 -0.748907 0.300000
v 3.840906 -0.748907 -0.300000
v 3.850741 -0.740149 0.300000
v 3.850741 -0.740149 -0.300000
v 3.861270 -0.731196 0.300000
v 3.861270 -0.731196 -0.300000
v 3.872250 -0.722250 0.300000
v 3.872250 -0.722250 -0.300000
v 3.883439 -0.713513 0.300000
v 3.883439 -0.713513 -0.300000
v 3.894593 -0.705186 0.300000
v 3.894593 -0.705186 -0.300000
v 3.905469 -0.697469 0.300000
v 3.905469 -0.697469 -0.300000
v 3.915824 -0.690565 0.300000
v 3.915824 -0.690565 -0.300000
v 3.925416 -0.684675 0.300000
v 3.925416 -0.684675 -0.300000
v 3.934000 -0.680000 0.300000
v 3.934000 -0.680000 -0.300000
v 3.895967 -0.615197 0.300000
v 3.895967 -0.615197 -0.300000
v 3.863574 -0.547241 0.300000
v 3.863574 -0.547241 -0.300000
v 3.836375 -0.476813 0.300000
v 3.836375 -0.476813 -0.300000
v 3.813926 -0.404593 0.300000
v 3.813926 -0.404593 -0.300000
v 3.795783 -0.331262 0.300000
v 3.795783 -0.331262 -0.300000
v 3.781500 -0.257500 0.300000
v 3.781500 -0.257500 -0.300000
v 3.770634 -0.183989 0.300000
v 3.770634 -0.183989 -0.300000
v 3.762741 -0.111408 0.300000
v 3.762741 -0.111408 -0.300000
v 3.757375 -0.040438 0.300000
v 3.757375 -0.040438 -0.300000
v 3.754093 0.028240 0.300000
v 3.754093 0.028240 -0.300000
v 3.752449 0.093946 0.300000
v 3.752449 0.093946 -0.300000
v 3.752000 0.156000 0.300000
v 3.752000 0.156000 -0.300000
v 3.752000 0.468000 0.300000
v 3.752000 0.468000 -0.300000
v 3.290000 0.468000 0.300000
v 3.290000 0.468000 -0.300000
v 3.299104 0.485515 0.300000
v 3.299104 0.485515 -0.300000
v 3.309333 0.503954 0.300000
v 3.309333 0.503954 -0.300000
v 3.320562 0.523156 0.300000
v 3.320562 0.523156 -0.300000
v 3.332667 0.542963 0.300000
v 3.332667 0.542963 -0.300000
v 3.345521 0.563214 0.300000
v 3.345521 0.563214 -0.300000
v 3.359000 0.583750 0.300000
v 3.359000 0.583750 -0.300000
v 3.372979 0.604411 0.300000
v 3.372979 0.604411 -0.300000
v 3.387333 0.625037 0.300000
v 3.387333 0.625037 -0.300000
v 3.401937 0.645468 0.300000
v 3.401937 0.645468 -0.300000
v 3.416667 0.665546 0.300000
v 3.416667 0.665546 -0.300000
v 3.431396 0.685110 0.300000
v 3.431396 0.685110 -0.300000
v 3.446000 0.704000 0.300000
v 3.446000 0.704000 -0.300000
v 3.342000 0.754000 0.300000
v 3.342000 0.754000 -0.300000
v 3.780000 0.754000 0.300000
v 3.780000 0.754000 -0.300000
v 3.780000 0.884000 0.300000
v 3.780000 0.884000 -0.300000
v 3.040000 0.884000 0.300000
v 3.040000 0.884000 -0.300000
v 3.047621 0.896075 0.300000
v 3.047621 0.896075 -0.300000
v 3.055463 0.908268 0.300000
v 3.055463 0.908268 -0.300000
v 3.063500 0.920531 0.300000
v 3.063500 0.920531 -0.300000
v 3.071704 0.932815 0.300000
v 3.071704 0.932815 -0.300000
v 3.080046 0.945070 0.300000
v 3.080046 0.945070 -0.300000
v 3.088500 0.957250 0.300000
v 3.088500 0.957250 -0.300000
v 3.097037 0.969304 0.300000
v 3.097037 0.969304 -0.300000
v 3.105630 0.981185 0.300000
v 3.105630 0.981185 -0.300000
v 3.114250 0.992844 0.300000
v 3.114250 0.992844 -0.300000
v 3.122870 1.004231 0.300000
v 3.122870 1.004231 -0.300000
v 3.131463 1.015300 0.300000
v 3.131463 1.015300 -0.300000
v 3.140000 1.026000 0.300000
v 3.140000 1.026000 -0.300000
v 3.020000 1.084000 0.300000
v 3.020000 1.084000 -0.300000
v 0.800163 1.027504 0.300000
v 0.800163 1.027504 -0.300000
v 0.806639 1.001037 0.300000
v 0.806639 1.001037 -0.300000
v 0.813406 0.974625 0.300000
v 0.813406 0.974625 -0.300000
v 0.820444 0.948296 0.300000
v 0.820444 0.948296 -0.300000
v 0.827733 0.922079 0.300000
v 0.827733 0.922079 -0.300000
v 0.835250 0.896000 0.300000
v 0.835250 0.896000 -0.300000
v 0.842976 0.870088 0.300000
v 0.842976 0.870088 -0.300000
v 0.850889 0.844370 0.300000
v 0.850889 0.844370 -0.300000
v 0.858969 0.818875 0.300000
v 0.858969 0.818875 -0.300000
v 0.867194 0.793630 0.300000
v 0.867194 0.793630 -0.300000
v 0.875545 0.768662 0.300000
v 0.875545 0.768662 -0.300000
v 0.884000 0.744000 0.300000
v 0.884000 0.744000 -0.300000
v 0.098000 0.744000 0.300000
v 0.098000 0.744000 -0.300000
v 0.098041 0.742887 0.300000
v 0.098041 0.742887 -0.300000
v 0.098157 0.739759 0.300000
v 0.098157 0.739759 -0.300000
v 0.098344 0.734938 0.300000
v 0.098344 0.734938 -0.300000
v 0.098593 0.728741 0.300000
v 0.098593 0.728741 -0.300000
v 0.098897 0.721488 0.300000
v 0.098897 0.721488 -0.300000
v 0.099250 0.713500 0.300000
v 0.099250 0.713500 -0.300000
v 0.099645 0.705095 0.300000
v 0.099645 0.705095 -0.300000
v 0.100074 0.696593 0.300000
v 0.100074 0.696593 -0.300000
v 0.100531 0.688313 0.300000
v 0.100531 0.688313 -0.300000
v 0.101009 0.680574 0.300000
v 0.101009 0.680574 -0.300000
v 0.101501 0.673697 0.300000
v 0.101501 0.673697 -0.300000
v 0.102000 0.668000 0.300000
v 0.102000 0.668000 -0.300000
v 0.113021 0.452237 0.300000
v 0.113021 0.452237 -0.300000
v 0.124167 0.260065 0.300000
v 0.124167 0.260065 -0.300000
v 0.135562 0.090156 0.300000
v 0.135562 0.090156 -0.300000
v 0.147333 -0.058815 0.300000
v 0.147333 -0.058815 -0.300000
v 0.159604 -0.188175 0.300000
v 0.159604 -0.188175 -0.300000
v 0.172500 -0.299250 0.300000
v 0.172500 -0.299250 -0.300000
v 0.186146 -0.393367 0.300000
v 0.186146 -0.393367 -0.300000
v 0.200667 -0.471852 0.300000
v 0.200667 -0.471852 -0.300000
v 0.216187 -0.536031 0.300000
v 0.216187 -0.536031 -0.300000
v 0.232833 -0.587232 0.300000
v 0.232833 -0.587232 -0.300000
v 0.250729 -0.626779 0.300000
v 0.250729 -0.626779 -0.300000
v 0.270000 -0.656000 0.300000
v 0.270000 -0.656000 -0.300000
v 0.280011 -0.669185 0.300000
v 0.280011 -0.669185 -0.300000
v 0.290092 -0.680815 0.300000
v 0.290092 -0.680815 -0.300000
v 0.300312 -0.691000 0.300000
v 0.300312 -0.691000 -0.300000
v 0.310741 -0.699852 0.300000
v 0.310741 -0.699852 -0.300000
v 0.321447 -0.707482 0.300000
v 0.321447 -0.707482 -0.300000
v 0.332500 -0.714000 0.300000
v 0.332500 -0.714000 -0.300000
v 0.343970 -0.719519 0.300000
v 0.343970 -0.719519 -0.300000
v 0.355926 -0.724148 0.300000
v 0.355926 -0.724148 -0.300000
v 0.368437 -0.728000 0.300000
v 0.368437 -0.728000 -0.300000
v 0.381574 -0.731185 0.300000
v 0.381574 -0.731185 -0.300000
v 0.395405 -0.733815 0.300000
v 0.395405 -0.733815 -0.300000
v 0.410000 -0.736000 0.300000
v 0.410000 -0.736000 -0.300000
v 0.424149 -0.737375 0.300000
v 0.424149 -0.737375 -0.300000
v 0.439528 -0.738500 0.300000
v 0.439528 -0.738500 -0.300000
v 0.456031 -0.739375 0.300000
v 0.456031 -0.739375 -0.300000
v 0.473556 -0.740000 0.300000
v 0.473556 -0.740000 -0.300000
v 0.491996 -0.740375 0.300000
v 0.491996 -0.740375 -0.300000
v 0.511250 -0.740500 0.300000
v 0.511250 -0.740500 -0.300000
v 0.531212 -0.740375 0.300000
v 0.531212 -0.740375 -0.300000
v 0.551778 -0.740000 0.300000
v 0.551778 -0.740000 -0.300000
v 0.572844 -0.739375 0.300000
v 0.572844 -0.739375 -0.300000
v 0.594305 -0.738500 0.300000
v 0.594305 -0.738500 -0.300000
v 0.616059 -0.737375 0.300000
v 0.616059 -0.737375 -0.300000
v 0.638000 -0.736000 0.300000
v 0.638000 -0.736000 -0.300000
v 0.639208 -0.724608 0.300000
v 0.639208 -0.724608 -0.300000
v 0.640833 -0.712528 0.300000
v 0.640833 -0.712528 -0.300000
v 0.642875 -0.699906 0.300000
v 0.642875 -0.699906 -0.300000
v 0.645333 -0.686889 0.300000
v 0.645333 -0.686889 -0.300000
v 0.648208 -0.673622 0.300000
v 0.648208 -0.673622 -0.300000
v 0.651500 -0.660250 0.300000
v 0.651500 -0.660250 -0.300000
v 0.655208 -0.646920 0.300000
v 0.655208 -0.646920 -0.300000
v 0.659333 -0.633778 0.300000
v 0.659333 -0.633778 -0.300000
v 0.663875 -0.620969 0.300000
v 0.663875 -0.620969 -0.300000
v 0.668833 -0.608639 0.300000
v 0.668833 -0.608639 -0.300000
v 0.674208 -0.596934 0.300000
v 0.674208 -0.596934 -0.300000
v 0.680000 -0.586000 0.300000
v 0.680000 -0.586000 -0.300000
v 0.657727 -0.587877 0.300000
v 0.657727 -0.587877 -0.300000
v 0.635981 -0.589519 0.300000
v 0.635981 -0.589519 -0.300000
v 0.614875 -0.590938 0.300000
v 0.614875 -0.590938 -0.300000
v 0.594518 -0.592148 0.300000
v 0.594518 -0.592148 -0.300000
v 0.575023 -0.593164 0.300000
v 0.575023 -0.593164 -0.300000
v 0.556500 -0.594000 0.300000
v 0.556500 -0.594000 -0.300000
v 0.539060 -0.594669 0.300000
v 0.539060 -0.594669 -0.300000
v 0.522815 -0.595185 0.300000
v 0.522815 -0.595185 -0.300000
v 0.507875 -0.595563 0.300000
v 0.507875 -0.595563 -0.300000
v 0.494352 -0.595815 0.300000
v 0.494352 -0.595815 -0.300000
v 0.482356 -0.595956 0.300000
v 0.482356 -0.595956 -0.300000
v 0.472000 -0.596000 0.300000
v 0.472000 -0.596000 -0.300000
v 0.463782 -0.595867 0.300000
v 0.463782 -0.595867 -0.300000
v 0.456092 -0.595435 0.300000
v 0.456092 -0.595435 -0.300000
v 0.448875 -0.594656 0.300000
v 0.448875 -0.594656 -0.300000
v 0.442074 -0.593482 0.300000
v 0.442074 -0.593482 -0.300000
v 0.435634 -0.591862 0.300000
v 0.435634 -0.591862 -0.300000
v 0.429500 -0.589750 0.300000
v 0.429500 -0.589750 -0.300000
v 0.423616 -0.587096 0.300000
v 0.423616 -0.587096 -0.300000
v 0.417926 -0.583852 0.300000
v 0.417926 -0.583852 -0.300000
v 0.412375 -0.579969 0.300000
v 0.412375 -0.579969 -0.300000
v 0.406907 -0.575398 0.300000
v 0.406907 -0.575398 -0.300000
v 0.401467 -0.570091 0.300000
v 0.401467 -0.570091 -0.300000
v 0.396000 -0.564000 0.300000
v 0.396000 -0.564000 -0.300000
v 0.380407 -0.541133 0.300000
v 0.380407 -0.541133 -0.300000
v 0.365592 -0.507898 0.300000
v 0.365592 -0.507898 -0.300000
v 0.351500 -0.463344 0.300000
v 0.351500 -0.463344 -0.300000
v 0.338074 -0.406518 0.300000
v 0.338074 -0.406518 -0.300000
v 0.325259 -0.336471 0.300000
v 0.325259 -0.336471 -0.300000
v 0.313000 -0.252250 0.300000
v 0.313000 -0.252250 -0.300000
v 0.301241 -0.152904 0.300000
v 0.301241 -0.152904 -0.300000
v 0.289926 -0.037481 0.300000
v 0.289926 -0.037481 -0.300000
v 0.279000 0.094969 0.300000
v 0.279000 0.094969 -0.300000
v 0.268407 0.245398 0.300000
v 0.268407 0.245398 -0.300000
v 0.258093 0.414758 0.300000
v 0.258093 0.414758 -0.300000
v 0.248000 0.604000 0.300000
v 0.248000 0.604000 -0.300000
v 0.342000 0.604000 0.300000
v 0.342000 0.604000 -0.300000
v 0.369994 0.471956 0.300000
v 0.369994 0.471956 -0.300000
v 0.402954 0.340482 0.300000
v 0.402954 0.340482 -0.300000
v 0.440844 0.210563 0.300000
v 0.440844 0.210563 -0.300000
v 0.483630 0.083185 0.300000
v 0.483630 0.083185 -0.300000
v 0.531277 -0.040664 0.300000
v 0.531277 -0.040664 -0.300000
v 0.583750 -0.160000 0.300000
v 0.583750 -0.160000 -0.300000
v 0.641015 -0.273836 0.300000
v 0.641015 -0.273836 -0.300000
v 0.703037 -0.381185 0.300000
v 0.703037 -0.381185 -0.300000
v 0.769781 -0.481063 0.300000
v 0.769781 -0.481063 -0.300000
v 0.841213 -0.572482 0.300000
v 0.841213 -0.572482 -0.300000
v 0.917297 -0.654456 0.300000
v 0.917297 -0.654456 -0.300000
v 0.998000 -0.726000 0.300000
v 0.998000 -0.726000 -0.300000
v 1.005979 -0.718309 0.300000
v 1.005979 -0.718309 -0.300000
v 1.014833 -0.710306 0.300000
v 1.014833 -0.710306 -0.300000
v 1.024437 -0.702094 0.300000
v 1.024437 -0.702094 -0.300000
v 1.034666 -0.693778 0.300000
v 1.034666 -0.693778 -0.300000
v 1.045396 -0.685462 0.300000
v 1.045396 -0.685462 -0.300000
v 1.056500 -0.677250 0.300000
v 1.056500 -0.677250 -0.300000
v 1.067854 -0.669247 0.300000
v 1.067854 -0.669247 -0.300000
v 1.079333 -0.661556 0.300000
v 1.079333 -0.661556 -0.300000
v 1.090812 -0.654281 0.300000
v 1.090812 -0.654281 -0.300000
v 1.102167 -0.647528 0.300000
v 1.102167 -0.647528 -0.300000
v 1.113271 -0.641399 0.300000
v 1.113271 -0.641399 -0.300000
v 1.124000 -0.636000 0.300000
v 1.124000 -0.636000 -0.300000
v 1.043874 -0.571689 0.300000
v 1.043874 -0.571689 -0.300000
v 0.968491 -0.497343 0.300000
v 0.968491 -0.497343 -0.300000
v 0.897844 -0.413844 0.300000
v 0.897844 -0.413844 -0.300000
v 0.831926 -0.322074 0.300000
v 0.831926 -0.322074 -0.300000
v 0.770730 -0.222916 0.300000
v 0.770730 -0.222916 -0.300000
v 0.714250 -0.117250 0.300000
v 0.714250 -0.117250 -0.300000
v 0.662478 -0.005960 0.300000
v 0.662478 -0.005960 -0.300000
v 0.615407 0.110074 0.300000
v 0.615407 0.110074 -0.300000
v 0.573031 0.229969 0.300000
v 0.573031 0.229969 -0.300000
v 0.535343 0.352843 0.300000
v 0.535343 0.352843 -0.300000
v 0.502335 0.477814 0.300000
v 0.502335 0.477814 -0.300000
v 0.474000 0.604000 0.300000
v 0.474000 0.604000 -0.300000
v 0.638000 0.604000 0.300000
v 0.638000 0.604000 -0.300000
v 0.662845 0.516999 0.300000
v 0.662845 0.516999 -0.300000
v 0.691259 0.429491 0.300000
v 0.691259 0.429491 -0.300000
v 0.723062 0.342219 0.300000
v 0.723062 0.342219 -0.300000
v 0.758074 0.255926 0.300000
v 0.758074 0.255926 -0.300000
v 0.796113 0.171355 0.300000
v 0.796113 0.171355 -0.300000
v 0.837000 0.089250 0.300000
v 0.837000 0.089250 -0.300000
v 0.880553 0.010353 0.300000
v 0.880553 0.010353 -0.300000
v 0.926592 -0.064593 0.300000
v 0.926592 -0.064593 -0.300000
v 0.974937 -0.134844 0.300000
v 0.974937 -0.134844 -0.300000
v 1.025407 -0.199658 0.300000
v 1.025407 -0.199657 -0.300000
v 1.077822 -0.258291 0.300000
v 1.077822 -0.258291 -0.300000
v 1.132000 -0.310000 0.300000
v 1.132000 -0.310000 -0.300000
v 1.139860 -0.302387 0.300000
v 1.139860 -0.302387 -0.300000
v 1.148380 -0.294593 0.300000
v 1.148380 -0.294593 -0.300000
v 1.157469 -0.286688 0.300000
v 1.157469 -0.286688 -0.300000
v 1.167037 -0.278741 0.300000
v 1.167037 -0.278741 -0.300000
v 1.176994 -0.270822 0.300000
v 1.176994 -0.270822 -0.300000
v 1.187250 -0.263000 0.300000
v 1.187250 -0.263000 -0.300000
v 1.197714 -0.255345 0.300000
v 1.197714 -0.255345 -0.300000
v 1.208296 -0.247926 0.300000
v 1.208296 -0.247926 -0.300000
v 1.218906 -0.240813 0.300000
v 1.218906 -0.240813 -0.300000
v 1.229454 -0.234074 0.300000
v 1.229454 -0.234074 -0.300000
v 1.239848 -0.227780 0.300000
v 1.239848 -0.227780 -0.300000
v 1.250000 -0.222000 0.300000
v 1.250000 -0.222000 -0.300000
v 1.197738 -0.176605 0.300000
v 1.197738 -0.176605 -0.300000
v 1.147074 -0.124843 0.300000
v 1.147074 -0.124843 -0.300000
v 1.098187 -0.067344 0.300000
v 1.098187 -0.067344 -0.300000
v 1.051259 -0.004741 0.300000
v 1.051259 -0.004741 -0.300000
v 1.006470 0.062334 0.300000
v 1.006470 0.062334 -0.300000
v 0.964000 0.133250 0.300000
v 0.964000 0.133250 -0.300000
v 0.924030 0.207374 0.300000
v 0.924030 0.207374 -0.300000
v 0.886741 0.284074 0.300000
v 0.886741 0.284074 -0.300000
v 0.852312 0.362719 0.300000
v 0.852312 0.362719 -0.300000
v 0.820926 0.442676 0.300000
v 0.820926 0.442676 -0.300000
v 0.792762 0.523314 0.300000
v 0.792762 0.523314 -0.300000
v 0.768000 0.604000 0.300000
v 0.768000 0.604000 -0.300000
v 0.940000 0.604000 0.300000
v 0.940000 0.604000 -0.300000
v 0.956710 0.567341 0.300000
v 0.956710 0.567341 -0.300000
v 0.973843 0.531398 0.300000
v 0.973843 0.531398 -0.300000
v 0.991406 0.496219 0.300000
v 0.991406 0.496219 -0.300000
v 1.009408 0.461852 0.300000
v 1.009408 0.461852 -0.300000
v 1.027853 0.428346 0.300000
v 1.027853 0.428346 -0.300000
v 1.046750 0.395750 0.300000
v 1.046750 0.395750 -0.300000
v 1.066105 0.364112 0.300000
v 1.066105 0.364112 -0.300000
v 1.085926 0.333481 0.300000
v 1.085926 0.333481 -0.300000
v 1.106219 0.303906 0.300000
v 1.106219 0.303906 -0.300000
v 1.126991 0.275435 0.300000
v 1.126991 0.275435 -0.300000
v 1.148249 0.248117 0.300000
v 1.148249 0.248117 -0.300000
v 1.170000 0.222000 0.300000
v 1.170000 0.222000 -0.300000
v 1.176675 0.228352 0.300000
v 1.176675 0.228352 -0.300000
v 1.184565 0.235315 0.300000
v 1.184565 0.235315 -0.300000
v 1.193469 0.242750 0.300000
v 1.193469 0.242750 -0.300000
v 1.203185 0.250518 0.300000
v 1.203185 0.250518 -0.300000
v 1.213513 0.258481 0.300000
v 1.213513 0.258481 -0.300000
v 1.224250 0.266500 0.300000
v 1.224250 0.266500 -0.300000
v 1.235196 0.274435 0.300000
v 1.235196 0.274435 -0.300000
v 1.246148 0.282148 0.300000
v 1.246148 0.282148 -0.300000
v 1.256906 0.289500 0.300000
v 1.256906 0.289500 -0.300000
v 1.267269 0.296352 0.300000
v 1.267269 0.296352 -0.300000
v 1.277034 0.302565 0.300000
v 1.277034 0.302565 -0.300000
v 1.286000 0.308000 0.300000
v 1.286000 0.308000 -0.300000
v 1.245003 0.355617 0.300000
v 1.245003 0.355617 -0.300000
v 1.206028 0.407268 0.300000
v 1.206028 0.407268 -0.300000
v 1.169094 0.462656 0.300000
v 1.169094 0.462656 -0.300000
v 1.134222 0.521481 0.300000
v 1.134222 0.521481 -0.300000
v 1.101434 0.583445 0.300000
v 1.101434 0.583445 -0.300000
v 1.070750 0.648250 0.300000
v 1.070750 0.648250 -0.300000
v 1.042191 0.715596 0.300000
v 1.042191 0.715596 -0.300000
v 1.015778 0.785185 0.300000
v 1.015778 0.785185 -0.300000
v 0.991531 0.856719 0.300000
v 0.991531 0.856719 -0.300000
v 0.969472 0.929898 0.300000
v 0.969472 0.929898 -0.300000
v 0.949621 1.004425 0.300000
v 0.949621 1.004425 -0.300000
v 0.932000 1.080000 0.300000
v 0.932000 1.080000 -0.300000
v 0.794000 1.054000 0.300000
v 0.794000 1.054000 -0.300000
v 1.676581 0.921001 0.300000
v 1.676581 0.921001 -0.300000
v 1.679315 0.898009 0.300000
v 1.679315 0.898009 -0.300000
v 1.682188 0.875031 0.300000
v 1.682188 0.875031 -0.300000
v 1.685185 0.852074 0.300000
v 1.685185 0.852074 -0.300000
v 1.688294 0.829145 0.300000
v 1.688294 0.829145 -0.300000
v 1.691500 0.806250 0.300000
v 1.691500 0.806250 -0.300000
v 1.694789 0.783397 0.300000
v 1.694789 0.783397 -0.300000
v 1.698148 0.760592 0.300000
v 1.698148 0.760592 -0.300000
v 1.701563 0.737844 0.300000
v 1.701563 0.737844 -0.300000
v 1.705019 0.715157 0.300000
v 1.705019 0.715157 -0.300000
v 1.708502 0.692540 0.300000
v 1.708502 0.692540 -0.300000
v 1.712000 0.670000 0.300000
v 1.712000 0.670000 -0.300000
v 1.556000 0.670000 0.300000
v 1.556000 0.670000 -0.300000
v 1.556000 1.078000 0.300000
v 1.556000 1.078000 -0.300000
v 1.416000 1.078000 0.300000
v 1.416000 1.078000 -0.300000
v 1.416000 0.670000 0.300000
v 1.416000 0.670000 -0.300000
v 1.210000 0.670000 0.300000
v 1.210000 0.670000 -0.300000
v 1.210000 0.526000 0.300000
v 1.210000 0.526000 -0.300000
v 1.416000 0.526000 0.300000
v 1.416000 0.526000 -0.300000
v 1.416000 0.116000 0.300000
v 1.416000 0.116000 -0.300000
v 1.184000 0.186000 0.300000
v 1.184000 0.186000 -0.300000
v 1.164000 0.054000 0.300000
v 1.164000 0.054000 -0.300000
v 1.416000 -0.026000 0.300000
v 1.416000 -0.026000 -0.300000
v 1.416000 -0.760000 0.300000
v 1.416000 -0.760000 -0.300000
v 1.556000 -0.760000 0.300000
v 1.556000 -0.760000 -0.300000
v 1.556000 -0.070000 0.300000
v 1.556000 -0.070000 -0.300000
v 1.890000 -0.174000 0.300000
v 1.890000 -0.174000 -0.300000
v 1.930000 -0.030000 0.300000
v 1.930000 -0.030000 -0.300000
v 1.903888 -0.023256 0.300000
v 1.903888 -0.023256 -0.300000
v 1.876602 -0.016046 0.300000
v 1.876602 -0.016046 -0.300000
v 1.848219 -0.008406 0.300000
v 1.848219 -0.008406 -0.300000
v 1.818815 -0.000371 0.300000
v 1.818815 -0.000371 -0.300000
v 1.788466 0.008026 0.300000
v 1.788466 0.008026 -0.300000
v 1.757250 0.016750 0.300000
v 1.757250 0.016750 -0.300000
v 1.725242 0.025765 0.300000
v 1.725242 0.025765 -0.300000
v 1.692518 0.035037 0.300000
v 1.692518 0.035037 -0.300000
v 1.659156 0.044531 0.300000
v 1.659156 0.044531 -0.300000
v 1.625231 0.054213 0.300000
v 1.625231 0.054213 -0.300000
v 1.590821 0.064047 0.300000
v 1.590821 0.064047 -0.300000
v 1.556000 0.074000 0.300000
v 1.556000 0.074000 -0.300000
v 1.556000 0.526000 0.300000
v 1.556000 0.526000 -0.300000
v 1.740000 0.526000 0.300000
v 1.740000 0.526000 -0.300000
v 1.746124 0.498175 0.300000
v 1.746124 0.498175 -0.300000
v 1.752491 0.470731 0.300000
v 1.752491 0.470731 -0.300000
v 1.759094 0.443719 0.300000
v 1.759094 0.443719 -0.300000
v 1.765926 0.417185 0.300000
v 1.765926 0.417185 -0.300000
v 1.772980 0.391179 0.300000
v 1.772980 0.391179 -0.300000
v 1.780250 0.365750 0.300000
v 1.780250 0.365750 -0.300000
v 1.787728 0.340945 0.300000
v 1.787728 0.340945 -0.300000
v 1.795407 0.316815 0.300000
v 1.795407 0.316815 -0.300000
v 1.803281 0.293406 0.300000
v 1.803281 0.293406 -0.300000
v 1.811343 0.270768 0.300000
v 1.811343 0.270768 -0.300000
v 1.819584 0.248950 0.300000
v 1.819584 0.248950 -0.300000
v 1.828000 0.228000 0.300000
v 1.828000 0.228000 -0.300000
v 1.834673 0.232852 0.300000
v 1.834673 0.232852 -0.300000
v 1.842555 0.238315 0.300000
v 1.842555 0.238315 -0.300000
v 1.851437 0.244250 0.300000
v 1.851437 0.244250 -0.300000
v 1.861111 0.250518 0.300000
v 1.861111 0.250518 -0.300000
v 1.871368 0.256981 0.300000
v 1.871368 0.256981 -0.300000
v 1.882000 0.263500 0.300000
v 1.882000 0.263500 -0.300000
v 1.892798 0.269935 0.300000
v 1.892798 0.269935 -0.300000
v 1.903555 0.276148 0.300000
v 1.903555 0.276148 -0.300000
v 1.914062 0.282000 0.300000
v 1.914062 0.282000 -0.300000
v 1.924111 0.287352 0.300000
v 1.924111 0.287352 -0.300000
v 1.933493 0.292065 0.300000
v 1.933493 0.292065 -0.300000
v 1.942000 0.296000 0.300000
v 1.942000 0.296000 -0.300000
v 1.924198 0.339737 0.300000
v 1.924198 0.339737 -0.300000
v 1.907750 0.386731 0.300000
v 1.907750 0.386731 -0.300000
v 1.892594 0.436656 0.300000
v 1.892594 0.436656 -0.300000
v 1.878667 0.489185 0.300000
v 1.878667 0.489185 -0.300000
v 1.865906 0.543992 0.300000
v 1.865906 0.543992 -0.300000
v 1.854250 0.600750 0.300000
v 1.854250 0.600750 -0.300000
v 1.843635 0.659133 0.300000
v 1.843635 0.659133 -0.300000
v 1.834000 0.718815 0.300000
v 1.834000 0.718815 -0.300000
v 1.825281 0.779469 0.300000
v 1.825281 0.779469 -0.300000
v 1.817417 0.840768 0.300000
v 1.817417 0.840768 -0.300000
v 1.810344 0.902388 0.300000
v 1.810344 0.902388 -0.300000
v 1.804000 0.964000 0.300000
v 1.804000 0.964000 -0.300000
v 1.674000 0.944000 0.300000
v 1.674000 0.944000 -0.300000
v -1.664000 0.290000 0.300000
v -1.664000 0.290000 -0.300000
v -1.664000 0.536000 0.300000
v -1.664000 0.536000 -0.300000
v -1.458000 0.536000 0.300000
v -1.458000 0.536000 -0.300000
v -1.458000 0.290000 0.300000
v -1.458000 0.290000 -0.300000
v -1.342000 0.290000 0.300000
v -1.342000 0.290000 -0.300000
v -1.342000 0.536000 0.300000
v -1.342000 0.536000 -0.300000
v -1.142000 0.536000 0.300000
v -1.142000 0.536000 -0.300000
v -1.142000 0.290000 0.300000
v -1.142000 0.290000 -0.300000
v -1.026000 0.290000 0.300000
v -1.026000 0.290000 -0.300000
v -1.026000 0.536000 0.300000
v -1.026000 0.536000 -0.300000
v -0.830000 0.536000 0.300000
v -0.830000 0.536000 -0.300000
v -0.830000 0.290000 0.300000
v -0.830000 0.290000 -0.300000
v -1.312000 0.896000 0.300000
v -1.312000 0.896000 -0.300000
v -1.886000 0.896000 0.300000
v -1.886000 0.896000 -0.300000
v -1.886000 0.774000 0.300000
v -1.886000 0.774000 -0.300000
v -1.312000 0.774000 0.300000
v -1.312000 0.774000 -0.300000
v -1.312000 0.636000 0.300000
v -1.312000 0.636000 -0.300000
v -1.806000 0.636000 0.300000
v -1.806000 0.636000 -0.300000
v -1.806000 0.190000 0.300000
v -1.806000 0.190000 -0.300000
v -0.696000 0.190000 0.300000
v -0.696000 0.190000 -0.300000
v -0.696000 0.636000 0.300000
v -0.696000 0.636000 -0.300000
v -1.168000 0.636000 0.300000
v -1.168000 0.636000 -0.300000
v -1.168000 0.774000 0.300000
v -1.168000 0.774000 -0.300000
v -0.620000 0.774000 0.300000
v -0.620000 0.774000 -0.300000
v -0.620000 0.896000 0.300000
v -0.620000 0.896000 -0.300000
v -1.168000 0.896000 0.300000
v -1.168000 0.896000 -0.300000
v -1.168000 1.054000 0.300000
v -1.168000 1.054000 -0.300000
v -1.312000 1.054000 0.300000
v -1.312000 1.054000 -0.300000
v -0.304000 0.450000 0.300000
v -0.304000 0.450000 -0.300000
v -0.100000 0.450000 0.300000
v -0.100000 0.450000 -0.300000
v -0.100000 0.592000 0.300000
v -0.100000 0.592000 -0.300000
v -0.304000 0.592000 0.300000
v -0.304000 0.592000 -0.300000
v -0.304000 1.056000 0.300000
v -0.304000 1.056000 -0.300000
v -0.436000 1.056000 0.300000
v -0.436000 1.056000 -0.300000
v -0.436000 0.592000 0.300000
v -0.436000 0.592000 -0.300000
v -0.612000 0.592000 0.300000
v -0.612000 0.592000 -0.300000
v -0.612000 0.450000 0.300000
v -0.612000 0.450000 -0.300000
v -0.436000 0.450000 0.300000
v -0.436000 0.450000 -0.300000
v -0.436000 -0.124000 0.300000
v -0.436000 -0.124000 -0.300000
v -0.614000 -0.044000 0.300000
v -0.614000 -0.044000 -0.300000
v -0.614000 0.048000 0.300000
v -0.614000 0.048000 -0.300000
v -1.168000 0.048000 0.300000
v -1.168000 0.048000 -0.300000
v -1.163460 0.056576 0.300000
v -1.163460 0.056576 -0.300000
v -1.158843 0.065278 0.300000
v -1.158843 0.065278 -0.300000
v -1.154156 0.074063 0.300000
v -1.154156 0.074063 -0.300000
v -1.149408 0.082889 0.300000
v -1.149408 0.082889 -0.300000
v -1.144603 0.091715 0.300000
v -1.144603 0.091715 -0.300000
v -1.139750 0.100500 0.300000
v -1.139750 0.100500 -0.300000
v -1.134855 0.109201 0.300000
v -1.134855 0.109202 -0.300000
v -1.129926 0.117778 0.300000
v -1.129926 0.117778 -0.300000
v -1.124969 0.126188 0.300000
v -1.124969 0.126188 -0.300000
v -1.119991 0.134389 0.300000
v -1.119991 0.134389 -0.300000
v -1.114999 0.142340 0.300000
v -1.114999 0.142340 -0.300000
v -1.110000 0.150000 0.300000
v -1.110000 0.150000 -0.300000
v -1.240000 0.190000 0.300000
v -1.240000 0.190000 -0.300000
v -1.248031 0.179185 0.300000
v -1.248031 0.179185 -0.300000
v -1.256083 0.167815 0.300000
v -1.256083 0.167815 -0.300000
v -1.264094 0.156000 0.300000
v -1.264094 0.156000 -0.300000
v -1.272000 0.143852 0.300000
v -1.272000 0.143852 -0.300000
v -1.279740 0.131482 0.300000
v -1.279740 0.131482 -0.300000
v -1.287250 0.119000 0.300000
v -1.287250 0.119000 -0.300000
v -1.294469 0.106519 0.300000
v -1.294469 0.106519 -0.300000
v -1.301333 0.094148 0.300000
v -1.301333 0.094148 -0.300000
v -1.307781 0.082000 0.300000
v -1.307781 0.082000 -0.300000
v -1.313750 0.070185 0.300000
v -1.313750 0.070185 -0.300000
v -1.319177 0.058815 0.300000
v -1.319177 0.058815 -0.300000
v -1.324000 0.048000 0.300000
v -1.324000 0.048000 -0.300000
v -1.890000 0.048000 0.300000
v -1.890000 0.048000 -0.300000
v -1.890000 -0.076000 0.300000
v -1.890000 -0.076000 -0.300000
v -1.306000 -0.076000 0.300000
v -1.306000 -0.076000 -0.300000
v -1.316248 -0.096413 0.300000
v -1.316248 -0.096413 -0.300000
v -1.326981 -0.116639 0.300000
v -1.326981 -0.116639 -0.300000
v -1.338187 -0.136656 0.300000
v -1.338187 -0.136656 -0.300000
v -1.349852 -0.156444 0.300000
v -1.349852 -0.156444 -0.300000
v -1.361961 -0.175983 0.300000
v -1.361961 -0.175983 -0.300000
v -1.374500 -0.195250 0.300000
v -1.374500 -0.195250 -0.300000
v -1.387456 -0.214226 0.300000
v -1.387456 -0.214226 -0.300000
v -1.400815 -0.232889 0.300000
v -1.400815 -0.232889 -0.300000
v -1.414563 -0.251219 0.300000
v -1.414563 -0.251219 -0.300000
v -1.428685 -0.269194 0.300000
v -1.428685 -0.269194 -0.300000
v -1.443169 -0.286795 0.300000
v -1.443169 -0.286795 -0.300000
v -1.458000 -0.304000 0.300000
v -1.458000 -0.304000 -0.300000
v -1.479221 -0.288145 0.300000
v -1.479221 -0.288145 -0.300000
v -1.500769 -0.271657 0.300000
v -1.500769 -0.271657 -0.300000
v -1.522469 -0.254656 0.300000
v -1.522469 -0.254656 -0.300000
v -1.544148 -0.237259 0.300000
v -1.544148 -0.237259 -0.300000
v -1.565633 -0.219584 0.300000
v -1.565633 -0.219584 -0.300000
v -1.586750 -0.201750 0.300000
v -1.586750 -0.201750 -0.300000
v -1.607325 -0.183874 0.300000
v -1.607325 -0.183874 -0.300000
v -1.627185 -0.166074 0.300000
v -1.627185 -0.166074 -0.300000
v -1.646156 -0.148469 0.300000
v -1.646156 -0.148469 -0.300000
v -1.664065 -0.131176 0.300000
v -1.664065 -0.131176 -0.300000
v -1.680737 -0.114314 0.300000
v -1.680737 -0.114313 -0.300000
v -1.696000 -0.098000 0.300000
v -1.696000 -0.098000 -0.300000
v -1.800000 -0.184000 0.300000
v -1.800000 -0.184000 -0.300000
v -1.780142 -0.202032 0.300000
v -1.780142 -0.202032 -0.300000
v -1.759639 -0.220092 0.300000
v -1.759639 -0.220092 -0.300000
v -1.738594 -0.238125 0.300000
v -1.738594 -0.238125 -0.300000
v -1.717111 -0.256074 0.300000
v -1.717111 -0.256074 -0.300000
v -1.695295 -0.273884 0.300000
v -1.695295 -0.273884 -0.300000
v -1.673250 -0.291500 0.300000
v -1.673250 -0.291500 -0.300000
v -1.651080 -0.308866 0.300000
v -1.651080 -0.308866 -0.300000
v -1.628889 -0.325926 0.300000
v -1.628889 -0.325926 -0.300000
v -1.606781 -0.342625 0.300000
v -1.606781 -0.342625 -0.300000
v -1.584861 -0.358907 0.300000
v -1.584861 -0.358907 -0.300000
v -1.563233 -0.374717 0.300000
v -1.563233 -0.374717 -0.300000
v -1.542000 -0.390000 0.300000
v -1.542000 -0.390000 -0.300000
v -1.569953 -0.414076 0.300000
v -1.569953 -0.414076 -0.300000
v -1.598787 -0.437278 0.300000
v -1.598787 -0.437278 -0.300000
v -1.628469 -0.459562 0.300000
v -1.628469 -0.459562 -0.300000
v -1.658963 -0.480889 0.300000
v -1.658963 -0.480889 -0.300000
v -1.690235 -0.501215 0.300000
v -1.690235 -0.501215 -0.300000
v -1.722250 -0.520500 0.300000
v -1.722250 -0.520500 -0.300000
v -1.754973 -0.538701 0.300000
v -1.754973 -0.538701 -0.300000
v -1.788370 -0.555778 0.300000
v -1.788370 -0.555778 -0.300000
v -1.822406 -0.571687 0.300000
v -1.822406 -0.571687 -0.300000
v -1.857046 -0.586389 0.300000
v -1.857046 -0.586389 -0.300000
v -1.892256 -0.599840 0.300000
v -1.892256 -0.599840 -0.300000
v -1.928000 -0.612000 0.300000
v -1.928000 -0.612000 -0.300000
v -1.919351 -0.619479 0.300000
v -1.919351 -0.619479 -0.300000
v -1.910472 -0.627833 0.300000
v -1.910472 -0.627833 -0.300000
v -1.901469 -0.636937 0.300000
v -1.901469 -0.636937 -0.300000
v -1.892444 -0.646666 0.300000
v -1.892444 -0.646666 -0.300000
v -1.883504 -0.656896 0.300000
v -1.883504 -0.656896 -0.300000
v -1.874750 -0.667500 0.300000
v -1.874750 -0.667500 -0.300000
v -1.866288 -0.678354 0.300000
v -1.866288 -0.678354 -0.300000
v -1.858222 -0.689333 0.300000
v -1.858222 -0.689333 -0.300000
v -1.850657 -0.700312 0.300000
v -1.850657 -0.700312 -0.300000
v -1.843695 -0.711167 0.300000
v -1.843695 -0.711167 -0.300000
v -1.837441 -0.721771 0.300000
v -1.837441 -0.721771 -0.300000
v -1.832000 -0.732000 0.300000
v -1.832000 -0.732000 -0.300000
v -1.763110 -0.703081 0.300000
v -1.763110 -0.703081 -0.300000
v -1.696547 -0.669481 0.300000
v -1.696547 -0.669481 -0.300000
v -1.632469 -0.631437 0.300000
v -1.632469 -0.631437 -0.300000
v -1.571037 -0.589185 0.300000
v -1.571037 -0.589185 -0.300000
v -1.512411 -0.542961 0.300000
v -1.512411 -0.542961 -0.300000
v -1.456750 -0.493000 0.300000
v -1.456750 -0.493000 -0.300000
v -1.404214 -0.439539 0.300000
v -1.404214 -0.439539 -0.300000
v -1.354963 -0.382815 0.300000
v -1.354963 -0.382815 -0.300000
v -1.309156 -0.323062 0.300000
v -1.309156 -0.323062 -0.300000
v -1.266954 -0.260518 0.300000
v -1.266954 -0.260518 -0.300000
v -1.228515 -0.195419 0.300000
v -1.228515 -0.195419 -0.300000
v -1.194000 -0.128000 0.300000
v -1.194000 -0.128000 -0.300000
v -1.180875 -0.140458 0.300000
v -1.180875 -0.140458 -0.300000
v -1.167500 -0.152833 0.300000
v -1.167500 -0.152833 -0.300000
v -1.153875 -0.165125 0.300000
v -1.153875 -0.165125 -0.300000
v -1.140000 -0.177333 0.300000
v -1.140000 -0.177333 -0.300000
v -1.125875 -0.189458 0.300000
v -1.125875 -0.189458 -0.300000
v -1.111500 -0.201500 0.300000
v -1.111500 -0.201500 -0.300000
v -1.096875 -0.213458 0.300000
v -1.096875 -0.213458 -0.300000
v -1.082000 -0.225333 0.300000
v -1.082000 -0.225333 -0.300000
v -1.066875 -0.237125 0.300000
v -1.066875 -0.237125 -0.300000
v -1.051500 -0.248833 0.300000
v -1.051500 -0.248833 -0.300000
v -1.035875 -0.260458 0.300000
v -1.035875 -0.260458 -0.300000
v -1.020000 -0.272000 0.300000
v -1.020000 -0.272000 -0.300000
v -1.020000 -0.586000 0.300000
v -1.020000 -0.586000 -0.300000
v -1.368000 -0.486000 0.300000
v -1.368000 -0.486000 -0.300000
v -1.367581 -0.494851 0.300000
v -1.367581 -0.494851 -0.300000
v -1.367315 -0.504305 0.300000
v -1.367315 -0.504305 -0.300000
v -1.367188 -0.514219 0.300000
v -1.367188 -0.514219 -0.300000
v -1.367185 -0.524444 0.300000
v -1.367185 -0.524444 -0.300000
v -1.367294 -0.534837 0.300000
v -1.367294 -0.534837 -0.300000
v -1.367500 -0.545250 0.300000
v -1.367500 -0.545250 -0.300000
v -1.367789 -0.555538 0.300000
v -1.367789 -0.555538 -0.300000
v -1.368148 -0.565555 0.300000
v -1.368148 -0.565555 -0.300000
v -1.368563 -0.575156 0.300000
v -1.368563 -0.575156 -0.300000
v -1.369019 -0.584194 0.300000
v -1.369019 -0.584194 -0.300000
v -1.369502 -0.592524 0.300000
v -1.369502 -0.592524 -0.300000
v -1.370000 -0.600000 0.300000
v -1.370000 -0.600000 -0.300000
v -1.277402 -0.630733 0.300000
v -1.277402 -0.630733 -0.300000
v -1.197880 -0.657194 0.300000
v -1.197880 -0.657194 -0.300000
v -1.130344 -0.679781 0.300000
v -1.130344 -0.679781 -0.300000
v -1.073704 -0.698889 0.300000
v -1.073704 -0.698889 -0.300000
v -1.026869 -0.714913 0.300000
v -1.026869 -0.714913 -0.300000
v -0.988750 -0.728250 0.300000
v -0.988750 -0.728250 -0.300000
v -0.958256 -0.739295 0.300000
v -0.958256 -0.739295 -0.300000
v -0.934296 -0.748444 0.300000
v -0.934296 -0.748444 -0.300000
v -0.915781 -0.756094 0.300000
v -0.915781 -0.756094 -0.300000
v -0.901620 -0.762639 0.300000
v -0.901620 -0.762639 -0.300000
v -0.890723 -0.768476 0.300000
v -0.890723 -0.768476 -0.300000
v -0.882000 -0.774000 0.300000
v -0.882000 -0.774000 -0.300000
v -0.878640 -0.765689 0.300000
v -0.878640 -0.765689 -0.300000
v -0.874620 -0.756843 0.300000
v -0.874620 -0.756843 -0.300000
v -0.870031 -0.747594 0.300000
v -0.870031 -0.747594 -0.300000
v -0.864963 -0.738074 0.300000
v -0.864963 -0.738074 -0.300000
v -0.859506 -0.728415 0.300000
v -0.859506 -0.728415 -0.300000
v -0.853750 -0.718750 0.300000
v -0.853750 -0.718750 -0.300000
v -0.847786 -0.709209 0.300000
v -0.847786 -0.709209 -0.300000
v -0.841704 -0.699926 0.300000
v -0.841704 -0.699926 -0.300000
v -0.835594 -0.691031 0.300000
v -0.835594 -0.691031 -0.300000
v -0.829546 -0.682657 0.300000
v -0.829546 -0.682657 -0.300000
v -0.823652 -0.674936 0.300000
v -0.823652 -0.674936 -0.300000
v -0.818000 -0.668000 0.300000
v -0.818000 -0.668000 -0.300000
v -0.825679 -0.663028 0.300000
v -0.825679 -0.663028 -0.300000
v -0.833602 -0.657056 0.300000
v -0.833602 -0.657056 -0.300000
v -0.841594 -0.650000 0.300000
v -0.841594 -0.650000 -0.300000
v -0.849482 -0.641778 0.300000
v -0.849482 -0.641778 -0.300000
v -0.857091 -0.632306 0.300000
v -0.857091 -0.632306 -0.300000
v -0.864250 -0.621500 0.300000
v -0.864250 -0.621500 -0.300000
v -0.870784 -0.609278 0.300000
v -0.870784 -0.609278 -0.300000
v -0.876519 -0.595556 0.300000
v -0.876519 -0.595556 -0.300000
v -0.881281 -0.580250 0.300000
v -0.881281 -0.580250 -0.300000
v -0.884898 -0.563278 0.300000
v -0.884898 -0.563278 -0.300000
v -0.887196 -0.544556 0.300000
v -0.887196 -0.544556 -0.300000
v -0.888000 -0.524000 0.300000
v -0.888000 -0.524000 -0.300000
v -0.888000 -0.360000 0.300000
v -0.888000 -0.360000 -0.300000
v -0.864330 -0.373917 0.300000
v -0.864330 -0.373917 -0.300000
v -0.840306 -0.387667 0.300000
v -0.840306 -0.387667 -0.300000
v -0.815906 -0.401250 0.300000
v -0.815906 -0.401250 -0.300000
v -0.791111 -0.414667 0.300000
v -0.791111 -0.414667 -0.300000
v -0.765899 -0.427917 0.300000
v -0.765899 -0.427917 -0.300000
v -0.740250 -0.441000 0.300000
v -0.740250 -0.441000 -0.300000
v -0.714142 -0.453917 0.300000
v -0.714142 -0.453917 -0.300000
v -0.687556 -0.466667 0.300000
v -0.687556 -0.466667 -0.300000
v -0.660469 -0.479250 0.300000
v -0.660469 -0.479250 -0.300000
v -0.632861 -0.491667 0.300000
v -0.632861 -0.491667 -0.300000
v -0.604712 -0.503917 0.300000
v -0.604712 -0.503917 -0.300000
v -0.576000 -0.516000 0.300000
v -0.576000 -0.516000 -0.300000
v -0.571480 -0.507652 0.300000
v -0.571480 -0.507652 -0.300000
v -0.566009 -0.498713 0.300000
v -0.566009 -0.498713 -0.300000
v -0.559719 -0.489344 0.300000
v -0.559719 -0.489344 -0.300000
v -0.552741 -0.479704 0.300000
v -0.552741 -0.479704 -0.300000
v -0.545207 -0.469953 0.300000
v -0.545207 -0.469953 -0.300000
v -0.537250 -0.460250 0.300000
v -0.537250 -0.460250 -0.300000
v -0.529001 -0.450756 0.300000
v -0.529001 -0.450756 -0.300000
v -0.520593 -0.441630 0.300000
v -0.520593 -0.441630 -0.300000
v -0.512156 -0.433031 0.300000
v -0.512156 -0.433031 -0.300000
v -0.503824 -0.425120 0.300000
v -0.503824 -0.425120 -0.300000
v -0.495728 -0.418057 0.300000
v -0.495728 -0.418057 -0.300000
v -0.488000 -0.412000 0.300000
v -0.488000 -0.412000 -0.300000
v -0.548487 -0.388354 0.300000
v -0.548487 -0.388354 -0.300000
v -0.606898 -0.363500 0.300000
v -0.606898 -0.363500 -0.300000
v -0.663156 -0.337562 0.300000
v -0.663156 -0.337562 -0.300000
v -0.717185 -0.310667 0.300000
v -0.717185 -0.310667 -0.300000
v -0.768909 -0.282937 0.300000
v -0.768909 -0.282937 -0.300000
v -0.818250 -0.254500 0.300000
v -0.818250 -0.254500 -0.300000
v -0.865133 -0.225479 0.300000
v -0.865133 -0.225479 -0.300000
v -0.909482 -0.196000 0.300000
v -0.909482 -0.196000 -0.300000
v -0.951219 -0.166187 0.300000
v -0.951219 -0.166187 -0.300000
v -0.990269 -0.136167 0.300000
v -0.990269 -0.136167 -0.300000
v -1.026554 -0.106062 0.300000
v -1.026554 -0.106062 -0.300000
v -1.060000 -0.076000 0.300000
v -1.060000 -0.076000 -0.300000
v -0.622000 -0.076000 0.300000
v -0.622000 -0.076000 -0.300000
v -0.646000 -0.180000 0.300000
v -0.646000 -0.180000 -0.300000
v -0.599860 -0.202528 0.300000
v -0.599860 -0.202528 -0.300000
v -0.553546 -0.225056 0.300000
v -0.553546 -0.225055 -0.300000
v -0.507219 -0.247500 0.300000
v -0.507219 -0.247500 -0.300000
v -0.461037 -0.269778 0.300000
v -0.461037 -0.269778 -0.300000
v -0.415161 -0.291806 0.300000
v -0.415161 -0.291806 -0.300000
v -0.369750 -0.313500 0.300000
v -0.369750 -0.313500 -0.300000
v -0.324964 -0.334778 0.300000
v -0.324964 -0.334778 -0.300000
v -0.280963 -0.355556 0.300000
v -0.280963 -0.355556 -0.300000
v -0.237906 -0.375750 0.300000
v -0.237906 -0.375750 -0.300000
v -0.195954 -0.395278 0.300000
v -0.195954 -0.395278 -0.300000
v -0.155265 -0.414056 0.300000
v -0.155265 -0.414056 -0.300000
v -0.116000 -0.432000 0.300000
v -0.116000 -0.432000 -0.300000
v -0.066000 -0.282000 0.300000
v -0.066000 -0.282000 -0.300000
v -0.082829 -0.275335 0.300000
v -0.082829 -0.275335 -0.300000
v -0.100296 -0.268343 0.300000
v -0.100296 -0.268343 -0.300000
v -0.118375 -0.261031 0.300000
v -0.118375 -0.261031 -0.300000
v -0.137037 -0.253407 0.300000
v -0.137037 -0.253407 -0.300000
v -0.156255 -0.245478 0.300000
v -0.156255 -0.245478 -0.300000
v -0.176000 -0.237250 0.300000
v -0.176000 -0.237250 -0.300000
v -0.196245 -0.228730 0.300000
v -0.196245 -0.228730 -0.300000
v -0.216963 -0.219926 0.300000
v -0.216963 -0.219926 -0.300000
v -0.238125 -0.210844 0.300000
v -0.238125 -0.210844 -0.300000
v -0.259704 -0.201491 0.300000
v -0.259704 -0.201491 -0.300000
v -0.281671 -0.191874 0.300000
v -0.281671 -0.191874 -0.300000
v -0.304000 -0.182000 0.300000
v -0.304000 -0.182000 -0.300000
v -2.659427 0.694618 0.300000
v -2.659427 0.694618 -0.300000
v -2.656750 0.624445 0.300000
v -2.656750 0.624445 -0.300000
v -2.654032 0.546938 0.300000
v -2.654032 0.546938 -0.300000
v -2.651334 0.463556 0.300000
v -2.651334 0.463556 -0.300000
v -2.648719 0.375757 0.300000
v -2.648719 0.375757 -0.300000
v -2.646250 0.285000 0.300000
v -2.646250 0.285000 -0.300000
v -2.643990 0.192743 0.300000
v -2.643990 0.192743 -0.300000
v -2.642000 0.100445 0.300000
v -2.642000 0.100445 -0.300000
v -2.640344 0.009563 0.300000
v -2.640344 0.009563 -0.300000
v -2.639083 -0.078444 0.300000
v -2.639083 -0.078444 -0.300000
v -2.638281 -0.162118 0.300000
v -2.638281 -0.162118 -0.300000
v -2.638000 -0.240000 0.300000
v -2.638000 -0.240000 -0.300000
v -2.640825 -0.292078 0.300000
v -2.640825 -0.292078 -0.300000
v -2.649102 -0.338463 0.300000
v -2.649102 -0.338463 -0.300000
v -2.662531 -0.379375 0.300000
v -2.662531 -0.379375 -0.300000
v -2.680815 -0.415037 0.300000
v -2.680815 -0.415037 -0.300000
v -2.703654 -0.445671 0.300000
v -2.703654 -0.445671 -0.300000
v -2.730750 -0.471500 0.300000
v -2.730750 -0.471500 -0.300000
v -2.761804 -0.492745 0.300000
v -2.761804 -0.492745 -0.300000
v -2.796519 -0.509629 0.300000
v -2.796519 -0.509629 -0.300000
v -2.834594 -0.522375 0.300000
v -2.834594 -0.522375 -0.300000
v -2.875731 -0.531204 0.300000
v -2.875731 -0.531204 -0.300000
v -2.919633 -0.536338 0.300000
v -2.919633 -0.536338 -0.300000
v -2.966000 -0.538000 0.300000
v -2.966000 -0.538000 -0.300000
v -3.054223 -0.533826 0.300000
v -3.054223 -0.533826 -0.300000
v -3.136120 -0.521778 0.300000
v -3.136120 -0.521778 -0.300000
v -3.212031 -0.502562 0.300000
v -3.212031 -0.502562 -0.300000
v -3.282296 -0.476889 0.300000
v -3.282296 -0.476889 -0.300000
v -3.347256 -0.445465 0.300000
v -3.347256 -0.445465 -0.300000
v -3.407250 -0.409000 0.300000
v -3.407250 -0.409000 -0.300000
v -3.462619 -0.368201 0.300000
v -3.462619 -0.368201 -0.300000
v -3.513704 -0.323777 0.300000
v -3.513704 -0.323777 -0.300000
v -3.560844 -0.276437 0.300000
v -3.560844 -0.276437 -0.300000
v -3.604380 -0.226889 0.300000
v -3.604380 -0.226889 -0.300000
v -3.644652 -0.175840 0.300000
v -3.644652 -0.175840 -0.300000
v -3.682000 -0.124000 0.300000
v -3.682000 -0.124000 -0.300000
v -3.796000 -0.260000 0.300000
v -3.796000 -0.260000 -0.300000
v -3.758965 -0.308610 0.300000
v -3.758965 -0.308610 -0.300000
v -3.716713 -0.358713 0.300000
v -3.716713 -0.358713 -0.300000
v -3.669032 -0.409218 0.300000
v -3.669032 -0.409218 -0.300000
v -3.615704 -0.459037 0.300000
v -3.615704 -0.459037 -0.300000
v -3.556515 -0.507077 0.300000
v -3.556515 -0.507077 -0.300000
v -3.491251 -0.552250 0.300000
v -3.491251 -0.552250 -0.300000
v -3.419694 -0.593464 0.300000
v -3.419694 -0.593464 -0.300000
v -3.341630 -0.629629 0.300000
v -3.341630 -0.629629 -0.300000
v -3.256844 -0.659656 0.300000
v -3.256844 -0.659656 -0.300000
v -3.165121 -0.682453 0.300000
v -3.165121 -0.682453 -0.300000
v -3.066244 -0.696931 0.300000
v -3.066244 -0.696931 -0.300000
v -2.960000 -0.702000 0.300000
v -2.960000 -0.702000 -0.300000
v -2.889937 -0.699450 0.300000
v -2.889937 -0.699450 -0.300000
v -2.824000 -0.691602 0.300000
v -2.824000 -0.691602 -0.300000
v -2.762562 -0.678156 0.300000
v -2.762562 -0.678156 -0.300000
v -2.706000 -0.658815 0.300000
v -2.706000 -0.658815 -0.300000
v -2.654687 -0.633279 0.300000
v -2.654687 -0.633279 -0.300000
v -2.609000 -0.601250 0.300000
v -2.609000 -0.601250 -0.300000
v -2.569312 -0.562429 0.300000
v -2.569312 -0.562429 -0.300000
v -2.536000 -0.516518 0.300000
v -2.536000 -0.516518 -0.300000
v -2.509437 -0.463219 0.300000
v -2.509437 -0.463219 -0.300000
v -2.490000 -0.402231 0.300000
v -2.490000 -0.402231 -0.300000
v -2.478062 -0.333258 0.300000
v -2.478062 -0.333258 -0.300000
v -2.474000 -0.256000 0.300000
v -2.474000 -0.256000 -0.300000
v -2.474394 -0.177918 0.300000
v -2.474394 -0.177918 -0.300000
v -2.475482 -0.092843 0.300000
v -2.475482 -0.092843 -0.300000
v -2.477125 -0.002531 0.300000
v -2.477125 -0.002531 -0.300000
v -2.479185 0.091259 0.300000
v -2.479185 0.091259 -0.300000
v -2.481523 0.186772 0.300000
v -2.481523 0.186772 -0.300000
v -2.484000 0.282250 0.300000
v -2.484000 0.282250 -0.300000
v -2.486477 0.375937 0.300000
v -2.486477 0.375937 -0.300000
v -2.488815 0.466074 0.300000
v -2.488815 0.466074 -0.300000
v -2.490875 0.550906 0.300000
v -2.490875 0.550906 -0.300000
v -2.492518 0.628676 0.300000
v -2.492518 0.628676 -0.300000
v -2.493606 0.697626 0.300000
v -2.493606 0.697626 -0.300000
v -2.494000 0.756000 0.300000
v -2.494000 0.756000 -0.300000
v -2.493915 0.774452 0.300000
v -2.493915 0.774452 -0.300000
v -2.493648 0.792778 0.300000
v -2.493648 0.792778 -0.300000
v -2.493188 0.810938 0.300000
v -2.493188 0.810938 -0.300000
v -2.492519 0.828889 0.300000
v -2.492519 0.828889 -0.300000
v -2.491627 0.846591 0.300000
v -2.491627 0.846591 -0.300000
v -2.490500 0.864000 0.300000
v -2.490500 0.864000 -0.300000
v -2.489123 0.881077 0.300000
v -2.489123 0.881077 -0.300000
v -2.487482 0.897778 0.300000
v -2.487482 0.897778 -0.300000
v -2.485563 0.914063 0.300000
v -2.485563 0.914063 -0.300000
v -2.483352 0.929889 0.300000
v -2.483352 0.929889 -0.300000
v -2.480836 0.945216 0.300000
v -2.480836 0.945216 -0.300000
v -2.478000 0.960000 0.300000
v -2.478000 0.960000 -0.300000
v -2.680000 0.958000 0.300000
v -2.680000 0.958000 -0.300000
v -2.677584 0.941422 0.300000
v -2.677584 0.941422 -0.300000
v -2.675334 0.924704 0.300000
v -2.675334 0.924704 -0.300000
v -2.673250 0.907875 0.300000
v -2.673250 0.907875 -0.300000
v -2.671334 0.890963 0.300000
v -2.671334 0.890963 -0.300000
v -2.669584 0.873996 0.300000
v -2.669584 0.873996 -0.300000
v -2.668000 0.857000 0.300000
v -2.668000 0.857000 -0.300000
v -2.666584 0.840005 0.300000
v -2.666584 0.840005 -0.300000
v -2.665334 0.823037 0.300000
v -2.665334 0.823037 -0.300000
v -2.664250 0.806125 0.300000
v -2.664250 0.806125 -0.300000
v -2.663334 0.789297 0.300000
v -2.663334 0.789297 -0.300000
v -2.662584 0.772579 0.300000
v -2.662584 0.772579 -0.300000
v -2.662000 0.756000 0.300000
v -2.662000 0.756000 -0.300000
v -4.638000 0.678001 0.300000
v -4.638000 0.678001 -0.300000
v -4.660000 0.810000 0.300000
v -4.660000 0.810000 -0.300000
v -4.661876 0.825642 0.300000
v -4.661876 0.825642 -0.300000
v -4.663509 0.840630 0.300000
v -4.663509 0.840630 -0.300000
v -4.664906 0.855063 0.300000
v -4.664906 0.855063 -0.300000
v -4.666074 0.869038 0.300000
v -4.666074 0.869038 -0.300000
v -4.667019 0.882651 0.300000
v -4.667019 0.882651 -0.300000
v -4.667750 0.896000 0.300000
v -4.667750 0.896000 -0.300000
v -4.668272 0.909183 0.300000
v -4.668272 0.909183 -0.300000
v -4.668592 0.922297 0.300000
v -4.668592 0.922297 -0.300000
v -4.668719 0.935438 0.300000
v -4.668719 0.935438 -0.300000
v -4.668657 0.948704 0.300000
v -4.668657 0.948704 -0.300000
v -4.668416 0.962193 0.300000
v -4.668416 0.962193 -0.300000
v -4.668000 0.976000 0.300000
v -4.668000 0.976000 -0.300000
v -4.846000 0.966000 0.300000
v -4.846000 0.966000 -0.300000
v -4.842542 0.952344 0.300000
v -4.842542 0.952344 -0.300000
v -4.839167 0.938417 0.300000
v -4.839167 0.938417 -0.300000
v -4.835875 0.924282 0.300000
v -4.835875 0.924282 -0.300000
v -4.832667 0.910000 0.300000
v -4.832667 0.910000 -0.300000
v -4.829542 0.895636 0.300000
v -4.829542 0.895636 -0.300000
v -4.826500 0.881250 0.300000
v -4.826500 0.881250 -0.300000
v -4.823542 0.866907 0.300000
v -4.823542 0.866907 -0.300000
v -4.820667 0.852667 0.300000
v -4.820667 0.852667 -0.300000
v -4.817875 0.838594 0.300000
v -4.817875 0.838594 -0.300000
v -4.815166 0.824750 0.300000
v -4.815166 0.824750 -0.300000
v -4.812541 0.811198 0.300000
v -4.812541 0.811198 -0.300000
v -4.810000 0.798001 0.300000
v -4.810000 0.798001 -0.300000
v -4.788000 0.682000 0.300000
v -4.788000 0.682000 -0.300000
v -4.849065 0.684959 0.300000
v -4.849065 0.684959 -0.300000
v -4.912027 0.688834 0.300000
v -4.912027 0.688834 -0.300000
v -4.976531 0.693626 0.300000
v -4.976531 0.693626 -0.300000
v -5.042222 0.699334 0.300000
v -5.042222 0.699334 -0.300000
v -5.108746 0.705959 0.300000
v -5.108746 0.705959 -0.300000
v -5.175749 0.713501 0.300000
v -5.175749 0.713501 -0.300000
v -5.242878 0.721959 0.300000
v -5.242878 0.721959 -0.300000
v -5.309777 0.731334 0.300000
v -5.309777 0.731334 -0.300000
v -5.376093 0.741626 0.300000
v -5.376093 0.741626 -0.300000
v -5.441472 0.752834 0.300000
v -5.441472 0.752834 -0.300000
v -5.505559 0.764959 0.300000
v -5.505559 0.764959 -0.300000
v -5.568000 0.778000 0.300000
v -5.568000 0.778000 -0.300000
v -5.570000 0.624001 0.300000
v -5.570000 0.624001 -0.300000
v -5.509832 0.614136 0.300000
v -5.509832 0.614136 -0.300000
v -5.446658 0.604584 0.300000
v -5.446658 0.604584 -0.300000
v -5.380969 0.595407 0.300000
v -5.380969 0.595407 -0.300000
v -5.313260 0.586667 0.300000
v -5.313260 0.586667 -0.300000
v -5.244022 0.578428 0.300000
v -5.244022 0.578428 -0.300000
v -5.173750 0.570750 0.300000
v -5.173750 0.570750 -0.300000
v -5.102937 0.563698 0.300000
v -5.102937 0.563698 -0.300000
v -5.032074 0.557334 0.300000
v -5.032074 0.557334 -0.300000
v -4.961657 0.551719 0.300000
v -4.961657 0.551719 -0.300000
v -4.892176 0.546917 0.300000
v -4.892176 0.546917 -0.300000
v -4.824126 0.542990 0.300000
v -4.824126 0.542990 -0.300000
v -4.758000 0.540000 0.300000
v -4.758000 0.540000 -0.300000
v -4.748799 0.497599 0.300000
v -4.748799 0.497599 -0.300000
v -4.739223 0.454621 0.300000
v -4.739223 0.454621 -0.300000
v -4.729313 0.411407 0.300000
v -4.729313 0.411407 -0.300000
v -4.719112 0.368297 0.300000
v -4.719112 0.368297 -0.300000
v -4.708661 0.325631 0.300000
v -4.708661 0.325631 -0.300000
v -4.698001 0.283750 0.300000
v -4.698001 0.283750 -0.300000
v -4.687174 0.242995 0.300000
v -4.687174 0.242995 -0.300000
v -4.676223 0.203704 0.300000
v -4.676223 0.203704 -0.300000
v -4.665188 0.166219 0.300000
v -4.665188 0.166219 -0.300000
v -4.654111 0.130880 0.300000
v -4.654111 0.130880 -0.300000
v -4.643035 0.098027 0.300000
v -4.643035 0.098027 -0.300000
v -4.632000 0.068000 0.300000
v -4.632000 0.068000 -0.300000
v -4.675639 0.096974 0.300000
v -4.675639 0.096974 -0.300000
v -4.719612 0.122954 0.300000
v -4.719612 0.122954 -0.300000
v -4.764000 0.146032 0.300000
v -4.764000 0.146032 -0.300000
v -4.808889 0.166297 0.300000
v -4.808889 0.166297 -0.300000
v -4.854362 0.183840 0.300000
v -4.854362 0.183840 -0.300000
v -4.900500 0.198750 0.300000
v -4.900500 0.198750 -0.300000
v -4.947389 0.211120 0.300000
v -4.947389 0.211120 -0.300000
v -4.995111 0.221037 0.300000
v -4.995111 0.221037 -0.300000
v -5.043750 0.228594 0.300000
v -5.043750 0.228594 -0.300000
v -5.093389 0.233880 0.300000
v -5.093389 0.233880 -0.300000
v -5.144111 0.236985 0.300000
v -5.144111 0.236985 -0.300000
v -5.196000 0.238000 0.300000
v -5.196000 0.238000 -0.300000
v -5.272719 0.234678 0.300000
v -5.272719 0.234678 -0.300000
v -5.343750 0.224917 0.300000
v -5.343750 0.224917 -0.300000
v -5.408906 0.209032 0.300000
v -5.408906 0.209032 -0.300000
v -5.468000 0.187334 0.300000
v -5.468000 0.187334 -0.300000
v -5.520844 0.160136 0.300000
v -5.520844 0.160136 -0.300000
v -5.567250 0.127751 0.300000
v -5.567250 0.127751 -0.300000
v -5.607031 0.090490 0.300000
v -5.607031 0.090490 -0.300000
v -5.640000 0.048667 0.300000
v -5.640000 0.048667 -0.300000
v -5.665968 0.002594 0.300000
v -5.665968 0.002594 -0.300000
v -5.684750 -0.047416 0.300000
v -5.684750 -0.047416 -0.300000
v -5.696156 -0.101052 0.300000
v -5.696156 -0.101052 -0.300000
v -5.700000 -0.158000 0.300000
v -5.700000 -0.157999 -0.300000
v -5.691226 -0.256605 0.300000
v -5.691226 -0.256605 -0.300000
v -5.665481 -0.344509 0.300000
v -5.665481 -0.344509 -0.300000
v -5.623625 -0.421843 0.300000
v -5.623625 -0.421843 -0.300000
v -5.566518 -0.488740 0.300000
v -5.566518 -0.488740 -0.300000
v -5.495023 -0.545332 0.300000
v -5.495023 -0.545332 -0.300000
v -5.410000 -0.591750 0.300000
v -5.410000 -0.591750 -0.300000
v -5.312310 -0.628126 0.300000
v -5.312310 -0.628126 -0.300000
v -5.202815 -0.654592 0.300000
v -5.202815 -0.654592 -0.300000
v -5.082375 -0.671281 0.300000
v -5.082375 -0.671281 -0.300000
v -4.951852 -0.678324 0.300000
v -4.951852 -0.678324 -0.300000
v -4.812107 -0.675853 0.300000
v -4.812107 -0.675853 -0.300000
v -4.664000 -0.664000 0.300000
v -4.664000 -0.664000 -0.300000
v -4.624000 -0.506000 0.300000
v -4.624000 -0.506000 -0.300000
v -4.738997 -0.518940 0.300000
v -4.738997 -0.518940 -0.300000
v -4.851972 -0.525518 0.300000
v -4.851972 -0.525518 -0.300000
v -4.961406 -0.525375 0.300000
v -4.961406 -0.525375 -0.300000
v -5.065778 -0.518148 0.300000
v -5.065778 -0.518148 -0.300000
v -5.163566 -0.503476 0.300000
v -5.163566 -0.503476 -0.300000
v -5.253250 -0.481000 0.300000
v -5.253250 -0.481000 -0.300000
v -5.333309 -0.450356 0.300000
v -5.333309 -0.450356 -0.300000
v -5.402223 -0.411185 0.300000
v -5.402223 -0.411185 -0.300000
v -5.458469 -0.363125 0.300000
v -5.458469 -0.363125 -0.300000
v -5.500528 -0.305814 0.300000
v -5.500528 -0.305814 -0.300000
v -5.526879 -0.238893 0.300000
v -5.526879 -0.238893 -0.300000
v -5.536000 -0.162000 0.300000
v -5.536000 -0.162000 -0.300000
v -5.533425 -0.125255 0.300000
v -5.533425 -0.125255 -0.300000
v -5.525732 -0.090213 0.300000
v -5.525732 -0.090212 -0.300000
v -5.512969 -0.057156 0.300000
v -5.512969 -0.057156 -0.300000
v -5.495186 -0.026370 0.300000
v -5.495186 -0.026370 -0.300000
v -5.472430 0.001860 0.300000
v -5.472430 0.001860 -0.300000
v -5.444751 0.027250 0.300000
v -5.444751 0.027250 -0.300000
v -5.412196 0.049516 0.300000
v -5.412196 0.049516 -0.300000
v -5.374815 0.068371 0.300000
v -5.374815 0.068371 -0.300000
v -5.332657 0.083532 0.300000
v -5.332657 0.083532 -0.300000
v -5.285769 0.094713 0.300000
v -5.285769 0.094713 -0.300000
v -5.234200 0.101631 0.300000
v -5.234200 0.101631 -0.300000
v -5.178000 0.104000 0.300000
v -5.178000 0.104001 -0.300000
v -5.118916 0.102294 0.300000
v -5.118916 0.102294 -0.300000
v -5.060824 0.097186 0.300000
v -5.060824 0.097186 -0.300000
v -5.003969 0.088688 0.300000
v -5.003969 0.088688 -0.300000
v -4.948593 0.076815 0.300000
v -4.948593 0.076815 -0.300000
v -4.894939 0.061581 0.300000
v -4.894939 0.061581 -0.300000
v -4.843250 0.043000 0.300000
v -4.843250 0.043000 -0.300000
v -4.793770 0.021086 0.300000
v -4.793770 0.021086 -0.300000
v -4.746741 -0.004148 0.300000
v -4.746741 -0.004148 -0.300000
v -4.702406 -0.032687 0.300000
v -4.702406 -0.032687 -0.300000
v -4.661009 -0.064518 0.300000
v -4.661009 -0.064518 -0.300000
v -4.622793 -0.099627 0.300000
v -4.622793 -0.099627 -0.300000
v -4.588000 -0.138000 0.300000
v -4.588000 -0.138000 -0.300000
v -4.581662 -0.145424 0.300000
v -4.581662 -0.145424 -0.300000
v -4.575629 -0.152731 0.300000
v -4.575629 -0.152731 -0.300000
v -4.569875 -0.159968 0.300000
v -4.569875 -0.159968 -0.300000
v -4.564370 -0.167185 0.300000
v -4.564370 -0.167185 -0.300000
v -4.559088 -0.174429 0.300000
v -4.559088 -0.174429 -0.300000
v -4.554000 -0.181750 0.300000
v -4.554000 -0.181750 -0.300000
v -4.549078 -0.189195 0.300000
v -4.549078 -0.189195 -0.300000
v -4.544296 -0.196814 0.300000
v -4.544296 -0.196814 -0.300000
v -4.539625 -0.204656 0.300000
v -4.539625 -0.204656 -0.300000
v -4.535037 -0.212768 0.300000
v -4.535037 -0.212768 -0.300000
v -4.530505 -0.221200 0.300000
v -4.530505 -0.221200 -0.300000
v -4.526000 -0.230000 0.300000
v -4.526000 -0.230000 -0.300000
v -4.376000 -0.176000 0.300000
v -4.376000 -0.176000 -0.300000
v -4.401037 -0.124292 0.300000
v -4.401037 -0.124292 -0.300000
v -4.425130 -0.069509 0.300000
v -4.425130 -0.069509 -0.300000
v -4.448250 -0.012156 0.300000
v -4.448250 -0.012156 -0.300000
v -4.470371 0.047260 0.300000
v -4.470371 0.047260 -0.300000
v -4.491463 0.108231 0.300000
v -4.491463 0.108231 -0.300000
v -4.511500 0.170250 0.300000
v -4.511500 0.170250 -0.300000
v -4.530454 0.232812 0.300000
v -4.530454 0.232812 -0.300000
v -4.548297 0.295408 0.300000
v -4.548297 0.295408 -0.300000
v -4.565001 0.357532 0.300000
v -4.565001 0.357532 -0.300000
v -4.580537 0.418676 0.300000
v -4.580537 0.418676 -0.300000
v -4.594880 0.478335 0.300000
v -4.594880 0.478335 -0.300000
v -4.608000 0.536000 0.300000
v -4.608000 0.536000 -0.300000
v -4.606000 0.536000 0.300000
v -4.606000 0.536000 -0.300000
v -4.572169 0.536165 0.300000
v -4.572169 0.536165 -0.300000
v -4.538685 0.536649 0.300000
v -4.538685 0.536649 -0.300000
v -4.505563 0.537438 0.300000
v -4.505563 0.537438 -0.300000
v -4.472815 0.538519 0.300000
v -4.472815 0.538519 -0.300000
v -4.440456 0.539878 0.300000
v -4.440456 0.539878 -0.300000
v -4.408500 0.541500 0.300000
v -4.408500 0.541500 -0.300000
v -4.376961 0.543373 0.300000
v -4.376961 0.543373 -0.300000
v -4.345852 0.545482 0.300000
v -4.345852 0.545482 -0.300000
v -4.315187 0.547813 0.300000
v -4.315187 0.547813 -0.300000
v -4.284981 0.550352 0.300000
v -4.284981 0.550352 -0.300000
v -4.255248 0.553086 0.300000
v -4.255248 0.553086 -0.300000
v -4.226000 0.556000 0.300000
v -4.226000 0.556000 -0.300000
v -4.224000 0.712000 0.300000
v -4.224000 0.712000 -0.300000
v -4.251454 0.707550 0.300000
v -4.251454 0.707550 -0.300000
v -4.280622 0.703232 0.300000
v -4.280622 0.703232 -0.300000
v -4.311220 0.699094 0.300000
v -4.311220 0.699094 -0.300000
v -4.342964 0.695185 0.300000
v -4.342964 0.695185 -0.300000
v -4.375569 0.691555 0.300000
v -4.375569 0.691555 -0.300000
v -4.408751 0.688250 0.300000
v -4.408751 0.688250 -0.300000
v -4.442224 0.685321 0.300000
v -4.442224 0.685321 -0.300000
v -4.475704 0.682815 0.300000
v -4.475704 0.682815 -0.300000
v -4.508907 0.680782 0.300000
v -4.508907 0.680782 -0.300000
v -4.541547 0.679269 0.300000
v -4.541547 0.679269 -0.300000
v -4.573339 0.678326 0.300000
v -4.573339 0.678326 -0.300000
v -4.604000 0.678001 0.300000
v -4.604000 0.678001 -0.300000
v -6.934000 0.670001 0.300000
v -6.934000 0.670001 -0.300000
v -6.948524 0.659465 0.300000
v -6.948524 0.659465 -0.300000
v -6.964860 0.647047 0.300000
v -6.964860 0.647047 -0.300000
v -6.982656 0.633032 0.300000
v -6.982656 0.633032 -0.300000
v -7.001555 0.617704 0.300000
v -7.001555 0.617704 -0.300000
v -7.021204 0.601349 0.300000
v -7.021204 0.601349 -0.300000
v -7.041250 0.584251 0.300000
v -7.041250 0.584251 -0.300000
v -7.061337 0.566694 0.300000
v -7.061337 0.566694 -0.300000
v -7.081111 0.548964 0.300000
v -7.081111 0.548964 -0.300000
v -7.100219 0.531344 0.300000
v -7.100219 0.531344 -0.300000
v -7.118306 0.514121 0.300000
v -7.118306 0.514121 -0.300000
v -7.135017 0.497578 0.300000
v -7.135017 0.497578 -0.300000
v -7.150000 0.482001 0.300000
v -7.150000 0.482001 -0.300000
v -7.040000 0.396001 0.300000
v -7.040000 0.396001 -0.300000
v -7.024979 0.411770 0.300000
v -7.024979 0.411770 -0.300000
v -7.008999 0.427991 0.300000
v -7.008999 0.427991 -0.300000
v -6.992187 0.444532 0.300000
v -6.992187 0.444532 -0.300000
v -6.974666 0.461260 0.300000
v -6.974666 0.461260 -0.300000
v -6.956562 0.478043 0.300000
v -6.956562 0.478043 -0.300000
v -6.938000 0.494751 0.300000
v -6.938000 0.494751 -0.300000
v -6.919104 0.511249 0.300000
v -6.919104 0.511249 -0.300000
v -6.900000 0.527408 0.300000
v -6.900000 0.527408 -0.300000
v -6.880813 0.543094 0.300000
v -6.880813 0.543094 -0.300000
v -6.861667 0.558177 0.300000
v -6.861667 0.558177 -0.300000
v -6.842688 0.572523 0.300000
v -6.842688 0.572523 -0.300000
v -6.824000 0.586001 0.300000
v -6.824000 0.586001 -0.300000
v -6.382287 0.093665 0.300000
v -6.382287 0.093665 -0.300000
v -6.397129 0.099649 0.300000
v -6.397129 0.099649 -0.300000
v -6.412499 0.105938 0.300000
v -6.412499 0.105938 -0.300000
v -6.428370 0.112519 0.300000
v -6.428370 0.112519 -0.300000
v -6.444713 0.119378 0.300000
v -6.444713 0.119378 -0.300000
v -6.461500 0.126501 0.300000
v -6.461500 0.126501 -0.300000
v -6.478703 0.133873 0.300000
v -6.478703 0.133873 -0.300000
v -6.496296 0.141482 0.300000
v -6.496296 0.141482 -0.300000
v -6.514250 0.149313 0.300000
v -6.514250 0.149313 -0.300000
v -6.532537 0.157352 0.300000
v -6.532537 0.157352 -0.300000
v -6.551130 0.165586 0.300000
v -6.551130 0.165586 -0.300000
v -6.570000 0.174001 0.300000
v -6.570000 0.174001 -0.300000
v -6.561545 0.191286 0.300000
v -6.561545 0.191286 -0.300000
v -6.553195 0.208121 0.300000
v -6.553195 0.208121 -0.300000
v -6.544969 0.224469 0.300000
v -6.544969 0.224469 -0.300000
v -6.536889 0.240297 0.300000
v -6.536889 0.240297 -0.300000
v -6.528975 0.255569 0.300000
v -6.528975 0.255569 -0.300000
v -6.521250 0.270251 0.300000
v -6.521250 0.270251 -0.300000
v -6.513732 0.284307 0.300000
v -6.513732 0.284307 -0.300000
v -6.506444 0.297704 0.300000
v -6.506444 0.297704 -0.300000
v -6.499406 0.310407 0.300000
v -6.499406 0.310407 -0.300000
v -6.492639 0.322380 0.300000
v -6.492639 0.322380 -0.300000
v -6.486163 0.333590 0.300000
v -6.486163 0.333590 -0.300000
v -6.480000 0.344001 0.300000
v -6.480000 0.344001 -0.300000
v -6.474759 0.352355 0.300000
v -6.474759 0.352355 -0.300000
v -6.469066 0.361334 0.300000
v -6.469066 0.361334 -0.300000
v -6.462970 0.370813 0.300000
v -6.462970 0.370813 -0.300000
v -6.456520 0.380667 0.300000
v -6.456520 0.380667 -0.300000
v -6.449764 0.390771 0.300000
v -6.449764 0.390771 -0.300000
v -6.442751 0.401001 0.300000
v -6.442751 0.401001 -0.300000
v -6.435530 0.411230 0.300000
v -6.435530 0.411230 -0.300000
v -6.428149 0.421334 0.300000
v -6.428149 0.421334 -0.300000
v -6.420657 0.431188 0.300000
v -6.420657 0.431188 -0.300000
v -6.413102 0.440667 0.300000
v -6.413102 0.440667 -0.300000
v -6.405534 0.449646 0.300000
v -6.405534 0.449646 -0.300000
v -6.398000 0.458001 0.300000
v -6.398000 0.458001 -0.300000
v -6.558000 0.520001 0.300000
v -6.558000 0.520001 -0.300000
v -6.561619 0.511925 0.300000
v -6.561619 0.511925 -0.300000
v -6.565445 0.503732 0.300000
v -6.565445 0.503732 -0.300000
v -6.569438 0.495469 0.300000
v -6.569438 0.495469 -0.300000
v -6.573556 0.487186 0.300000
v -6.573556 0.487186 -0.300000
v -6.577757 0.478930 0.300000
v -6.577757 0.478930 -0.300000
v -6.582000 0.470751 0.300000
v -6.582000 0.470751 -0.300000
v -6.586243 0.462696 0.300000
v -6.586243 0.462696 -0.300000
v -6.590445 0.454815 0.300000
v -6.590445 0.454815 -0.300000
v -6.594563 0.447157 0.300000
v -6.594563 0.447157 -0.300000
v -6.598556 0.439769 0.300000
v -6.598556 0.439769 -0.300000
v -6.602382 0.432701 0.300000
v -6.602382 0.432701 -0.300000
v -6.606000 0.426001 0.300000
v -6.606000 0.426001 -0.300000
v -6.704000 0.234001 0.300000
v -6.704000 0.234001 -0.300000
v -6.755905 0.255989 0.300000
v -6.755905 0.255989 -0.300000
v -6.808407 0.277741 0.300000
v -6.808407 0.277741 -0.300000
v -6.861187 0.298938 0.300000
v -6.861187 0.298938 -0.300000
v -6.913926 0.319260 0.300000
v -6.913926 0.319260 -0.300000
v -6.966303 0.338387 0.300000
v -6.966303 0.338387 -0.300000
v -7.018000 0.356001 0.300000
v -7.018000 0.356001 -0.300000
v -7.068696 0.371781 0.300000
v -7.068696 0.371781 -0.300000
v -7.118074 0.385408 0.300000
v -7.118074 0.385408 -0.300000
v -7.165812 0.396563 0.300000
v -7.165812 0.396563 -0.300000
v -7.211593 0.404927 0.300000
v -7.211593 0.404927 -0.300000
v -7.255095 0.410179 0.300000
v -7.255095 0.410179 -0.300000
v -7.296000 0.412001 0.300000
v -7.296000 0.412001 -0.300000
v -7.359013 0.408834 0.300000
v -7.359013 0.408834 -0.300000
v -7.416111 0.399667 0.300000
v -7.416111 0.399667 -0.300000
v -7.467374 0.385001 0.300000
v -7.467374 0.385001 -0.300000
v -7.512888 0.365334 0.300000
v -7.512888 0.365334 -0.300000
v -7.552736 0.341167 0.300000
v -7.552736 0.341167 -0.300000
v -7.587000 0.313001 0.300000
v -7.587000 0.313001 -0.300000
v -7.615764 0.281334 0.300000
v -7.615764 0.281334 -0.300000
v -7.639111 0.246667 0.300000
v -7.639111 0.246667 -0.300000
v -7.657125 0.209501 0.300000
v -7.657125 0.209501 -0.300000
v -7.669889 0.170334 0.300000
v -7.669889 0.170334 -0.300000
v -7.677486 0.129667 0.300000
v -7.677486 0.129667 -0.300000
v -7.680000 0.088001 0.300000
v -7.680000 0.088001 -0.300000
v -7.677401 0.037918 0.300000
v -7.677401 0.037919 -0.300000
v -7.669538 -0.009157 0.300000
v -7.669538 -0.009157 -0.300000
v -7.656313 -0.052968 0.300000
v -7.656313 -0.052968 -0.300000
v -7.637630 -0.093259 0.300000
v -7.637630 -0.093259 -0.300000
v -7.613391 -0.129771 0.300000
v -7.613391 -0.129771 -0.300000
v -7.583500 -0.162249 0.300000
v -7.583500 -0.162249 -0.300000
v -7.547859 -0.190436 0.300000
v -7.547859 -0.190436 -0.300000
v -7.506371 -0.214073 0.300000
v -7.506371 -0.214073 -0.300000
v -7.458938 -0.232906 0.300000
v -7.458938 -0.232906 -0.300000
v -7.405463 -0.246675 0.300000
v -7.405463 -0.246675 -0.300000
v -7.345850 -0.255126 0.300000
v -7.345850 -0.255126 -0.300000
v -7.280000 -0.257999 0.300000
v -7.280000 -0.257999 -0.300000
v -7.257322 -0.257474 0.300000
v -7.257322 -0.257474 -0.300000
v -7.234407 -0.255962 0.300000
v -7.234407 -0.255962 -0.300000
v -7.211438 -0.253562 0.300000
v -7.211438 -0.253562 -0.300000
v -7.188593 -0.250370 0.300000
v -7.188593 -0.250370 -0.300000
v -7.166054 -0.246483 0.300000
v -7.166054 -0.246483 -0.300000
v -7.144001 -0.241999 0.300000
v -7.144001 -0.241999 -0.300000
v -7.122614 -0.237016 0.300000
v -7.122614 -0.237016 -0.300000
v -7.102075 -0.231629 0.300000
v -7.102075 -0.231629 -0.300000
v -7.082563 -0.225937 0.300000
v -7.082563 -0.225937 -0.300000
v -7.064260 -0.220036 0.300000
v -7.064260 -0.220036 -0.300000
v -7.047345 -0.214025 0.300000
v -7.047345 -0.214025 -0.300000
v -7.032000 -0.207999 0.300000
v -7.032000 -0.207999 -0.300000
v -7.038000 -0.061999 0.300000
v -7.038000 -0.061999 -0.300000
v -7.054101 -0.069403 0.300000
v -7.054101 -0.069403 -0.300000
v -7.071306 -0.076564 0.300000
v -7.071306 -0.076564 -0.300000
v -7.089469 -0.083406 0.300000
v -7.089469 -0.083406 -0.300000
v -7.108445 -0.089851 0.300000
v -7.108445 -0.089851 -0.300000
v -7.128087 -0.095825 0.300000
v -7.128087 -0.095825 -0.300000
v -7.148250 -0.101249 0.300000
v -7.148250 -0.101249 -0.300000
v -7.168788 -0.106049 0.300000
v -7.168788 -0.106049 -0.300000
v -7.189556 -0.110148 0.300000
v -7.189556 -0.110148 -0.300000
v -7.210406 -0.113468 0.300000
v -7.210406 -0.113468 -0.300000
v -7.231194 -0.115935 0.300000
v -7.231194 -0.115935 -0.300000
v -7.251774 -0.117470 0.300000
v -7.251774 -0.117470 -0.300000
v -7.272000 -0.117999 0.300000
v -7.272000 -0.117999 -0.300000
v -7.317831 -0.115970 0.300000
v -7.317831 -0.115970 -0.300000
v -7.358473 -0.110101 0.300000
v -7.358473 -0.110101 -0.300000
v -7.394157 -0.100718 0.300000
v -7.394157 -0.100718 -0.300000
v -7.425112 -0.088148 0.300000
v -7.425112 -0.088147 -0.300000
v -7.451567 -0.072716 0.300000
v -7.451567 -0.072716 -0.300000
v -7.473751 -0.054749 0.300000
v -7.473751 -0.054749 -0.300000
v -7.491893 -0.034575 0.300000
v -7.491893 -0.034575 -0.300000
v -7.506223 -0.012518 0.300000
v -7.506223 -0.012518 -0.300000
v -7.516969 0.011094 0.300000
v -7.516969 0.011094 -0.300000
v -7.524362 0.035936 0.300000
v -7.524362 0.035936 -0.300000
v -7.528629 0.061680 0.300000
v -7.528629 0.061680 -0.300000
v -7.530000 0.088001 0.300000
v -7.530000 0.088001 -0.300000
v -7.528716 0.109267 0.300000
v -7.528716 0.109267 -0.300000
v -7.524723 0.130797 0.300000
v -7.524723 0.130797 -0.300000
v -7.517813 0.152188 0.300000
v -7.517813 0.152188 -0.300000
v -7.507778 0.173038 0.300000
v -7.507778 0.173038 -0.300000
v -7.494410 0.192943 0.300000
v -7.494410 0.192943 -0.300000
v -7.477500 0.211501 0.300000
v -7.477500 0.211501 -0.300000
v -7.456841 0.228308 0.300000
v -7.456841 0.228309 -0.300000
v -7.432222 0.242964 0.300000
v -7.432222 0.242964 -0.300000
v -7.403438 0.255063 0.300000
v -7.403438 0.255063 -0.300000
v -7.370278 0.264204 0.300000
v -7.370278 0.264204 -0.300000
v -7.332535 0.269984 0.300000
v -7.332535 0.269984 -0.300000
v -7.290000 0.272001 0.300000
v -7.290000 0.272001 -0.300000
v -7.255550 0.270455 0.300000
v -7.255550 0.270455 -0.300000
v -7.218398 0.265973 0.300000
v -7.218398 0.265973 -0.300000
v -7.178843 0.258782 0.300000
v -7.178843 0.258782 -0.300000
v -7.137185 0.249112 0.300000
v -7.137185 0.249112 -0.300000
v -7.093721 0.237192 0.300000
v -7.093721 0.237192 -0.300000
v -7.048750 0.223251 0.300000
v -7.048750 0.223251 -0.300000
v -7.002571 0.207518 0.300000
v -7.002571 0.207518 -0.300000
v -6.955482 0.190223 0.300000
v -6.955482 0.190223 -0.300000
v -6.907781 0.171594 0.300000
v -6.907781 0.171594 -0.300000
v -6.859768 0.151862 0.300000
v -6.859768 0.151862 -0.300000
v -6.811742 0.131254 0.300000
v -6.811742 0.131254 -0.300000
v -6.764000 0.110001 0.300000
v -6.764000 0.110001 -0.300000
v -6.830000 -0.037999 0.300000
v -6.830000 -0.037999 -0.300000
v -6.852217 -0.089952 0.300000
v -6.852217 -0.089952 -0.300000
v -6.874741 -0.145286 0.300000
v -6.874741 -0.145286 -0.300000
v -6.897375 -0.203218 0.300000
v -6.897375 -0.203218 -0.300000
v -6.919926 -0.262962 0.300000
v -6.919926 -0.262962 -0.300000
v -6.942199 -0.323734 0.300000
v -6.942199 -0.323734 -0.300000
v -6.964000 -0.384749 0.300000
v -6.964000 -0.384749 -0.300000
v -6.985135 -0.445223 0.300000
v -6.985135 -0.445223 -0.300000
v -7.005408 -0.504370 0.300000
v -7.005408 -0.504370 -0.300000
v -7.024625 -0.561406 0.300000
v -7.024625 -0.561406 -0.300000
v -7.042593 -0.615546 0.300000
v -7.042593 -0.615546 -0.300000
v -7.059116 -0.666005 0.300000
v -7.059116 -0.666005 -0.300000
v -7.074000 -0.711999 0.300000
v -7.074000 -0.711999 -0.300000
v -6.916000 -0.755999 0.300000
v -6.916000 -0.755999 -0.300000
v -6.902811 -0.707075 0.300000
v -6.902811 -0.707075 -0.300000
v -6.888315 -0.655601 0.300000
v -6.888315 -0.655601 -0.300000
v -6.872625 -0.602031 0.300000
v -6.872625 -0.602031 -0.300000
v -6.855852 -0.546814 0.300000
v -6.855852 -0.546814 -0.300000
v -6.838107 -0.490403 0.300000
v -6.838107 -0.490403 -0.300000
v -6.819500 -0.433249 0.300000
v -6.819500 -0.433249 -0.300000
v -6.800144 -0.375804 0.300000
v -6.800144 -0.375804 -0.300000
v -6.780149 -0.318518 0.300000
v -6.780149 -0.318518 -0.300000
v -6.759625 -0.261843 0.300000
v -6.759625 -0.261843 -0.300000
v -6.738686 -0.206231 0.300000
v -6.738686 -0.206231 -0.300000
v -6.717440 -0.152133 0.300000
v -6.717440 -0.152133 -0.300000
v -6.696000 -0.099999 0.300000
v -6.696000 -0.099999 -0.300000
v -6.630000 0.048001 0.300000
v -6.630000 0.048001 -0.300000
v -6.595895 0.031600 0.300000
v -6.595895 0.031600 -0.300000
v -6.562658 0.015464 0.300000
v -6.562658 0.015464 -0.300000
v -6.530406 -0.000312 0.300000
v -6.530406 -0.000312 -0.300000
v -6.499259 -0.015629 0.300000
v -6.499259 -0.015629 -0.300000
v -6.469335 -0.030391 0.300000
v -6.469335 -0.030391 -0.300000
v -6.440750 -0.044499 0.300000
v -6.440750 -0.044499 -0.300000
v -6.413624 -0.057858 0.300000
v -6.413624 -0.057858 -0.300000
v -6.388074 -0.070370 0.300000
v -6.388074 -0.070370 -0.300000
v -6.364219 -0.081937 0.300000
v -6.364219 -0.081937 -0.300000
v -6.342176 -0.092462 0.300000
v -6.342176 -0.092462 -0.300000
v -6.322063 -0.101849 0.300000
v -6.322063 -0.101849 -0.300000
v -6.304000 -0.109999 0.300000
v -6.304000 -0.109999 -0.300000
v -6.228000 0.046001 0.300000
v -6.228000 0.046001 -0.300000
v -6.242404 0.049577 0.300000
v -6.242404 0.049577 -0.300000
v -6.256565 0.053278 0.300000
v -6.256565 0.053278 -0.300000
v -6.270407 0.057063 0.300000
v -6.270407 0.057063 -0.300000
v -6.283852 0.060889 0.300000
v -6.283852 0.060889 -0.300000
v -6.296825 0.064716 0.300000
v -6.296825 0.064716 -0.300000
v -6.309250 0.068501 0.300000
v -6.309250 0.068501 -0.300000
v -6.321050 0.072202 0.300000
v -6.321050 0.072202 -0.300000
v -6.332149 0.075778 0.300000
v -6.332149 0.075778 -0.300000
v -6.342469 0.079188 0.300000
v -6.342469 0.079188 -0.300000
v -6.351935 0.082389 0.300000
v -6.351935 0.082389 -0.300000
v -6.360471 0.085341 0.300000
v -6.360471 0.085341 -0.300000
v -6.368000 0.088001 0.300000
v -6.368000 0.088001 -0.300000
v -9.392000 0.724001 0.300000
v -9.392000 0.724001 -0.300000
v -9.339025 0.729067 0.300000
v -9.339025 0.729067 -0.300000
v -9.280687 0.735195 0.300000
v -9.280687 0.735195 -0.300000
v -9.217877 0.742282 0.300000
v -9.217877 0.742282 -0.300000
v -9.151484 0.750223 0.300000
v -9.151484 0.750223 -0.300000
v -9.082396 0.758914 0.300000
v -9.082396 0.758914 -0.300000
v -9.011502 0.768251 0.300000
v -9.011502 0.768251 -0.300000
v -8.939692 0.778129 0.300000
v -8.939692 0.778129 -0.300000
v -8.867853 0.788445 0.300000
v -8.867853 0.788445 -0.300000
v -8.796876 0.799094 0.300000
v -8.796876 0.799094 -0.300000
v -8.727649 0.809973 0.300000
v -8.727649 0.809973 -0.300000
v -8.661060 0.820976 0.300000
v -8.661060 0.820976 -0.300000
v -8.598000 0.832001 0.300000
v -8.598000 0.832001 -0.300000
v -8.624000 0.978001 0.300000
v -8.624000 0.978001 -0.300000
v -8.681711 0.966061 0.300000
v -8.681711 0.966061 -0.300000
v -8.745019 0.954316 0.300000
v -8.745019 0.954316 -0.300000
v -8.812688 0.942876 0.300000
v -8.812688 0.942876 -0.300000
v -8.883482 0.931853 0.300000
v -8.883482 0.931853 -0.300000
v -8.956165 0.921357 0.300000
v -8.956165 0.921357 -0.300000
v -9.029501 0.911501 0.300000
v -9.029501 0.911501 -0.300000
v -9.102253 0.902394 0.300000
v -9.102253 0.902394 -0.300000
v -9.173185 0.894149 0.300000
v -9.173185 0.894149 -0.300000
v -9.241062 0.886876 0.300000
v -9.241062 0.886876 -0.300000
v -9.304647 0.880686 0.300000
v -9.304647 0.880686 -0.300000
v -9.362705 0.875691 0.300000
v -9.362705 0.875691 -0.300000
v -9.414000 0.872001 0.300000
v -9.414000 0.872001 -0.300000
v -9.322049 0.295743 0.300000
v -9.322049 0.295743 -0.300000
v -9.294897 0.270603 0.300000
v -9.294897 0.270603 -0.300000
v -9.263593 0.241532 0.300000
v -9.263593 0.241532 -0.300000
v -9.229184 0.209482 0.300000
v -9.229184 0.209482 -0.300000
v -9.192720 0.175405 0.300000
v -9.192720 0.175405 -0.300000
v -9.155250 0.140251 0.300000
v -9.155250 0.140251 -0.300000
v -9.117820 0.104972 0.300000
v -9.117820 0.104972 -0.300000
v -9.081481 0.070519 0.300000
v -9.081481 0.070519 -0.300000
v -9.047281 0.037845 0.300000
v -9.047281 0.037845 -0.300000
v -9.016269 0.007899 0.300000
v -9.016269 0.007899 -0.300000
v -8.989492 -0.018366 0.300000
v -8.989492 -0.018366 -0.300000
v -8.968000 -0.039999 0.300000
v -8.968000 -0.039999 -0.300000
v -8.973316 -0.039581 0.300000
v -8.973316 -0.039581 -0.300000
v -8.979195 -0.039323 0.300000
v -8.979195 -0.039323 -0.300000
v -8.985532 -0.039218 0.300000
v -8.985532 -0.039218 -0.300000
v -8.992223 -0.039258 0.300000
v -8.992223 -0.039258 -0.300000
v -8.999164 -0.039438 0.300000
v -8.999164 -0.039438 -0.300000
v -9.006250 -0.039749 0.300000
v -9.006250 -0.039749 -0.300000
v -9.013379 -0.040186 0.300000
v -9.013379 -0.040186 -0.300000
v -9.020445 -0.040740 0.300000
v -9.020445 -0.040740 -0.300000
v -9.027344 -0.041405 0.300000
v -9.027344 -0.041405 -0.300000
v -9.033972 -0.042175 0.300000
v -9.033972 -0.042175 -0.300000
v -9.040225 -0.043042 0.300000
v -9.040225 -0.043042 -0.300000
v -9.046000 -0.043999 0.300000
v -9.046000 -0.043999 -0.300000
v -9.064841 -0.046947 0.300000
v -9.064841 -0.046947 -0.300000
v -9.082398 -0.051749 0.300000
v -9.082398 -0.051749 -0.300000
v -9.098720 -0.058343 0.300000
v -9.098720 -0.058343 -0.300000
v -9.113853 -0.066666 0.300000
v -9.113853 -0.066666 -0.300000
v -9.127847 -0.076655 0.300000
v -9.127847 -0.076655 -0.300000
v -9.140751 -0.088249 0.300000
v -9.140751 -0.088249 -0.300000
v -9.152613 -0.101385 0.300000
v -9.152613 -0.101385 -0.300000
v -9.163482 -0.115999 0.300000
v -9.163482 -0.115999 -0.300000
v -9.173407 -0.132030 0.300000
v -9.173407 -0.132030 -0.300000
v -9.182435 -0.149416 0.300000
v -9.182435 -0.149416 -0.300000
v -9.190617 -0.168093 0.300000
v -9.190617 -0.168093 -0.300000
v -9.198000 -0.187999 0.300000
v -9.198000 -0.187999 -0.300000
v -9.202699 -0.203330 0.300000
v -9.202699 -0.203330 -0.300000
v -9.207750 -0.220147 0.300000
v -9.207750 -0.220147 -0.300000
v -9.213094 -0.238187 0.300000
v -9.213094 -0.238187 -0.300000
v -9.218667 -0.257184 0.300000
v -9.218667 -0.257184 -0.300000
v -9.224406 -0.276877 0.300000
v -9.224406 -0.276877 -0.300000
v -9.230250 -0.296999 0.300000
v -9.230250 -0.296999 -0.300000
v -9.236135 -0.317289 0.300000
v -9.236135 -0.317289 -0.300000
v -9.242000 -0.337481 0.300000
v -9.242000 -0.337481 -0.300000
v -9.247781 -0.357312 0.300000
v -9.247781 -0.357312 -0.300000
v -9.253416 -0.376518 0.300000
v -9.253416 -0.376518 -0.300000
v -9.258843 -0.394835 0.300000
v -9.258843 -0.394835 -0.300000
v -9.264000 -0.411999 0.300000
v -9.264000 -0.411999 -0.300000
v -9.270517 -0.430090 0.300000
v -9.270517 -0.430090 -0.300000
v -9.278139 -0.446388 0.300000
v -9.278139 -0.446388 -0.300000
v -9.286969 -0.460937 0.300000
v -9.286969 -0.460937 -0.300000
v -9.297112 -0.473777 0.300000
v -9.297112 -0.473777 -0.300000
v -9.308671 -0.484951 0.300000
v -9.308671 -0.484951 -0.300000
v -9.321751 -0.494499 0.300000
v -9.321751 -0.494499 -0.300000
v -9.336455 -0.502464 0.300000
v -9.336455 -0.502464 -0.300000
v -9.352889 -0.508888 0.300000
v -9.352889 -0.508888 -0.300000
v -9.371157 -0.513812 0.300000
v -9.371157 -0.513812 -0.300000
v -9.391361 -0.517277 0.300000
v -9.391361 -0.517277 -0.300000
v -9.413608 -0.519326 0.300000
v -9.413608 -0.519326 -0.300000
v -9.438000 -0.519999 0.300000
v -9.438000 -0.519999 -0.300000
v -9.471373 -0.519670 0.300000
v -9.471373 -0.519670 -0.300000
v -9.505306 -0.518703 0.300000
v -9.505306 -0.518703 -0.300000
v -9.539532 -0.517124 0.300000
v -9.539532 -0.517124 -0.300000
v -9.573778 -0.514962 0.300000
v -9.573778 -0.514962 -0.300000
v -9.607775 -0.512245 0.300000
v -9.607775 -0.512245 -0.300000
v -9.641251 -0.508999 0.300000
v -9.641251 -0.508999 -0.300000
v -9.673935 -0.505254 0.300000
v -9.673935 -0.505254 -0.300000
v -9.705557 -0.501036 0.300000
v -9.705557 -0.501036 -0.300000
v -9.735845 -0.496374 0.300000
v -9.735845 -0.496374 -0.300000
v -9.764528 -0.491295 0.300000
v -9.764528 -0.491295 -0.300000
v -9.791337 -0.485828 0.300000
v -9.791337 -0.485828 -0.300000
v -9.816000 -0.479999 0.300000
v -9.816000 -0.479999 -0.300000
v -9.806000 -0.647999 0.300000
v -9.806000 -0.647999 -0.300000
v -9.783019 -0.651530 0.300000
v -9.783019 -0.651530 -0.300000
v -9.756482 -0.655083 0.300000
v -9.756482 -0.655083 -0.300000
v -9.727000 -0.658593 0.300000
v -9.727000 -0.658593 -0.300000
v -9.695186 -0.661999 0.300000
v -9.695186 -0.661999 -0.300000
v -9.661649 -0.665239 0.300000
v -9.661649 -0.665239 -0.300000
v -9.627001 -0.668249 0.300000
v -9.627001 -0.668249 -0.300000
v -9.591853 -0.670968 0.300000
v -9.591853 -0.670968 -0.300000
v -9.556816 -0.673332 0.300000
v -9.556816 -0.673332 -0.300000
v -9.522501 -0.675280 0.300000
v -9.522501 -0.675280 -0.300000
v -9.489519 -0.676749 0.300000
v -9.489519 -0.676749 -0.300000
v -9.458482 -0.677676 0.300000
v -9.458482 -0.677676 -0.300000
v -9.430000 -0.677999 0.300000
v -9.430000 -0.677999 -0.300000
v -9.391250 -0.677175 0.300000
v -9.391250 -0.677175 -0.300000
v -9.354992 -0.674573 0.300000
v -9.354992 -0.674573 -0.300000
v -9.321219 -0.669999 0.300000
v -9.321219 -0.669999 -0.300000
v -9.289927 -0.663259 0.300000
v -9.289927 -0.663259 -0.300000
v -9.261106 -0.654157 0.300000
v -9.261106 -0.654157 -0.300000
v -9.234750 -0.642499 0.300000
v -9.234750 -0.642499 -0.300000
v -9.210853 -0.628092 0.300000
v -9.210853 -0.628092 -0.300000
v -9.189407 -0.610740 0.300000
v -9.189407 -0.610740 -0.300000
v -9.170406 -0.590249 0.300000
v -9.170406 -0.590249 -0.300000
v -9.153843 -0.566425 0.300000
v -9.153843 -0.566425 -0.300000
v -9.139709 -0.539073 0.300000
v -9.139709 -0.539073 -0.300000
v -9.128000 -0.507999 0.300000
v -9.128000 -0.507999 -0.300000
v -9.122805 -0.491859 0.300000
v -9.122805 -0.491859 -0.300000
v -9.117269 -0.473712 0.300000
v -9.117269 -0.473712 -0.300000
v -9.111468 -0.453968 0.300000
v -9.111468 -0.453968 -0.300000
v -9.105481 -0.433036 0.300000
v -9.105481 -0.433036 -0.300000
v -9.099382 -0.411327 0.300000
v -9.099382 -0.411327 -0.300000
v -9.093249 -0.389249 0.300000
v -9.093249 -0.389249 -0.300000
v -9.087158 -0.367213 0.300000
v -9.087158 -0.367213 -0.300000
v -9.081185 -0.345629 0.300000
v -9.081185 -0.345629 -0.300000
v -9.075406 -0.324905 0.300000
v -9.075406 -0.324905 -0.300000
v -9.069898 -0.305453 0.300000
v -9.069898 -0.305453 -0.300000
v -9.064737 -0.287681 0.300000
v -9.064737 -0.287681 -0.300000
v -9.060000 -0.271999 0.300000
v -9.060000 -0.271999 -0.300000
v -9.053590 -0.255209 0.300000
v -9.053590 -0.255209 -0.300000
v -9.046380 -0.239842 0.300000
v -9.046380 -0.239842 -0.300000
v -9.038406 -0.225905 0.300000
v -9.038406 -0.225905 -0.300000
v -9.029704 -0.213407 0.300000
v -9.029704 -0.213407 -0.300000
v -9.020307 -0.202352 0.300000
v -9.020307 -0.202352 -0.300000
v -9.010250 -0.192749 0.300000
v -9.010250 -0.192749 -0.300000
v -8.999568 -0.184605 0.300000
v -8.999568 -0.184605 -0.300000
v -8.988296 -0.177925 0.300000
v -8.988296 -0.177925 -0.300000
v -8.976468 -0.172718 0.300000
v -8.976468 -0.172718 -0.300000
v -8.964120 -0.168990 0.300000
v -8.964120 -0.168990 -0.300000
v -8.951285 -0.166748 0.300000
v -8.951285 -0.166748 -0.300000
v -8.938000 -0.165999 0.300000
v -8.938000 -0.165999 -0.300000
v -8.924202 -0.166576 0.300000
v -8.924202 -0.166576 -0.300000
v -8.910787 -0.168277 0.300000
v -8.910787 -0.168277 -0.300000
v -8.897718 -0.171062 0.300000
v -8.897718 -0.171062 -0.300000
v -8.884963 -0.174888 0.300000
v -8.884963 -0.174888 -0.300000
v -8.872485 -0.179715 0.300000
v -8.872485 -0.179714 -0.300000
v -8.860250 -0.185499 0.300000
v -8.860250 -0.185499 -0.300000
v -8.848224 -0.192201 0.300000
v -8.848224 -0.192201 -0.300000
v -8.836370 -0.199777 0.300000
v -8.836370 -0.199777 -0.300000
v -8.824656 -0.208187 0.300000
v -8.824656 -0.208187 -0.300000
v -8.813046 -0.217388 0.300000
v -8.813046 -0.217388 -0.300000
v -8.801506 -0.227340 0.300000
v -8.801506 -0.227339 -0.300000
v -8.790000 -0.237999 0.300000
v -8.790000 -0.237999 -0.300000
v -8.768186 -0.259150 0.300000
v -8.768186 -0.259150 -0.300000
v -8.741315 -0.286036 0.300000
v -8.741315 -0.286036 -0.300000
v -8.710250 -0.317812 0.300000
v -8.710250 -0.317812 -0.300000
v -8.675852 -0.353629 0.300000
v -8.675852 -0.353629 -0.300000
v -8.638982 -0.392640 0.300000
v -8.638982 -0.392640 -0.300000
v -8.600500 -0.433999 0.300000
v -8.600500 -0.433999 -0.300000
v -8.561269 -0.476858 0.300000
v -8.561269 -0.476858 -0.300000
v -8.522148 -0.520370 0.300000
v -8.522148 -0.520370 -0.300000
v -8.484000 -0.563687 0.300000
v -8.484000 -0.563687 -0.300000
v -8.447685 -0.605962 0.300000
v -8.447685 -0.605962 -0.300000
v -8.414064 -0.646349 0.300000
v -8.414064 -0.646349 -0.300000
v -8.384000 -0.683999 0.300000
v -8.384000 -0.683999 -0.300000
v -8.232000 -0.577999 0.300000
v -8.232000 -0.577999 -0.300000
v -8.238244 -0.572333 0.300000
v -8.238244 -0.572333 -0.300000
v -8.244962 -0.566333 0.300000
v -8.244962 -0.566333 -0.300000
v -8.252124 -0.559999 0.300000
v -8.252124 -0.559999 -0.300000
v -8.259703 -0.553333 0.300000
v -8.259703 -0.553333 -0.300000
v -8.267671 -0.546333 0.300000
v -8.267671 -0.546333 -0.300000
v -8.275999 -0.538999 0.300000
v -8.275999 -0.538999 -0.300000
v -8.284661 -0.531333 0.300000
v -8.284661 -0.531333 -0.300000
v -8.293629 -0.523333 0.300000
v -8.293629 -0.523333 -0.300000
v -8.302874 -0.514999 0.300000
v -8.302874 -0.514999 -0.300000
v -8.312369 -0.506333 0.300000
v -8.312369 -0.506333 -0.300000
v -8.322087 -0.497333 0.300000
v -8.322087 -0.497333 -0.300000
v -8.332000 -0.487999 0.300000
v -8.332000 -0.487999 -0.300000
v -8.361197 -0.458342 0.300000
v -8.361197 -0.458342 -0.300000
v -8.406917 -0.412240 0.300000
v -8.406917 -0.412240 -0.300000
v -8.466344 -0.352499 0.300000
v -8.466344 -0.352499 -0.300000
v -8.536667 -0.281925 0.300000
v -8.536667 -0.281925 -0.300000
v -8.615073 -0.203323 0.300000
v -8.615073 -0.203323 -0.300000
v -8.698750 -0.119499 0.300000
v -8.698750 -0.119499 -0.300000
v -8.784886 -0.033259 0.300000
v -8.784886 -0.033258 -0.300000
v -8.870667 0.052593 0.300000
v -8.870667 0.052593 -0.300000
v -8.953282 0.135251 0.300000
v -8.953282 0.135251 -0.300000
v -9.029918 0.211908 0.300000
v -9.029918 0.211908 -0.300000
v -9.097761 0.279760 0.300000
v -9.097761 0.279760 -0.300000
v -9.154000 0.336001 0.300000
v -9.154000 0.336001 -0.300000
v -9.111021 0.333147 0.300000
v -9.111021 0.333147 -0.300000
v -9.061984 0.329668 0.300000
v -9.061984 0.329668 -0.300000
v -9.008252 0.325688 0.300000
v -9.008252 0.325688 -0.300000
v -8.951187 0.321334 0.300000
v -8.951187 0.321334 -0.300000
v -8.892150 0.316730 0.300000
v -8.892150 0.316730 -0.300000
v -8.832501 0.312001 0.300000
v -8.832501 0.312001 -0.300000
v -8.773603 0.307272 0.300000
v -8.773603 0.307272 -0.300000
v -8.716816 0.302667 0.300000
v -8.716816 0.302667 -0.300000
v -8.663501 0.298313 0.300000
v -8.663501 0.298313 -0.300000
v -8.615019 0.294334 0.300000
v -8.615019 0.294334 -0.300000
v -8.572732 0.290855 0.300000
v -8.572732 0.290855 -0.300000
v -8.538000 0.288001 0.300000
v -8.538000 0.288001 -0.300000
v -8.521788 0.286500 0.300000
v -8.521788 0.286500 -0.300000
v -8.506139 0.284992 0.300000
v -8.506139 0.284992 -0.300000
v -8.491031 0.283470 0.300000
v -8.491031 0.283470 -0.300000
v -8.476444 0.281927 0.300000
v -8.476444 0.281927 -0.300000
v -8.462358 0.280356 0.300000
v -8.462358 0.280356 -0.300000
v -8.448750 0.278751 0.300000
v -8.448750 0.278751 -0.300000
v -8.435600 0.277104 0.300000
v -8.435600 0.277104 -0.300000
v -8.422889 0.275408 0.300000
v -8.422889 0.275408 -0.300000
v -8.410594 0.273657 0.300000
v -8.410594 0.273657 -0.300000
v -8.398695 0.271843 0.300000
v -8.398695 0.271843 -0.300000
v -8.387171 0.269960 0.300000
v -8.387171 0.269960 -0.300000
v -8.376000 0.268001 0.300000
v -8.376000 0.268001 -0.300000
v -8.362000 0.444001 0.300000
v -8.362000 0.444001 -0.300000
v -8.373785 0.443044 0.300000
v -8.373785 0.443044 -0.300000
v -8.386120 0.442177 0.300000
v -8.386120 0.442177 -0.300000
v -8.398968 0.441407 0.300000
v -8.398968 0.441407 -0.300000
v -8.412295 0.440742 0.300000
v -8.412295 0.440742 -0.300000
v -8.426067 0.440187 0.300000
v -8.426067 0.440187 -0.300000
v -8.440249 0.439751 0.300000
v -8.440249 0.439751 -0.300000
v -8.454806 0.439439 0.300000
v -8.454806 0.439439 -0.300000
v -8.469704 0.439260 0.300000
v -8.469704 0.439260 -0.300000
v -8.484906 0.439220 0.300000
v -8.484906 0.439220 -0.300000
v -8.500380 0.439325 0.300000
v -8.500380 0.439325 -0.300000
v -8.516088 0.439583 0.300000
v -8.516088 0.439583 -0.300000
v -8.532000 0.440001 0.300000
v -8.532000 0.440001 -0.300000
v -8.567447 0.441100 0.300000
v -8.567447 0.441100 -0.300000
v -8.615241 0.443297 0.300000
v -8.615241 0.443297 -0.300000
v -8.673063 0.446438 0.300000
v -8.673063 0.446438 -0.300000
v -8.738593 0.450371 0.300000
v -8.738593 0.450371 -0.300000
v -8.809512 0.454943 0.300000
v -8.809512 0.454943 -0.300000
v -8.883501 0.460001 0.300000
v -8.883501 0.460001 -0.300000
v -8.958240 0.465392 0.300000
v -8.958240 0.465392 -0.300000
v -9.031408 0.470964 0.300000
v -9.031408 0.470964 -0.300000
v -9.100688 0.476563 0.300000
v -9.100688 0.476563 -0.300000
v -9.163760 0.482038 0.300000
v -9.163760 0.482038 -0.300000
v -9.218304 0.487235 0.300000
v -9.218304 0.487235 -0.300000
v -9.262000 0.492001 0.300000
v -9.262000 0.492001 -0.300000
v -9.270688 0.493121 0.300000
v -9.270688 0.493121 -0.300000
v -9.279667 0.494464 0.300000
v -9.279667 0.494464 -0.300000
v -9.288813 0.496001 0.300000
v -9.288813 0.496001 -0.300000
v -9.298000 0.497705 0.300000
v -9.298000 0.497705 -0.300000
v -9.307104 0.499547 0.300000
v -9.307104 0.499547 -0.300000
v -9.316000 0.501501 0.300000
v -9.316000 0.501501 -0.300000
v -9.324562 0.503538 0.300000
v -9.324562 0.503538 -0.300000
v -9.332666 0.505630 0.300000
v -9.332666 0.505630 -0.300000
v -9.340187 0.507751 0.300000
v -9.340187 0.507751 -0.300000
v -9.346999 0.509871 0.300000
v -9.346999 0.509871 -0.300000
v -9.352979 0.511964 0.300000
v -9.352979 0.511964 -0.300000
v -9.358000 0.514001 0.300000
v -9.358000 0.514001 -0.300000
v -9.454000 0.406001 0.300000
v -9.454000 0.406001 -0.300000
v -9.444311 0.399188 0.300000
v -9.444311 0.399188 -0.300000
v -9.434324 0.391834 0.300000
v -9.434324 0.391834 -0.300000
v -9.424156 0.384063 0.300000
v -9.424156 0.384063 -0.300000
v -9.413926 0.376001 0.300000
v -9.413926 0.376001 -0.300000
v -9.403751 0.367772 0.300000
v -9.403751 0.367772 -0.300000
v -9.393750 0.359501 0.300000
v -9.393750 0.359501 -0.300000
v -9.384041 0.351313 0.300000
v -9.384041 0.351313 -0.300000
v -9.374741 0.343334 0.300000
v -9.374741 0.343334 -0.300000
v -9.365969 0.335688 0.300000
v -9.365969 0.335688 -0.300000
v -9.357842 0.328501 0.300000
v -9.357842 0.328501 -0.300000
v -9.350480 0.321897 0.300000
v -9.350480 0.321897 -0.300000
v -9.344000 0.316001 0.300000
v -9.344000 0.316001 -0.300000
vn -0.0000 -0.0000 -1.0000
vn -0.0002 -0.0000 -1.0000
vn -0.0001 -0.0000 -1.0000
vn 0.0016 -0.0000 -1.0000
vn 0.0002 -0.0000 -1.0000
vn -0.0000 -0.0000 1.0000
vn -0.0002 -0.0000 1.0000
vn -0.0001 -0.0000 1.0000
vn 0.0016 -0.0000 1.0000
vn 0.0002 -0.0000 1.0000
vn -0.6930 0.7210 -0.0000
vn -0.6992 0.7149 -0.0000
vn -0.7052 0.7090 -0.0000
vn -0.7111 0.7030 -0.0000
vn -0.7173 0.6968 -0.0000
vn -0.7237 0.6901 -0.0000
vn -0.7309 0.6825 -0.0000
vn -0.7389 0.6738 -0.0000
vn -0.7483 0.6633 -0.0000
vn -0.7596 0.6503 -0.0000
vn -0.7738 0.6334 -0.0000
vn -0.9925 -0.1226 -0.0000
vn 0.1409 -0.9900 -0.0000
vn 0.7954 -0.6061 -0.0000
vn 0.7797 -0.6262 -0.0000
vn 0.7672 -0.6414 -0.0000
vn 0.7570 -0.6534 -0.0000
vn 0.7484 -0.6632 -0.0000
vn 0.7410 -0.6715 -0.0000
vn 0.7345 -0.6786 -0.0000
vn 0.7286 -0.6850 -0.0000
vn 0.7231 -0.6908 -0.0000
vn 0.7178 -0.6963 -0.0000
vn 0.7125 -0.7017 -0.0000
vn 0.9959 0.0904 -0.0000
vn -0.0763 0.9971 -0.0000
vn -0.7071 0.7071 -0.0000
vn -1.0000 -0.0079 -0.0000
vn -0.9994 -0.0355 -0.0000
vn -0.9967 -0.0815 -0.0000
vn -0.9899 -0.1415 -0.0000
vn -0.9762 -0.2171 -0.0000
vn -0.9512 -0.3085 -0.0000
vn -0.9107 -0.4132 -0.0000
vn -0.8511 -0.5250 -0.0000
vn -0.7728 -0.6347 -0.0000
vn -0.6807 -0.7325 -0.0000
vn -0.5834 -0.8122 -0.0000
vn -0.4893 -0.8721 -0.0000
vn -0.3942 -0.9190 -0.0000
vn -0.3072 -0.9516 -0.0000
vn -0.2401 -0.9707 -0.0000
vn -0.1847 -0.9828 -0.0000
vn -0.1396 -0.9902 -0.0000
vn -0.1032 -0.9947 -0.0000
vn -0.0743 -0.9972 -0.0000
vn -0.0515 -0.9987 -0.0000
vn -0.0339 -0.9994 -0.0000
vn -0.0207 -0.9998 -0.0000
vn -0.0110 -0.9999 -0.0000
vn -0.0044 -1.0000 -0.0000
vn 0.6381 -0.7699 -0.0000
vn 0.9797 -0.2004 -0.0000
vn 0.9731 -0.2305 -0.0000
vn 0.9668 -0.2556 -0.0000
vn 0.9609 -0.2770 -0.0000
vn 0.9553 -0.2958 -0.0000
vn 0.9498 -0.3128 -0.0000
vn 0.9445 -0.3286 -0.0000
vn 0.9391 -0.3436 -0.0000
vn 0.9335 -0.3585 -0.0000
vn 0.9276 -0.3735 -0.0000
vn 0.9211 -0.3892 -0.0000
vn 0.8235 0.5673 -0.0000
vn -0.0408 0.9992 -0.0000
vn -0.0343 0.9994 -0.0000
vn -0.0278 0.9996 -0.0000
vn -0.0214 0.9998 -0.0000
vn -0.0148 0.9999 -0.0000
vn -0.0078 1.0000 -0.0000
vn -0.0001 1.0000 -0.0000
vn 0.0088 1.0000 -0.0000
vn 0.0197 0.9998 -0.0000
vn 0.0343 0.9994 -0.0000
vn 0.0561 0.9984 -0.0000
vn 0.0473 0.9989 -0.0000
vn 0.0571 0.9984 -0.0000
vn 0.1327 0.9912 -0.0000
vn 0.2337 0.9723 -0.0000
vn 0.3623 0.9321 -0.0000
vn 0.5127 0.8586 -0.0000
vn 0.6676 0.7445 -0.0000
vn 0.8023 0.5969 -0.0000
vn 0.8991 0.4377 -0.0000
vn 0.9568 0.2907 -0.0000
vn 0.9856 0.1688 -0.0000
vn 0.9973 0.0739 -0.0000
vn 0.9999 0.0164 -0.0000
vn 0.7071 -0.7071 -0.0000
vn -0.7071 -0.7071 -0.0000
vn 0.7071 0.7071 -0.0000
vn -0.5892 0.8080 -0.0000
vn -0.5982 0.8013 -0.0000
vn -0.6037 0.7972 -0.0000
vn -0.6060 0.7955 -0.0000
vn -0.6055 0.7958 -0.0000
vn -0.6026 0.7980 -0.0000
vn -0.5975 0.8018 -0.0000
vn -0.5906 0.8070 -0.0000
vn -0.5819 0.8132 -0.0000
vn -0.5718 0.8204 -0.0000
vn -0.5604 0.8282 -0.0000
vn -0.5353 0.8447 -0.0000
vn -0.4775 0.8786 -0.0000
vn -0.4010 0.9161 -0.0000
vn -0.3288 0.9444 -0.0000
vn -0.2629 0.9648 -0.0000
vn -0.2045 0.9789 -0.0000
vn -0.1541 0.9881 -0.0000
vn -0.1117 0.9937 -0.0000
vn -0.0769 0.9970 -0.0000
vn -0.0490 0.9988 -0.0000
vn -0.0275 0.9996 -0.0000
vn -0.0116 0.9999 -0.0000
vn 0.0007 1.0000 -0.0000
vn 0.0120 0.9999 -0.0000
vn 0.0226 0.9997 -0.0000
vn 0.0321 0.9995 -0.0000
vn 0.0408 0.9992 -0.0000
vn 0.0489 0.9988 -0.0000
vn 0.0565 0.9984 -0.0000
vn 0.0640 0.9979 -0.0000
vn 0.0716 0.9974 -0.0000
vn 0.0793 0.9968 -0.0000
vn 0.0877 0.9962 -0.0000
vn 0.0969 0.9953 -0.0000
vn -0.8105 0.5858 -0.0000
vn -0.9196 -0.3928 -0.0000
vn -0.9315 -0.3636 -0.0000
vn -0.9408 -0.3388 -0.0000
vn -0.9487 -0.3163 -0.0000
vn -0.9556 -0.2945 -0.0000
vn -0.9622 -0.2724 -0.0000
vn -0.9686 -0.2486 -0.0000
vn -0.9750 -0.2221 -0.0000
vn -0.9816 -0.1911 -0.0000
vn -0.9882 -0.1532 -0.0000
vn -0.9945 -0.1049 -0.0000
vn -0.7017 -0.7125 -0.0000
vn -0.0580 -0.9983 -0.0000
vn -0.0508 -0.9987 -0.0000
vn -0.0455 -0.9990 -0.0000
vn -0.0413 -0.9991 -0.0000
vn -0.0375 -0.9993 -0.0000
vn -0.0338 -0.9994 -0.0000
vn -0.0301 -0.9995 -0.0000
vn -0.0262 -0.9997 -0.0000
vn -0.0216 -0.9998 -0.0000
vn -0.0161 -0.9999 -0.0000
vn -0.0091 -1.0000 -0.0000
vn 0.0010 -1.0000 -0.0000
vn 0.0157 -0.9999 -0.0000
vn 0.0356 -0.9994 -0.0000
vn 0.0613 -0.9981 -0.0000
vn 0.0933 -0.9956 -0.0000
vn 0.1320 -0.9912 -0.0000
vn 0.1779 -0.9841 -0.0000
vn 0.2306 -0.9730 -0.0000
vn 0.2896 -0.9571 -0.0000
vn 0.3535 -0.9354 -0.0000
vn 0.4201 -0.9075 -0.0000
vn 0.4871 -0.8733 -0.0000
vn 0.5431 -0.8397 -0.0000
vn 0.5788 -0.8154 -0.0000
vn 0.6008 -0.7994 -0.0000
vn 0.6152 -0.7884 -0.0000
vn 0.6222 -0.7828 -0.0000
vn 0.6215 -0.7834 -0.0000
vn 0.6118 -0.7910 -0.0000
vn 0.5907 -0.8069 -0.0000
vn 0.5538 -0.8327 -0.0000
vn 0.4929 -0.8701 -0.0000
vn 0.3940 -0.9191 -0.0000
vn 0.2338 -0.9723 -0.0000
vn -0.0118 -0.9999 -0.0000
vn -0.2781 -0.9605 -0.0000
vn -0.4715 -0.8819 -0.0000
vn -0.5924 -0.8057 -0.0000
vn -0.6690 -0.7432 -0.0000
vn -0.7196 -0.6944 -0.0000
vn -0.7542 -0.6566 -0.0000
vn -0.7788 -0.6273 -0.0000
vn -0.7965 -0.6047 -0.0000
vn -0.8094 -0.5872 -0.0000
vn -0.8188 -0.5740 -0.0000
vn -0.8255 -0.5644 -0.0000
vn -0.0208 -0.9998 -0.0000
vn 0.9994 0.0337 -0.0000
vn 0.7557 0.6549 -0.0000
vn 0.7416 0.6709 -0.0000
vn 0.7251 0.6886 -0.0000
vn 0.7060 0.7082 -0.0000
vn 0.6834 0.7300 -0.0000
vn 0.6566 0.7542 -0.0000
vn 0.6245 0.7810 -0.0000
vn 0.5857 0.8105 -0.0000
vn 0.5384 0.8427 -0.0000
vn 0.4804 0.8771 -0.0000
vn 0.4087 0.9127 -0.0000
vn 0.8273 0.5618 -0.0000
vn -0.8899 0.4562 -0.0000
vn 0.3356 0.9420 -0.0000
vn 0.4328 0.9015 -0.0000
vn 0.5117 0.8591 -0.0000
vn 0.5746 0.8184 -0.0000
vn 0.6241 0.7813 -0.0000
vn 0.6629 0.7487 -0.0000
vn 0.6932 0.7208 -0.0000
vn 0.7168 0.6973 -0.0000
vn 0.7351 0.6780 -0.0000
vn 0.7492 0.6623 -0.0000
vn 0.7599 0.6500 -0.0000
vn 0.7593 0.6508 -0.0000
vn 0.7613 0.6484 -0.0000
vn 0.7739 0.6333 -0.0000
vn 0.7837 0.6211 -0.0000
vn 0.7924 0.6100 -0.0000
vn 0.8007 0.5991 -0.0000
vn 0.8090 0.5879 -0.0000
vn 0.8175 0.5760 -0.0000
vn 0.8265 0.5630 -0.0000
vn 0.8361 0.5486 -0.0000
vn 0.8465 0.5324 -0.0000
vn 0.8579 0.5138 -0.0000
vn 0.8671 -0.4981 -0.0000
vn -0.4875 -0.8731 -0.0000
vn -0.8473 -0.5311 -0.0000
vn -0.8391 -0.5440 -0.0000
vn -0.8308 -0.5566 -0.0000
vn -0.8223 -0.5690 -0.0000
vn -0.8137 -0.5813 -0.0000
vn -0.8048 -0.5936 -0.0000
vn -0.7956 -0.6058 -0.0000
vn -0.7860 -0.6182 -0.0000
vn -0.7759 -0.6308 -0.0000
vn -0.7653 -0.6437 -0.0000
vn -0.7540 -0.6569 -0.0000
vn -0.8966 0.4429 -0.0000
vn 0.9040 0.4274 -0.0000
vn 0.8143 -0.5805 -0.0000
vn 0.8092 -0.5875 -0.0000
vn 0.8041 -0.5945 -0.0000
vn 0.7987 -0.6017 -0.0000
vn 0.7932 -0.6090 -0.0000
vn 0.7873 -0.6165 -0.0000
vn 0.7811 -0.6243 -0.0000
vn 0.7746 -0.6325 -0.0000
vn 0.7675 -0.6410 -0.0000
vn 0.7599 -0.6501 -0.0000
vn 0.7516 -0.6596 -0.0000
vn 0.9802 0.1978 -0.0000
vn -0.1953 0.9808 -0.0000
vn -0.7506 0.6608 -0.0000
vn -0.7636 0.6457 -0.0000
vn -0.7754 0.6315 -0.0000
vn -0.7864 0.6177 -0.0000
vn -0.7970 0.6040 -0.0000
vn -0.8075 0.5899 -0.0000
vn -0.8181 0.5751 -0.0000
vn -0.8292 0.5589 -0.0000
vn -0.8411 0.5408 -0.0000
vn -0.8543 0.5198 -0.0000
vn -0.8693 0.4943 -0.0000
vn -0.9592 -0.2829 -0.0000
vn 0.3111 -0.9504 -0.0000
vn 0.9003 -0.4354 -0.0000
vn 0.8929 -0.4503 -0.0000
vn 0.8859 -0.4639 -0.0000
vn 0.8793 -0.4762 -0.0000
vn 0.8732 -0.4874 -0.0000
vn 0.8674 -0.4976 -0.0000
vn 0.8620 -0.5069 -0.0000
vn 0.8570 -0.5153 -0.0000
vn 0.8523 -0.5230 -0.0000
vn 0.8480 -0.5300 -0.0000
vn 0.8440 -0.5363 -0.0000
vn 0.4451 -0.8955 -0.0000
vn -0.0785 -0.9969 -0.0000
vn -0.0787 -0.9969 -0.0000
vn -0.0797 -0.9968 -0.0000
vn -0.0819 -0.9966 -0.0000
vn -0.0861 -0.9963 -0.0000
vn -0.0937 -0.9956 -0.0000
vn -0.1069 -0.9943 -0.0000
vn -0.1294 -0.9916 -0.0000
vn -0.1667 -0.9860 -0.0000
vn -0.2241 -0.9746 -0.0000
vn -0.2997 -0.9540 -0.0000
vn 0.4650 -0.8853 -0.0000
vn 0.9652 -0.2613 -0.0000
vn 0.9612 -0.2757 -0.0000
vn 0.9578 -0.2875 -0.0000
vn 0.9545 -0.2981 -0.0000
vn 0.9513 -0.3083 -0.0000
vn 0.9478 -0.3189 -0.0000
vn 0.9439 -0.3304 -0.0000
vn 0.9392 -0.3433 -0.0000
vn 0.9262 -0.3770 -0.0000
vn 0.9163 -0.4005 -0.0000
vn 0.9092 0.4163 -0.0000
vn -0.9968 0.0804 -0.0000
vn -0.9860 0.1666 -0.0000
vn -0.9659 0.2588 -0.0000
vn -0.9344 0.3562 -0.0000
vn -0.8892 0.4575 -0.0000
vn -0.8279 0.5609 -0.0000
vn -0.7479 0.6638 -0.0000
vn -0.6467 0.7628 -0.0000
vn -0.5219 0.8530 -0.0000
vn -0.3719 0.9283 -0.0000
vn -0.1964 0.9805 -0.0000
vn 0.0084 1.0000 -0.0000
vn 0.2292 0.9734 -0.0000
vn 0.4276 0.9040 -0.0000
vn 0.5816 0.8135 -0.0000
vn 0.6934 0.7205 -0.0000
vn 0.7725 0.6350 -0.0000
vn 0.8284 0.5602 -0.0000
vn 0.8683 0.4961 -0.0000
vn 0.8973 0.4414 -0.0000
vn 0.9188 0.3947 -0.0000
vn 0.9350 0.3545 -0.0000
vn 0.9475 0.3197 -0.0000
vn 0.9564 0.2922 -0.0000
vn 0.9619 0.2736 -0.0000
vn 0.9659 0.2591 -0.0000
vn 0.9695 0.2450 -0.0000
vn 0.9729 0.2312 -0.0000
vn 0.9761 0.2175 -0.0000
vn 0.9790 0.2038 -0.0000
vn 0.9817 0.1902 -0.0000
vn 0.9843 0.1765 -0.0000
vn 0.9867 0.1625 -0.0000
vn 0.9889 0.1483 -0.0000
vn 0.9910 0.1337 -0.0000
vn 0.6852 -0.7284 -0.0000
vn -0.2487 -0.9686 -0.0000
vn -0.3685 -0.9296 -0.0000
vn -0.4801 -0.8772 -0.0000
vn -0.5815 -0.8135 -0.0000
vn -0.6720 -0.7405 -0.0000
vn -0.7515 -0.6597 -0.0000
vn -0.8204 -0.5719 -0.0000
vn -0.8791 -0.4767 -0.0000
vn -0.9276 -0.3735 -0.0000
vn -0.9655 -0.2605 -0.0000
vn -0.9907 -0.1360 -0.0000
vn -0.9999 -0.0158 -0.0000
vn -0.9470 -0.3211 -0.0000
vn -0.9318 -0.3629 -0.0000
vn -0.9117 -0.4109 -0.0000
vn -0.8848 -0.4661 -0.0000
vn -0.8483 -0.5295 -0.0000
vn -0.7987 -0.6018 -0.0000
vn -0.7309 -0.6825 -0.0000
vn -0.6391 -0.7691 -0.0000
vn -0.5180 -0.8554 -0.0000
vn -0.3659 -0.9307 -0.0000
vn -0.1887 -0.9820 -0.0000
vn -0.0002 -1.0000 -0.0000
vn 0.1845 -0.9828 -0.0000
vn 0.3540 -0.9352 -0.0000
vn 0.5017 -0.8651 -0.0000
vn 0.6259 -0.7799 -0.0000
vn 0.7278 -0.6858 -0.0000
vn 0.8097 -0.5869 -0.0000
vn 0.8739 -0.4860 -0.0000
vn 0.9229 -0.3850 -0.0000
vn 0.9585 -0.2851 -0.0000
vn 0.9823 -0.1872 -0.0000
vn 0.9958 -0.0920 -0.0000
vn 0.9999 0.0141 -0.0000
vn 0.9894 0.1451 -0.0000
vn 0.9589 0.2837 -0.0000
vn 0.9111 0.4122 -0.0000
vn 0.8487 0.5289 -0.0000
vn 0.7737 0.6335 -0.0000
vn 0.6879 0.7258 -0.0000
vn 0.5923 0.8057 -0.0000
vn 0.4876 0.8731 -0.0000
vn 0.3746 0.9272 -0.0000
vn 0.2544 0.9671 -0.0000
vn 0.1286 0.9917 -0.0000
vn 0.0026 1.0000 -0.0000
vn -0.1209 0.9927 -0.0000
vn -0.2451 0.9695 -0.0000
vn -0.3697 0.9292 -0.0000
vn -0.4908 0.8713 -0.0000
vn -0.6046 0.7965 -0.0000
vn -0.7076 0.7066 -0.0000
vn -0.7970 0.6039 -0.0000
vn -0.8709 0.4914 -0.0000
vn -0.9282 0.3720 -0.0000
vn -0.9686 0.2486 -0.0000
vn -0.9923 0.1239 -0.0000
vn -1.0000 0.0028 -0.0000
vn -0.9934 -0.1150 -0.0000
vn -0.9717 -0.2361 -0.0000
vn -0.9328 -0.3604 -0.0000
vn -0.8756 -0.4830 -0.0000
vn -0.8013 -0.5983 -0.0000
vn -0.7130 -0.7012 -0.0000
vn -0.6152 -0.7884 -0.0000
vn -0.5129 -0.8585 -0.0000
vn -0.4105 -0.9119 -0.0000
vn -0.3114 -0.9503 -0.0000
vn -0.2177 -0.9760 -0.0000
vn 0.4040 -0.9148 -0.0000
vn 0.1038 0.9946 -0.0000
vn 0.1139 0.9935 -0.0000
vn 0.1237 0.9923 -0.0000
vn 0.1333 0.9911 -0.0000
vn 0.1427 0.9898 -0.0000
vn 0.1520 0.9884 -0.0000
vn 0.1614 0.9869 -0.0000
vn 0.1709 0.9853 -0.0000
vn 0.1805 0.9836 -0.0000
vn 0.1906 0.9817 -0.0000
vn 0.2012 0.9795 -0.0000
vn 0.2341 0.9722 -0.0000
vn 0.3020 0.9533 -0.0000
vn 0.3836 0.9235 -0.0000
vn 0.4666 0.8845 -0.0000
vn 0.5510 0.8345 -0.0000
vn 0.6358 0.7719 -0.0000
vn 0.7190 0.6950 -0.0000
vn 0.7976 0.6032 -0.0000
vn 0.8678 0.4970 -0.0000
vn 0.9255 0.3788 -0.0000
vn 0.9675 0.2530 -0.0000
vn 0.9921 0.1251 -0.0000
vn 1.0000 0.0037 -0.0000
vn 0.9940 -0.1093 -0.0000
vn 0.9752 -0.2211 -0.0000
vn 0.9425 -0.3343 -0.0000
vn 0.8946 -0.4468 -0.0000
vn 0.8312 -0.5560 -0.0000
vn 0.7523 -0.6588 -0.0000
vn 0.6591 -0.7520 -0.0000
vn 0.5541 -0.8324 -0.0000
vn 0.4405 -0.8977 -0.0000
vn 0.3224 -0.9466 -0.0000
vn 0.2039 -0.9790 -0.0000
vn -0.5987 -0.8010 -0.0000
vn -0.9893 -0.1458 -0.0000
vn -0.9879 -0.1550 -0.0000
vn -0.9863 -0.1648 -0.0000
vn -0.9845 -0.1752 -0.0000
vn -0.9825 -0.1863 -0.0000
vn -0.9802 -0.1982 -0.0000
vn -0.9775 -0.2108 -0.0000
vn -0.9745 -0.2243 -0.0000
vn -0.9711 -0.2387 -0.0000
vn -0.9672 -0.2542 -0.0000
vn -0.9627 -0.2707 -0.0000
vn -0.9569 -0.2904 -0.0000
vn -0.9405 -0.3397 -0.0000
vn -0.9360 -0.3521 -0.0000
vn -0.9313 -0.3643 -0.0000
vn -0.9265 -0.3762 -0.0000
vn -0.9217 -0.3879 -0.0000
vn -0.9168 -0.3994 -0.0000
vn -0.9119 -0.4105 -0.0000
vn -0.9069 -0.4213 -0.0000
vn -0.9020 -0.4318 -0.0000
vn -0.8970 -0.4420 -0.0000
vn -0.8921 -0.4518 -0.0000
vn -0.8534 0.5212 -0.0000
vn -0.4859 -0.8740 -0.0000
vn -0.8453 -0.5344 -0.0000
vn -0.8368 -0.5474 -0.0000
vn -0.8280 -0.5607 -0.0000
vn -0.8187 -0.5743 -0.0000
vn -0.8088 -0.5880 -0.0000
vn -0.7984 -0.6021 -0.0000
vn -0.7874 -0.6164 -0.0000
vn -0.7757 -0.6311 -0.0000
vn -0.7633 -0.6461 -0.0000
vn -0.7500 -0.6614 -0.0000
vn -0.7359 -0.6771 -0.0000
vn -0.0679 -0.9977 -0.0000
vn 0.6156 -0.7880 -0.0000
vn 0.5919 -0.8060 -0.0000
vn 0.5734 -0.8193 -0.0000
vn 0.5581 -0.8298 -0.0000
vn 0.5448 -0.8386 -0.0000
vn 0.5327 -0.8463 -0.0000
vn 0.5210 -0.8535 -0.0000
vn 0.5094 -0.8605 -0.0000
vn 0.4970 -0.8677 -0.0000
vn 0.4833 -0.8755 -0.0000
vn 0.4669 -0.8843 -0.0000
vn 0.9894 -0.1453 -0.0000
vn 0.7133 0.7008 -0.0000
vn 0.7486 0.6631 -0.0000
vn 0.7793 0.6267 -0.0000
vn 0.8063 0.5914 -0.0000
vn 0.8304 0.5572 -0.0000
vn 0.8518 0.5238 -0.0000
vn 0.8712 0.4909 -0.0000
vn 0.8889 0.4582 -0.0000
vn 0.9050 0.4254 -0.0000
vn 0.9198 0.3923 -0.0000
vn 0.9336 0.3583 -0.0000
vn 0.4758 0.8796 -0.0000
vn -0.8776 0.4793 -0.0000
vn -0.7481 0.6636 -0.0000
vn -0.7632 0.6462 -0.0000
vn -0.7765 0.6301 -0.0000
vn -0.7886 0.6149 -0.0000
vn -0.7997 0.6004 -0.0000
vn -0.8102 0.5862 -0.0000
vn -0.8204 0.5718 -0.0000
vn -0.8304 0.5571 -0.0000
vn -0.8407 0.5415 -0.0000
vn -0.8515 0.5244 -0.0000
vn -0.8630 0.5051 -0.0000
vn -0.5026 0.8645 -0.0000
vn -0.9045 -0.4265 -0.0000
vn -0.7764 0.6303 -0.0000
vn -0.7857 0.6186 -0.0000
vn -0.7948 0.6069 -0.0000
vn -0.8039 0.5948 -0.0000
vn -0.8132 0.5819 -0.0000
vn -0.8230 0.5680 -0.0000
vn -0.8336 0.5523 -0.0000
vn -0.8453 0.5344 -0.0000
vn -0.8583 0.5131 -0.0000
vn -0.8733 0.4872 -0.0000
vn -0.8907 0.4546 -0.0000
vn -0.9509 -0.3096 -0.0000
vn -0.9701 0.2425 -0.0000
vn 0.4966 0.8680 -0.0000
vn 0.8662 0.4997 -0.0000
vn 0.8738 0.4863 -0.0000
vn 0.8804 0.4742 -0.0000
vn 0.8864 0.4630 -0.0000
vn 0.8919 0.4522 -0.0000
vn 0.8972 0.4416 -0.0000
vn 0.9024 0.4308 -0.0000
vn 0.9078 0.4195 -0.0000
vn 0.9133 0.4072 -0.0000
vn 0.9193 0.3935 -0.0000
vn 0.9260 0.3776 -0.0000
vn 0.4237 0.9058 -0.0000
vn -0.9388 0.3445 -0.0000
vn -0.8523 -0.5230 -0.0000
vn -0.8514 -0.5246 -0.0000
vn -0.8504 -0.5262 -0.0000
vn -0.8494 -0.5277 -0.0000
vn -0.8484 -0.5294 -0.0000
vn -0.8474 -0.5310 -0.0000
vn -0.8463 -0.5328 -0.0000
vn -0.8451 -0.5346 -0.0000
vn -0.8439 -0.5365 -0.0000
vn -0.8426 -0.5386 -0.0000
vn -0.8411 -0.5408 -0.0000
vn -0.8781 0.4785 -0.0000
vn -1.0000 -0.0056 -0.0000
vn -0.9997 -0.0232 -0.0000
vn -0.9988 -0.0485 -0.0000
vn -0.9971 -0.0767 -0.0000
vn -0.9941 -0.1084 -0.0000
vn -0.9896 -0.1440 -0.0000
vn -0.9829 -0.1842 -0.0000
vn -0.9733 -0.2295 -0.0000
vn -0.9598 -0.2808 -0.0000
vn -0.9409 -0.3387 -0.0000
vn -0.9149 -0.4037 -0.0000
vn -0.8795 -0.4760 -0.0000
vn -0.0976 -0.9952 -0.0000
vn 0.7259 -0.6878 -0.0000
vn 0.6972 -0.7169 -0.0000
vn 0.6750 -0.7378 -0.0000
vn 0.6565 -0.7544 -0.0000
vn 0.6397 -0.7686 -0.0000
vn 0.6236 -0.7818 -0.0000
vn 0.6069 -0.7948 -0.0000
vn 0.5885 -0.8085 -0.0000
vn 0.5667 -0.8239 -0.0000
vn 0.5391 -0.8422 -0.0000
vn 0.5009 -0.8655 -0.0000
vn 0.9636 -0.2674 -0.0000
vn 0.8834 0.4687 -0.0000
vn 0.9184 0.3956 -0.0000
vn 0.9444 0.3287 -0.0000
vn 0.9632 0.2686 -0.0000
vn 0.9766 0.2152 -0.0000
vn 0.9858 0.1682 -0.0000
vn 0.9919 0.1272 -0.0000
vn 0.9958 0.0918 -0.0000
vn 0.9981 0.0616 -0.0000
vn 0.9993 0.0364 -0.0000
vn 0.9999 0.0161 -0.0000
vn 1.0000 0.0036 -0.0000
vn 0.8548 0.5190 -0.0000
vn 0.8810 -0.4732 -0.0000
vn 0.8689 -0.4950 -0.0000
vn 0.8583 -0.5132 -0.0000
vn 0.8488 -0.5287 -0.0000
vn 0.8402 -0.5423 -0.0000
vn 0.8321 -0.5546 -0.0000
vn 0.8245 -0.5658 -0.0000
vn 0.8172 -0.5764 -0.0000
vn 0.8099 -0.5865 -0.0000
vn 0.8026 -0.5965 -0.0000
vn 0.7950 -0.6066 -0.0000
vn 0.9731 0.2302 -0.0000
vn 0.9750 -0.2222 -0.0000
vn 0.8757 0.4829 -0.0000
vn 0.8434 -0.5373 -0.0000
vn 0.8387 -0.5446 -0.0000
vn 0.8340 -0.5518 -0.0000
vn 0.8291 -0.5591 -0.0000
vn 0.8241 -0.5665 -0.0000
vn 0.8188 -0.5741 -0.0000
vn 0.8132 -0.5820 -0.0000
vn 0.8072 -0.5903 -0.0000
vn 0.8007 -0.5990 -0.0000
vn 0.7936 -0.6084 -0.0000
vn 0.7858 -0.6185 -0.0000
vn 0.9751 0.2217 -0.0000
vn -0.1903 0.9817 -0.0000
vn -0.9727 -0.2321 -0.0000
vn -0.9700 -0.2429 -0.0000
vn -0.9674 -0.2532 -0.0000
vn -0.9648 -0.2630 -0.0000
vn -0.9596 -0.2814 -0.0000
vn -0.9571 -0.2899 -0.0000
vn -0.9545 -0.2981 -0.0000
vn -0.9520 -0.3060 -0.0000
vn -0.9496 -0.3135 -0.0000
vn -0.9472 -0.3207 -0.0000
vn -0.8137 0.5812 -0.0000
vn -0.7198 0.6941 -0.0000
vn -0.9993 -0.0369 -0.0000
vn -0.9993 -0.0380 -0.0000
vn -0.9992 -0.0394 -0.0000
vn -0.9992 -0.0410 -0.0000
vn -0.9991 -0.0430 -0.0000
vn -0.9990 -0.0455 -0.0000
vn -0.9988 -0.0487 -0.0000
vn -0.9986 -0.0528 -0.0000
vn -0.9983 -0.0584 -0.0000
vn -0.9978 -0.0665 -0.0000
vn -0.9969 -0.0793 -0.0000
vn -0.9976 -0.0691 -0.0000
vn -0.9985 -0.0545 -0.0000
vn -0.9981 -0.0624 -0.0000
vn -0.9973 -0.0728 -0.0000
vn -0.9962 -0.0866 -0.0000
vn -0.9916 -0.1294 -0.0000
vn -0.9867 -0.1627 -0.0000
vn -0.9780 -0.2086 -0.0000
vn -0.9622 -0.2723 -0.0000
vn -0.9325 -0.3613 -0.0000
vn -0.8757 -0.4829 -0.0000
vn -0.8161 -0.5780 -0.0000
vn -0.7764 -0.6302 -0.0000
vn -0.7312 -0.6821 -0.0000
vn -0.6771 -0.7359 -0.0000
vn -0.6143 -0.7891 -0.0000
vn -0.5447 -0.8386 -0.0000
vn -0.4712 -0.8820 -0.0000
vn -0.3976 -0.9175 -0.0000
vn -0.3279 -0.9447 -0.0000
vn -0.2651 -0.9642 -0.0000
vn -0.2113 -0.9774 -0.0000
vn -0.1675 -0.9859 -0.0000
vn -0.1224 -0.9925 -0.0000
vn -0.0848 -0.9964 -0.0000
vn -0.0630 -0.9980 -0.0000
vn -0.0443 -0.9990 -0.0000
vn -0.0280 -0.9996 -0.0000
vn -0.0134 -0.9999 -0.0000
vn -0.0001 -1.0000 -0.0000
vn 0.0122 -0.9999 -0.0000
vn 0.0239 -0.9997 -0.0000
vn 0.0352 -0.9994 -0.0000
vn 0.0462 -0.9989 -0.0000
vn 0.0571 -0.9984 -0.0000
vn 0.6917 -0.7222 -0.0000
vn 0.9928 -0.1194 -0.0000
vn 0.9892 -0.1465 -0.0000
vn 0.9850 -0.1726 -0.0000
vn 0.9801 -0.1987 -0.0000
vn 0.9743 -0.2254 -0.0000
vn 0.9673 -0.2536 -0.0000
vn 0.9589 -0.2838 -0.0000
vn 0.9485 -0.3169 -0.0000
vn 0.9354 -0.3537 -0.0000
vn 0.9185 -0.3953 -0.0000
vn 0.8966 -0.4429 -0.0000
vn 0.8343 0.5513 -0.0000
vn -0.0796 0.9968 -0.0000
vn -0.0712 0.9975 -0.0000
vn -0.0632 0.9980 -0.0000
vn -0.0557 0.9984 -0.0000
vn -0.0486 0.9988 -0.0000
vn -0.0417 0.9991 -0.0000
vn -0.0350 0.9994 -0.0000
vn -0.0285 0.9996 -0.0000
vn -0.0220 0.9998 -0.0000
vn -0.0152 0.9999 -0.0000
vn -0.0080 1.0000 -0.0000
vn 0.0060 1.0000 -0.0000
vn 0.0361 0.9993 -0.0000
vn 0.0817 0.9967 -0.0000
vn 0.1388 0.9903 -0.0000
vn 0.2072 0.9783 -0.0000
vn 0.2850 0.9585 -0.0000
vn 0.3688 0.9295 -0.0000
vn 0.4537 0.8911 -0.0000
vn 0.5348 0.8450 -0.0000
vn 0.6079 0.7941 -0.0000
vn 0.6703 0.7421 -0.0000
vn 0.7216 0.6923 -0.0000
vn 0.7869 0.6170 -0.0000
vn 0.8733 0.4872 -0.0000
vn 0.9349 0.3549 -0.0000
vn 0.9640 0.2659 -0.0000
vn 0.9788 0.2050 -0.0000
vn 0.9868 0.1620 -0.0000
vn 0.9914 0.1308 -0.0000
vn 0.9942 0.1076 -0.0000
vn 0.9960 0.0899 -0.0000
vn 0.9971 0.0762 -0.0000
vn 0.9979 0.0655 -0.0000
vn 0.9984 0.0570 -0.0000
vn 0.7257 -0.6880 -0.0000
vn -0.6295 -0.7770 -0.0000
vn -0.9743 -0.2253 -0.0000
vn -0.9652 -0.2616 -0.0000
vn -0.9542 -0.2993 -0.0000
vn -0.9409 -0.3388 -0.0000
vn -0.9246 -0.3809 -0.0000
vn -0.9047 -0.4261 -0.0000
vn -0.8800 -0.4750 -0.0000
vn -0.8491 -0.5282 -0.0000
vn -0.8103 -0.5861 -0.0000
vn -0.7611 -0.6486 -0.0000
vn -0.6990 -0.7151 -0.0000
vn 0.0208 -0.9998 -0.0000
vn 0.6824 -0.7310 -0.0000
vn 0.6603 -0.7510 -0.0000
vn 0.6404 -0.7681 -0.0000
vn 0.6218 -0.7832 -0.0000
vn 0.6036 -0.7973 -0.0000
vn 0.5854 -0.8107 -0.0000
vn 0.5664 -0.8241 -0.0000
vn 0.5460 -0.8378 -0.0000
vn 0.5233 -0.8522 -0.0000
vn 0.4973 -0.8676 -0.0000
vn 0.4664 -0.8845 -0.0000
vn 0.9945 -0.1049 -0.0000
vn 0.6649 0.7469 -0.0000
vn 0.7335 0.6796 -0.0000
vn 0.7884 0.6151 -0.0000
vn 0.8321 0.5546 -0.0000
vn 0.8669 0.4985 -0.0000
vn 0.8946 0.4468 -0.0000
vn 0.9170 0.3990 -0.0000
vn 0.9350 0.3547 -0.0000
vn 0.9497 0.3133 -0.0000
vn 0.9616 0.2744 -0.0000
vn 0.9714 0.2373 -0.0000
vn 0.7807 -0.6249 -0.0000
vn -0.6022 -0.7983 -0.0000
vn -0.9565 -0.2918 -0.0000
vn -0.9455 -0.3257 -0.0000
vn -0.9332 -0.3592 -0.0000
vn -0.9195 -0.3932 -0.0000
vn -0.9037 -0.4281 -0.0000
vn -0.8855 -0.4646 -0.0000
vn -0.8640 -0.5035 -0.0000
vn -0.8382 -0.5454 -0.0000
vn -0.8067 -0.5909 -0.0000
vn -0.7677 -0.6408 -0.0000
vn -0.7185 -0.6955 -0.0000
vn 0.0037 -1.0000 -0.0000
vn 0.6854 -0.7281 -0.0000
vn 0.6657 -0.7462 -0.0000
vn 0.6476 -0.7620 -0.0000
vn 0.6307 -0.7760 -0.0000
vn 0.6145 -0.7889 -0.0000
vn 0.5985 -0.8012 -0.0000
vn 0.5823 -0.8130 -0.0000
vn 0.5655 -0.8248 -0.0000
vn 0.5477 -0.8367 -0.0000
vn 0.5282 -0.8491 -0.0000
vn 0.5064 -0.8623 -0.0000
vn 0.9951 -0.0986 -0.0000
vn 0.6858 0.7278 -0.0000
vn 0.7387 0.6740 -0.0000
vn 0.7814 0.6241 -0.0000
vn 0.8162 0.5778 -0.0000
vn 0.8450 0.5347 -0.0000
vn 0.8693 0.4943 -0.0000
vn 0.8900 0.4560 -0.0000
vn 0.9079 0.4192 -0.0000
vn 0.9236 0.3833 -0.0000
vn 0.9376 0.3476 -0.0000
vn 0.9502 0.3116 -0.0000
vn 0.8042 -0.5944 -0.0000
vn -0.5409 -0.8411 -0.0000
vn -0.9063 -0.4225 -0.0000
vn -0.8987 -0.4385 -0.0000
vn -0.8903 -0.4554 -0.0000
vn -0.8810 -0.4732 -0.0000
vn -0.8706 -0.4919 -0.0000
vn -0.8591 -0.5117 -0.0000
vn -0.8464 -0.5326 -0.0000
vn -0.8321 -0.5546 -0.0000
vn -0.8163 -0.5776 -0.0000
vn -0.7986 -0.6018 -0.0000
vn -0.7789 -0.6271 -0.0000
vn -0.0578 -0.9983 -0.0000
vn 0.6756 -0.7372 -0.0000
vn 0.6514 -0.7588 -0.0000
vn 0.6327 -0.7744 -0.0000
vn 0.6176 -0.7865 -0.0000
vn 0.6045 -0.7966 -0.0000
vn 0.5927 -0.8054 -0.0000
vn 0.5814 -0.8136 -0.0000
vn 0.5700 -0.8216 -0.0000
vn 0.5579 -0.8299 -0.0000
vn 0.5442 -0.8390 -0.0000
vn 0.5276 -0.8495 -0.0000
vn 0.9876 -0.1569 -0.0000
vn 0.7784 0.6277 -0.0000
vn 0.8155 0.5788 -0.0000
vn 0.8464 0.5326 -0.0000
vn 0.8723 0.4890 -0.0000
vn 0.8941 0.4479 -0.0000
vn 0.9124 0.4093 -0.0000
vn 0.9280 0.3727 -0.0000
vn 0.9411 0.3380 -0.0000
vn 0.9524 0.3049 -0.0000
vn 0.9620 0.2730 -0.0000
vn 0.9702 0.2423 -0.0000
vn 0.5461 0.8377 -0.0000
vn -0.8376 0.5464 -0.0000
vn -0.9934 -0.1148 -0.0000
vn -0.9926 -0.1211 -0.0000
vn -0.9919 -0.1268 -0.0000
vn -0.9913 -0.1319 -0.0000
vn -0.9906 -0.1365 -0.0000
vn -0.9901 -0.1406 -0.0000
vn -0.9896 -0.1441 -0.0000
vn -0.9891 -0.1471 -0.0000
vn -0.9888 -0.1495 -0.0000
vn -0.9885 -0.1514 -0.0000
vn -0.9883 -0.1528 -0.0000
vn -0.7594 0.6506 -0.0000
vn -0.5963 0.8028 -0.0000
vn -0.5343 0.8453 -0.0000
vn -0.8070 -0.5905 -0.0000
vn 0.4785 -0.8781 -0.0000
vn 0.8661 0.5000 -0.0000
vn 0.2528 0.9675 -0.0000
vn 0.2577 0.9662 -0.0000
vn 0.2618 0.9651 -0.0000
vn 0.2651 0.9642 -0.0000
vn 0.2679 0.9634 -0.0000
vn 0.2701 0.9628 -0.0000
vn 0.2719 0.9623 -0.0000
vn 0.2732 0.9620 -0.0000
vn 0.2741 0.9617 -0.0000
vn 0.2746 0.9616 -0.0000
vn 0.2748 0.9615 -0.0000
vn 0.7984 0.6022 -0.0000
vn -0.6265 -0.7794 -0.0000
vn -0.9754 -0.2205 -0.0000
vn -0.9728 -0.2317 -0.0000
vn -0.9699 -0.2434 -0.0000
vn -0.9668 -0.2556 -0.0000
vn -0.9633 -0.2683 -0.0000
vn -0.9595 -0.2818 -0.0000
vn -0.9552 -0.2960 -0.0000
vn -0.9504 -0.3110 -0.0000
vn -0.9450 -0.3272 -0.0000
vn -0.9388 -0.3444 -0.0000
vn -0.9318 -0.3631 -0.0000
vn -0.2765 -0.9610 -0.0000
vn 0.5789 -0.8154 -0.0000
vn 0.5626 -0.8267 -0.0000
vn 0.5497 -0.8354 -0.0000
vn 0.5385 -0.8426 -0.0000
vn 0.5279 -0.8493 -0.0000
vn 0.5173 -0.8558 -0.0000
vn 0.5060 -0.8625 -0.0000
vn 0.4934 -0.8698 -0.0000
vn 0.4783 -0.8782 -0.0000
vn 0.4595 -0.8882 -0.0000
vn 0.4344 -0.9007 -0.0000
vn 0.9303 -0.3667 -0.0000
vn 0.9353 0.3538 -0.0000
vn 0.9506 0.3105 -0.0000
vn 0.9619 0.2734 -0.0000
vn 0.9704 0.2415 -0.0000
vn 0.9768 0.2140 -0.0000
vn 0.9818 0.1900 -0.0000
vn 0.9856 0.1691 -0.0000
vn 0.9886 0.1508 -0.0000
vn 0.9909 0.1348 -0.0000
vn 0.9927 0.1206 -0.0000
vn 0.9941 0.1082 -0.0000
vn 0.6114 0.7914 -0.0000
vn -0.7941 0.6077 -0.0000
vn -0.5432 0.8396 -0.0000
vn 0.8396 0.5432 -0.0000
vn 0.8567 0.5158 -0.0000
vn 0.8836 -0.4683 -0.0000
vn 0.8828 -0.4697 -0.0000
vn 0.8815 -0.4722 -0.0000
vn 0.8795 -0.4759 -0.0000
vn 0.8768 -0.4808 -0.0000
vn 0.8734 -0.4869 -0.0000
vn 0.8693 -0.4943 -0.0000
vn 0.8642 -0.5031 -0.0000
vn 0.8582 -0.5134 -0.0000
vn 0.8509 -0.5253 -0.0000
vn 0.8422 -0.5391 -0.0000
vn 0.9404 0.3401 -0.0000
vn -0.3115 0.9502 -0.0000
vn -0.8095 0.5871 -0.0000
vn -0.8219 0.5696 -0.0000
vn -0.8329 0.5533 -0.0000
vn -0.8430 0.5380 -0.0000
vn -0.8523 0.5230 -0.0000
vn -0.8613 0.5081 -0.0000
vn -0.8701 0.4930 -0.0000
vn -0.8789 0.4770 -0.0000
vn -0.8880 0.4599 -0.0000
vn -0.8976 0.4409 -0.0000
vn -0.9080 0.4191 -0.0000
vn -0.5444 0.8388 -0.0000
vn -0.8886 0.4587 -0.0000
vn -0.8780 0.4787 -0.0000
vn -0.8671 0.4982 -0.0000
vn -0.8558 0.5173 -0.0000
vn -0.8441 0.5362 -0.0000
vn -0.8320 0.5547 -0.0000
vn -0.8196 0.5730 -0.0000
vn -0.8066 0.5911 -0.0000
vn -0.7932 0.6089 -0.0000
vn -0.7793 0.6266 -0.0000
vn -0.7648 0.6442 -0.0000
vn -0.1086 0.9941 -0.0000
vn 0.6031 0.7977 -0.0000
vn 0.6122 0.7907 -0.0000
vn 0.6213 0.7836 -0.0000
vn 0.6306 0.7761 -0.0000
vn 0.6403 0.7681 -0.0000
vn 0.6506 0.7595 -0.0000
vn 0.6617 0.7498 -0.0000
vn 0.6739 0.7389 -0.0000
vn 0.6875 0.7262 -0.0000
vn 0.7029 0.7113 -0.0000
vn 0.7207 0.6932 -0.0000
vn 0.0638 0.9980 -0.0000
vn -0.9997 0.0232 -0.0000
vn -0.6666 -0.7454 -0.0000
vn -0.6558 -0.7549 -0.0000
vn -0.6459 -0.7634 -0.0000
vn -0.6368 -0.7710 -0.0000
vn -0.6283 -0.7779 -0.0000
vn -0.6205 -0.7842 -0.0000
vn -0.6131 -0.7900 -0.0000
vn -0.6061 -0.7954 -0.0000
vn -0.5995 -0.8004 -0.0000
vn -0.5932 -0.8050 -0.0000
vn -0.5872 -0.8095 -0.0000
vn -0.9991 -0.0436 -0.0000
vn -0.6398 0.7685 -0.0000
vn -0.6137 0.7895 -0.0000
vn -0.5868 0.8097 -0.0000
vn -0.5591 0.8291 -0.0000
vn -0.5306 0.8476 -0.0000
vn -0.5011 0.8654 -0.0000
vn -0.4707 0.8823 -0.0000
vn -0.4394 0.8983 -0.0000
vn -0.4071 0.9134 -0.0000
vn -0.3738 0.9275 -0.0000
vn -0.3395 0.9406 -0.0000
vn -0.9815 0.1913 -0.0000
vn -0.6698 -0.7425 -0.0000
vn -0.6983 -0.7158 -0.0000
vn -0.7222 -0.6917 -0.0000
vn -0.7431 -0.6692 -0.0000
vn -0.7621 -0.6474 -0.0000
vn -0.7800 -0.6258 -0.0000
vn -0.7974 -0.6035 -0.0000
vn -0.8148 -0.5798 -0.0000
vn -0.8327 -0.5537 -0.0000
vn -0.8517 -0.5240 -0.0000
vn -0.8723 -0.4889 -0.0000
vn -0.3356 -0.9420 -0.0000
vn 0.4191 -0.9079 -0.0000
vn 0.4808 -0.8768 -0.0000
vn 0.5389 -0.8424 -0.0000
vn 0.5932 -0.8050 -0.0000
vn 0.6439 -0.7651 -0.0000
vn 0.6910 -0.7229 -0.0000
vn 0.7747 -0.6323 -0.0000
vn 0.8117 -0.5841 -0.0000
vn 0.8454 -0.5341 -0.0000
vn 0.8760 -0.4823 -0.0000
vn 0.1683 -0.9857 -0.0000
vn -0.6838 -0.7297 -0.0000
vn -0.6745 -0.7383 -0.0000
vn -0.6652 -0.7466 -0.0000
vn -0.6560 -0.7548 -0.0000
vn -0.6468 -0.7627 -0.0000
vn -0.6376 -0.7704 -0.0000
vn -0.6285 -0.7778 -0.0000
vn -0.6194 -0.7851 -0.0000
vn -0.6104 -0.7921 -0.0000
vn -0.6014 -0.7990 -0.0000
vn -0.5925 -0.8056 -0.0000
vn -0.8911 -0.4538 -0.0000
vn -0.6016 0.7988 -0.0000
vn -0.6203 0.7844 -0.0000
vn -0.9993 -0.0377 -0.0000
vn -0.9998 -0.0205 -0.0000
vn -1.0000 -0.0065 -0.0000
vn -1.0000 0.0051 -0.0000
vn -0.9999 0.0151 -0.0000
vn -0.9997 0.0239 -0.0000
vn -0.9995 0.0320 -0.0000
vn -0.9992 0.0395 -0.0000
vn -0.9989 0.0468 -0.0000
vn -0.9985 0.0542 -0.0000
vn -0.9981 0.0622 -0.0000
vn -0.8299 -0.5580 -0.0000
vn -0.3154 -0.9490 -0.0000
vn -0.3165 -0.9486 -0.0000
vn -0.3184 -0.9480 -0.0000
vn -0.3217 -0.9468 -0.0000
vn -0.3270 -0.9450 -0.0000
vn -0.3354 -0.9421 -0.0000
vn -0.3487 -0.9372 -0.0000
vn -0.3693 -0.9293 -0.0000
vn -0.4008 -0.9162 -0.0000
vn -0.4461 -0.8950 -0.0000
vn -0.5039 -0.8637 -0.0000
vn 0.3061 -0.9520 -0.0000
vn 0.9190 -0.3943 -0.0000
vn 0.9032 -0.4291 -0.0000
vn 0.8893 -0.4573 -0.0000
vn 0.8767 -0.4810 -0.0000
vn 0.8650 -0.5018 -0.0000
vn 0.8536 -0.5209 -0.0000
vn 0.8423 -0.5391 -0.0000
vn 0.8304 -0.5571 -0.0000
vn 0.8175 -0.5759 -0.0000
vn 0.8028 -0.5962 -0.0000
vn 0.7851 -0.6193 -0.0000
vn 0.9878 0.1556 -0.0000
vn 0.5731 0.8195 -0.0000
vn 0.6324 0.7747 -0.0000
vn 0.6923 0.7216 -0.0000
vn 0.7513 0.6599 -0.0000
vn 0.8075 0.5899 -0.0000
vn 0.8587 0.5124 -0.0000
vn 0.9033 0.4290 -0.0000
vn 0.9398 0.3417 -0.0000
vn 0.9862 0.1653 -0.0000
vn 0.9968 0.0805 -0.0000
vn 0.9998 0.0196 -0.0000
vn 0.4966 -0.8680 -0.0000
vn -0.5018 -0.8650 -0.0000
vn -0.4916 -0.8708 -0.0000
vn -0.4812 -0.8766 -0.0000
vn -0.4706 -0.8824 -0.0000
vn -0.4598 -0.8880 -0.0000
vn -0.4489 -0.8936 -0.0000
vn -0.4379 -0.8990 -0.0000
vn -0.4269 -0.9043 -0.0000
vn -0.4158 -0.9095 -0.0000
vn -0.4046 -0.9145 -0.0000
vn -0.3935 -0.9193 -0.0000
vn 0.3317 -0.9434 -0.0000
vn 0.8665 -0.4992 -0.0000
vn 0.8418 -0.5398 -0.0000
vn 0.8203 -0.5720 -0.0000
vn 0.8008 -0.5989 -0.0000
vn 0.7824 -0.6228 -0.0000
vn 0.7641 -0.6451 -0.0000
vn 0.7452 -0.6668 -0.0000
vn 0.7247 -0.6891 -0.0000
vn 0.7013 -0.7129 -0.0000
vn 0.6731 -0.7395 -0.0000
vn 0.6374 -0.7706 -0.0000
vn 0.9894 0.1455 -0.0000
vn 0.3779 0.9259 -0.0000
vn 0.4052 0.9142 -0.0000
vn 0.4322 0.9018 -0.0000
vn 0.4591 0.8884 -0.0000
vn 0.4860 0.8740 -0.0000
vn 0.5129 0.8584 -0.0000
vn 0.5400 0.8417 -0.0000
vn 0.5675 0.8234 -0.0000
vn 0.5955 0.8034 -0.0000
vn 0.6536 0.7568 -0.0000
vn 0.9337 -0.3580 -0.0000
vn -0.7826 -0.6226 -0.0000
vn -0.9027 -0.4304 -0.0000
vn -0.4381 -0.8989 -0.0000
vn -0.4367 -0.8996 -0.0000
vn -0.4352 -0.9003 -0.0000
vn -0.4337 -0.9011 -0.0000
vn -0.4320 -0.9019 -0.0000
vn -0.4301 -0.9028 -0.0000
vn -0.4281 -0.9037 -0.0000
vn -0.4258 -0.9048 -0.0000
vn -0.4233 -0.9060 -0.0000
vn -0.4205 -0.9073 -0.0000
vn -0.4173 -0.9087 -0.0000
vn 0.3988 -0.9170 -0.0000
vn 0.9065 0.4223 -0.0000
vn 0.3699 0.9291 -0.0000
vn 0.3733 0.9277 -0.0000
vn 0.3766 0.9264 -0.0000
vn 0.3798 0.9251 -0.0000
vn 0.3830 0.9237 -0.0000
vn 0.3863 0.9224 -0.0000
vn 0.3895 0.9210 -0.0000
vn 0.3928 0.9196 -0.0000
vn 0.3960 0.9182 -0.0000
vn 0.3994 0.9168 -0.0000
vn 0.4027 0.9153 -0.0000
vn 0.8380 0.5457 -0.0000
vn -0.9992 -0.0400 -0.0000
vn -0.9993 -0.0366 -0.0000
vn -0.9994 -0.0337 -0.0000
vn -0.9995 -0.0311 -0.0000
vn -0.9996 -0.0285 -0.0000
vn -0.9997 -0.0258 -0.0000
vn -0.9997 -0.0230 -0.0000
vn -0.9998 -0.0199 -0.0000
vn -0.9999 -0.0163 -0.0000
vn -0.9999 -0.0120 -0.0000
vn -1.0000 -0.0066 -0.0000
vn -0.9997 0.0253 -0.0000
vn -0.9934 0.1151 -0.0000
vn -0.9697 0.2444 -0.0000
vn -0.9228 0.3852 -0.0000
vn -0.8487 0.5288 -0.0000
vn -0.7485 0.6631 -0.0000
vn -0.6294 0.7771 -0.0000
vn -0.5024 0.8646 -0.0000
vn -0.3782 0.9257 -0.0000
vn -0.2640 0.9645 -0.0000
vn -0.1632 0.9866 -0.0000
vn -0.0761 0.9971 -0.0000
vn 0.0057 1.0000 -0.0000
vn 0.0965 0.9953 -0.0000
vn 0.1957 0.9807 -0.0000
vn 0.2947 0.9556 -0.0000
vn 0.3898 0.9209 -0.0000
vn 0.4780 0.8784 -0.0000
vn 0.5568 0.8306 -0.0000
vn 0.6252 0.7805 -0.0000
vn 0.6828 0.7306 -0.0000
vn 0.7303 0.6832 -0.0000
vn 0.7684 0.6399 -0.0000
vn 0.7984 0.6021 -0.0000
vn 0.0366 0.9993 -0.0000
vn -0.9997 0.0233 -0.0000
vn -0.7802 -0.6255 -0.0000
vn -0.7461 -0.6658 -0.0000
vn -0.7052 -0.7090 -0.0000
vn -0.6568 -0.7540 -0.0000
vn -0.6001 -0.7999 -0.0000
vn -0.5346 -0.8451 -0.0000
vn -0.4602 -0.8878 -0.0000
vn -0.3775 -0.9260 -0.0000
vn -0.2879 -0.9577 -0.0000
vn -0.1933 -0.9811 -0.0000
vn -0.0964 -0.9953 -0.0000
vn -0.0056 -1.0000 -0.0000
vn 0.0773 -0.9970 -0.0000
vn 0.1662 -0.9861 -0.0000
vn 0.2691 -0.9631 -0.0000
vn 0.3854 -0.9228 -0.0000
vn 0.5112 -0.8595 -0.0000
vn 0.6388 -0.7694 -0.0000
vn 0.8551 -0.5184 -0.0000
vn 0.9266 -0.3760 -0.0000
vn 0.9713 -0.2377 -0.0000
vn 0.9937 -0.1117 -0.0000
vn 0.9997 -0.0237 -0.0000
vn 1.0000 0.0089 -0.0000
vn 0.9999 0.0155 -0.0000
vn 0.9998 0.0201 -0.0000
vn 0.9997 0.0232 -0.0000
vn 0.9997 0.0252 -0.0000
vn 0.9997 0.0262 -0.0000
vn 0.9997 0.0251 -0.0000
vn 0.9997 0.0227 -0.0000
vn 0.9998 0.0185 -0.0000
vn 0.9999 0.0113 -0.0000
vn 1.0000 0.0011 -0.0000
vn 1.0000 -0.0096 -0.0000
vn 0.9998 -0.0199 -0.0000
vn 0.9995 -0.0313 -0.0000
vn 0.9990 -0.0438 -0.0000
vn 0.9983 -0.0575 -0.0000
vn 0.9974 -0.0725 -0.0000
vn 0.9960 -0.0891 -0.0000
vn 0.9942 -0.1074 -0.0000
vn 0.9918 -0.1277 -0.0000
vn 0.9887 -0.1502 -0.0000
vn 0.9845 -0.1752 -0.0000
vn 0.7677 0.6408 -0.0000
vn -0.7596 0.6504 -0.0000
vn -0.9903 -0.1388 -0.0000
vn -0.9918 -0.1281 -0.0000
vn -0.9930 -0.1177 -0.0000
vn -0.9942 -0.1076 -0.0000
vn -0.9952 -0.0977 -0.0000
vn -0.9961 -0.0879 -0.0000
vn -0.9969 -0.0783 -0.0000
vn -0.9976 -0.0687 -0.0000
vn -0.9982 -0.0592 -0.0000
vn -0.9988 -0.0496 -0.0000
vn -0.9993 -0.0385 -0.0000
vn 0.6464 0.7630 -0.0000
vn 0.9899 0.1418 -0.0000
vn 0.9935 0.1137 -0.0000
vn 0.9947 0.1023 -0.0000
vn 0.9960 0.0898 -0.0000
vn 0.9971 0.0763 -0.0000
vn 0.9981 0.0620 -0.0000
vn 0.9989 0.0471 -0.0000
vn 0.9995 0.0320 -0.0000
vn 0.9999 0.0170 -0.0000
vn 1.0000 0.0025 -0.0000
vn 0.9999 -0.0113 -0.0000
vn 0.9997 -0.0240 -0.0000
vn 0.6978 0.7163 -0.0000
vn -0.8061 0.5918 -0.0000
vn -0.9706 -0.2405 -0.0000
vn -0.9729 -0.2312 -0.0000
vn -0.9748 -0.2230 -0.0000
vn -0.9764 -0.2159 -0.0000
vn -0.9778 -0.2097 -0.0000
vn -0.9789 -0.2044 -0.0000
vn -0.9798 -0.1999 -0.0000
vn -0.9806 -0.1962 -0.0000
vn -0.9811 -0.1933 -0.0000
vn -0.9819 -0.1896 -0.0000
vn -0.9822 -0.1877 -0.0000
vn -0.7545 0.6563 -0.0000
vn 0.0549 0.9985 -0.0000
vn 0.0678 0.9977 -0.0000
vn 0.0803 0.9968 -0.0000
vn 0.0928 0.9957 -0.0000
vn 0.1055 0.9944 -0.0000
vn 0.1184 0.9930 -0.0000
vn 0.1319 0.9913 -0.0000
vn 0.1461 0.9893 -0.0000
vn 0.1612 0.9869 -0.0000
vn 0.1774 0.9841 -0.0000
vn 0.1952 0.9808 -0.0000
vn -0.6256 0.7801 -0.0000
vn -0.7664 -0.6424 -0.0000
vn -0.1557 -0.9878 -0.0000
vn -0.1439 -0.9896 -0.0000
vn -0.1332 -0.9911 -0.0000
vn -0.1231 -0.9924 -0.0000
vn -0.1134 -0.9936 -0.0000
vn -0.1039 -0.9946 -0.0000
vn -0.0943 -0.9955 -0.0000
vn -0.0845 -0.9964 -0.0000
vn -0.0742 -0.9972 -0.0000
vn -0.0633 -0.9980 -0.0000
vn -0.0514 -0.9987 -0.0000
vn -0.6451 -0.7641 -0.0000
vn -0.9767 -0.2148 -0.0000
vn -0.9739 -0.2269 -0.0000
vn -0.9722 -0.2341 -0.0000
vn -0.9702 -0.2423 -0.0000
vn -0.9678 -0.2517 -0.0000
vn -0.9649 -0.2626 -0.0000
vn -0.9613 -0.2755 -0.0000
vn -0.9568 -0.2908 -0.0000
vn -0.9510 -0.3093 -0.0000
vn -0.9432 -0.3322 -0.0000
vn -0.6198 0.7848 -0.0000
vn 0.5311 0.8473 -0.0000
vn 0.4852 0.8744 -0.0000
vn 0.4365 0.8997 -0.0000
vn 0.3858 0.9226 -0.0000
vn 0.3339 0.9426 -0.0000
vn 0.2814 0.9596 -0.0000
vn 0.2294 0.9733 -0.0000
vn 0.1786 0.9839 -0.0000
vn 0.1297 0.9915 -0.0000
vn 0.0835 0.9965 -0.0000
vn 0.0403 0.9992 -0.0000
vn -0.0119 0.9999 -0.0000
vn -0.0898 0.9960 -0.0000
vn -0.1867 0.9824 -0.0000
vn -0.2912 0.9567 -0.0000
vn -0.4019 0.9157 -0.0000
vn -0.5161 0.8565 -0.0000
vn -0.6296 0.7769 -0.0000
vn -0.7366 0.6764 -0.0000
vn -0.8307 0.5567 -0.0000
vn -0.9063 0.4225 -0.0000
vn -0.9598 0.2806 -0.0000
vn -0.9904 0.1380 -0.0000
vn -0.9999 -0.0107 -0.0000
vn -0.9826 -0.1857 -0.0000
vn -0.9247 -0.3807 -0.0000
vn -0.8246 -0.5658 -0.0000
vn -0.6939 -0.7201 -0.0000
vn -0.5519 -0.8339 -0.0000
vn -0.4151 -0.9098 -0.0000
vn -0.2925 -0.9563 -0.0000
vn -0.1863 -0.9825 -0.0000
vn -0.0957 -0.9954 -0.0000
vn -0.0181 -0.9998 -0.0000
vn 0.0488 -0.9988 -0.0000
vn 0.6453 -0.7640 -0.0000
vn 0.7535 0.6575 -0.0000
vn -0.0850 0.9964 -0.0000
vn -0.0284 0.9996 -0.0000
vn 0.0352 0.9994 -0.0000
vn 0.1088 0.9941 -0.0000
vn 0.1960 0.9806 -0.0000
vn 0.3008 0.9537 -0.0000
vn 0.4270 0.9042 -0.0000
vn 0.5745 0.8185 -0.0000
vn 0.7328 0.6805 -0.0000
vn 0.8756 0.4830 -0.0000
vn 0.9698 0.2441 -0.0000
vn 0.9997 0.0241 -0.0000
vn 0.9898 -0.1425 -0.0000
vn 0.9576 -0.2881 -0.0000
vn 0.9021 -0.4315 -0.0000
vn 0.8247 -0.5656 -0.0000
vn 0.7293 -0.6842 -0.0000
vn 0.5086 -0.8610 -0.0000
vn 0.3951 -0.9186 -0.0000
vn 0.2856 -0.9583 -0.0000
vn 0.1827 -0.9832 -0.0000
vn 0.0876 -0.9962 -0.0000
vn 0.0066 -1.0000 -0.0000
vn -0.0583 -0.9983 -0.0000
vn -0.1178 -0.9930 -0.0000
vn -0.1788 -0.9839 -0.0000
vn -0.2415 -0.9704 -0.0000
vn -0.3059 -0.9521 -0.0000
vn -0.3719 -0.9283 -0.0000
vn -0.4392 -0.8984 -0.0000
vn -0.5074 -0.8617 -0.0000
vn -0.5759 -0.8175 -0.0000
vn -0.6437 -0.7653 -0.0000
vn -0.7094 -0.7048 -0.0000
vn -0.7508 -0.6606 -0.0000
vn -0.7659 -0.6430 -0.0000
vn -0.7770 -0.6295 -0.0000
vn -0.7890 -0.6145 -0.0000
vn -0.8016 -0.5979 -0.0000
vn -0.8146 -0.5800 -0.0000
vn -0.8278 -0.5611 -0.0000
vn -0.8407 -0.5416 -0.0000
vn -0.8531 -0.5217 -0.0000
vn -0.8648 -0.5021 -0.0000
vn -0.3672 -0.9301 -0.0000
vn 0.9260 -0.3776 -0.0000
vn 0.9079 0.4193 -0.0000
vn 0.9215 0.3883 -0.0000
vn 0.9324 0.3614 -0.0000
vn 0.9412 0.3379 -0.0000
vn 0.9484 0.3172 -0.0000
vn 0.9543 0.2987 -0.0000
vn 0.9594 0.2820 -0.0000
vn 0.9637 0.2669 -0.0000
vn 0.9708 0.2400 -0.0000
vn 0.9737 0.2278 -0.0000
vn 0.7816 -0.6238 -0.0000
vn 0.0024 -1.0000 -0.0000
vn 0.0097 -1.0000 -0.0000
vn 0.0191 -0.9998 -0.0000
vn 0.0284 -0.9996 -0.0000
vn 0.0375 -0.9993 -0.0000
vn 0.0463 -0.9989 -0.0000
vn 0.0550 -0.9985 -0.0000
vn 0.0635 -0.9980 -0.0000
vn 0.0717 -0.9974 -0.0000
vn 0.0798 -0.9968 -0.0000
vn 0.0877 -0.9962 -0.0000
vn 0.0954 -0.9954 -0.0000
vn 0.7370 -0.6759 -0.0000
vn 0.6529 0.7574 -0.0000
vn -0.1532 0.9882 -0.0000
vn -0.1402 0.9901 -0.0000
vn -0.1281 0.9918 -0.0000
vn -0.1164 0.9932 -0.0000
vn -0.1049 0.9945 -0.0000
vn -0.0931 0.9957 -0.0000
vn -0.0809 0.9967 -0.0000
vn -0.0679 0.9977 -0.0000
vn -0.0537 0.9986 -0.0000
vn -0.0380 0.9993 -0.0000
vn -0.0201 0.9998 -0.0000
vn -0.0053 1.0000 -0.0000
vn 0.0123 0.9999 -0.0000
vn -0.5962 0.8028 -0.0000
vn -0.6120 0.7909 -0.0000
vn -0.6243 0.7812 -0.0000
vn -0.6348 0.7727 -0.0000
vn -0.6444 0.7647 -0.0000
vn -0.6535 0.7569 -0.0000
vn -0.6629 0.7488 -0.0000
vn -0.6728 0.7399 -0.0000
vn -0.6838 0.7297 -0.0000
vn -0.6966 0.7175 -0.0000
vn -0.7122 0.7020 -0.0000
vn -0.9975 -0.0706 -0.0000
vn 0.0730 -0.9973 -0.0000
vn 0.7183 -0.6958 -0.0000
vn 0.7069 -0.7073 -0.0000
vn 0.6959 -0.7181 -0.0000
vn 0.6852 -0.7283 -0.0000
vn 0.6744 -0.7383 -0.0000
vn 0.6634 -0.7483 -0.0000
vn 0.6518 -0.7584 -0.0000
vn 0.6394 -0.7689 -0.0000
vn 0.6109 -0.7917 -0.0000
vn 0.5940 -0.8045 -0.0000
vn 0.9999 -0.0137 -0.0000
vn 0.3712 0.9285 -0.0000
vn 0.3763 0.9265 -0.0000
vn 0.3809 0.9246 -0.0000
vn 0.3850 0.9229 -0.0000
vn 0.3888 0.9213 -0.0000
vn 0.3922 0.9199 -0.0000
vn 0.3954 0.9185 -0.0000
vn 0.3984 0.9172 -0.0000
vn 0.4011 0.9160 -0.0000
vn 0.4037 0.9149 -0.0000
vn 0.4061 0.9138 -0.0000
vn 0.9400 0.3412 -0.0000
vn 0.8971 -0.4419 -0.0000
vn 0.8946 -0.4469 -0.0000
vn 0.8920 -0.4521 -0.0000
vn 0.8893 -0.4574 -0.0000
vn 0.8864 -0.4629 -0.0000
vn 0.8834 -0.4686 -0.0000
vn 0.8801 -0.4747 -0.0000
vn 0.8766 -0.4813 -0.0000
vn 0.8727 -0.4883 -0.0000
vn 0.8682 -0.4961 -0.0000
vn 0.8632 -0.5048 -0.0000
vn 0.8539 -0.5205 -0.0000
vn 0.8458 -0.5335 -0.0000
vn 0.8428 -0.5382 -0.0000
vn 0.8389 -0.5443 -0.0000
vn 0.8281 -0.5606 -0.0000
vn 0.8209 -0.5711 -0.0000
vn 0.8123 -0.5833 -0.0000
vn 0.8018 -0.5976 -0.0000
vn 0.7891 -0.6143 -0.0000
vn 0.7734 -0.6339 -0.0000
vn 0.7537 -0.6572 -0.0000
vn 0.9728 0.2315 -0.0000
vn -0.3801 0.9249 -0.0000
vn -0.9093 0.4161 -0.0000
vn -0.9032 0.4291 -0.0000
vn -0.8979 0.4401 -0.0000
vn -0.8934 0.4494 -0.0000
vn -0.8895 0.4570 -0.0000
vn -0.8862 0.4633 -0.0000
vn -0.8836 0.4682 -0.0000
vn -0.8816 0.4720 -0.0000
vn -0.8802 0.4745 -0.0000
vn -0.8796 0.4758 -0.0000
vn -0.8797 0.4756 -0.0000
vn -0.8853 0.4649 -0.0000
vn -0.3420 0.9397 -0.0000
vn 0.3864 0.9223 -0.0000
vn 0.3777 0.9259 -0.0000
vn 0.3661 0.9306 -0.0000
vn 0.3513 0.9363 -0.0000
vn 0.3328 0.9430 -0.0000
vn 0.3099 0.9508 -0.0000
vn 0.2817 0.9595 -0.0000
vn 0.2468 0.9691 -0.0000
vn 0.2037 0.9790 -0.0000
vn 0.1499 0.9887 -0.0000
vn 0.0822 0.9966 -0.0000
vn -0.0029 1.0000 -0.0000
vn -0.1045 0.9945 -0.0000
vn -0.2172 0.9761 -0.0000
vn -0.3366 0.9417 -0.0000
vn -0.4587 0.8886 -0.0000
vn -0.5783 0.8158 -0.0000
vn -0.6894 0.7243 -0.0000
vn -0.7869 0.6171 -0.0000
vn -0.8668 0.4986 -0.0000
vn -0.9275 0.3739 -0.0000
vn -0.9689 0.2473 -0.0000
vn -0.9925 0.1222 -0.0000
vn -1.0000 0.0042 -0.0000
vn -0.9941 -0.1085 -0.0000
vn -0.9738 -0.2273 -0.0000
vn -0.9346 -0.3557 -0.0000
vn -0.8727 -0.4883 -0.0000
vn -0.7869 -0.6171 -0.0000
vn -0.6802 -0.7331 -0.0000
vn -0.5593 -0.8290 -0.0000
vn -0.4331 -0.9014 -0.0000
vn -0.3098 -0.9508 -0.0000
vn -0.1952 -0.9808 -0.0000
vn -0.0921 -0.9958 -0.0000
vn -0.0102 -0.9999 -0.0000
vn 0.0445 -0.9990 -0.0000
vn 0.0849 -0.9964 -0.0000
vn 0.1212 -0.9926 -0.0000
vn 0.1542 -0.9880 -0.0000
vn 0.1846 -0.9828 -0.0000
vn 0.2131 -0.9770 -0.0000
vn 0.2403 -0.9707 -0.0000
vn 0.2669 -0.9637 -0.0000
vn 0.2935 -0.9560 -0.0000
vn 0.3209 -0.9471 -0.0000
vn 0.3502 -0.9367 -0.0000
vn 0.8377 -0.5462 -0.0000
vn 0.5221 0.8529 -0.0000
vn -0.4011 0.9160 -0.0000
vn -0.3684 0.9297 -0.0000
vn -0.3371 0.9415 -0.0000
vn -0.3063 0.9519 -0.0000
vn -0.2754 0.9613 -0.0000
vn -0.2437 0.9698 -0.0000
vn -0.2106 0.9776 -0.0000
vn -0.1755 0.9845 -0.0000
vn -0.1376 0.9905 -0.0000
vn -0.0961 0.9954 -0.0000
vn -0.0503 0.9987 -0.0000
vn 0.0090 1.0000 -0.0000
vn 0.0937 0.9956 -0.0000
vn 0.1989 0.9800 -0.0000
vn 0.3159 0.9488 -0.0000
vn 0.4412 0.8974 -0.0000
vn 0.5683 0.8228 -0.0000
vn 0.6886 0.7251 -0.0000
vn 0.7935 0.6086 -0.0000
vn 0.8768 0.4809 -0.0000
vn 0.9365 0.3506 -0.0000
vn 0.9744 0.2248 -0.0000
vn 0.9942 0.1079 -0.0000
vn 1.0000 -0.0041 -0.0000
vn 0.9926 -0.1215 -0.0000
vn 0.9694 -0.2454 -0.0000
vn 0.9285 -0.3714 -0.0000
vn 0.8678 -0.4969 -0.0000
vn 0.7868 -0.6172 -0.0000
vn 0.6870 -0.7266 -0.0000
vn 0.5728 -0.8197 -0.0000
vn 0.4506 -0.8927 -0.0000
vn 0.3273 -0.9449 -0.0000
vn 0.2089 -0.9779 -0.0000
vn 0.0995 -0.9950 -0.0000
vn 0.0013 -1.0000 -0.0000
vn -0.0824 -0.9966 -0.0000
vn -0.1494 -0.9888 -0.0000
vn -0.2026 -0.9793 -0.0000
vn -0.2453 -0.9694 -0.0000
vn -0.2803 -0.9599 -0.0000
vn -0.3093 -0.9510 -0.0000
vn -0.3337 -0.9427 -0.0000
vn -0.3543 -0.9351 -0.0000
vn -0.3720 -0.9282 -0.0000
vn -0.3872 -0.9220 -0.0000
vn -0.4005 -0.9163 -0.0000
vn -0.9337 -0.3581 -0.0000
vn -0.9164 0.4003 -0.0000
vn -0.9229 0.3851 -0.0000
vn -0.9288 0.3705 -0.0000
vn -0.9335 0.3585 -0.0000
vn -0.9373 0.3486 -0.0000
vn -0.9403 0.3403 -0.0000
vn -0.9429 0.3332 -0.0000
vn -0.9450 0.3271 -0.0000
vn -0.9468 0.3218 -0.0000
vn -0.9484 0.3171 -0.0000
vn -0.9497 0.3131 -0.0000
vn -0.9509 0.3095 -0.0000
vn -0.8809 -0.4734 -0.0000
vn 0.4951 -0.8688 -0.0000
vn 0.9641 -0.2657 -0.0000
vn 0.9611 -0.2761 -0.0000
vn 0.9583 -0.2859 -0.0000
vn 0.9554 -0.2954 -0.0000
vn 0.9524 -0.3048 -0.0000
vn 0.9493 -0.3144 -0.0000
vn 0.9459 -0.3244 -0.0000
vn 0.9422 -0.3350 -0.0000
vn 0.9381 -0.3464 -0.0000
vn 0.9333 -0.3590 -0.0000
vn 0.9278 -0.3730 -0.0000
vn 0.9192 -0.3939 -0.0000
vn 0.3443 -0.9388 -0.0000
vn -0.4351 -0.9004 -0.0000
vn -0.4403 -0.8978 -0.0000
vn -0.4418 -0.8971 -0.0000
vn -0.4425 -0.8968 -0.0000
vn -0.4422 -0.8969 -0.0000
vn -0.4408 -0.8976 -0.0000
vn -0.4380 -0.8990 -0.0000
vn -0.4336 -0.9011 -0.0000
vn -0.4171 -0.9089 -0.0000
vn 0.3399 -0.9405 -0.0000
vn 0.9060 0.4233 -0.0000
vn 0.2469 0.9690 -0.0000
vn 0.2583 0.9661 -0.0000
vn 0.2687 0.9632 -0.0000
vn 0.2783 0.9605 -0.0000
vn 0.2871 0.9579 -0.0000
vn 0.2954 0.9554 -0.0000
vn 0.3030 0.9530 -0.0000
vn 0.3102 0.9507 -0.0000
vn 0.3170 0.9484 -0.0000
vn 0.3236 0.9462 -0.0000
vn 0.3299 0.9440 -0.0000
vn 0.3509 0.9364 -0.0000
vn -0.6162 -0.7876 -0.0000
vn 0.0998 -0.9950 -0.0000
vn 0.1083 -0.9941 -0.0000
vn 0.1154 -0.9933 -0.0000
vn 0.1218 -0.9926 -0.0000
vn 0.1277 -0.9918 -0.0000
vn 0.1334 -0.9911 -0.0000
vn 0.1392 -0.9903 -0.0000
vn 0.1453 -0.9894 -0.0000
vn 0.1518 -0.9884 -0.0000
vn 0.1591 -0.9873 -0.0000
vn 0.1676 -0.9859 -0.0000
vn 0.8192 -0.5735 -0.0000
vn 0.5607 0.8280 -0.0000
vn -0.1925 0.9813 -0.0000
vn -0.1746 0.9846 -0.0000
vn -0.1603 0.9871 -0.0000
vn -0.1484 0.9889 -0.0000
vn -0.1381 0.9904 -0.0000
vn -0.1287 0.9917 -0.0000
vn -0.1198 0.9928 -0.0000
vn -0.1110 0.9938 -0.0000
vn -0.1017 0.9948 -0.0000
vn -0.0913 0.9958 -0.0000
vn -0.0787 0.9969 -0.0000
vn -0.7803 0.6255 -0.0000
vn -0.6788 -0.7343 -0.0000
vn -0.6799 -0.7333 -0.0000
vn -0.6810 -0.7323 -0.0000
vn -0.6822 -0.7312 -0.0000
vn -0.6835 -0.7300 -0.0000
vn -0.6850 -0.7285 -0.0000
vn -0.6870 -0.7267 -0.0000
vn -0.6894 -0.7244 -0.0000
vn -0.6927 -0.7212 -0.0000
vn -0.6974 -0.7166 -0.0000
vn -0.7048 -0.7094 -0.0000
vn -0.9075 0.4201 -0.0000
vn 0.0611 0.9981 -0.0000
vn 0.0302 0.9995 -0.0000
vn 0.0053 1.0000 -0.0000
vn -0.0159 0.9999 -0.0000
vn -0.0349 0.9994 -0.0000
vn -0.0525 0.9986 -0.0000
vn -0.0697 0.9976 -0.0000
vn -0.0871 0.9962 -0.0000
vn -0.1057 0.9944 -0.0000
vn -0.1263 0.9920 -0.0000
vn -0.1504 0.9886 -0.0000
vn -0.1591 0.9873 -0.0000
vn -0.2095 0.9778 -0.0000
vn -0.3197 0.9475 -0.0000
vn -0.4290 0.9033 -0.0000
vn -0.5324 0.8465 -0.0000
vn -0.7062 0.7080 -0.0000
vn -0.7732 0.6342 -0.0000
vn -0.8271 0.5621 -0.0000
vn -0.8695 0.4940 -0.0000
vn -0.9022 0.4313 -0.0000
vn -0.9272 0.3747 -0.0000
vn -0.9472 0.3205 -0.0000
vn -0.9569 0.2904 -0.0000
vn -0.9583 0.2859 -0.0000
vn -0.9592 0.2827 -0.0000
vn -0.9598 0.2807 -0.0000
vn -0.9602 0.2793 -0.0000
vn -0.9604 0.2787 -0.0000
vn -0.9602 0.2794 -0.0000
vn -0.9592 0.2828 -0.0000
vn -0.9496 0.3134 -0.0000
vn -0.9243 0.3817 -0.0000
vn -0.8816 0.4719 -0.0000
vn -0.8213 0.5704 -0.0000
vn -0.7415 0.6709 -0.0000
vn -0.6438 0.7652 -0.0000
vn -0.5342 0.8454 -0.0000
vn -0.4210 0.9071 -0.0000
vn -0.3126 0.9499 -0.0000
vn -0.2149 0.9766 -0.0000
vn -0.1305 0.9915 -0.0000
vn -0.0597 0.9982 -0.0000
vn -0.0089 1.0000 -0.0000
vn 0.0192 0.9998 -0.0000
vn 0.0373 0.9993 -0.0000
vn 0.0545 0.9985 -0.0000
vn 0.0713 0.9975 -0.0000
vn 0.0881 0.9961 -0.0000
vn 0.1052 0.9945 -0.0000
vn 0.1230 0.9924 -0.0000
vn 0.1422 0.9898 -0.0000
vn 0.1633 0.9866 -0.0000
vn 0.1871 0.9823 -0.0000
vn 0.2149 0.9766 -0.0000
vn -0.6435 0.7654 -0.0000
vn -0.7392 -0.6735 -0.0000
vn -0.1423 -0.9898 -0.0000
vn -0.1255 -0.9921 -0.0000
vn -0.1123 -0.9937 -0.0000
vn -0.1013 -0.9949 -0.0000
vn -0.0914 -0.9958 -0.0000
vn -0.0818 -0.9966 -0.0000
vn -0.0722 -0.9974 -0.0000
vn -0.0620 -0.9981 -0.0000
vn -0.0506 -0.9987 -0.0000
vn -0.0372 -0.9993 -0.0000
vn -0.0206 -0.9998 -0.0000
vn 0.0050 -1.0000 -0.0000
vn 0.0464 -0.9989 -0.0000
vn 0.1029 -0.9947 -0.0000
vn 0.1725 -0.9850 -0.0000
vn 0.2561 -0.9666 -0.0000
vn 0.3534 -0.9355 -0.0000
vn 0.4613 -0.8872 -0.0000
vn 0.5740 -0.8188 -0.0000
vn 0.6829 -0.7305 -0.0000
vn 0.7791 -0.6269 -0.0000
vn 0.8566 -0.5161 -0.0000
vn 0.9136 -0.4065 -0.0000
vn 0.9441 -0.3296 -0.0000
vn 0.9542 -0.2991 -0.0000
vn 0.9580 -0.2868 -0.0000
vn 0.9605 -0.2784 -0.0000
vn 0.9621 -0.2727 -0.0000
vn 0.9631 -0.2691 -0.0000
vn 0.9637 -0.2670 -0.0000
vn 0.9638 -0.2666 -0.0000
vn 0.9635 -0.2677 -0.0000
vn 0.9627 -0.2705 -0.0000
vn 0.9613 -0.2756 -0.0000
vn 0.9588 -0.2840 -0.0000
vn 0.9464 -0.3231 -0.0000
vn 0.9204 -0.3910 -0.0000
vn 0.8874 -0.4611 -0.0000
vn 0.8452 -0.5345 -0.0000
vn 0.7922 -0.6103 -0.0000
vn 0.7272 -0.6864 -0.0000
vn 0.6495 -0.7604 -0.0000
vn 0.5590 -0.8292 -0.0000
vn 0.4572 -0.8894 -0.0000
vn 0.3466 -0.9380 -0.0000
vn 0.2310 -0.9730 -0.0000
vn 0.1144 -0.9934 -0.0000
vn 0.0073 -1.0000 -0.0000
vn -0.0839 -0.9965 -0.0000
vn -0.1673 -0.9859 -0.0000
vn -0.2481 -0.9687 -0.0000
vn -0.3243 -0.9460 -0.0000
vn -0.3944 -0.9190 -0.0000
vn -0.4573 -0.8893 -0.0000
vn -0.5611 -0.8278 -0.0000
vn -0.6023 -0.7983 -0.0000
vn -0.6372 -0.7707 -0.0000
vn -0.6664 -0.7456 -0.0000
vn -0.6879 -0.7258 -0.0000
vn -0.7017 -0.7124 -0.0000
vn -0.7112 -0.7030 -0.0000
vn -0.7182 -0.6959 -0.0000
vn -0.7240 -0.6898 -0.0000
vn -0.7295 -0.6840 -0.0000
vn -0.7349 -0.6782 -0.0000
vn -0.7406 -0.6719 -0.0000
vn -0.7471 -0.6648 -0.0000
vn -0.7545 -0.6563 -0.0000
vn -0.7636 -0.6457 -0.0000
vn -0.7750 -0.6319 -0.0000
vn -0.1435 -0.9896 -0.0000
vn 0.9980 -0.0640 -0.0000
vn 0.6691 0.7432 -0.0000
vn 0.6643 0.7475 -0.0000
vn 0.6614 0.7500 -0.0000
vn 0.6602 0.7511 -0.0000
vn 0.6604 0.7509 -0.0000
vn 0.6618 0.7497 -0.0000
vn 0.6642 0.7475 -0.0000
vn 0.6718 0.7407 -0.0000
vn 0.6768 0.7362 -0.0000
vn 0.6825 0.7309 -0.0000
vn 0.6992 0.7149 -0.0000
vn 0.7113 0.7029 -0.0000
vn 0.7095 0.7047 -0.0000
vn 0.7087 0.7055 -0.0000
vn 0.7082 0.7060 -0.0000
vn 0.7079 0.7064 -0.0000
vn 0.7076 0.7066 -0.0000
vn 0.7075 0.7067 -0.0000
vn 0.7073 0.7069 -0.0000
vn 0.7072 0.7070 -0.0000
vn 0.9107 -0.4131 -0.0000
vn -0.0685 -0.9977 -0.0000
vn -0.0723 -0.9974 -0.0000
vn -0.0750 -0.9972 -0.0000
vn -0.0769 -0.9970 -0.0000
vn -0.0784 -0.9969 -0.0000
vn -0.0795 -0.9968 -0.0000
vn -0.0804 -0.9968 -0.0000
vn -0.0811 -0.9967 -0.0000
vn -0.0816 -0.9967 -0.0000
vn -0.0871 -0.9962 -0.0000
vn -0.0941 -0.9956 -0.0000
vn -0.0981 -0.9952 -0.0000
vn -0.1027 -0.9947 -0.0000
vn -0.1080 -0.9942 -0.0000
vn -0.1140 -0.9935 -0.0000
vn -0.1207 -0.9927 -0.0000
vn -0.1283 -0.9917 -0.0000
vn -0.1366 -0.9906 -0.0000
vn -0.1458 -0.9893 -0.0000
vn -0.1560 -0.9878 -0.0000
vn -0.1670 -0.9860 -0.0000
vn 0.6122 -0.7907 -0.0000
vn 0.7065 0.7077 -0.0000
vn -0.0755 0.9971 -0.0000
vn -0.0650 0.9979 -0.0000
vn -0.0548 0.9985 -0.0000
vn -0.0450 0.9990 -0.0000
vn -0.0355 0.9994 -0.0000
vn -0.0261 0.9997 -0.0000
vn -0.0167 0.9999 -0.0000
vn -0.0074 1.0000 -0.0000
vn 0.0021 1.0000 -0.0000
vn 0.0116 0.9999 -0.0000
vn 0.0213 0.9998 -0.0000
vn 0.0286 0.9996 -0.0000
vn 0.0385 0.9993 -0.0000
vn 0.0501 0.9987 -0.0000
vn 0.0621 0.9981 -0.0000
vn 0.0663 0.9978 -0.0000
vn 0.0701 0.9975 -0.0000
vn 0.0739 0.9973 -0.0000
vn 0.0782 0.9969 -0.0000
vn 0.0907 0.9959 -0.0000
vn 0.1016 0.9948 -0.0000
vn 0.1182 0.9930 -0.0000
vn 0.1379 0.9904 -0.0000
vn 0.1568 0.9876 -0.0000
vn 0.1740 0.9847 -0.0000
vn 0.1904 0.9817 -0.0000
vn 0.2064 0.9785 -0.0000
vn 0.2230 0.9748 -0.0000
vn 0.2407 0.9706 -0.0000
vn 0.2607 0.9654 -0.0000
vn 0.2843 0.9587 -0.0000
vn 0.3138 0.9495 -0.0000
vn 0.3532 0.9355 -0.0000
vn -0.2274 0.9738 -0.0000
vn -0.9933 -0.1154 -0.0000
vn -0.5841 -0.8117 -0.0000
vn -0.6239 -0.7815 -0.0000
vn -0.6331 -0.7741 -0.0000
vn -0.6410 -0.7676 -0.0000
vn -0.6479 -0.7617 -0.0000
vn -0.6541 -0.7564 -0.0000
vn -0.6598 -0.7514 -0.0000
vn -0.6651 -0.7467 -0.0000
vn -0.6704 -0.7420 -0.0000
vn -0.6756 -0.7373 -0.0000
vt 0.951673 0.000000
vt 0.959108 0.000000
vt 0.955390 0.000000
vt 0.962825 0.000000
vt 0.966543 0.000000
vt 0.970260 0.000000
vt 0.973978 0.000000
vt 0.977695 0.000000
vt 0.981413 0.000000
vt 0.985130 0.000000
vt 0.988848 0.000000
vt 0.992565 0.000000
vt 0.996283 0.000000
vt 1.000000 0.000000
vt 0.907063 0.000000
vt 0.947955 0.000000
vt 0.944238 0.000000
vt 0.940520 0.000000
vt 0.936803 0.000000
vt 0.933086 0.000000
vt 0.929368 0.000000
vt 0.925651 0.000000
vt 0.921933 0.000000
vt 0.918216 0.000000
vt 0.914498 0.000000
vt 0.910781 0.000000
vt 0.851301 0.000000
vt 0.858736 0.000000
vt 0.855019 0.000000
vt 0.847584 0.000000
vt 0.843866 0.000000
vt 0.840149 0.000000
vt 0.836431 0.000000
vt 0.832714 0.000000
vt 0.828996 0.000000
vt 0.825279 0.000000
vt 0.821561 0.000000
vt 0.817844 0.000000
vt 0.814126 0.000000
vt 0.810409 0.000000
vt 0.806691 0.000000
vt 0.802974 0.000000
vt 0.799257 0.000000
vt 0.795539 0.000000
vt 0.791822 0.000000
vt 0.788104 0.000000
vt 0.784387 0.000000
vt 0.780669 0.000000
vt 0.776952 0.000000
vt 0.773234 0.000000
vt 0.717472 0.000000
vt 0.724907 0.000000
vt 0.721190 0.000000
vt 0.769517 0.000000
vt 0.728625 0.000000
vt 0.732342 0.000000
vt 0.736059 0.000000
vt 0.765799 0.000000
vt 0.739777 0.000000
vt 0.743494 0.000000
vt 0.762082 0.000000
vt 0.747212 0.000000
vt 0.758364 0.000000
vt 0.750929 0.000000
vt 0.754647 0.000000
vt 0.713755 0.000000
vt 0.710037 0.000000
vt 0.706320 0.000000
vt 0.702602 0.000000
vt 0.698885 0.000000
vt 0.695167 0.000000
vt 0.862454 0.000000
vt 0.691450 0.000000
vt 0.866171 0.000000
vt 0.687732 0.000000
vt 0.869888 0.000000
vt 0.684015 0.000000
vt 0.680297 0.000000
vt 0.873606 0.000000
vt 0.676580 0.000000
vt 0.672862 0.000000
vt 0.877323 0.000000
vt 0.881041 0.000000
vt 0.665428 0.000000
vt 0.661710 0.000000
vt 0.657993 0.000000
vt 0.654275 0.000000
vt 0.650558 0.000000
vt 0.646840 0.000000
vt 0.643123 0.000000
vt 0.639405 0.000000
vt 0.635688 0.000000
vt 0.631970 0.000000
vt 0.884758 0.000000
vt 0.628253 0.000000
vt 0.888476 0.000000
vt 0.892193 0.000000
vt 0.624535 0.000000
vt 0.895911 0.000000
vt 0.899628 0.000000
vt 0.903346 0.000000
vt 0.000000 0.000000
vt 0.003717 0.000000
vt 0.669145 0.000000
vt 0.620818 0.000000
vt 0.007435 0.000000
vt 0.011152 0.000000
vt 0.617100 0.000000
vt 0.014870 0.000000
vt 0.018587 0.000000
vt 0.022305 0.000000
vt 0.613383 0.000000
vt 0.026022 0.000000
vt 0.029740 0.000000
vt 0.609665 0.000000
vt 0.033457 0.000000
vt 0.037175 0.000000
vt 0.040892 0.000000
vt 0.605948 0.000000
vt 0.048327 0.000000
vt 0.055762 0.000000
vt 0.052045 0.000000
vt 0.059480 0.000000
vt 0.044610 0.000000
vt 0.063197 0.000000
vt 0.066914 0.000000
vt 0.070632 0.000000
vt 0.074349 0.000000
vt 0.078067 0.000000
vt 0.081784 0.000000
vt 0.085502 0.000000
vt 0.089219 0.000000
vt 0.092937 0.000000
vt 0.096654 0.000000
vt 0.100372 0.000000
vt 0.104089 0.000000
vt 0.107807 0.000000
vt 0.111524 0.000000
vt 0.115242 0.000000
vt 0.118959 0.000000
vt 0.602230 0.000000
vt 0.449814 0.000000
vt 0.122677 0.000000
vt 0.446097 0.000000
vt 0.126394 0.000000
vt 0.442379 0.000000
vt 0.453532 0.000000
vt 0.438662 0.000000
vt 0.130112 0.000000
vt 0.457249 0.000000
vt 0.434944 0.000000
vt 0.460967 0.000000
vt 0.431227 0.000000
vt 0.464684 0.000000
vt 0.427509 0.000000
vt 0.468401 0.000000
vt 0.423792 0.000000
vt 0.472119 0.000000
vt 0.133829 0.000000
vt 0.475836 0.000000
vt 0.420074 0.000000
vt 0.479554 0.000000
vt 0.416357 0.000000
vt 0.598513 0.000000
vt 0.137546 0.000000
vt 0.483271 0.000000
vt 0.412639 0.000000
vt 0.486989 0.000000
vt 0.141264 0.000000
vt 0.408922 0.000000
vt 0.490706 0.000000
vt 0.494424 0.000000
vt 0.144981 0.000000
vt 0.405204 0.000000
vt 0.401487 0.000000
vt 0.148699 0.000000
vt 0.498141 0.000000
vt 0.397770 0.000000
vt 0.152416 0.000000
vt 0.594796 0.000000
vt 0.501859 0.000000
vt 0.394052 0.000000
vt 0.156134 0.000000
vt 0.390335 0.000000
vt 0.159851 0.000000
vt 0.505576 0.000000
vt 0.386617 0.000000
vt 0.163569 0.000000
vt 0.382900 0.000000
vt 0.591078 0.000000
vt 0.509294 0.000000
vt 0.167286 0.000000
vt 0.379182 0.000000
vt 0.171004 0.000000
vt 0.375465 0.000000
vt 0.513011 0.000000
vt 0.174721 0.000000
vt 0.371747 0.000000
vt 0.178439 0.000000
vt 0.587361 0.000000
vt 0.182156 0.000000
vt 0.368030 0.000000
vt 0.516729 0.000000
vt 0.185874 0.000000
vt 0.364312 0.000000
vt 0.583643 0.000000
vt 0.189591 0.000000
vt 0.360595 0.000000
vt 0.193309 0.000000
vt 0.520446 0.000000
vt 0.260223 0.000000
vt 0.267658 0.000000
vt 0.263941 0.000000
vt 0.197026 0.000000
vt 0.256506 0.000000
vt 0.579926 0.000000
vt 0.252788 0.000000
vt 0.356877 0.000000
vt 0.200743 0.000000
vt 0.249071 0.000000
vt 0.576208 0.000000
vt 0.245353 0.000000
vt 0.204461 0.000000
vt 0.241636 0.000000
vt 0.572491 0.000000
vt 0.353160 0.000000
vt 0.208178 0.000000
vt 0.237918 0.000000
vt 0.234201 0.000000
vt 0.211896 0.000000
vt 0.230483 0.000000
vt 0.568773 0.000000
vt 0.226766 0.000000
vt 0.215613 0.000000
vt 0.223048 0.000000
vt 0.219331 0.000000
vt 0.524164 0.000000
vt 0.565056 0.000000
vt 0.561338 0.000000
vt 0.557621 0.000000
vt 0.349442 0.000000
vt 0.553903 0.000000
vt 0.550186 0.000000
vt 0.546468 0.000000
vt 0.527881 0.000000
vt 0.542751 0.000000
vt 0.345725 0.000000
vt 0.539033 0.000000
vt 0.535316 0.000000
vt 0.531599 0.000000
vt 0.342007 0.000000
vt 0.338290 0.000000
vt 0.334572 0.000000
vt 0.330855 0.000000
vt 0.271375 0.000000
vt 0.275093 0.000000
vt 0.327138 0.000000
vt 0.278810 0.000000
vt 0.282528 0.000000
vt 0.286245 0.000000
vt 0.323420 0.000000
vt 0.289963 0.000000
vt 0.293680 0.000000
vt 0.319703 0.000000
vt 0.297398 0.000000
vt 0.301115 0.000000
vt 0.315985 0.000000
vt 0.304833 0.000000
vt 0.308550 0.000000
vt 0.312268 0.000000
vt 0.111607 0.000000
vt 0.004464 0.000000
vt 0.008929 0.000000
vt 0.013393 0.000000
vt 0.017857 0.000000
vt 0.022321 0.000000
vt 0.026786 0.000000
vt 0.107143 0.000000
vt 0.031250 0.000000
vt 0.102679 0.000000
vt 0.035714 0.000000
vt 0.098214 0.000000
vt 0.040179 0.000000
vt 0.093750 0.000000
vt 0.044643 0.000000
vt 0.089286 0.000000
vt 0.272321 0.000000
vt 0.281250 0.000000
vt 0.276786 0.000000
vt 0.049107 0.000000
vt 0.285714 0.000000
vt 0.084821 0.000000
vt 0.290179 0.000000
vt 0.053571 0.000000
vt 0.294643 0.000000
vt 0.080357 0.000000
vt 0.299107 0.000000
vt 0.075893 0.000000
vt 0.071429 0.000000
vt 0.066964 0.000000
vt 0.062500 0.000000
vt 0.058036 0.000000
vt 0.303571 0.000000
vt 0.308036 0.000000
vt 0.312500 0.000000
vt 0.267857 0.000000
vt 0.316964 0.000000
vt 0.263393 0.000000
vt 0.321429 0.000000
vt 0.258929 0.000000
vt 0.325893 0.000000
vt 0.330357 0.000000
vt 0.254464 0.000000
vt 0.334821 0.000000
vt 0.250000 0.000000
vt 0.383929 0.000000
vt 0.392857 0.000000
vt 0.388393 0.000000
vt 0.245536 0.000000
vt 0.379464 0.000000
vt 0.397321 0.000000
vt 0.375000 0.000000
vt 0.241071 0.000000
vt 0.401786 0.000000
vt 0.370536 0.000000
vt 0.236607 0.000000
vt 0.366071 0.000000
vt 0.406250 0.000000
vt 0.232143 0.000000
vt 0.361607 0.000000
vt 0.227679 0.000000
vt 0.410714 0.000000
vt 0.223214 0.000000
vt 0.357143 0.000000
vt 0.218750 0.000000
vt 0.214286 0.000000
vt 0.415179 0.000000
vt 0.352679 0.000000
vt 0.209821 0.000000
vt 0.205357 0.000000
vt 0.348214 0.000000
vt 0.419643 0.000000
vt 0.200893 0.000000
vt 0.343750 0.000000
vt 0.196429 0.000000
vt 0.191964 0.000000
vt 0.714286 0.000000
vt 0.709821 0.000000
vt 0.424107 0.000000
vt 0.339286 0.000000
vt 0.718750 0.000000
vt 0.723214 0.000000
vt 0.187500 0.000000
vt 0.705357 0.000000
vt 0.727679 0.000000
vt 0.700893 0.000000
vt 0.732143 0.000000
vt 0.183036 0.000000
vt 0.696429 0.000000
vt 0.736607 0.000000
vt 0.428571 0.000000
vt 0.691964 0.000000
vt 0.178571 0.000000
vt 0.741071 0.000000
vt 0.687500 0.000000
vt 0.174107 0.000000
vt 0.745536 0.000000
vt 0.683036 0.000000
vt 0.433036 0.000000
vt 0.169643 0.000000
vt 0.750000 0.000000
vt 0.678571 0.000000
vt 0.165179 0.000000
vt 0.754464 0.000000
vt 0.160714 0.000000
vt 0.674107 0.000000
vt 0.758929 0.000000
vt 0.437500 0.000000
vt 0.156250 0.000000
vt 0.151786 0.000000
vt 0.669643 0.000000
vt 0.763393 0.000000
vt 0.147321 0.000000
vt 0.142857 0.000000
vt 0.138393 0.000000
vt 0.767857 0.000000
vt 0.665179 0.000000
vt 0.441964 0.000000
vt 0.133929 0.000000
vt 0.129464 0.000000
vt 0.125000 0.000000
vt 0.888393 0.000000
vt 0.772321 0.000000
vt 0.660714 0.000000
vt 0.120536 0.000000
vt 0.116071 0.000000
vt 0.995536 0.000000
vt 0.656250 0.000000
vt 0.446429 0.000000
vt 0.991071 0.000000
vt 0.986607 0.000000
vt 0.982143 0.000000
vt 0.977679 0.000000
vt 0.973214 0.000000
vt 0.968750 0.000000
vt 0.964286 0.000000
vt 0.651786 0.000000
vt 0.959821 0.000000
vt 0.955357 0.000000
vt 0.950893 0.000000
vt 0.946429 0.000000
vt 0.892857 0.000000
vt 0.883929 0.000000
vt 0.941964 0.000000
vt 0.450893 0.000000
vt 0.647321 0.000000
vt 0.897321 0.000000
vt 0.901786 0.000000
vt 0.642857 0.000000
vt 0.906250 0.000000
vt 0.455357 0.000000
vt 0.638393 0.000000
vt 0.910714 0.000000
vt 0.915179 0.000000
vt 0.633929 0.000000
vt 0.776786 0.000000
vt 0.919643 0.000000
vt 0.459821 0.000000
vt 0.629464 0.000000
vt 0.924107 0.000000
vt 0.549107 0.000000
vt 0.558036 0.000000
vt 0.553571 0.000000
vt 0.562500 0.000000
vt 0.928571 0.000000
vt 0.625000 0.000000
vt 0.566964 0.000000
vt 0.933036 0.000000
vt 0.571429 0.000000
vt 0.620536 0.000000
vt 0.575893 0.000000
vt 0.781250 0.000000
vt 0.937500 0.000000
vt 0.464286 0.000000
vt 0.580357 0.000000
vt 0.879464 0.000000
vt 0.616071 0.000000
vt 0.584821 0.000000
vt 0.589286 0.000000
vt 0.611607 0.000000
vt 0.593750 0.000000
vt 0.598214 0.000000
vt 0.602679 0.000000
vt 0.607143 0.000000
vt 0.468750 0.000000
vt 0.785714 0.000000
vt 0.875000 0.000000
vt 0.473214 0.000000
vt 0.477679 0.000000
vt 0.790179 0.000000
vt 0.870536 0.000000
vt 0.544643 0.000000
vt 0.540179 0.000000
vt 0.482143 0.000000
vt 0.535714 0.000000
vt 0.531250 0.000000
vt 0.526786 0.000000
vt 0.486607 0.000000
vt 0.522321 0.000000
vt 0.517857 0.000000
vt 0.513393 0.000000
vt 0.491071 0.000000
vt 0.508929 0.000000
vt 0.504464 0.000000
vt 0.495536 0.000000
vt 0.500000 0.000000
vt 0.866071 0.000000
vt 0.794643 0.000000
vt 0.861607 0.000000
vt 0.799107 0.000000
vt 0.857143 0.000000
vt 0.803571 0.000000
vt 0.852679 0.000000
vt 0.808036 0.000000
vt 0.848214 0.000000
vt 0.812500 0.000000
vt 0.843750 0.000000
vt 0.816964 0.000000
vt 0.839286 0.000000
vt 0.821429 0.000000
vt 0.834821 0.000000
vt 0.825893 0.000000
vt 0.830357 0.000000
vt 0.063830 0.000000
vt 0.074468 0.000000
vt 0.069149 0.000000
vt 0.079787 0.000000
vt 0.058511 0.000000
vt 0.085106 0.000000
vt 0.053191 0.000000
vt 0.090426 0.000000
vt 0.047872 0.000000
vt 0.095745 0.000000
vt 0.042553 0.000000
vt 0.101064 0.000000
vt 0.037234 0.000000
vt 0.031915 0.000000
vt 0.106383 0.000000
vt 0.026596 0.000000
vt 0.111702 0.000000
vt 0.021277 0.000000
vt 0.117021 0.000000
vt 0.015957 0.000000
vt 0.122340 0.000000
vt 0.010638 0.000000
vt 0.127660 0.000000
vt 0.005319 0.000000
vt 0.132979 0.000000
vt 0.138298 0.000000
vt 0.143617 0.000000
vt 0.202128 0.000000
vt 0.212766 0.000000
vt 0.207447 0.000000
vt 0.196809 0.000000
vt 0.191489 0.000000
vt 0.186170 0.000000
vt 0.180851 0.000000
vt 0.175532 0.000000
vt 0.170213 0.000000
vt 0.930851 0.000000
vt 0.941489 0.000000
vt 0.936170 0.000000
vt 0.946809 0.000000
vt 0.164894 0.000000
vt 0.952128 0.000000
vt 0.159574 0.000000
vt 0.957447 0.000000
vt 0.962766 0.000000
vt 0.154255 0.000000
vt 0.968085 0.000000
vt 0.148936 0.000000
vt 0.973404 0.000000
vt 0.978723 0.000000
vt 0.984043 0.000000
vt 0.989362 0.000000
vt 0.994681 0.000000
vt 0.218085 0.000000
vt 0.223404 0.000000
vt 0.228723 0.000000
vt 0.234043 0.000000
vt 0.239362 0.000000
vt 0.244681 0.000000
vt 0.255319 0.000000
vt 0.260638 0.000000
vt 0.925532 0.000000
vt 0.920213 0.000000
vt 0.265957 0.000000
vt 0.914894 0.000000
vt 0.909574 0.000000
vt 0.271277 0.000000
vt 0.904255 0.000000
vt 0.898936 0.000000
vt 0.276596 0.000000
vt 0.893617 0.000000
vt 0.861702 0.000000
vt 0.281915 0.000000
vt 0.888298 0.000000
vt 0.882979 0.000000
vt 0.877660 0.000000
vt 0.872340 0.000000
vt 0.867021 0.000000
vt 0.856383 0.000000
vt 0.287234 0.000000
vt 0.851064 0.000000
vt 0.292553 0.000000
vt 0.845745 0.000000
vt 0.297872 0.000000
vt 0.303191 0.000000
vt 0.840426 0.000000
vt 0.308511 0.000000
vt 0.835106 0.000000
vt 0.313830 0.000000
vt 0.319149 0.000000
vt 0.398936 0.000000
vt 0.409574 0.000000
vt 0.404255 0.000000
vt 0.393617 0.000000
vt 0.414894 0.000000
vt 0.388298 0.000000
vt 0.829787 0.000000
vt 0.382979 0.000000
vt 0.420213 0.000000
vt 0.377660 0.000000
vt 0.372340 0.000000
vt 0.425532 0.000000
vt 0.324468 0.000000
vt 0.367021 0.000000
vt 0.430851 0.000000
vt 0.361702 0.000000
vt 0.824468 0.000000
vt 0.356383 0.000000
vt 0.329787 0.000000
vt 0.436170 0.000000
vt 0.351064 0.000000
vt 0.335106 0.000000
vt 0.441489 0.000000
vt 0.345745 0.000000
vt 0.664894 0.000000
vt 0.819149 0.000000
vt 0.670213 0.000000
vt 0.659574 0.000000
vt 0.675532 0.000000
vt 0.654255 0.000000
vt 0.340426 0.000000
vt 0.680851 0.000000
vt 0.648936 0.000000
vt 0.446809 0.000000
vt 0.686170 0.000000
vt 0.643617 0.000000
vt 0.691489 0.000000
vt 0.638298 0.000000
vt 0.696809 0.000000
vt 0.632979 0.000000
vt 0.452128 0.000000
vt 0.813830 0.000000
vt 0.702128 0.000000
vt 0.627660 0.000000
vt 0.707447 0.000000
vt 0.457447 0.000000
vt 0.622340 0.000000
vt 0.712766 0.000000
vt 0.808511 0.000000
vt 0.617021 0.000000
vt 0.718085 0.000000
vt 0.462766 0.000000
vt 0.611702 0.000000
vt 0.723404 0.000000
vt 0.803191 0.000000
vt 0.606383 0.000000
vt 0.728723 0.000000
vt 0.468085 0.000000
vt 0.797872 0.000000
vt 0.601064 0.000000
vt 0.734043 0.000000
vt 0.739362 0.000000
vt 0.744681 0.000000
vt 0.473404 0.000000
vt 0.595745 0.000000
vt 0.755319 0.000000
vt 0.760638 0.000000
vt 0.792553 0.000000
vt 0.787234 0.000000
vt 0.781915 0.000000
vt 0.776596 0.000000
vt 0.771277 0.000000
vt 0.765957 0.000000
vt 0.590426 0.000000
vt 0.478723 0.000000
vt 0.585106 0.000000
vt 0.484043 0.000000
vt 0.579787 0.000000
vt 0.574468 0.000000
vt 0.489362 0.000000
vt 0.569149 0.000000
vt 0.563830 0.000000
vt 0.494681 0.000000
vt 0.558511 0.000000
vt 0.531915 0.000000
vt 0.542553 0.000000
vt 0.537234 0.000000
vt 0.553191 0.000000
vt 0.547872 0.000000
vt 0.505319 0.000000
vt 0.510638 0.000000
vt 0.515957 0.000000
vt 0.526596 0.000000
vt 0.521277 0.000000
vt 0.855670 0.000000
vt 0.876289 0.000000
vt 0.865979 0.000000
vt 0.886598 0.000000
vt 0.845361 0.000000
vt 0.896907 0.000000
vt 0.835052 0.000000
vt 0.907216 0.000000
vt 0.824742 0.000000
vt 0.917526 0.000000
vt 0.814433 0.000000
vt 0.927835 0.000000
vt 0.804124 0.000000
vt 0.938144 0.000000
vt 0.793814 0.000000
vt 0.948454 0.000000
vt 0.783505 0.000000
vt 0.958763 0.000000
vt 0.773196 0.000000
vt 0.969072 0.000000
vt 0.762887 0.000000
vt 0.979381 0.000000
vt 0.752577 0.000000
vt 0.989691 0.000000
vt 0.742268 0.000000
vt 0.731959 0.000000
vt 0.721649 0.000000
vt 0.010309 0.000000
vt 0.711340 0.000000
vt 0.020619 0.000000
vt 0.701031 0.000000
vt 0.030928 0.000000
vt 0.690722 0.000000
vt 0.041237 0.000000
vt 0.680412 0.000000
vt 0.051546 0.000000
vt 0.061856 0.000000
vt 0.670103 0.000000
vt 0.072165 0.000000
vt 0.659794 0.000000
vt 0.082474 0.000000
vt 0.649485 0.000000
vt 0.092784 0.000000
vt 0.639175 0.000000
vt 0.103093 0.000000
vt 0.628866 0.000000
vt 0.350515 0.000000
vt 0.371134 0.000000
vt 0.360825 0.000000
vt 0.113402 0.000000
vt 0.340206 0.000000
vt 0.618557 0.000000
vt 0.329897 0.000000
vt 0.123711 0.000000
vt 0.608247 0.000000
vt 0.381443 0.000000
vt 0.319588 0.000000
vt 0.134021 0.000000
vt 0.391753 0.000000
vt 0.309278 0.000000
vt 0.597938 0.000000
vt 0.144330 0.000000
vt 0.402062 0.000000
vt 0.298969 0.000000
vt 0.154639 0.000000
vt 0.587629 0.000000
vt 0.288660 0.000000
vt 0.412371 0.000000
vt 0.164948 0.000000
vt 0.278351 0.000000
vt 0.175258 0.000000
vt 0.422680 0.000000
vt 0.577320 0.000000
vt 0.185567 0.000000
vt 0.268041 0.000000
vt 0.195876 0.000000
vt 0.257732 0.000000
vt 0.432990 0.000000
vt 0.206186 0.000000
vt 0.567010 0.000000
vt 0.247423 0.000000
vt 0.216495 0.000000
vt 0.226804 0.000000
vt 0.237113 0.000000
vt 0.443299 0.000000
vt 0.556701 0.000000
vt 0.453608 0.000000
vt 0.546392 0.000000
vt 0.463918 0.000000
vt 0.536082 0.000000
vt 0.525773 0.000000
vt 0.474227 0.000000
vt 0.515464 0.000000
vt 0.484536 0.000000
vt 0.505155 0.000000
vt 0.494845 0.000000
vt 0.115672 0.000000
vt 0.123134 0.000000
vt 0.119403 0.000000
vt 0.126866 0.000000
vt 0.093284 0.000000
vt 0.100746 0.000000
vt 0.097015 0.000000
vt 0.044776 0.000000
vt 0.085821 0.000000
vt 0.089552 0.000000
vt 0.048507 0.000000
vt 0.052239 0.000000
vt 0.082090 0.000000
vt 0.078358 0.000000
vt 0.055970 0.000000
vt 0.059701 0.000000
vt 0.070896 0.000000
vt 0.037313 0.000000
vt 0.074627 0.000000
vt 0.063433 0.000000
vt 0.033582 0.000000
vt 0.022388 0.000000
vt 0.018657 0.000000
vt 0.007463 0.000000
vt 0.003731 0.000000
vt 0.067164 0.000000
vt 0.108209 0.000000
vt 0.111940 0.000000
vt 0.130597 0.000000
vt 0.134328 0.000000
vt 0.041045 0.000000
vt 0.029851 0.000000
vt 0.026119 0.000000
vt 0.014925 0.000000
vt 0.011194 0.000000
vt 0.104478 0.000000
vt 0.138060 0.000000
vt 0.141791 0.000000
vt 0.197761 0.000000
vt 0.205224 0.000000
vt 0.201493 0.000000
vt 0.208955 0.000000
vt 0.212687 0.000000
vt 0.216418 0.000000
vt 0.194030 0.000000
vt 0.220149 0.000000
vt 0.190299 0.000000
vt 0.186567 0.000000
vt 0.223881 0.000000
vt 0.182836 0.000000
vt 0.227612 0.000000
vt 0.179104 0.000000
vt 0.175373 0.000000
vt 0.231343 0.000000
vt 0.171642 0.000000
vt 0.235075 0.000000
vt 0.167910 0.000000
vt 0.164179 0.000000
vt 0.238806 0.000000
vt 0.160448 0.000000
vt 0.242537 0.000000
vt 0.156716 0.000000
vt 0.246269 0.000000
vt 0.152985 0.000000
vt 0.145522 0.000000
vt 0.149254 0.000000
vt 0.253731 0.000000
vt 0.902985 0.000000
vt 0.906716 0.000000
vt 0.899254 0.000000
vt 0.895522 0.000000
vt 0.257463 0.000000
vt 0.261194 0.000000
vt 0.264925 0.000000
vt 0.343284 0.000000
vt 0.350746 0.000000
vt 0.347015 0.000000
vt 0.891791 0.000000
vt 0.339552 0.000000
vt 0.529851 0.000000
vt 0.268657 0.000000
vt 0.533582 0.000000
vt 0.526119 0.000000
vt 0.335821 0.000000
vt 0.888060 0.000000
vt 0.272388 0.000000
vt 0.537313 0.000000
vt 0.332090 0.000000
vt 0.541045 0.000000
vt 0.276119 0.000000
vt 0.544776 0.000000
vt 0.328358 0.000000
vt 0.884328 0.000000
vt 0.279851 0.000000
vt 0.548507 0.000000
vt 0.910448 0.000000
vt 0.996269 0.000000
vt 0.324627 0.000000
vt 0.354478 0.000000
vt 0.552239 0.000000
vt 0.992537 0.000000
vt 0.283582 0.000000
vt 0.522388 0.000000
vt 0.880597 0.000000
vt 0.988806 0.000000
vt 0.555970 0.000000
vt 0.320896 0.000000
vt 0.358209 0.000000
vt 0.914179 0.000000
vt 0.985075 0.000000
vt 0.559702 0.000000
vt 0.287313 0.000000
vt 0.317164 0.000000
vt 0.981343 0.000000
vt 0.361940 0.000000
vt 0.917910 0.000000
vt 0.563433 0.000000
vt 0.876866 0.000000
vt 0.977612 0.000000
vt 0.291045 0.000000
vt 0.567164 0.000000
vt 0.973881 0.000000
vt 0.313433 0.000000
vt 0.365672 0.000000
vt 0.970149 0.000000
vt 0.921642 0.000000
vt 0.570895 0.000000
vt 0.294776 0.000000
vt 0.966418 0.000000
vt 0.873134 0.000000
vt 0.309702 0.000000
vt 0.369403 0.000000
vt 0.574627 0.000000
vt 0.518657 0.000000
vt 0.962687 0.000000
vt 0.958955 0.000000
vt 0.298507 0.000000
vt 0.925373 0.000000
vt 0.305970 0.000000
vt 0.764925 0.000000
vt 0.578358 0.000000
vt 0.373134 0.000000
vt 0.955224 0.000000
vt 0.951493 0.000000
vt 0.869403 0.000000
vt 0.302239 0.000000
vt 0.376866 0.000000
vt 0.929105 0.000000
vt 0.380597 0.000000
vt 0.865672 0.000000
vt 0.932836 0.000000
vt 0.514925 0.000000
vt 0.384328 0.000000
vt 0.936567 0.000000
vt 0.861940 0.000000
vt 0.388060 0.000000
vt 0.940298 0.000000
vt 0.391791 0.000000
vt 0.768657 0.000000
vt 0.761194 0.000000
vt 0.858209 0.000000
vt 0.772388 0.000000
vt 0.395522 0.000000
vt 0.944030 0.000000
vt 0.511194 0.000000
vt 0.776119 0.000000
vt 0.854478 0.000000
vt 0.399254 0.000000
vt 0.947761 0.000000
vt 0.779851 0.000000
vt 0.850746 0.000000
vt 0.402985 0.000000
vt 0.783582 0.000000
vt 0.847015 0.000000
vt 0.843284 0.000000
vt 0.787313 0.000000
vt 0.839552 0.000000
vt 0.406716 0.000000
vt 0.507463 0.000000
vt 0.791045 0.000000
vt 0.835821 0.000000
vt 0.832090 0.000000
vt 0.794776 0.000000
vt 0.410448 0.000000
vt 0.828358 0.000000
vt 0.798507 0.000000
vt 0.824627 0.000000
vt 0.802239 0.000000
vt 0.820895 0.000000
vt 0.414179 0.000000
vt 0.585821 0.000000
vt 0.582090 0.000000
vt 0.817164 0.000000
vt 0.805970 0.000000
vt 0.503731 0.000000
vt 0.589552 0.000000
vt 0.813433 0.000000
vt 0.417910 0.000000
vt 0.809702 0.000000
vt 0.593284 0.000000
vt 0.597015 0.000000
vt 0.421642 0.000000
vt 0.757463 0.000000
vt 0.600746 0.000000
vt 0.604478 0.000000
vt 0.425373 0.000000
vt 0.753731 0.000000
vt 0.608209 0.000000
vt 0.611940 0.000000
vt 0.429104 0.000000
vt 0.615672 0.000000
vt 0.432836 0.000000
vt 0.619403 0.000000
vt 0.746269 0.000000
vt 0.623134 0.000000
vt 0.436567 0.000000
vt 0.496269 0.000000
vt 0.626866 0.000000
vt 0.742537 0.000000
vt 0.440298 0.000000
vt 0.630597 0.000000
vt 0.738806 0.000000
vt 0.444030 0.000000
vt 0.447761 0.000000
vt 0.735075 0.000000
vt 0.451493 0.000000
vt 0.634328 0.000000
vt 0.492537 0.000000
vt 0.731343 0.000000
vt 0.455224 0.000000
vt 0.727612 0.000000
vt 0.458955 0.000000
vt 0.723881 0.000000
vt 0.462687 0.000000
vt 0.720149 0.000000
vt 0.638060 0.000000
vt 0.716418 0.000000
vt 0.466418 0.000000
vt 0.712687 0.000000
vt 0.488806 0.000000
vt 0.708955 0.000000
vt 0.470149 0.000000
vt 0.641791 0.000000
vt 0.705224 0.000000
vt 0.473881 0.000000
vt 0.701493 0.000000
vt 0.645522 0.000000
vt 0.697761 0.000000
vt 0.477612 0.000000
vt 0.485075 0.000000
vt 0.481343 0.000000
vt 0.694030 0.000000
vt 0.649254 0.000000
vt 0.690298 0.000000
vt 0.652985 0.000000
vt 0.686567 0.000000
vt 0.682836 0.000000
vt 0.656716 0.000000
vt 0.679105 0.000000
vt 0.660448 0.000000
vt 0.664179 0.000000
vt 0.675373 0.000000
vt 0.667910 0.000000
vt 0.671642 0.000000
vt 0.729097 0.000000
vt 0.735786 0.000000
vt 0.732441 0.000000
vt 0.779264 0.000000
vt 0.785953 0.000000
vt 0.782609 0.000000
vt 0.789298 0.000000
vt 0.003344 0.000000
vt 0.725753 0.000000
vt 0.006689 0.000000
vt 0.010033 0.000000
vt 0.993311 0.000000
vt 0.996656 0.000000
vt 0.013378 0.000000
vt 0.739130 0.000000
vt 0.722408 0.000000
vt 0.016722 0.000000
vt 0.742475 0.000000
vt 0.989967 0.000000
vt 0.745819 0.000000
vt 0.020067 0.000000
vt 0.749164 0.000000
vt 0.023411 0.000000
vt 0.719064 0.000000
vt 0.752508 0.000000
vt 0.026756 0.000000
vt 0.986622 0.000000
vt 0.755853 0.000000
vt 0.030100 0.000000
vt 0.759197 0.000000
vt 0.033445 0.000000
vt 0.715719 0.000000
vt 0.762542 0.000000
vt 0.983278 0.000000
vt 0.036789 0.000000
vt 0.765886 0.000000
vt 0.040134 0.000000
vt 0.043478 0.000000
vt 0.046823 0.000000
vt 0.050167 0.000000
vt 0.769231 0.000000
vt 0.053512 0.000000
vt 0.056856 0.000000
vt 0.060201 0.000000
vt 0.979933 0.000000
vt 0.712375 0.000000
vt 0.772575 0.000000
vt 0.063545 0.000000
vt 0.066890 0.000000
vt 0.070234 0.000000
vt 0.775920 0.000000
vt 0.073579 0.000000
vt 0.076923 0.000000
vt 0.080268 0.000000
vt 0.792642 0.000000
vt 0.795987 0.000000
vt 0.361204 0.000000
vt 0.083612 0.000000
vt 0.976589 0.000000
vt 0.709030 0.000000
vt 0.612040 0.000000
vt 0.615385 0.000000
vt 0.608696 0.000000
vt 0.605351 0.000000
vt 0.488294 0.000000
vt 0.491639 0.000000
vt 0.484950 0.000000
vt 0.481605 0.000000
vt 0.364549 0.000000
vt 0.367893 0.000000
vt 0.357860 0.000000
vt 0.973244 0.000000
vt 0.705686 0.000000
vt 0.618729 0.000000
vt 0.969900 0.000000
vt 0.876254 0.000000
vt 0.622074 0.000000
vt 0.879599 0.000000
vt 0.872910 0.000000
vt 0.869565 0.000000
vt 0.799331 0.000000
vt 0.802676 0.000000
vt 0.602007 0.000000
vt 0.702341 0.000000
vt 0.494983 0.000000
vt 0.882943 0.000000
vt 0.625418 0.000000
vt 0.966555 0.000000
vt 0.478261 0.000000
vt 0.371237 0.000000
vt 0.886288 0.000000
vt 0.698997 0.000000
vt 0.628763 0.000000
vt 0.086957 0.000000
vt 0.889632 0.000000
vt 0.598662 0.000000
vt 0.963211 0.000000
vt 0.498328 0.000000
vt 0.632107 0.000000
vt 0.892977 0.000000
vt 0.354515 0.000000
vt 0.695652 0.000000
vt 0.635451 0.000000
vt 0.896321 0.000000
vt 0.959866 0.000000
vt 0.899666 0.000000
vt 0.638796 0.000000
vt 0.595318 0.000000
vt 0.692308 0.000000
vt 0.474916 0.000000
vt 0.501672 0.000000
vt 0.903010 0.000000
vt 0.374582 0.000000
vt 0.956522 0.000000
vt 0.642140 0.000000
vt 0.906354 0.000000
vt 0.688963 0.000000
vt 0.645485 0.000000
vt 0.685619 0.000000
vt 0.682274 0.000000
vt 0.953177 0.000000
vt 0.909699 0.000000
vt 0.949833 0.000000
vt 0.678930 0.000000
vt 0.946488 0.000000
vt 0.591973 0.000000
vt 0.675585 0.000000
vt 0.943144 0.000000
vt 0.939799 0.000000
vt 0.648829 0.000000
vt 0.672241 0.000000
vt 0.913043 0.000000
vt 0.936455 0.000000
vt 0.668896 0.000000
vt 0.933110 0.000000
vt 0.090301 0.000000
vt 0.665552 0.000000
vt 0.929766 0.000000
vt 0.505017 0.000000
vt 0.662207 0.000000
vt 0.926421 0.000000
vt 0.923077 0.000000
vt 0.919732 0.000000
vt 0.916388 0.000000
vt 0.658863 0.000000
vt 0.655518 0.000000
vt 0.652174 0.000000
vt 0.351171 0.000000
vt 0.471572 0.000000
vt 0.377926 0.000000
vt 0.588629 0.000000
vt 0.809365 0.000000
vt 0.806020 0.000000
vt 0.508361 0.000000
vt 0.585284 0.000000
vt 0.468227 0.000000
vt 0.347826 0.000000
vt 0.093645 0.000000
vt 0.511706 0.000000
vt 0.381271 0.000000
vt 0.866221 0.000000
vt 0.862876 0.000000
vt 0.581940 0.000000
vt 0.859532 0.000000
vt 0.812709 0.000000
vt 0.856187 0.000000
vt 0.852843 0.000000
vt 0.849498 0.000000
vt 0.846154 0.000000
vt 0.515050 0.000000
vt 0.842809 0.000000
vt 0.839465 0.000000
vt 0.578595 0.000000
vt 0.464883 0.000000
vt 0.836120 0.000000
vt 0.832776 0.000000
vt 0.829431 0.000000
vt 0.822742 0.000000
vt 0.816054 0.000000
vt 0.826087 0.000000
vt 0.344482 0.000000
vt 0.384615 0.000000
vt 0.096990 0.000000
vt 0.518395 0.000000
vt 0.575251 0.000000
vt 0.819398 0.000000
vt 0.461538 0.000000
vt 0.571906 0.000000
vt 0.521739 0.000000
vt 0.341137 0.000000
vt 0.387960 0.000000
vt 0.568562 0.000000
vt 0.100334 0.000000
vt 0.525084 0.000000
vt 0.565217 0.000000
vt 0.458194 0.000000
vt 0.561873 0.000000
vt 0.558528 0.000000
vt 0.555184 0.000000
vt 0.551839 0.000000
vt 0.337793 0.000000
vt 0.548495 0.000000
vt 0.545151 0.000000
vt 0.541806 0.000000
vt 0.538462 0.000000
vt 0.535117 0.000000
vt 0.531773 0.000000
vt 0.528428 0.000000
vt 0.391304 0.000000
vt 0.103679 0.000000
vt 0.454850 0.000000
vt 0.334448 0.000000
vt 0.394649 0.000000
vt 0.107023 0.000000
vt 0.331104 0.000000
vt 0.451505 0.000000
vt 0.327759 0.000000
vt 0.110368 0.000000
vt 0.397993 0.000000
vt 0.448161 0.000000
vt 0.324415 0.000000
vt 0.113712 0.000000
vt 0.321070 0.000000
vt 0.317726 0.000000
vt 0.314381 0.000000
vt 0.444816 0.000000
vt 0.401338 0.000000
vt 0.311037 0.000000
vt 0.307692 0.000000
vt 0.304348 0.000000
vt 0.237458 0.000000
vt 0.244147 0.000000
vt 0.240803 0.000000
vt 0.301003 0.000000
vt 0.117057 0.000000
vt 0.247492 0.000000
vt 0.250836 0.000000
vt 0.297659 0.000000
vt 0.254181 0.000000
vt 0.294314 0.000000
vt 0.257525 0.000000
vt 0.260870 0.000000
vt 0.290970 0.000000
vt 0.264214 0.000000
vt 0.287625 0.000000
vt 0.267559 0.000000
vt 0.270903 0.000000
vt 0.284281 0.000000
vt 0.274247 0.000000
vt 0.277592 0.000000
vt 0.280936 0.000000
vt 0.234114 0.000000
vt 0.230769 0.000000
vt 0.227425 0.000000
vt 0.120401 0.000000
vt 0.224080 0.000000
vt 0.441472 0.000000
vt 0.438127 0.000000
vt 0.220736 0.000000
vt 0.434783 0.000000
vt 0.431438 0.000000
vt 0.428094 0.000000
vt 0.424749 0.000000
vt 0.421405 0.000000
vt 0.418060 0.000000
vt 0.414716 0.000000
vt 0.411371 0.000000
vt 0.408027 0.000000
vt 0.404682 0.000000
vt 0.123746 0.000000
vt 0.217391 0.000000
vt 0.127090 0.000000
vt 0.214047 0.000000
vt 0.130435 0.000000
vt 0.210702 0.000000
vt 0.133779 0.000000
vt 0.137124 0.000000
vt 0.207358 0.000000
vt 0.140468 0.000000
vt 0.204013 0.000000
vt 0.143813 0.000000
vt 0.147157 0.000000
vt 0.150502 0.000000
vt 0.200669 0.000000
vt 0.153846 0.000000
vt 0.157191 0.000000
vt 0.160535 0.000000
vt 0.197324 0.000000
vt 0.163880 0.000000
vt 0.193980 0.000000
vt 0.167224 0.000000
vt 0.190635 0.000000
vt 0.170569 0.000000
vt 0.187291 0.000000
vt 0.173913 0.000000
vt 0.183946 0.000000
vt 0.177258 0.000000
vt 0.180602 0.000000
vt 0.994898 0.000000
vt 0.367347 0.000000
vt 0.372449 0.000000
vt 0.377551 0.000000
vt 0.382653 0.000000
vt 0.989796 0.000000
vt 0.387755 0.000000
vt 0.984694 0.000000
vt 0.979592 0.000000
vt 0.974490 0.000000
vt 0.397959 0.000000
vt 0.969388 0.000000
vt 0.403061 0.000000
vt 0.959184 0.000000
vt 0.408163 0.000000
vt 0.954082 0.000000
vt 0.948980 0.000000
vt 0.413265 0.000000
vt 0.943878 0.000000
vt 0.418367 0.000000
vt 0.938776 0.000000
vt 0.423469 0.000000
vt 0.933673 0.000000
vt 0.923469 0.000000
vt 0.433673 0.000000
vt 0.918367 0.000000
vt 0.913265 0.000000
vt 0.438776 0.000000
vt 0.443878 0.000000
vt 0.566327 0.000000
vt 0.576531 0.000000
vt 0.448980 0.000000
vt 0.561224 0.000000
vt 0.454082 0.000000
vt 0.908163 0.000000
vt 0.556122 0.000000
vt 0.459184 0.000000
vt 0.581633 0.000000
vt 0.903061 0.000000
vt 0.551020 0.000000
vt 0.586735 0.000000
vt 0.897959 0.000000
vt 0.469388 0.000000
vt 0.545918 0.000000
vt 0.591837 0.000000
vt 0.596939 0.000000
vt 0.474490 0.000000
vt 0.540816 0.000000
vt 0.887755 0.000000
vt 0.602041 0.000000
vt 0.479592 0.000000
vt 0.882653 0.000000
vt 0.484694 0.000000
vt 0.877551 0.000000
vt 0.530612 0.000000
vt 0.612245 0.000000
vt 0.489796 0.000000
vt 0.872449 0.000000
vt 0.617347 0.000000
vt 0.525510 0.000000
vt 0.494898 0.000000
vt 0.867347 0.000000
vt 0.622449 0.000000
vt 0.520408 0.000000
vt 0.862245 0.000000
vt 0.627551 0.000000
vt 0.505102 0.000000
vt 0.515306 0.000000
vt 0.632653 0.000000
vt 0.510204 0.000000
vt 0.852041 0.000000
vt 0.637755 0.000000
vt 0.841837 0.000000
vt 0.653061 0.000000
vt 0.846939 0.000000
vt 0.647959 0.000000
vt 0.658163 0.000000
vt 0.352041 0.000000
vt 0.362245 0.000000
vt 0.061224 0.000000
vt 0.066327 0.000000
vt 0.076531 0.000000
vt 0.346939 0.000000
vt 0.005102 0.000000
vt 0.010204 0.000000
vt 0.015306 0.000000
vt 0.341837 0.000000
vt 0.020408 0.000000
vt 0.025510 0.000000
vt 0.030612 0.000000
vt 0.336735 0.000000
vt 0.836735 0.000000
vt 0.040816 0.000000
vt 0.663265 0.000000
vt 0.045918 0.000000
vt 0.331633 0.000000
vt 0.051020 0.000000
vt 0.056122 0.000000
vt 0.081633 0.000000
vt 0.086735 0.000000
vt 0.326531 0.000000
vt 0.831633 0.000000
vt 0.668367 0.000000
vt 0.826531 0.000000
vt 0.316327 0.000000
vt 0.673469 0.000000
vt 0.311224 0.000000
vt 0.173469 0.000000
vt 0.168367 0.000000
vt 0.163265 0.000000
vt 0.091837 0.000000
vt 0.096939 0.000000
vt 0.183673 0.000000
vt 0.306122 0.000000
vt 0.188776 0.000000
vt 0.193878 0.000000
vt 0.301020 0.000000
vt 0.198980 0.000000
vt 0.295918 0.000000
vt 0.204082 0.000000
vt 0.816327 0.000000
vt 0.209184 0.000000
vt 0.290816 0.000000
vt 0.280612 0.000000
vt 0.683673 0.000000
vt 0.275510 0.000000
vt 0.219388 0.000000
vt 0.270408 0.000000
vt 0.265306 0.000000
vt 0.224490 0.000000
vt 0.260204 0.000000
vt 0.255102 0.000000
vt 0.229592 0.000000
vt 0.811224 0.000000
vt 0.244898 0.000000
vt 0.239796 0.000000
vt 0.234694 0.000000
vt 0.153061 0.000000
vt 0.158163 0.000000
vt 0.102041 0.000000
vt 0.688776 0.000000
vt 0.806122 0.000000
vt 0.693878 0.000000
vt 0.801020 0.000000
vt 0.147959 0.000000
vt 0.112245 0.000000
vt 0.117347 0.000000
vt 0.698980 0.000000
vt 0.795918 0.000000
vt 0.704082 0.000000
vt 0.790816 0.000000
vt 0.709184 0.000000
vt 0.132653 0.000000
vt 0.137755 0.000000
vt 0.122449 0.000000
vt 0.127551 0.000000
vt 0.780612 0.000000
vt 0.775510 0.000000
vt 0.770408 0.000000
vt 0.765306 0.000000
vt 0.760204 0.000000
vt 0.755102 0.000000
vt 0.744898 0.000000
vt 0.739796 0.000000
vt 0.734694 0.000000
vt 0.729592 0.000000
vt 0.724490 0.000000
vt 0.719388 0.000000
vt 0.525641 0.000000
vt 0.532051 0.000000
vt 0.544872 0.000000
vt 0.519231 0.000000
vt 0.551282 0.000000
vt 0.512821 0.000000
vt 0.557692 0.000000
vt 0.506410 0.000000
vt 0.564103 0.000000
vt 0.224359 0.000000
vt 0.929487 0.000000
vt 0.916667 0.000000
vt 0.217949 0.000000
vt 0.570513 0.000000
vt 0.910256 0.000000
vt 0.237179 0.000000
vt 0.493590 0.000000
vt 0.903846 0.000000
vt 0.935897 0.000000
vt 0.243590 0.000000
vt 0.211538 0.000000
vt 0.897436 0.000000
vt 0.576923 0.000000
vt 0.942308 0.000000
vt 0.487179 0.000000
vt 0.205128 0.000000
vt 0.891026 0.000000
vt 0.256410 0.000000
vt 0.583333 0.000000
vt 0.884615 0.000000
vt 0.198718 0.000000
vt 0.948718 0.000000
vt 0.480769 0.000000
vt 0.262821 0.000000
vt 0.192308 0.000000
vt 0.878205 0.000000
vt 0.955128 0.000000
vt 0.589744 0.000000
vt 0.185897 0.000000
vt 0.961538 0.000000
vt 0.871795 0.000000
vt 0.269231 0.000000
vt 0.474359 0.000000
vt 0.179487 0.000000
vt 0.967949 0.000000
vt 0.596154 0.000000
vt 0.865385 0.000000
vt 0.275641 0.000000
vt 0.173077 0.000000
vt 0.974359 0.000000
vt 0.467949 0.000000
vt 0.858974 0.000000
vt 0.166667 0.000000
vt 0.282051 0.000000
vt 0.980769 0.000000
vt 0.602564 0.000000
vt 0.160256 0.000000
vt 0.987179 0.000000
vt 0.852564 0.000000
vt 0.288462 0.000000
vt 0.993590 0.000000
vt 0.608974 0.000000
vt 0.147436 0.000000
vt 0.294872 0.000000
vt 0.141026 0.000000
vt 0.455128 0.000000
vt 0.839744 0.000000
vt 0.301282 0.000000
vt 0.134615 0.000000
vt 0.833333 0.000000
vt 0.448718 0.000000
vt 0.314103 0.000000
vt 0.621795 0.000000
vt 0.128205 0.000000
vt 0.006410 0.000000
vt 0.826923 0.000000
vt 0.442308 0.000000
vt 0.121795 0.000000
vt 0.012821 0.000000
vt 0.320513 0.000000
vt 0.628205 0.000000
vt 0.820513 0.000000
vt 0.019231 0.000000
vt 0.115385 0.000000
vt 0.435897 0.000000
vt 0.326923 0.000000
vt 0.025641 0.000000
vt 0.108974 0.000000
vt 0.634615 0.000000
vt 0.814103 0.000000
vt 0.429487 0.000000
vt 0.032051 0.000000
vt 0.102564 0.000000
vt 0.333333 0.000000
vt 0.038462 0.000000
vt 0.807692 0.000000
vt 0.096154 0.000000
vt 0.423077 0.000000
vt 0.044872 0.000000
vt 0.641026 0.000000
vt 0.089744 0.000000
vt 0.051282 0.000000
vt 0.801282 0.000000
vt 0.339744 0.000000
vt 0.083333 0.000000
vt 0.057692 0.000000
vt 0.064103 0.000000
vt 0.416667 0.000000
vt 0.070513 0.000000
vt 0.794872 0.000000
vt 0.647436 0.000000
vt 0.346154 0.000000
vt 0.410256 0.000000
vt 0.788462 0.000000
vt 0.352564 0.000000
vt 0.403846 0.000000
vt 0.653846 0.000000
vt 0.782051 0.000000
vt 0.358974 0.000000
vt 0.397436 0.000000
vt 0.775641 0.000000
vt 0.365385 0.000000
vt 0.391026 0.000000
vt 0.660256 0.000000
vt 0.762821 0.000000
vt 0.756410 0.000000
vt 0.371795 0.000000
vt 0.743590 0.000000
vt 0.737179 0.000000
vt 0.730769 0.000000
vt 0.724359 0.000000
vt 0.717949 0.000000
vt 0.711538 0.000000
vt 0.378205 0.000000
vt 0.705128 0.000000
vt 0.698718 0.000000
vt 0.685897 0.000000
vt 0.666667 0.000000
vt 0.673077 0.000000
vt 0.679487 0.000000
vt 0.278261 0.000000
vt 0.269565 0.000000
vt 0.286957 0.000000
vt 0.243478 0.000000
vt 0.252174 0.000000
vt 0.295652 0.000000
vt 0.234783 0.000000
vt 0.226087 0.000000
vt 0.313043 0.000000
vt 0.321739 0.000000
vt 0.208696 0.000000
vt 0.330435 0.000000
vt 0.339130 0.000000
vt 0.200000 0.000000
vt 0.191304 0.000000
vt 0.356522 0.000000
vt 0.365217 0.000000
vt 0.182609 0.000000
vt 0.373913 0.000000
vt 0.582609 0.000000
vt 0.573913 0.000000
vt 0.591304 0.000000
vt 0.382609 0.000000
vt 0.165217 0.000000
vt 0.556522 0.000000
vt 0.547826 0.000000
vt 0.600000 0.000000
vt 0.156522 0.000000
vt 0.539130 0.000000
vt 0.530435 0.000000
vt 0.400000 0.000000
vt 0.147826 0.000000
vt 0.513043 0.000000
vt 0.139130 0.000000
vt 0.408696 0.000000
vt 0.617391 0.000000
vt 0.504348 0.000000
vt 0.417391 0.000000
vt 0.495652 0.000000
vt 0.626087 0.000000
vt 0.121739 0.000000
vt 0.486957 0.000000
vt 0.426087 0.000000
vt 0.113043 0.000000
vt 0.634783 0.000000
vt 0.104348 0.000000
vt 0.469565 0.000000
vt 0.095652 0.000000
vt 0.460870 0.000000
vt 0.643478 0.000000
vt 0.443478 0.000000
vt 0.078261 0.000000
vt 0.452174 0.000000
vt 0.069565 0.000000
vt 0.060870 0.000000
vt 0.052174 0.000000
vt 0.034783 0.000000
vt 0.026087 0.000000
vt 0.660870 0.000000
vt 0.017391 0.000000
vt 0.008696 0.000000
vt 0.991304 0.000000
vt 0.982609 0.000000
vt 0.973913 0.000000
vt 0.791304 0.000000
vt 0.669565 0.000000
vt 0.800000 0.000000
vt 0.965217 0.000000
vt 0.773913 0.000000
vt 0.808696 0.000000
vt 0.765217 0.000000
vt 0.817391 0.000000
vt 0.947826 0.000000
vt 0.756522 0.000000
vt 0.678261 0.000000
vt 0.939130 0.000000
vt 0.747826 0.000000
vt 0.834783 0.000000
vt 0.930435 0.000000
vt 0.843478 0.000000
vt 0.921739 0.000000
vt 0.852174 0.000000
vt 0.730435 0.000000
vt 0.860870 0.000000
vt 0.721739 0.000000
vt 0.713043 0.000000
vt 0.704348 0.000000
vt 0.686957 0.000000
vt 0.878261 0.000000
vt 0.904348 0.000000
vt 0.886957 0.000000
vt 0.895652 0.000000
vt 0.995652 0.000000
vt 0.891304 0.000000
vt 0.900000 0.000000
vt 0.986957 0.000000
vt 0.908696 0.000000
vt 0.978261 0.000000
vt 0.917391 0.000000
vt 0.969565 0.000000
vt 0.926087 0.000000
vt 0.934783 0.000000
vt 0.960870 0.000000
vt 0.952174 0.000000
vt 0.943478 0.000000
vt 0.326087 0.000000
vt 0.300000 0.000000
vt 0.343478 0.000000
vt 0.334783 0.000000
vt 0.308696 0.000000
vt 0.317391 0.000000
vt 0.873913 0.000000
vt 0.882609 0.000000
vt 0.291304 0.000000
vt 0.004348 0.000000
vt 0.273913 0.000000
vt 0.282609 0.000000
vt 0.865217 0.000000
vt 0.386957 0.000000
vt 0.369565 0.000000
vt 0.352174 0.000000
vt 0.378261 0.000000
vt 0.360870 0.000000
vt 0.265217 0.000000
vt 0.013043 0.000000
vt 0.256522 0.000000
vt 0.247826 0.000000
vt 0.239130 0.000000
vt 0.230435 0.000000
vt 0.160870 0.000000
vt 0.169565 0.000000
vt 0.221739 0.000000
vt 0.178261 0.000000
vt 0.213043 0.000000
vt 0.186957 0.000000
vt 0.204348 0.000000
vt 0.195652 0.000000
vt 0.021739 0.000000
vt 0.856522 0.000000
vt 0.152174 0.000000
vt 0.030435 0.000000
vt 0.143478 0.000000
vt 0.395652 0.000000
vt 0.847826 0.000000
vt 0.404348 0.000000
vt 0.039130 0.000000
vt 0.134783 0.000000
vt 0.413043 0.000000
vt 0.047826 0.000000
vt 0.839130 0.000000
vt 0.126087 0.000000
vt 0.421739 0.000000
vt 0.056522 0.000000
vt 0.430435 0.000000
vt 0.065217 0.000000
vt 0.117391 0.000000
vt 0.073913 0.000000
vt 0.082609 0.000000
vt 0.439130 0.000000
vt 0.091304 0.000000
vt 0.100000 0.000000
vt 0.108696 0.000000
vt 0.830435 0.000000
vt 0.447826 0.000000
vt 0.760870 0.000000
vt 0.752174 0.000000
vt 0.743478 0.000000
vt 0.769565 0.000000
vt 0.734783 0.000000
vt 0.456522 0.000000
vt 0.821739 0.000000
vt 0.778261 0.000000
vt 0.726087 0.000000
vt 0.543478 0.000000
vt 0.552174 0.000000
vt 0.465217 0.000000
vt 0.534783 0.000000
vt 0.717391 0.000000
vt 0.526087 0.000000
vt 0.560870 0.000000
vt 0.786957 0.000000
vt 0.473913 0.000000
vt 0.517391 0.000000
vt 0.482609 0.000000
vt 0.508696 0.000000
vt 0.813043 0.000000
vt 0.491304 0.000000
vt 0.708696 0.000000
vt 0.569565 0.000000
vt 0.804348 0.000000
vt 0.795652 0.000000
vt 0.700000 0.000000
vt 0.578261 0.000000
vt 0.586957 0.000000
vt 0.691304 0.000000
vt 0.595652 0.000000
vt 0.682609 0.000000
vt 0.604348 0.000000
vt 0.673913 0.000000
vt 0.613043 0.000000
vt 0.621739 0.000000
vt 0.665217 0.000000
vt 0.630435 0.000000
vt 0.639130 0.000000
vt 0.656522 0.000000
vt 0.647826 0.000000
vt 0.000000 1.000000
vt 0.038462 1.000000
vt 0.076923 1.000000
vt 0.115385 1.000000
vt 0.153846 1.000000
vt 0.192308 1.000000
vt 0.230769 1.000000
vt 0.269231 1.000000
vt 0.307692 1.000000
vt 0.346154 1.000000
vt 0.384615 1.000000
vt 0.423077 1.000000
vt 0.461538 1.000000
vt 0.500000 1.000000
vt 0.538462 1.000000
vt 0.576923 1.000000
vt 0.615385 1.000000
vt 0.653846 1.000000
vt 0.692308 1.000000
vt 0.730769 1.000000
vt 0.769231 1.000000
vt 0.807692 1.000000
vt 0.846154 1.000000
vt 0.884615 1.000000
vt 0.923077 1.000000
vt 0.961538 1.000000
vt 1.000000 1.000000
vt 0.014085 1.000000
vt 0.014085 0.000000
vt 0.028169 1.000000
vt 0.028169 0.000000
vt 0.042254 1.000000
vt 0.042254 0.000000
vt 0.056338 1.000000
vt 0.056338 0.000000
vt 0.070423 1.000000
vt 0.070423 0.000000
vt 0.084507 1.000000
vt 0.084507 0.000000
vt 0.098592 1.000000
vt 0.098592 0.000000
vt 0.112676 1.000000
vt 0.112676 0.000000
vt 0.126761 1.000000
vt 0.126761 0.000000
vt 0.140845 1.000000
vt 0.140845 0.000000
vt 0.154930 1.000000
vt 0.154930 0.000000
vt 0.169014 1.000000
vt 0.169014 0.000000
vt 0.183099 1.000000
vt 0.183099 0.000000
vt 0.197183 1.000000
vt 0.197183 0.000000
vt 0.211268 1.000000
vt 0.211268 0.000000
vt 0.225352 1.000000
vt 0.225352 0.000000
vt 0.239437 1.000000
vt 0.239437 0.000000
vt 0.253521 1.000000
vt 0.253521 0.000000
vt 0.267606 1.000000
vt 0.267606 0.000000
vt 0.281690 1.000000
vt 0.281690 0.000000
vt 0.295775 1.000000
vt 0.295775 0.000000
vt 0.309859 1.000000
vt 0.309859 0.000000
vt 0.323944 1.000000
vt 0.323944 0.000000
vt 0.338028 1.000000
vt 0.338028 0.000000
vt 0.352113 1.000000
vt 0.352113 0.000000
vt 0.366197 1.000000
vt 0.366197 0.000000
vt 0.380282 1.000000
vt 0.380282 0.000000
vt 0.394366 1.000000
vt 0.394366 0.000000
vt 0.408451 1.000000
vt 0.408451 0.000000
vt 0.422535 1.000000
vt 0.422535 0.000000
vt 0.436620 1.000000
vt 0.436620 0.000000
vt 0.450704 1.000000
vt 0.450704 0.000000
vt 0.464789 1.000000
vt 0.464789 0.000000
vt 0.478873 1.000000
vt 0.478873 0.000000
vt 0.492958 1.000000
vt 0.492958 0.000000
vt 0.507042 1.000000
vt 0.507042 0.000000
vt 0.521127 1.000000
vt 0.521127 0.000000
vt 0.535211 1.000000
vt 0.535211 0.000000
vt 0.549296 1.000000
vt 0.549296 0.000000
vt 0.563380 1.000000
vt 0.563380 0.000000
vt 0.577465 1.000000
vt 0.577465 0.000000
vt 0.591549 1.000000
vt 0.591549 0.000000
vt 0.605634 1.000000
vt 0.605634 0.000000
vt 0.619718 1.000000
vt 0.619718 0.000000
vt 0.633803 1.000000
vt 0.633803 0.000000
vt 0.647887 1.000000
vt 0.647887 0.000000
vt 0.661972 1.000000
vt 0.661972 0.000000
vt 0.676056 1.000000
vt 0.676056 0.000000
vt 0.690141 1.000000
vt 0.690141 0.000000
vt 0.704225 1.000000
vt 0.704225 0.000000
vt 0.718310 1.000000
vt 0.718310 0.000000
vt 0.732394 1.000000
vt 0.732394 0.000000
vt 0.746479 1.000000
vt 0.746479 0.000000
vt 0.760563 1.000000
vt 0.760563 0.000000
vt 0.774648 1.000000
vt 0.774648 0.000000
vt 0.788732 1.000000
vt 0.788732 0.000000
vt 0.802817 1.000000
vt 0.802817 0.000000
vt 0.816901 1.000000
vt 0.816901 0.000000
vt 0.830986 1.000000
vt 0.830986 0.000000
vt 0.845070 1.000000
vt 0.845070 0.000000
vt 0.859155 1.000000
vt 0.859155 0.000000
vt 0.873239 1.000000
vt 0.873239 0.000000
vt 0.887324 1.000000
vt 0.887324 0.000000
vt 0.901408 1.000000
vt 0.901408 0.000000
vt 0.915493 1.000000
vt 0.915493 0.000000
vt 0.929577 1.000000
vt 0.929577 0.000000
vt 0.943662 1.000000
vt 0.943662 0.000000
vt 0.957747 1.000000
vt 0.957747 0.000000
vt 0.971831 1.000000
vt 0.971831 0.000000
vt 0.985915 1.000000
vt 0.985915 0.000000
vt 0.250000 1.000000
vt 0.750000 1.000000
vt 0.166667 1.000000
vt 0.333333 1.000000
vt 0.666667 1.000000
vt 0.833333 1.000000
vt 0.008772 1.000000
vt 0.008772 0.000000
vt 0.017544 1.000000
vt 0.017544 0.000000
vt 0.026316 1.000000
vt 0.026316 0.000000
vt 0.035088 1.000000
vt 0.035088 0.000000
vt 0.043860 1.000000
vt 0.043860 0.000000
vt 0.052632 1.000000
vt 0.052632 0.000000
vt 0.061404 1.000000
vt 0.061404 0.000000
vt 0.070175 1.000000
vt 0.070175 0.000000
vt 0.078947 1.000000
vt 0.078947 0.000000
vt 0.087719 1.000000
vt 0.087719 0.000000
vt 0.096491 1.000000
vt 0.096491 0.000000
vt 0.105263 1.000000
vt 0.105263 0.000000
vt 0.114035 1.000000
vt 0.114035 0.000000
vt 0.122807 1.000000
vt 0.122807 0.000000
vt 0.131579 1.000000
vt 0.131579 0.000000
vt 0.140351 1.000000
vt 0.140351 0.000000
vt 0.149123 1.000000
vt 0.149123 0.000000
vt 0.157895 1.000000
vt 0.157895 0.000000
vt 0.175439 1.000000
vt 0.175439 0.000000
vt 0.184211 1.000000
vt 0.184211 0.000000
vt 0.192982 1.000000
vt 0.192982 0.000000
vt 0.201754 1.000000
vt 0.201754 0.000000
vt 0.210526 1.000000
vt 0.210526 0.000000
vt 0.219298 1.000000
vt 0.219298 0.000000
vt 0.228070 1.000000
vt 0.228070 0.000000
vt 0.236842 1.000000
vt 0.236842 0.000000
vt 0.245614 1.000000
vt 0.245614 0.000000
vt 0.254386 1.000000
vt 0.254386 0.000000
vt 0.263158 1.000000
vt 0.263158 0.000000
vt 0.271930 1.000000
vt 0.271930 0.000000
vt 0.280702 1.000000
vt 0.280702 0.000000
vt 0.289474 1.000000
vt 0.289474 0.000000
vt 0.298246 1.000000
vt 0.298246 0.000000
vt 0.307018 1.000000
vt 0.307018 0.000000
vt 0.315789 1.000000
vt 0.315789 0.000000
vt 0.324561 1.000000
vt 0.324561 0.000000
vt 0.342105 1.000000
vt 0.342105 0.000000
vt 0.350877 1.000000
vt 0.350877 0.000000
vt 0.359649 1.000000
vt 0.359649 0.000000
vt 0.368421 1.000000
vt 0.368421 0.000000
vt 0.377193 1.000000
vt 0.377193 0.000000
vt 0.385965 1.000000
vt 0.385965 0.000000
vt 0.394737 1.000000
vt 0.394737 0.000000
vt 0.403509 1.000000
vt 0.403509 0.000000
vt 0.412281 1.000000
vt 0.412281 0.000000
vt 0.421053 1.000000
vt 0.421053 0.000000
vt 0.429825 1.000000
vt 0.429825 0.000000
vt 0.438596 1.000000
vt 0.438596 0.000000
vt 0.447368 1.000000
vt 0.447368 0.000000
vt 0.456140 1.000000
vt 0.456140 0.000000
vt 0.464912 1.000000
vt 0.464912 0.000000
vt 0.473684 1.000000
vt 0.473684 0.000000
vt 0.482456 1.000000
vt 0.482456 0.000000
vt 0.491228 1.000000
vt 0.491228 0.000000
vt 0.508772 1.000000
vt 0.508772 0.000000
vt 0.517544 1.000000
vt 0.517544 0.000000
vt 0.526316 1.000000
vt 0.526316 0.000000
vt 0.535088 1.000000
vt 0.535088 0.000000
vt 0.543860 1.000000
vt 0.543860 0.000000
vt 0.552632 1.000000
vt 0.552632 0.000000
vt 0.561404 1.000000
vt 0.561404 0.000000
vt 0.570175 1.000000
vt 0.570175 0.000000
vt 0.578947 1.000000
vt 0.578947 0.000000
vt 0.587719 1.000000
vt 0.587719 0.000000
vt 0.596491 1.000000
vt 0.596491 0.000000
vt 0.605263 1.000000
vt 0.605263 0.000000
vt 0.614035 1.000000
vt 0.614035 0.000000
vt 0.622807 1.000000
vt 0.622807 0.000000
vt 0.631579 1.000000
vt 0.631579 0.000000
vt 0.640351 1.000000
vt 0.640351 0.000000
vt 0.649123 1.000000
vt 0.649123 0.000000
vt 0.657895 1.000000
vt 0.657895 0.000000
vt 0.675439 1.000000
vt 0.675439 0.000000
vt 0.684211 1.000000
vt 0.684211 0.000000
vt 0.692982 1.000000
vt 0.692982 0.000000
vt 0.701754 1.000000
vt 0.701754 0.000000
vt 0.710526 1.000000
vt 0.710526 0.000000
vt 0.719298 1.000000
vt 0.719298 0.000000
vt 0.728070 1.000000
vt 0.728070 0.000000
vt 0.736842 1.000000
vt 0.736842 0.000000
vt 0.745614 1.000000
vt 0.745614 0.000000
vt 0.754386 1.000000
vt 0.754386 0.000000
vt 0.763158 1.000000
vt 0.763158 0.000000
vt 0.771930 1.000000
vt 0.771930 0.000000
vt 0.780702 1.000000
vt 0.780702 0.000000
vt 0.789474 1.000000
vt 0.789474 0.000000
vt 0.798246 1.000000
vt 0.798246 0.000000
vt 0.807018 1.000000
vt 0.807018 0.000000
vt 0.815789 1.000000
vt 0.815789 0.000000
vt 0.824561 1.000000
vt 0.824561 0.000000
vt 0.842105 1.000000
vt 0.842105 0.000000
vt 0.850877 1.000000
vt 0.850877 0.000000
vt 0.859649 1.000000
vt 0.859649 0.000000
vt 0.868421 1.000000
vt 0.868421 0.000000
vt 0.877193 1.000000
vt 0.877193 0.000000
vt 0.885965 1.000000
vt 0.885965 0.000000
vt 0.894737 1.000000
vt 0.894737 0.000000
vt 0.903509 1.000000
vt 0.903509 0.000000
vt 0.912281 1.000000
vt 0.912281 0.000000
vt 0.921053 1.000000
vt 0.921053 0.000000
vt 0.929825 1.000000
vt 0.929825 0.000000
vt 0.938596 1.000000
vt 0.938596 0.000000
vt 0.947368 1.000000
vt 0.947368 0.000000
vt 0.956140 1.000000
vt 0.956140 0.000000
vt 0.964912 1.000000
vt 0.964912 0.000000
vt 0.973684 1.000000
vt 0.973684 0.000000
vt 0.982456 1.000000
vt 0.982456 0.000000
vt 0.991228 1.000000
vt 0.991228 0.000000
vt 0.008621 1.000000
vt 0.008621 0.000000
vt 0.017241 1.000000
vt 0.017241 0.000000
vt 0.025862 1.000000
vt 0.025862 0.000000
vt 0.034483 1.000000
vt 0.034483 0.000000
vt 0.043103 1.000000
vt 0.043103 0.000000
vt 0.051724 1.000000
vt 0.051724 0.000000
vt 0.060345 1.000000
vt 0.060345 0.000000
vt 0.068966 1.000000
vt 0.068966 0.000000
vt 0.077586 1.000000
vt 0.077586 0.000000
vt 0.086207 1.000000
vt 0.086207 0.000000
vt 0.094828 1.000000
vt 0.094828 0.000000
vt 0.103448 1.000000
vt 0.103448 0.000000
vt 0.112069 1.000000
vt 0.112069 0.000000
vt 0.120690 1.000000
vt 0.120690 0.000000
vt 0.129310 1.000000
vt 0.129310 0.000000
vt 0.137931 1.000000
vt 0.137931 0.000000
vt 0.146552 1.000000
vt 0.146552 0.000000
vt 0.155172 1.000000
vt 0.155172 0.000000
vt 0.163793 1.000000
vt 0.163793 0.000000
vt 0.172414 1.000000
vt 0.172414 0.000000
vt 0.181034 1.000000
vt 0.181034 0.000000
vt 0.189655 1.000000
vt 0.189655 0.000000
vt 0.198276 1.000000
vt 0.198276 0.000000
vt 0.206897 1.000000
vt 0.206897 0.000000
vt 0.215517 1.000000
vt 0.215517 0.000000
vt 0.224138 1.000000
vt 0.224138 0.000000
vt 0.232759 1.000000
vt 0.232759 0.000000
vt 0.241379 1.000000
vt 0.241379 0.000000
vt 0.258621 1.000000
vt 0.258621 0.000000
vt 0.267241 1.000000
vt 0.267241 0.000000
vt 0.275862 1.000000
vt 0.275862 0.000000
vt 0.284483 1.000000
vt 0.284483 0.000000
vt 0.293103 1.000000
vt 0.293103 0.000000
vt 0.301724 1.000000
vt 0.301724 0.000000
vt 0.310345 1.000000
vt 0.310345 0.000000
vt 0.318966 1.000000
vt 0.318966 0.000000
vt 0.327586 1.000000
vt 0.327586 0.000000
vt 0.336207 1.000000
vt 0.336207 0.000000
vt 0.344828 1.000000
vt 0.344828 0.000000
vt 0.353448 1.000000
vt 0.353448 0.000000
vt 0.362069 1.000000
vt 0.362069 0.000000
vt 0.370690 1.000000
vt 0.370690 0.000000
vt 0.379310 1.000000
vt 0.379310 0.000000
vt 0.387931 1.000000
vt 0.387931 0.000000
vt 0.396552 1.000000
vt 0.396552 0.000000
vt 0.405172 1.000000
vt 0.405172 0.000000
vt 0.413793 1.000000
vt 0.413793 0.000000
vt 0.422414 1.000000
vt 0.422414 0.000000
vt 0.431034 1.000000
vt 0.431034 0.000000
vt 0.439655 1.000000
vt 0.439655 0.000000
vt 0.448276 1.000000
vt 0.448276 0.000000
vt 0.456897 1.000000
vt 0.456897 0.000000
vt 0.465517 1.000000
vt 0.465517 0.000000
vt 0.474138 1.000000
vt 0.474138 0.000000
vt 0.482759 1.000000
vt 0.482759 0.000000
vt 0.491379 1.000000
vt 0.491379 0.000000
vt 0.508621 1.000000
vt 0.508621 0.000000
vt 0.517241 1.000000
vt 0.517241 0.000000
vt 0.525862 1.000000
vt 0.525862 0.000000
vt 0.534483 1.000000
vt 0.534483 0.000000
vt 0.543103 1.000000
vt 0.543103 0.000000
vt 0.551724 1.000000
vt 0.551724 0.000000
vt 0.560345 1.000000
vt 0.560345 0.000000
vt 0.568965 1.000000
vt 0.568965 0.000000
vt 0.577586 1.000000
vt 0.577586 0.000000
vt 0.586207 1.000000
vt 0.586207 0.000000
vt 0.594828 1.000000
vt 0.594828 0.000000
vt 0.603448 1.000000
vt 0.603448 0.000000
vt 0.612069 1.000000
vt 0.612069 0.000000
vt 0.620690 1.000000
vt 0.620690 0.000000
vt 0.629310 1.000000
vt 0.629310 0.000000
vt 0.637931 1.000000
vt 0.637931 0.000000
vt 0.646552 1.000000
vt 0.646552 0.000000
vt 0.655172 1.000000
vt 0.655172 0.000000
vt 0.663793 1.000000
vt 0.663793 0.000000
vt 0.672414 1.000000
vt 0.672414 0.000000
vt 0.681035 1.000000
vt 0.681035 0.000000
vt 0.689655 1.000000
vt 0.689655 0.000000
vt 0.698276 1.000000
vt 0.698276 0.000000
vt 0.706897 1.000000
vt 0.706897 0.000000
vt 0.715517 1.000000
vt 0.715517 0.000000
vt 0.724138 1.000000
vt 0.724138 0.000000
vt 0.732759 1.000000
vt 0.732759 0.000000
vt 0.741379 1.000000
vt 0.741379 0.000000
vt 0.758621 1.000000
vt 0.758621 0.000000
vt 0.767241 1.000000
vt 0.767241 0.000000
vt 0.775862 1.000000
vt 0.775862 0.000000
vt 0.784483 1.000000
vt 0.784483 0.000000
vt 0.793103 1.000000
vt 0.793103 0.000000
vt 0.801724 1.000000
vt 0.801724 0.000000
vt 0.810345 1.000000
vt 0.810345 0.000000
vt 0.818965 1.000000
vt 0.818965 0.000000
vt 0.827586 1.000000
vt 0.827586 0.000000
vt 0.836207 1.000000
vt 0.836207 0.000000
vt 0.844828 1.000000
vt 0.844828 0.000000
vt 0.853448 1.000000
vt 0.853448 0.000000
vt 0.862069 1.000000
vt 0.862069 0.000000
vt 0.870690 1.000000
vt 0.870690 0.000000
vt 0.879310 1.000000
vt 0.879310 0.000000
vt 0.887931 1.000000
vt 0.887931 0.000000
vt 0.896552 1.000000
vt 0.896552 0.000000
vt 0.905172 1.000000
vt 0.905172 0.000000
vt 0.913793 1.000000
vt 0.913793 0.000000
vt 0.922414 1.000000
vt 0.922414 0.000000
vt 0.931035 1.000000
vt 0.931035 0.000000
vt 0.939655 1.000000
vt 0.939655 0.000000
vt 0.948276 1.000000
vt 0.948276 0.000000
vt 0.956897 1.000000
vt 0.956897 0.000000
vt 0.965517 1.000000
vt 0.965517 0.000000
vt 0.974138 1.000000
vt 0.974138 0.000000
vt 0.982759 1.000000
vt 0.982759 0.000000
vt 0.991379 1.000000
vt 0.991379 0.000000
vt 0.020833 1.000000
vt 0.020833 0.000000
vt 0.041667 1.000000
vt 0.041667 0.000000
vt 0.062500 1.000000
vt 0.083333 1.000000
vt 0.104167 1.000000
vt 0.104167 0.000000
vt 0.125000 1.000000
vt 0.145833 1.000000
vt 0.145833 0.000000
vt 0.187500 1.000000
vt 0.208333 1.000000
vt 0.208333 0.000000
vt 0.229167 1.000000
vt 0.229167 0.000000
vt 0.270833 1.000000
vt 0.270833 0.000000
vt 0.291667 1.000000
vt 0.291667 0.000000
vt 0.312500 1.000000
vt 0.354167 1.000000
vt 0.354167 0.000000
vt 0.375000 1.000000
vt 0.395833 1.000000
vt 0.395833 0.000000
vt 0.416667 1.000000
vt 0.437500 1.000000
vt 0.458333 1.000000
vt 0.458333 0.000000
vt 0.479167 1.000000
vt 0.479167 0.000000
vt 0.520833 1.000000
vt 0.520833 0.000000
vt 0.541667 1.000000
vt 0.541667 0.000000
vt 0.562500 1.000000
vt 0.583333 1.000000
vt 0.604167 1.000000
vt 0.604167 0.000000
vt 0.625000 1.000000
vt 0.645833 1.000000
vt 0.645833 0.000000
vt 0.687500 1.000000
vt 0.708333 1.000000
vt 0.708333 0.000000
vt 0.729167 1.000000
vt 0.729167 0.000000
vt 0.770833 1.000000
vt 0.770833 0.000000
vt 0.791667 1.000000
vt 0.791667 0.000000
vt 0.812500 1.000000
vt 0.854167 1.000000
vt 0.854167 0.000000
vt 0.875000 1.000000
vt 0.895833 1.000000
vt 0.895833 0.000000
vt 0.916667 1.000000
vt 0.937500 1.000000
vt 0.958333 1.000000
vt 0.958333 0.000000
vt 0.979167 1.000000
vt 0.979167 0.000000
vt 0.009174 1.000000
vt 0.009174 0.000000
vt 0.018349 1.000000
vt 0.018349 0.000000
vt 0.027523 1.000000
vt 0.027523 0.000000
vt 0.036697 1.000000
vt 0.036697 0.000000
vt 0.045872 1.000000
vt 0.045872 0.000000
vt 0.055046 1.000000
vt 0.055046 0.000000
vt 0.064220 1.000000
vt 0.064220 0.000000
vt 0.073394 1.000000
vt 0.073394 0.000000
vt 0.082569 1.000000
vt 0.082569 0.000000
vt 0.091743 1.000000
vt 0.091743 0.000000
vt 0.100917 1.000000
vt 0.100917 0.000000
vt 0.110092 1.000000
vt 0.110092 0.000000
vt 0.119266 1.000000
vt 0.119266 0.000000
vt 0.128440 1.000000
vt 0.128440 0.000000
vt 0.137615 1.000000
vt 0.137615 0.000000
vt 0.146789 1.000000
vt 0.146789 0.000000
vt 0.155963 1.000000
vt 0.155963 0.000000
vt 0.165138 1.000000
vt 0.165138 0.000000
vt 0.174312 1.000000
vt 0.174312 0.000000
vt 0.183486 1.000000
vt 0.183486 0.000000
vt 0.192661 1.000000
vt 0.192661 0.000000
vt 0.201835 1.000000
vt 0.201835 0.000000
vt 0.211009 1.000000
vt 0.211009 0.000000
vt 0.220183 1.000000
vt 0.220183 0.000000
vt 0.229358 1.000000
vt 0.229358 0.000000
vt 0.238532 1.000000
vt 0.238532 0.000000
vt 0.247706 1.000000
vt 0.247706 0.000000
vt 0.256881 1.000000
vt 0.256881 0.000000
vt 0.266055 1.000000
vt 0.266055 0.000000
vt 0.275229 1.000000
vt 0.275229 0.000000
vt 0.284404 1.000000
vt 0.284404 0.000000
vt 0.293578 1.000000
vt 0.293578 0.000000
vt 0.302752 1.000000
vt 0.302752 0.000000
vt 0.311927 1.000000
vt 0.311927 0.000000
vt 0.321101 1.000000
vt 0.321101 0.000000
vt 0.330275 1.000000
vt 0.330275 0.000000
vt 0.339450 1.000000
vt 0.339450 0.000000
vt 0.348624 1.000000
vt 0.348624 0.000000
vt 0.357798 1.000000
vt 0.357798 0.000000
vt 0.366972 1.000000
vt 0.366972 0.000000
vt 0.376147 1.000000
vt 0.376147 0.000000
vt 0.385321 1.000000
vt 0.385321 0.000000
vt 0.394495 1.000000
vt 0.394495 0.000000
vt 0.403670 1.000000
vt 0.403670 0.000000
vt 0.412844 1.000000
vt 0.412844 0.000000
vt 0.422018 1.000000
vt 0.422018 0.000000
vt 0.431193 1.000000
vt 0.431193 0.000000
vt 0.440367 1.000000
vt 0.440367 0.000000
vt 0.449541 1.000000
vt 0.449541 0.000000
vt 0.458716 1.000000
vt 0.458716 0.000000
vt 0.467890 1.000000
vt 0.467890 0.000000
vt 0.477064 1.000000
vt 0.477064 0.000000
vt 0.486239 1.000000
vt 0.486239 0.000000
vt 0.495413 1.000000
vt 0.495413 0.000000
vt 0.504587 1.000000
vt 0.504587 0.000000
vt 0.513761 1.000000
vt 0.513761 0.000000
vt 0.522936 1.000000
vt 0.522936 0.000000
vt 0.532110 1.000000
vt 0.532110 0.000000
vt 0.541284 1.000000
vt 0.541284 0.000000
vt 0.550459 1.000000
vt 0.550459 0.000000
vt 0.559633 1.000000
vt 0.559633 0.000000
vt 0.568807 1.000000
vt 0.568807 0.000000
vt 0.577982 1.000000
vt 0.577982 0.000000
vt 0.587156 1.000000
vt 0.587156 0.000000
vt 0.596330 1.000000
vt 0.596330 0.000000
vt 0.605505 1.000000
vt 0.605505 0.000000
vt 0.614679 1.000000
vt 0.614679 0.000000
vt 0.623853 1.000000
vt 0.623853 0.000000
vt 0.633027 1.000000
vt 0.633027 0.000000
vt 0.642202 1.000000
vt 0.642202 0.000000
vt 0.651376 1.000000
vt 0.651376 0.000000
vt 0.660550 1.000000
vt 0.660550 0.000000
vt 0.669725 1.000000
vt 0.669725 0.000000
vt 0.678899 1.000000
vt 0.678899 0.000000
vt 0.688073 1.000000
vt 0.688073 0.000000
vt 0.697248 1.000000
vt 0.697248 0.000000
vt 0.706422 1.000000
vt 0.706422 0.000000
vt 0.715596 1.000000
vt 0.715596 0.000000
vt 0.724771 1.000000
vt 0.724771 0.000000
vt 0.733945 1.000000
vt 0.733945 0.000000
vt 0.743119 1.000000
vt 0.743119 0.000000
vt 0.752294 1.000000
vt 0.752294 0.000000
vt 0.761468 1.000000
vt 0.761468 0.000000
vt 0.770642 1.000000
vt 0.770642 0.000000
vt 0.779817 1.000000
vt 0.779817 0.000000
vt 0.788991 1.000000
vt 0.788991 0.000000
vt 0.798165 1.000000
vt 0.798165 0.000000
vt 0.807339 1.000000
vt 0.807339 0.000000
vt 0.816514 1.000000
vt 0.816514 0.000000
vt 0.825688 1.000000
vt 0.825688 0.000000
vt 0.834862 1.000000
vt 0.834862 0.000000
vt 0.844037 1.000000
vt 0.844037 0.000000
vt 0.853211 1.000000
vt 0.853211 0.000000
vt 0.862385 1.000000
vt 0.862385 0.000000
vt 0.871560 1.000000
vt 0.871560 0.000000
vt 0.880734 1.000000
vt 0.880734 0.000000
vt 0.889908 1.000000
vt 0.889908 0.000000
vt 0.899083 1.000000
vt 0.899083 0.000000
vt 0.908257 1.000000
vt 0.908257 0.000000
vt 0.917431 1.000000
vt 0.917431 0.000000
vt 0.926606 1.000000
vt 0.926606 0.000000
vt 0.935780 1.000000
vt 0.935780 0.000000
vt 0.944954 1.000000
vt 0.944954 0.000000
vt 0.954128 1.000000
vt 0.954128 0.000000
vt 0.963303 1.000000
vt 0.963303 0.000000
vt 0.972477 1.000000
vt 0.972477 0.000000
vt 0.981651 1.000000
vt 0.981651 0.000000
vt 0.990826 1.000000
vt 0.990826 0.000000
vt 0.013889 1.000000
vt 0.013889 0.000000
vt 0.027778 1.000000
vt 0.027778 0.000000
vt 0.055556 1.000000
vt 0.055556 0.000000
vt 0.069444 1.000000
vt 0.069444 0.000000
vt 0.097222 1.000000
vt 0.097222 0.000000
vt 0.111111 1.000000
vt 0.111111 0.000000
vt 0.138889 1.000000
vt 0.138889 0.000000
vt 0.152778 1.000000
vt 0.152778 0.000000
vt 0.180556 1.000000
vt 0.180556 0.000000
vt 0.194444 1.000000
vt 0.194444 0.000000
vt 0.222222 1.000000
vt 0.222222 0.000000
vt 0.236111 1.000000
vt 0.236111 0.000000
vt 0.263889 1.000000
vt 0.263889 0.000000
vt 0.277778 1.000000
vt 0.277778 0.000000
vt 0.305556 1.000000
vt 0.305556 0.000000
vt 0.319444 1.000000
vt 0.319444 0.000000
vt 0.347222 1.000000
vt 0.347222 0.000000
vt 0.361111 1.000000
vt 0.361111 0.000000
vt 0.388889 1.000000
vt 0.388889 0.000000
vt 0.402778 1.000000
vt 0.402778 0.000000
vt 0.430556 1.000000
vt 0.430556 0.000000
vt 0.444444 1.000000
vt 0.444444 0.000000
vt 0.472222 1.000000
vt 0.472222 0.000000
vt 0.486111 1.000000
vt 0.486111 0.000000
vt 0.513889 1.000000
vt 0.513889 0.000000
vt 0.527778 1.000000
vt 0.527778 0.000000
vt 0.555556 1.000000
vt 0.555556 0.000000
vt 0.569444 1.000000
vt 0.569444 0.000000
vt 0.597222 1.000000
vt 0.597222 0.000000
vt 0.611111 1.000000
vt 0.611111 0.000000
vt 0.638889 1.000000
vt 0.638889 0.000000
vt 0.652778 1.000000
vt 0.652778 0.000000
vt 0.680556 1.000000
vt 0.680556 0.000000
vt 0.694444 1.000000
vt 0.694444 0.000000
vt 0.722222 1.000000
vt 0.722222 0.000000
vt 0.736111 1.000000
vt 0.736111 0.000000
vt 0.763889 1.000000
vt 0.763889 0.000000
vt 0.777778 1.000000
vt 0.777778 0.000000
vt 0.805556 1.000000
vt 0.805556 0.000000
vt 0.819444 1.000000
vt 0.819444 0.000000
vt 0.847222 1.000000
vt 0.847222 0.000000
vt 0.861111 1.000000
vt 0.861111 0.000000
vt 0.888889 1.000000
vt 0.888889 0.000000
vt 0.902778 1.000000
vt 0.902778 0.000000
vt 0.930556 1.000000
vt 0.930556 0.000000
vt 0.944444 1.000000
vt 0.944444 0.000000
vt 0.972222 1.000000
vt 0.972222 0.000000
vt 0.986111 1.000000
vt 0.986111 0.000000
vt 0.008000 1.000000
vt 0.008000 0.000000
vt 0.016000 1.000000
vt 0.016000 0.000000
vt 0.024000 1.000000
vt 0.024000 0.000000
vt 0.032000 1.000000
vt 0.032000 0.000000
vt 0.040000 1.000000
vt 0.040000 0.000000
vt 0.048000 1.000000
vt 0.048000 0.000000
vt 0.056000 1.000000
vt 0.056000 0.000000
vt 0.064000 1.000000
vt 0.064000 0.000000
vt 0.072000 1.000000
vt 0.072000 0.000000
vt 0.080000 1.000000
vt 0.080000 0.000000
vt 0.088000 1.000000
vt 0.088000 0.000000
vt 0.096000 1.000000
vt 0.096000 0.000000
vt 0.104000 1.000000
vt 0.104000 0.000000
vt 0.112000 1.000000
vt 0.112000 0.000000
vt 0.120000 1.000000
vt 0.120000 0.000000
vt 0.128000 1.000000
vt 0.128000 0.000000
vt 0.136000 1.000000
vt 0.136000 0.000000
vt 0.144000 1.000000
vt 0.144000 0.000000
vt 0.152000 1.000000
vt 0.152000 0.000000
vt 0.160000 1.000000
vt 0.160000 0.000000
vt 0.168000 1.000000
vt 0.168000 0.000000
vt 0.176000 1.000000
vt 0.176000 0.000000
vt 0.184000 1.000000
vt 0.184000 0.000000
vt 0.192000 1.000000
vt 0.192000 0.000000
vt 0.200000 1.000000
vt 0.208000 1.000000
vt 0.208000 0.000000
vt 0.216000 1.000000
vt 0.216000 0.000000
vt 0.224000 1.000000
vt 0.224000 0.000000
vt 0.232000 1.000000
vt 0.232000 0.000000
vt 0.240000 1.000000
vt 0.240000 0.000000
vt 0.248000 1.000000
vt 0.248000 0.000000
vt 0.256000 1.000000
vt 0.256000 0.000000
vt 0.264000 1.000000
vt 0.264000 0.000000
vt 0.272000 1.000000
vt 0.272000 0.000000
vt 0.280000 1.000000
vt 0.280000 0.000000
vt 0.288000 1.000000
vt 0.288000 0.000000
vt 0.296000 1.000000
vt 0.296000 0.000000
vt 0.304000 1.000000
vt 0.304000 0.000000
vt 0.312000 1.000000
vt 0.312000 0.000000
vt 0.320000 1.000000
vt 0.320000 0.000000
vt 0.328000 1.000000
vt 0.328000 0.000000
vt 0.336000 1.000000
vt 0.336000 0.000000
vt 0.344000 1.000000
vt 0.344000 0.000000
vt 0.352000 1.000000
vt 0.352000 0.000000
vt 0.360000 1.000000
vt 0.360000 0.000000
vt 0.368000 1.000000
vt 0.368000 0.000000
vt 0.376000 1.000000
vt 0.376000 0.000000
vt 0.384000 1.000000
vt 0.384000 0.000000
vt 0.392000 1.000000
vt 0.392000 0.000000
vt 0.400000 1.000000
vt 0.408000 1.000000
vt 0.408000 0.000000
vt 0.416000 1.000000
vt 0.416000 0.000000
vt 0.424000 1.000000
vt 0.424000 0.000000
vt 0.432000 1.000000
vt 0.432000 0.000000
vt 0.440000 1.000000
vt 0.440000 0.000000
vt 0.448000 1.000000
vt 0.448000 0.000000
vt 0.456000 1.000000
vt 0.456000 0.000000
vt 0.464000 1.000000
vt 0.464000 0.000000
vt 0.472000 1.000000
vt 0.472000 0.000000
vt 0.480000 1.000000
vt 0.480000 0.000000
vt 0.488000 1.000000
vt 0.488000 0.000000
vt 0.496000 1.000000
vt 0.496000 0.000000
vt 0.504000 1.000000
vt 0.504000 0.000000
vt 0.512000 1.000000
vt 0.512000 0.000000
vt 0.520000 1.000000
vt 0.520000 0.000000
vt 0.528000 1.000000
vt 0.528000 0.000000
vt 0.536000 1.000000
vt 0.536000 0.000000
vt 0.544000 1.000000
vt 0.544000 0.000000
vt 0.552000 1.000000
vt 0.552000 0.000000
vt 0.560000 1.000000
vt 0.560000 0.000000
vt 0.568000 1.000000
vt 0.568000 0.000000
vt 0.576000 1.000000
vt 0.576000 0.000000
vt 0.584000 1.000000
vt 0.584000 0.000000
vt 0.592000 1.000000
vt 0.592000 0.000000
vt 0.600000 1.000000
vt 0.608000 1.000000
vt 0.608000 0.000000
vt 0.616000 1.000000
vt 0.616000 0.000000
vt 0.624000 1.000000
vt 0.624000 0.000000
vt 0.632000 1.000000
vt 0.632000 0.000000
vt 0.640000 1.000000
vt 0.640000 0.000000
vt 0.648000 1.000000
vt 0.648000 0.000000
vt 0.656000 1.000000
vt 0.656000 0.000000
vt 0.664000 1.000000
vt 0.664000 0.000000
vt 0.672000 1.000000
vt 0.672000 0.000000
vt 0.680000 1.000000
vt 0.680000 0.000000
vt 0.688000 1.000000
vt 0.688000 0.000000
vt 0.696000 1.000000
vt 0.696000 0.000000
vt 0.704000 1.000000
vt 0.704000 0.000000
vt 0.712000 1.000000
vt 0.712000 0.000000
vt 0.720000 1.000000
vt 0.720000 0.000000
vt 0.728000 1.000000
vt 0.728000 0.000000
vt 0.736000 1.000000
vt 0.736000 0.000000
vt 0.744000 1.000000
vt 0.744000 0.000000
vt 0.752000 1.000000
vt 0.752000 0.000000
vt 0.760000 1.000000
vt 0.760000 0.000000
vt 0.768000 1.000000
vt 0.768000 0.000000
vt 0.776000 1.000000
vt 0.776000 0.000000
vt 0.784000 1.000000
vt 0.784000 0.000000
vt 0.792000 1.000000
vt 0.792000 0.000000
vt 0.800000 1.000000
vt 0.808000 1.000000
vt 0.808000 0.000000
vt 0.816000 1.000000
vt 0.816000 0.000000
vt 0.824000 1.000000
vt 0.824000 0.000000
vt 0.832000 1.000000
vt 0.832000 0.000000
vt 0.840000 1.000000
vt 0.840000 0.000000
vt 0.848000 1.000000
vt 0.848000 0.000000
vt 0.856000 1.000000
vt 0.856000 0.000000
vt 0.864000 1.000000
vt 0.864000 0.000000
vt 0.872000 1.000000
vt 0.872000 0.000000
vt 0.880000 1.000000
vt 0.880000 0.000000
vt 0.888000 1.000000
vt 0.888000 0.000000
vt 0.896000 1.000000
vt 0.896000 0.000000
vt 0.904000 1.000000
vt 0.904000 0.000000
vt 0.912000 1.000000
vt 0.912000 0.000000
vt 0.920000 1.000000
vt 0.920000 0.000000
vt 0.928000 1.000000
vt 0.928000 0.000000
vt 0.936000 1.000000
vt 0.936000 0.000000
vt 0.944000 1.000000
vt 0.944000 0.000000
vt 0.952000 1.000000
vt 0.952000 0.000000
vt 0.960000 1.000000
vt 0.960000 0.000000
vt 0.968000 1.000000
vt 0.968000 0.000000
vt 0.976000 1.000000
vt 0.976000 0.000000
vt 0.984000 1.000000
vt 0.984000 0.000000
vt 0.992000 1.000000
vt 0.992000 0.000000
vt 0.004525 1.000000
vt 0.004525 0.000000
vt 0.009050 1.000000
vt 0.009050 0.000000
vt 0.013575 1.000000
vt 0.013575 0.000000
vt 0.018100 1.000000
vt 0.018100 0.000000
vt 0.022624 1.000000
vt 0.022624 0.000000
vt 0.027149 1.000000
vt 0.027149 0.000000
vt 0.031674 1.000000
vt 0.031674 0.000000
vt 0.036199 1.000000
vt 0.036199 0.000000
vt 0.040724 1.000000
vt 0.040724 0.000000
vt 0.045249 1.000000
vt 0.045249 0.000000
vt 0.049774 1.000000
vt 0.049774 0.000000
vt 0.054299 1.000000
vt 0.054299 0.000000
vt 0.058824 1.000000
vt 0.058824 0.000000
vt 0.063348 1.000000
vt 0.063348 0.000000
vt 0.067873 1.000000
vt 0.067873 0.000000
vt 0.072398 1.000000
vt 0.072398 0.000000
vt 0.081448 1.000000
vt 0.081448 0.000000
vt 0.085973 1.000000
vt 0.085973 0.000000
vt 0.090498 1.000000
vt 0.090498 0.000000
vt 0.095023 1.000000
vt 0.095023 0.000000
vt 0.099548 1.000000
vt 0.099548 0.000000
vt 0.104072 1.000000
vt 0.104072 0.000000
vt 0.108597 1.000000
vt 0.108597 0.000000
vt 0.113122 1.000000
vt 0.113122 0.000000
vt 0.117647 1.000000
vt 0.117647 0.000000
vt 0.122172 1.000000
vt 0.122172 0.000000
vt 0.126697 1.000000
vt 0.126697 0.000000
vt 0.131222 1.000000
vt 0.131222 0.000000
vt 0.135747 1.000000
vt 0.135747 0.000000
vt 0.140271 1.000000
vt 0.140271 0.000000
vt 0.144796 1.000000
vt 0.144796 0.000000
vt 0.149321 1.000000
vt 0.149321 0.000000
vt 0.158371 1.000000
vt 0.158371 0.000000
vt 0.162896 1.000000
vt 0.162896 0.000000
vt 0.167421 1.000000
vt 0.167421 0.000000
vt 0.171946 1.000000
vt 0.171946 0.000000
vt 0.176471 1.000000
vt 0.176471 0.000000
vt 0.180995 1.000000
vt 0.180995 0.000000
vt 0.185520 1.000000
vt 0.185520 0.000000
vt 0.190045 1.000000
vt 0.190045 0.000000
vt 0.194570 1.000000
vt 0.194570 0.000000
vt 0.199095 1.000000
vt 0.199095 0.000000
vt 0.203620 1.000000
vt 0.203620 0.000000
vt 0.208145 1.000000
vt 0.208145 0.000000
vt 0.212670 1.000000
vt 0.212670 0.000000
vt 0.217195 1.000000
vt 0.217195 0.000000
vt 0.221719 1.000000
vt 0.221719 0.000000
vt 0.226244 1.000000
vt 0.226244 0.000000
vt 0.235294 1.000000
vt 0.235294 0.000000
vt 0.239819 1.000000
vt 0.239819 0.000000
vt 0.244344 1.000000
vt 0.244344 0.000000
vt 0.248869 1.000000
vt 0.248869 0.000000
vt 0.253394 1.000000
vt 0.253394 0.000000
vt 0.257919 1.000000
vt 0.257919 0.000000
vt 0.262443 1.000000
vt 0.262443 0.000000
vt 0.266968 1.000000
vt 0.266968 0.000000
vt 0.271493 1.000000
vt 0.271493 0.000000
vt 0.276018 1.000000
vt 0.276018 0.000000
vt 0.280543 1.000000
vt 0.280543 0.000000
vt 0.285068 1.000000
vt 0.285068 0.000000
vt 0.289593 1.000000
vt 0.289593 0.000000
vt 0.294118 1.000000
vt 0.294118 0.000000
vt 0.298643 1.000000
vt 0.298643 0.000000
vt 0.303167 1.000000
vt 0.303167 0.000000
vt 0.312217 1.000000
vt 0.312217 0.000000
vt 0.316742 1.000000
vt 0.316742 0.000000
vt 0.321267 1.000000
vt 0.321267 0.000000
vt 0.325792 1.000000
vt 0.325792 0.000000
vt 0.330317 1.000000
vt 0.330317 0.000000
vt 0.334842 1.000000
vt 0.334842 0.000000
vt 0.339367 1.000000
vt 0.339367 0.000000
vt 0.343891 1.000000
vt 0.343891 0.000000
vt 0.348416 1.000000
vt 0.348416 0.000000
vt 0.352941 1.000000
vt 0.352941 0.000000
vt 0.357466 1.000000
vt 0.357466 0.000000
vt 0.361991 1.000000
vt 0.361991 0.000000
vt 0.366516 1.000000
vt 0.366516 0.000000
vt 0.371041 1.000000
vt 0.371041 0.000000
vt 0.375566 1.000000
vt 0.375566 0.000000
vt 0.380091 1.000000
vt 0.380091 0.000000
vt 0.389140 1.000000
vt 0.389140 0.000000
vt 0.393665 1.000000
vt 0.393665 0.000000
vt 0.398190 1.000000
vt 0.398190 0.000000
vt 0.402715 1.000000
vt 0.402715 0.000000
vt 0.407240 1.000000
vt 0.407240 0.000000
vt 0.411765 1.000000
vt 0.411765 0.000000
vt 0.416290 1.000000
vt 0.416290 0.000000
vt 0.420814 1.000000
vt 0.420814 0.000000
vt 0.425339 1.000000
vt 0.425339 0.000000
vt 0.429864 1.000000
vt 0.429864 0.000000
vt 0.434389 1.000000
vt 0.434389 0.000000
vt 0.438914 1.000000
vt 0.438914 0.000000
vt 0.443439 1.000000
vt 0.443439 0.000000
vt 0.447964 1.000000
vt 0.447964 0.000000
vt 0.452489 1.000000
vt 0.452489 0.000000
vt 0.457014 1.000000
vt 0.457014 0.000000
vt 0.466063 1.000000
vt 0.466063 0.000000
vt 0.470588 1.000000
vt 0.470588 0.000000
vt 0.475113 1.000000
vt 0.475113 0.000000
vt 0.479638 1.000000
vt 0.479638 0.000000
vt 0.484163 1.000000
vt 0.484163 0.000000
vt 0.488688 1.000000
vt 0.488688 0.000000
vt 0.493213 1.000000
vt 0.493213 0.000000
vt 0.497738 1.000000
vt 0.497738 0.000000
vt 0.502262 1.000000
vt 0.502262 0.000000
vt 0.506787 1.000000
vt 0.506787 0.000000
vt 0.511312 1.000000
vt 0.511312 0.000000
vt 0.515837 1.000000
vt 0.515837 0.000000
vt 0.520362 1.000000
vt 0.520362 0.000000
vt 0.524887 1.000000
vt 0.524887 0.000000
vt 0.529412 1.000000
vt 0.529412 0.000000
vt 0.533937 1.000000
vt 0.533937 0.000000
vt 0.542986 1.000000
vt 0.542986 0.000000
vt 0.547511 1.000000
vt 0.547511 0.000000
vt 0.552036 1.000000
vt 0.552036 0.000000
vt 0.556561 1.000000
vt 0.556561 0.000000
vt 0.561086 1.000000
vt 0.561086 0.000000
vt 0.565611 1.000000
vt 0.565611 0.000000
vt 0.570136 1.000000
vt 0.570136 0.000000
vt 0.574661 1.000000
vt 0.574661 0.000000
vt 0.579186 1.000000
vt 0.579186 0.000000
vt 0.583710 1.000000
vt 0.583710 0.000000
vt 0.588235 1.000000
vt 0.588235 0.000000
vt 0.592760 1.000000
vt 0.592760 0.000000
vt 0.597285 1.000000
vt 0.597285 0.000000
vt 0.601810 1.000000
vt 0.601810 0.000000
vt 0.606335 1.000000
vt 0.606335 0.000000
vt 0.610860 1.000000
vt 0.610860 0.000000
vt 0.619910 1.000000
vt 0.619910 0.000000
vt 0.624434 1.000000
vt 0.624434 0.000000
vt 0.628959 1.000000
vt 0.628959 0.000000
vt 0.633484 1.000000
vt 0.633484 0.000000
vt 0.638009 1.000000
vt 0.638009 0.000000
vt 0.642534 1.000000
vt 0.642534 0.000000
vt 0.647059 1.000000
vt 0.647059 0.000000
vt 0.651584 1.000000
vt 0.651584 0.000000
vt 0.656109 1.000000
vt 0.656109 0.000000
vt 0.660634 1.000000
vt 0.660634 0.000000
vt 0.665158 1.000000
vt 0.665158 0.000000
vt 0.669683 1.000000
vt 0.669683 0.000000
vt 0.674208 1.000000
vt 0.674208 0.000000
vt 0.678733 1.000000
vt 0.678733 0.000000
vt 0.683258 1.000000
vt 0.683258 0.000000
vt 0.687783 1.000000
vt 0.687783 0.000000
vt 0.696833 1.000000
vt 0.696833 0.000000
vt 0.701357 1.000000
vt 0.701357 0.000000
vt 0.705882 1.000000
vt 0.705882 0.000000
vt 0.710407 1.000000
vt 0.710407 0.000000
vt 0.714932 1.000000
vt 0.714932 0.000000
vt 0.719457 1.000000
vt 0.719457 0.000000
vt 0.723982 1.000000
vt 0.723982 0.000000
vt 0.728507 1.000000
vt 0.728507 0.000000
vt 0.733032 1.000000
vt 0.733032 0.000000
vt 0.737557 1.000000
vt 0.737557 0.000000
vt 0.742081 1.000000
vt 0.742081 0.000000
vt 0.746606 1.000000
vt 0.746606 0.000000
vt 0.751131 1.000000
vt 0.751131 0.000000
vt 0.755656 1.000000
vt 0.755656 0.000000
vt 0.760181 1.000000
vt 0.760181 0.000000
vt 0.764706 1.000000
vt 0.764706 0.000000
vt 0.773756 1.000000
vt 0.773756 0.000000
vt 0.778281 1.000000
vt 0.778281 0.000000
vt 0.782805 1.000000
vt 0.782805 0.000000
vt 0.787330 1.000000
vt 0.787330 0.000000
vt 0.791855 1.000000
vt 0.791855 0.000000
vt 0.796380 1.000000
vt 0.796380 0.000000
vt 0.800905 1.000000
vt 0.800905 0.000000
vt 0.805430 1.000000
vt 0.805430 0.000000
vt 0.809955 1.000000
vt 0.809955 0.000000
vt 0.814480 1.000000
vt 0.814480 0.000000
vt 0.819005 1.000000
vt 0.819005 0.000000
vt 0.823529 1.000000
vt 0.823529 0.000000
vt 0.828054 1.000000
vt 0.828054 0.000000
vt 0.832579 1.000000
vt 0.832579 0.000000
vt 0.837104 1.000000
vt 0.837104 0.000000
vt 0.841629 1.000000
vt 0.841629 0.000000
vt 0.850679 1.000000
vt 0.850679 0.000000
vt 0.855204 1.000000
vt 0.855204 0.000000
vt 0.859729 1.000000
vt 0.859729 0.000000
vt 0.864253 1.000000
vt 0.864253 0.000000
vt 0.868778 1.000000
vt 0.868778 0.000000
vt 0.873303 1.000000
vt 0.873303 0.000000
vt 0.877828 1.000000
vt 0.877828 0.000000
vt 0.882353 1.000000
vt 0.882353 0.000000
vt 0.886878 1.000000
vt 0.886878 0.000000
vt 0.891403 1.000000
vt 0.891403 0.000000
vt 0.895928 1.000000
vt 0.895928 0.000000
vt 0.900452 1.000000
vt 0.900452 0.000000
vt 0.904977 1.000000
vt 0.904977 0.000000
vt 0.909502 1.000000
vt 0.909502 0.000000
vt 0.914027 1.000000
vt 0.914027 0.000000
vt 0.918552 1.000000
vt 0.918552 0.000000
vt 0.927602 1.000000
vt 0.927602 0.000000
vt 0.932127 1.000000
vt 0.932127 0.000000
vt 0.936652 1.000000
vt 0.936652 0.000000
vt 0.941176 1.000000
vt 0.941176 0.000000
vt 0.945701 1.000000
vt 0.945701 0.000000
vt 0.950226 1.000000
vt 0.950226 0.000000
vt 0.954751 1.000000
vt 0.954751 0.000000
vt 0.959276 1.000000
vt 0.959276 0.000000
vt 0.963801 1.000000
vt 0.963801 0.000000
vt 0.968326 1.000000
vt 0.968326 0.000000
vt 0.972851 1.000000
vt 0.972851 0.000000
vt 0.977376 1.000000
vt 0.977376 0.000000
vt 0.981900 1.000000
vt 0.981900 0.000000
vt 0.986425 1.000000
vt 0.986425 0.000000
vt 0.990950 1.000000
vt 0.990950 0.000000
vt 0.995475 1.000000
vt 0.995475 0.000000
vt 0.012658 1.000000
vt 0.012658 0.000000
vt 0.025316 1.000000
vt 0.025316 0.000000
vt 0.037975 1.000000
vt 0.037975 0.000000
vt 0.050633 1.000000
vt 0.050633 0.000000
vt 0.063291 1.000000
vt 0.063291 0.000000
vt 0.075949 1.000000
vt 0.075949 0.000000
vt 0.088608 1.000000
vt 0.088608 0.000000
vt 0.101266 1.000000
vt 0.101266 0.000000
vt 0.113924 1.000000
vt 0.113924 0.000000
vt 0.126582 1.000000
vt 0.126582 0.000000
vt 0.139241 1.000000
vt 0.139241 0.000000
vt 0.151899 1.000000
vt 0.151899 0.000000
vt 0.164557 1.000000
vt 0.164557 0.000000
vt 0.177215 1.000000
vt 0.177215 0.000000
vt 0.189873 1.000000
vt 0.189873 0.000000
vt 0.202532 1.000000
vt 0.202532 0.000000
vt 0.215190 1.000000
vt 0.215190 0.000000
vt 0.227848 1.000000
vt 0.227848 0.000000
vt 0.240506 1.000000
vt 0.240506 0.000000
vt 0.253165 1.000000
vt 0.253165 0.000000
vt 0.265823 1.000000
vt 0.265823 0.000000
vt 0.278481 1.000000
vt 0.278481 0.000000
vt 0.291139 1.000000
vt 0.291139 0.000000
vt 0.303797 1.000000
vt 0.303797 0.000000
vt 0.316456 1.000000
vt 0.316456 0.000000
vt 0.329114 1.000000
vt 0.329114 0.000000
vt 0.341772 1.000000
vt 0.341772 0.000000
vt 0.354430 1.000000
vt 0.354430 0.000000
vt 0.367089 1.000000
vt 0.367089 0.000000
vt 0.379747 1.000000
vt 0.379747 0.000000
vt 0.392405 1.000000
vt 0.392405 0.000000
vt 0.405063 1.000000
vt 0.405063 0.000000
vt 0.417722 1.000000
vt 0.417722 0.000000
vt 0.430380 1.000000
vt 0.430380 0.000000
vt 0.443038 1.000000
vt 0.443038 0.000000
vt 0.455696 1.000000
vt 0.455696 0.000000
vt 0.468354 1.000000
vt 0.468354 0.000000
vt 0.481013 1.000000
vt 0.481013 0.000000
vt 0.493671 1.000000
vt 0.493671 0.000000
vt 0.506329 1.000000
vt 0.506329 0.000000
vt 0.518987 1.000000
vt 0.518987 0.000000
vt 0.531646 1.000000
vt 0.531646 0.000000
vt 0.544304 1.000000
vt 0.544304 0.000000
vt 0.556962 1.000000
vt 0.556962 0.000000
vt 0.569620 1.000000
vt 0.569620 0.000000
vt 0.582278 1.000000
vt 0.582278 0.000000
vt 0.594937 1.000000
vt 0.594937 0.000000
vt 0.607595 1.000000
vt 0.607595 0.000000
vt 0.620253 1.000000
vt 0.620253 0.000000
vt 0.632911 1.000000
vt 0.632911 0.000000
vt 0.645570 1.000000
vt 0.645570 0.000000
vt 0.658228 1.000000
vt 0.658228 0.000000
vt 0.670886 1.000000
vt 0.670886 0.000000
vt 0.683544 1.000000
vt 0.683544 0.000000
vt 0.696203 1.000000
vt 0.696203 0.000000
vt 0.708861 1.000000
vt 0.708861 0.000000
vt 0.721519 1.000000
vt 0.721519 0.000000
vt 0.734177 1.000000
vt 0.734177 0.000000
vt 0.746835 1.000000
vt 0.746835 0.000000
vt 0.759494 1.000000
vt 0.759494 0.000000
vt 0.772152 1.000000
vt 0.772152 0.000000
vt 0.784810 1.000000
vt 0.784810 0.000000
vt 0.797468 1.000000
vt 0.797468 0.000000
vt 0.810127 1.000000
vt 0.810127 0.000000
vt 0.822785 1.000000
vt 0.822785 0.000000
vt 0.835443 1.000000
vt 0.835443 0.000000
vt 0.848101 1.000000
vt 0.848101 0.000000
vt 0.860759 1.000000
vt 0.860759 0.000000
vt 0.873418 1.000000
vt 0.873418 0.000000
vt 0.886076 1.000000
vt 0.886076 0.000000
vt 0.898734 1.000000
vt 0.898734 0.000000
vt 0.911392 1.000000
vt 0.911392 0.000000
vt 0.924051 1.000000
vt 0.924051 0.000000
vt 0.936709 1.000000
vt 0.936709 0.000000
vt 0.949367 1.000000
vt 0.949367 0.000000
vt 0.962025 1.000000
vt 0.962025 0.000000
vt 0.974684 1.000000
vt 0.974684 0.000000
vt 0.987342 1.000000
vt 0.987342 0.000000
vt 0.004149 1.000000
vt 0.004149 0.000000
vt 0.008299 1.000000
vt 0.008299 0.000000
vt 0.012448 1.000000
vt 0.012448 0.000000
vt 0.016598 1.000000
vt 0.016598 0.000000
vt 0.020747 1.000000
vt 0.020747 0.000000
vt 0.024896 1.000000
vt 0.024896 0.000000
vt 0.029046 1.000000
vt 0.029046 0.000000
vt 0.033195 1.000000
vt 0.033195 0.000000
vt 0.037344 1.000000
vt 0.037344 0.000000
vt 0.041494 1.000000
vt 0.041494 0.000000
vt 0.045643 1.000000
vt 0.045643 0.000000
vt 0.049793 1.000000
vt 0.049793 0.000000
vt 0.053942 1.000000
vt 0.053942 0.000000
vt 0.058091 1.000000
vt 0.058091 0.000000
vt 0.062241 1.000000
vt 0.062241 0.000000
vt 0.066390 1.000000
vt 0.066390 0.000000
vt 0.070539 1.000000
vt 0.070539 0.000000
vt 0.074689 1.000000
vt 0.074689 0.000000
vt 0.078838 1.000000
vt 0.078838 0.000000
vt 0.082988 1.000000
vt 0.082988 0.000000
vt 0.087137 1.000000
vt 0.087137 0.000000
vt 0.091286 1.000000
vt 0.091286 0.000000
vt 0.095436 1.000000
vt 0.095436 0.000000
vt 0.099585 1.000000
vt 0.099585 0.000000
vt 0.103734 1.000000
vt 0.103734 0.000000
vt 0.107884 1.000000
vt 0.107884 0.000000
vt 0.112033 1.000000
vt 0.112033 0.000000
vt 0.116183 1.000000
vt 0.116183 0.000000
vt 0.120332 1.000000
vt 0.120332 0.000000
vt 0.124481 1.000000
vt 0.124481 0.000000
vt 0.128631 1.000000
vt 0.128631 0.000000
vt 0.132780 1.000000
vt 0.132780 0.000000
vt 0.136929 1.000000
vt 0.136929 0.000000
vt 0.141079 1.000000
vt 0.141079 0.000000
vt 0.145228 1.000000
vt 0.145228 0.000000
vt 0.149378 1.000000
vt 0.149378 0.000000
vt 0.153527 1.000000
vt 0.153527 0.000000
vt 0.157676 1.000000
vt 0.157676 0.000000
vt 0.161826 1.000000
vt 0.161826 0.000000
vt 0.165975 1.000000
vt 0.165975 0.000000
vt 0.170124 1.000000
vt 0.170124 0.000000
vt 0.174274 1.000000
vt 0.174274 0.000000
vt 0.178423 1.000000
vt 0.178423 0.000000
vt 0.182573 1.000000
vt 0.182573 0.000000
vt 0.186722 1.000000
vt 0.186722 0.000000
vt 0.190871 1.000000
vt 0.190871 0.000000
vt 0.195021 1.000000
vt 0.195021 0.000000
vt 0.199170 1.000000
vt 0.199170 0.000000
vt 0.203320 1.000000
vt 0.203320 0.000000
vt 0.207469 1.000000
vt 0.207469 0.000000
vt 0.211618 1.000000
vt 0.211618 0.000000
vt 0.215768 1.000000
vt 0.215768 0.000000
vt 0.219917 1.000000
vt 0.219917 0.000000
vt 0.224066 1.000000
vt 0.224066 0.000000
vt 0.228216 1.000000
vt 0.228216 0.000000
vt 0.232365 1.000000
vt 0.232365 0.000000
vt 0.236515 1.000000
vt 0.236515 0.000000
vt 0.240664 1.000000
vt 0.240664 0.000000
vt 0.244813 1.000000
vt 0.244813 0.000000
vt 0.248963 1.000000
vt 0.248963 0.000000
vt 0.253112 1.000000
vt 0.253112 0.000000
vt 0.257261 1.000000
vt 0.257261 0.000000
vt 0.261411 1.000000
vt 0.261411 0.000000
vt 0.265560 1.000000
vt 0.265560 0.000000
vt 0.269710 1.000000
vt 0.269710 0.000000
vt 0.273859 1.000000
vt 0.273859 0.000000
vt 0.278008 1.000000
vt 0.278008 0.000000
vt 0.282158 1.000000
vt 0.282158 0.000000
vt 0.286307 1.000000
vt 0.286307 0.000000
vt 0.290456 1.000000
vt 0.290456 0.000000
vt 0.294606 1.000000
vt 0.294606 0.000000
vt 0.298755 1.000000
vt 0.298755 0.000000
vt 0.302905 1.000000
vt 0.302905 0.000000
vt 0.307054 1.000000
vt 0.307054 0.000000
vt 0.311203 1.000000
vt 0.311203 0.000000
vt 0.315353 1.000000
vt 0.315353 0.000000
vt 0.319502 1.000000
vt 0.319502 0.000000
vt 0.323651 1.000000
vt 0.323651 0.000000
vt 0.327801 1.000000
vt 0.327801 0.000000
vt 0.331950 1.000000
vt 0.331950 0.000000
vt 0.336100 1.000000
vt 0.336100 0.000000
vt 0.340249 1.000000
vt 0.340249 0.000000
vt 0.344398 1.000000
vt 0.344398 0.000000
vt 0.348548 1.000000
vt 0.348548 0.000000
vt 0.352697 1.000000
vt 0.352697 0.000000
vt 0.356846 1.000000
vt 0.356846 0.000000
vt 0.360996 1.000000
vt 0.360996 0.000000
vt 0.365145 1.000000
vt 0.365145 0.000000
vt 0.369295 1.000000
vt 0.369295 0.000000
vt 0.373444 1.000000
vt 0.373444 0.000000
vt 0.377593 1.000000
vt 0.377593 0.000000
vt 0.381743 1.000000
vt 0.381743 0.000000
vt 0.385892 1.000000
vt 0.385892 0.000000
vt 0.390042 1.000000
vt 0.390042 0.000000
vt 0.394191 1.000000
vt 0.394191 0.000000
vt 0.398340 1.000000
vt 0.398340 0.000000
vt 0.402490 1.000000
vt 0.402490 0.000000
vt 0.406639 1.000000
vt 0.406639 0.000000
vt 0.410788 1.000000
vt 0.410788 0.000000
vt 0.414938 1.000000
vt 0.414938 0.000000
vt 0.419087 1.000000
vt 0.419087 0.000000
vt 0.423237 1.000000
vt 0.423237 0.000000
vt 0.427386 1.000000
vt 0.427386 0.000000
vt 0.431535 1.000000
vt 0.431535 0.000000
vt 0.435685 1.000000
vt 0.435685 0.000000
vt 0.439834 1.000000
vt 0.439834 0.000000
vt 0.443983 1.000000
vt 0.443983 0.000000
vt 0.448133 1.000000
vt 0.448133 0.000000
vt 0.452282 1.000000
vt 0.452282 0.000000
vt 0.456432 1.000000
vt 0.456432 0.000000
vt 0.460581 1.000000
vt 0.460581 0.000000
vt 0.464730 1.000000
vt 0.464730 0.000000
vt 0.468880 1.000000
vt 0.468880 0.000000
vt 0.473029 1.000000
vt 0.473029 0.000000
vt 0.477178 1.000000
vt 0.477178 0.000000
vt 0.481328 1.000000
vt 0.481328 0.000000
vt 0.485477 1.000000
vt 0.485477 0.000000
vt 0.489627 1.000000
vt 0.489627 0.000000
vt 0.493776 1.000000
vt 0.493776 0.000000
vt 0.497925 1.000000
vt 0.497925 0.000000
vt 0.502075 1.000000
vt 0.502075 0.000000
vt 0.506224 1.000000
vt 0.506224 0.000000
vt 0.510373 1.000000
vt 0.510373 0.000000
vt 0.514523 1.000000
vt 0.514523 0.000000
vt 0.518672 1.000000
vt 0.518672 0.000000
vt 0.522822 1.000000
vt 0.522822 0.000000
vt 0.526971 1.000000
vt 0.526971 0.000000
vt 0.531120 1.000000
vt 0.531120 0.000000
vt 0.535270 1.000000
vt 0.535270 0.000000
vt 0.539419 1.000000
vt 0.539419 0.000000
vt 0.543568 1.000000
vt 0.543568 0.000000
vt 0.547718 1.000000
vt 0.547718 0.000000
vt 0.551867 1.000000
vt 0.551867 0.000000
vt 0.556017 1.000000
vt 0.556017 0.000000
vt 0.560166 1.000000
vt 0.560166 0.000000
vt 0.564315 1.000000
vt 0.564315 0.000000
vt 0.568465 1.000000
vt 0.568465 0.000000
vt 0.572614 1.000000
vt 0.572614 0.000000
vt 0.576764 1.000000
vt 0.576764 0.000000
vt 0.580913 1.000000
vt 0.580913 0.000000
vt 0.585062 1.000000
vt 0.585062 0.000000
vt 0.589212 1.000000
vt 0.589212 0.000000
vt 0.593361 1.000000
vt 0.593361 0.000000
vt 0.597510 1.000000
vt 0.597510 0.000000
vt 0.601660 1.000000
vt 0.601660 0.000000
vt 0.605809 1.000000
vt 0.605809 0.000000
vt 0.609959 1.000000
vt 0.609959 0.000000
vt 0.614108 1.000000
vt 0.614108 0.000000
vt 0.618257 1.000000
vt 0.618257 0.000000
vt 0.622407 1.000000
vt 0.622407 0.000000
vt 0.626556 1.000000
vt 0.626556 0.000000
vt 0.630705 1.000000
vt 0.630705 0.000000
vt 0.634855 1.000000
vt 0.634855 0.000000
vt 0.639004 1.000000
vt 0.639004 0.000000
vt 0.643154 1.000000
vt 0.643154 0.000000
vt 0.647303 1.000000
vt 0.647303 0.000000
vt 0.651452 1.000000
vt 0.651452 0.000000
vt 0.655602 1.000000
vt 0.655602 0.000000
vt 0.659751 1.000000
vt 0.659751 0.000000
vt 0.663900 1.000000
vt 0.663900 0.000000
vt 0.668050 1.000000
vt 0.668050 0.000000
vt 0.672199 1.000000
vt 0.672199 0.000000
vt 0.676349 1.000000
vt 0.676349 0.000000
vt 0.680498 1.000000
vt 0.680498 0.000000
vt 0.684647 1.000000
vt 0.684647 0.000000
vt 0.688797 1.000000
vt 0.688797 0.000000
vt 0.692946 1.000000
vt 0.692946 0.000000
vt 0.697095 1.000000
vt 0.697095 0.000000
vt 0.701245 1.000000
vt 0.701245 0.000000
vt 0.705394 1.000000
vt 0.705394 0.000000
vt 0.709544 1.000000
vt 0.709544 0.000000
vt 0.713693 1.000000
vt 0.713693 0.000000
vt 0.717842 1.000000
vt 0.717842 0.000000
vt 0.721992 1.000000
vt 0.721992 0.000000
vt 0.726141 1.000000
vt 0.726141 0.000000
vt 0.730290 1.000000
vt 0.730290 0.000000
vt 0.734440 1.000000
vt 0.734440 0.000000
vt 0.738589 1.000000
vt 0.738589 0.000000
vt 0.742739 1.000000
vt 0.742739 0.000000
vt 0.746888 1.000000
vt 0.746888 0.000000
vt 0.751037 1.000000
vt 0.751037 0.000000
vt 0.755187 1.000000
vt 0.755187 0.000000
vt 0.759336 1.000000
vt 0.759336 0.000000
vt 0.763485 1.000000
vt 0.763485 0.000000
vt 0.767635 1.000000
vt 0.767635 0.000000
vt 0.771784 1.000000
vt 0.771784 0.000000
vt 0.775934 1.000000
vt 0.775934 0.000000
vt 0.780083 1.000000
vt 0.780083 0.000000
vt 0.784232 1.000000
vt 0.784232 0.000000
vt 0.788382 1.000000
vt 0.788382 0.000000
vt 0.792531 1.000000
vt 0.792531 0.000000
vt 0.796681 1.000000
vt 0.796681 0.000000
vt 0.800830 1.000000
vt 0.800830 0.000000
vt 0.804979 1.000000
vt 0.804979 0.000000
vt 0.809129 1.000000
vt 0.809129 0.000000
vt 0.813278 1.000000
vt 0.813278 0.000000
vt 0.817427 1.000000
vt 0.817427 0.000000
vt 0.821577 1.000000
vt 0.821577 0.000000
vt 0.825726 1.000000
vt 0.825726 0.000000
vt 0.829876 1.000000
vt 0.829876 0.000000
vt 0.834025 1.000000
vt 0.834025 0.000000
vt 0.838174 1.000000
vt 0.838174 0.000000
vt 0.842324 1.000000
vt 0.842324 0.000000
vt 0.846473 1.000000
vt 0.846473 0.000000
vt 0.850622 1.000000
vt 0.850622 0.000000
vt 0.854772 1.000000
vt 0.854772 0.000000
vt 0.858921 1.000000
vt 0.858921 0.000000
vt 0.863071 1.000000
vt 0.863071 0.000000
vt 0.867220 1.000000
vt 0.867220 0.000000
vt 0.871369 1.000000
vt 0.871369 0.000000
vt 0.875519 1.000000
vt 0.875519 0.000000
vt 0.879668 1.000000
vt 0.879668 0.000000
vt 0.883817 1.000000
vt 0.883817 0.000000
vt 0.887967 1.000000
vt 0.887967 0.000000
vt 0.892116 1.000000
vt 0.892116 0.000000
vt 0.896266 1.000000
vt 0.896266 0.000000
vt 0.900415 1.000000
vt 0.900415 0.000000
vt 0.904564 1.000000
vt 0.904564 0.000000
vt 0.908714 1.000000
vt 0.908714 0.000000
vt 0.912863 1.000000
vt 0.912863 0.000000
vt 0.917012 1.000000
vt 0.917012 0.000000
vt 0.921162 1.000000
vt 0.921162 0.000000
vt 0.925311 1.000000
vt 0.925311 0.000000
vt 0.929461 1.000000
vt 0.929461 0.000000
vt 0.933610 1.000000
vt 0.933610 0.000000
vt 0.937759 1.000000
vt 0.937759 0.000000
vt 0.941909 1.000000
vt 0.941909 0.000000
vt 0.946058 1.000000
vt 0.946058 0.000000
vt 0.950207 1.000000
vt 0.950207 0.000000
vt 0.954357 1.000000
vt 0.954357 0.000000
vt 0.958506 1.000000
vt 0.958506 0.000000
vt 0.962656 1.000000
vt 0.962656 0.000000
vt 0.966805 1.000000
vt 0.966805 0.000000
vt 0.970954 1.000000
vt 0.970954 0.000000
vt 0.975104 1.000000
vt 0.975104 0.000000
vt 0.979253 1.000000
vt 0.979253 0.000000
vt 0.983402 1.000000
vt 0.983402 0.000000
vt 0.987552 1.000000
vt 0.987552 0.000000
vt 0.991701 1.000000
vt 0.991701 0.000000
vt 0.995851 1.000000
vt 0.995851 0.000000
vt 0.010204 1.000000
vt 0.020408 1.000000
vt 0.030612 1.000000
vt 0.040816 1.000000
vt 0.051020 1.000000
vt 0.061224 1.000000
vt 0.071429 1.000000
vt 0.081633 1.000000
vt 0.091837 1.000000
vt 0.102041 1.000000
vt 0.112245 1.000000
vt 0.122449 1.000000
vt 0.132653 1.000000
vt 0.142857 1.000000
vt 0.153061 1.000000
vt 0.163265 1.000000
vt 0.173469 1.000000
vt 0.183673 1.000000
vt 0.193878 1.000000
vt 0.204082 1.000000
vt 0.214286 1.000000
vt 0.224490 1.000000
vt 0.234694 1.000000
vt 0.244898 1.000000
vt 0.255102 1.000000
vt 0.265306 1.000000
vt 0.275510 1.000000
vt 0.285714 1.000000
vt 0.295918 1.000000
vt 0.306122 1.000000
vt 0.316327 1.000000
vt 0.326531 1.000000
vt 0.336735 1.000000
vt 0.346939 1.000000
vt 0.357143 1.000000
vt 0.367347 1.000000
vt 0.377551 1.000000
vt 0.387755 1.000000
vt 0.397959 1.000000
vt 0.408163 1.000000
vt 0.418367 1.000000
vt 0.428571 1.000000
vt 0.438776 1.000000
vt 0.448980 1.000000
vt 0.459184 1.000000
vt 0.469388 1.000000
vt 0.479592 1.000000
vt 0.489796 1.000000
vt 0.510204 1.000000
vt 0.520408 1.000000
vt 0.530612 1.000000
vt 0.540816 1.000000
vt 0.551020 1.000000
vt 0.561224 1.000000
vt 0.571429 1.000000
vt 0.581633 1.000000
vt 0.591837 1.000000
vt 0.602041 1.000000
vt 0.612245 1.000000
vt 0.622449 1.000000
vt 0.632653 1.000000
vt 0.642857 1.000000
vt 0.653061 1.000000
vt 0.663265 1.000000
vt 0.673469 1.000000
vt 0.683673 1.000000
vt 0.693878 1.000000
vt 0.704082 1.000000
vt 0.714286 1.000000
vt 0.724490 1.000000
vt 0.734694 1.000000
vt 0.744898 1.000000
vt 0.755102 1.000000
vt 0.765306 1.000000
vt 0.775510 1.000000
vt 0.785714 1.000000
vt 0.795918 1.000000
vt 0.806122 1.000000
vt 0.816327 1.000000
vt 0.826531 1.000000
vt 0.836735 1.000000
vt 0.846939 1.000000
vt 0.857143 1.000000
vt 0.867347 1.000000
vt 0.877551 1.000000
vt 0.887755 1.000000
vt 0.897959 1.000000
vt 0.908163 1.000000
vt 0.918367 1.000000
vt 0.928571 1.000000
vt 0.938776 1.000000
vt 0.948980 1.000000
vt 0.959184 1.000000
vt 0.969388 1.000000
vt 0.979592 1.000000
vt 0.989796 1.000000
vt 0.005291 1.000000
vt 0.005291 0.000000
vt 0.010582 1.000000
vt 0.010582 0.000000
vt 0.015873 1.000000
vt 0.015873 0.000000
vt 0.021164 1.000000
vt 0.021164 0.000000
vt 0.026455 1.000000
vt 0.026455 0.000000
vt 0.031746 1.000000
vt 0.031746 0.000000
vt 0.037037 1.000000
vt 0.037037 0.000000
vt 0.042328 1.000000
vt 0.042328 0.000000
vt 0.047619 1.000000
vt 0.047619 0.000000
vt 0.052910 1.000000
vt 0.052910 0.000000
vt 0.058201 1.000000
vt 0.058201 0.000000
vt 0.063492 1.000000
vt 0.063492 0.000000
vt 0.068783 1.000000
vt 0.068783 0.000000
vt 0.074074 1.000000
vt 0.074074 0.000000
vt 0.079365 1.000000
vt 0.079365 0.000000
vt 0.084656 1.000000
vt 0.084656 0.000000
vt 0.089947 1.000000
vt 0.089947 0.000000
vt 0.095238 1.000000
vt 0.095238 0.000000
vt 0.100529 1.000000
vt 0.100529 0.000000
vt 0.105820 1.000000
vt 0.105820 0.000000
vt 0.116402 1.000000
vt 0.116402 0.000000
vt 0.121693 1.000000
vt 0.121693 0.000000
vt 0.126984 1.000000
vt 0.126984 0.000000
vt 0.132275 1.000000
vt 0.132275 0.000000
vt 0.137566 1.000000
vt 0.137566 0.000000
vt 0.148148 1.000000
vt 0.148148 0.000000
vt 0.153439 1.000000
vt 0.153439 0.000000
vt 0.158730 1.000000
vt 0.158730 0.000000
vt 0.164021 1.000000
vt 0.164021 0.000000
vt 0.169312 1.000000
vt 0.169312 0.000000
vt 0.174603 1.000000
vt 0.174603 0.000000
vt 0.179894 1.000000
vt 0.179894 0.000000
vt 0.185185 1.000000
vt 0.185185 0.000000
vt 0.190476 1.000000
vt 0.190476 0.000000
vt 0.195767 1.000000
vt 0.195767 0.000000
vt 0.201058 1.000000
vt 0.201058 0.000000
vt 0.206349 1.000000
vt 0.206349 0.000000
vt 0.211640 1.000000
vt 0.211640 0.000000
vt 0.216931 1.000000
vt 0.216931 0.000000
vt 0.227513 1.000000
vt 0.227513 0.000000
vt 0.232804 1.000000
vt 0.232804 0.000000
vt 0.238095 1.000000
vt 0.238095 0.000000
vt 0.243386 1.000000
vt 0.243386 0.000000
vt 0.248677 1.000000
vt 0.248677 0.000000
vt 0.253968 1.000000
vt 0.253968 0.000000
vt 0.259259 1.000000
vt 0.259259 0.000000
vt 0.264550 1.000000
vt 0.264550 0.000000
vt 0.269841 1.000000
vt 0.269841 0.000000
vt 0.275132 1.000000
vt 0.275132 0.000000
vt 0.280423 1.000000
vt 0.280423 0.000000
vt 0.291005 1.000000
vt 0.291005 0.000000
vt 0.296296 1.000000
vt 0.296296 0.000000
vt 0.301587 1.000000
vt 0.301587 0.000000
vt 0.306878 1.000000
vt 0.306878 0.000000
vt 0.312169 1.000000
vt 0.312169 0.000000
vt 0.317460 1.000000
vt 0.317460 0.000000
vt 0.322751 1.000000
vt 0.322751 0.000000
vt 0.328042 1.000000
vt 0.328042 0.000000
vt 0.338624 1.000000
vt 0.338624 0.000000
vt 0.343915 1.000000
vt 0.343915 0.000000
vt 0.349206 1.000000
vt 0.349206 0.000000
vt 0.354497 1.000000
vt 0.354497 0.000000
vt 0.359788 1.000000
vt 0.359788 0.000000
vt 0.365079 1.000000
vt 0.365079 0.000000
vt 0.370370 1.000000
vt 0.370370 0.000000
vt 0.375661 1.000000
vt 0.375661 0.000000
vt 0.380952 1.000000
vt 0.380952 0.000000
vt 0.386243 1.000000
vt 0.386243 0.000000
vt 0.391534 1.000000
vt 0.391534 0.000000
vt 0.396825 1.000000
vt 0.396825 0.000000
vt 0.402116 1.000000
vt 0.402116 0.000000
vt 0.407407 1.000000
vt 0.407407 0.000000
vt 0.412698 1.000000
vt 0.412698 0.000000
vt 0.417989 1.000000
vt 0.417989 0.000000
vt 0.423280 1.000000
vt 0.423280 0.000000
vt 0.433862 1.000000
vt 0.433862 0.000000
vt 0.439153 1.000000
vt 0.439153 0.000000
vt 0.449735 1.000000
vt 0.449735 0.000000
vt 0.455026 1.000000
vt 0.455026 0.000000
vt 0.460317 1.000000
vt 0.460317 0.000000
vt 0.465608 1.000000
vt 0.465608 0.000000
vt 0.470899 1.000000
vt 0.470899 0.000000
vt 0.476190 1.000000
vt 0.476190 0.000000
vt 0.481481 1.000000
vt 0.481481 0.000000
vt 0.486772 1.000000
vt 0.486772 0.000000
vt 0.492063 1.000000
vt 0.492063 0.000000
vt 0.497355 1.000000
vt 0.497355 0.000000
vt 0.502645 1.000000
vt 0.502645 0.000000
vt 0.507937 1.000000
vt 0.507937 0.000000
vt 0.513228 1.000000
vt 0.513228 0.000000
vt 0.518519 1.000000
vt 0.518519 0.000000
vt 0.523810 1.000000
vt 0.523810 0.000000
vt 0.529101 1.000000
vt 0.529101 0.000000
vt 0.534392 1.000000
vt 0.534392 0.000000
vt 0.539683 1.000000
vt 0.539683 0.000000
vt 0.544974 1.000000
vt 0.544974 0.000000
vt 0.550265 1.000000
vt 0.550265 0.000000
vt 0.560847 1.000000
vt 0.560847 0.000000
vt 0.566138 1.000000
vt 0.566138 0.000000
vt 0.576720 1.000000
vt 0.576720 0.000000
vt 0.582011 1.000000
vt 0.582011 0.000000
vt 0.587302 1.000000
vt 0.587302 0.000000
vt 0.592593 1.000000
vt 0.592593 0.000000
vt 0.597884 1.000000
vt 0.597884 0.000000
vt 0.603175 1.000000
vt 0.603175 0.000000
vt 0.608466 1.000000
vt 0.608466 0.000000
vt 0.613757 1.000000
vt 0.613757 0.000000
vt 0.619048 1.000000
vt 0.619048 0.000000
vt 0.624339 1.000000
vt 0.624339 0.000000
vt 0.629630 1.000000
vt 0.629630 0.000000
vt 0.634921 1.000000
vt 0.634921 0.000000
vt 0.640212 1.000000
vt 0.640212 0.000000
vt 0.645503 1.000000
vt 0.645503 0.000000
vt 0.650794 1.000000
vt 0.650794 0.000000
vt 0.656085 1.000000
vt 0.656085 0.000000
vt 0.661376 1.000000
vt 0.661376 0.000000
vt 0.671958 1.000000
vt 0.671958 0.000000
vt 0.677249 1.000000
vt 0.677249 0.000000
vt 0.682540 1.000000
vt 0.682540 0.000000
vt 0.687831 1.000000
vt 0.687831 0.000000
vt 0.693122 1.000000
vt 0.693122 0.000000
vt 0.698413 1.000000
vt 0.698413 0.000000
vt 0.703704 1.000000
vt 0.703704 0.000000
vt 0.708995 1.000000
vt 0.708995 0.000000
vt 0.719577 1.000000
vt 0.719577 0.000000
vt 0.724868 1.000000
vt 0.724868 0.000000
vt 0.730159 1.000000
vt 0.730159 0.000000
vt 0.735450 1.000000
vt 0.735450 0.000000
vt 0.740741 1.000000
vt 0.740741 0.000000
vt 0.746032 1.000000
vt 0.746032 0.000000
vt 0.751323 1.000000
vt 0.751323 0.000000
vt 0.756614 1.000000
vt 0.756614 0.000000
vt 0.761905 1.000000
vt 0.761905 0.000000
vt 0.767196 1.000000
vt 0.767196 0.000000
vt 0.772487 1.000000
vt 0.772487 0.000000
vt 0.783069 1.000000
vt 0.783069 0.000000
vt 0.788360 1.000000
vt 0.788360 0.000000
vt 0.793651 1.000000
vt 0.793651 0.000000
vt 0.798942 1.000000
vt 0.798942 0.000000
vt 0.804233 1.000000
vt 0.804233 0.000000
vt 0.809524 1.000000
vt 0.809524 0.000000
vt 0.814815 1.000000
vt 0.814815 0.000000
vt 0.820106 1.000000
vt 0.820106 0.000000
vt 0.825397 1.000000
vt 0.825397 0.000000
vt 0.830688 1.000000
vt 0.830688 0.000000
vt 0.835979 1.000000
vt 0.835979 0.000000
vt 0.841270 1.000000
vt 0.841270 0.000000
vt 0.846561 1.000000
vt 0.846561 0.000000
vt 0.851852 1.000000
vt 0.851852 0.000000
vt 0.862434 1.000000
vt 0.862434 0.000000
vt 0.867725 1.000000
vt 0.867725 0.000000
vt 0.873016 1.000000
vt 0.873016 0.000000
vt 0.878307 1.000000
vt 0.878307 0.000000
vt 0.883598 1.000000
vt 0.883598 0.000000
vt 0.894180 1.000000
vt 0.894180 0.000000
vt 0.899471 1.000000
vt 0.899471 0.000000
vt 0.904762 1.000000
vt 0.904762 0.000000
vt 0.910053 1.000000
vt 0.910053 0.000000
vt 0.915344 1.000000
vt 0.915344 0.000000
vt 0.920635 1.000000
vt 0.920635 0.000000
vt 0.925926 1.000000
vt 0.925926 0.000000
vt 0.931217 1.000000
vt 0.931217 0.000000
vt 0.936508 1.000000
vt 0.936508 0.000000
vt 0.941799 1.000000
vt 0.941799 0.000000
vt 0.947090 1.000000
vt 0.947090 0.000000
vt 0.952381 1.000000
vt 0.952381 0.000000
vt 0.957672 1.000000
vt 0.957672 0.000000
vt 0.962963 1.000000
vt 0.962963 0.000000
vt 0.968254 1.000000
vt 0.968254 0.000000
vt 0.973545 1.000000
vt 0.973545 0.000000
vt 0.978836 1.000000
vt 0.978836 0.000000
vt 0.984127 1.000000
vt 0.984127 0.000000
vt 0.989418 1.000000
vt 0.989418 0.000000
vt 0.994709 1.000000
vt 0.994709 0.000000
vt 0.005025 1.000000
vt 0.005025 0.000000
vt 0.010050 1.000000
vt 0.010050 0.000000
vt 0.015075 1.000000
vt 0.015075 0.000000
vt 0.020101 1.000000
vt 0.020101 0.000000
vt 0.025126 1.000000
vt 0.025126 0.000000
vt 0.030151 1.000000
vt 0.030151 0.000000
vt 0.035176 1.000000
vt 0.035176 0.000000
vt 0.040201 1.000000
vt 0.040201 0.000000
vt 0.045226 1.000000
vt 0.045226 0.000000
vt 0.050251 1.000000
vt 0.050251 0.000000
vt 0.055276 1.000000
vt 0.055276 0.000000
vt 0.060302 1.000000
vt 0.060302 0.000000
vt 0.065327 1.000000
vt 0.065327 0.000000
vt 0.070352 1.000000
vt 0.070352 0.000000
vt 0.075377 1.000000
vt 0.075377 0.000000
vt 0.080402 1.000000
vt 0.080402 0.000000
vt 0.085427 1.000000
vt 0.085427 0.000000
vt 0.090452 1.000000
vt 0.090452 0.000000
vt 0.095477 1.000000
vt 0.095477 0.000000
vt 0.100503 1.000000
vt 0.100503 0.000000
vt 0.105528 1.000000
vt 0.105528 0.000000
vt 0.110553 1.000000
vt 0.110553 0.000000
vt 0.115578 1.000000
vt 0.115578 0.000000
vt 0.120603 1.000000
vt 0.120603 0.000000
vt 0.125628 1.000000
vt 0.125628 0.000000
vt 0.130653 1.000000
vt 0.130653 0.000000
vt 0.135678 1.000000
vt 0.135678 0.000000
vt 0.140704 1.000000
vt 0.140704 0.000000
vt 0.145729 1.000000
vt 0.145729 0.000000
vt 0.150754 1.000000
vt 0.150754 0.000000
vt 0.155779 1.000000
vt 0.155779 0.000000
vt 0.160804 1.000000
vt 0.160804 0.000000
vt 0.165829 1.000000
vt 0.165829 0.000000
vt 0.170854 1.000000
vt 0.170854 0.000000
vt 0.175879 1.000000
vt 0.175879 0.000000
vt 0.180905 1.000000
vt 0.180905 0.000000
vt 0.185930 1.000000
vt 0.185930 0.000000
vt 0.190955 1.000000
vt 0.190955 0.000000
vt 0.195980 1.000000
vt 0.195980 0.000000
vt 0.201005 1.000000
vt 0.201005 0.000000
vt 0.206030 1.000000
vt 0.206030 0.000000
vt 0.211055 1.000000
vt 0.211055 0.000000
vt 0.216080 1.000000
vt 0.216080 0.000000
vt 0.221106 1.000000
vt 0.221106 0.000000
vt 0.226131 1.000000
vt 0.226131 0.000000
vt 0.231156 1.000000
vt 0.231156 0.000000
vt 0.236181 1.000000
vt 0.236181 0.000000
vt 0.241206 1.000000
vt 0.241206 0.000000
vt 0.246231 1.000000
vt 0.246231 0.000000
vt 0.251256 1.000000
vt 0.251256 0.000000
vt 0.256281 1.000000
vt 0.256281 0.000000
vt 0.261307 1.000000
vt 0.261307 0.000000
vt 0.266332 1.000000
vt 0.266332 0.000000
vt 0.271357 1.000000
vt 0.271357 0.000000
vt 0.276382 1.000000
vt 0.276382 0.000000
vt 0.281407 1.000000
vt 0.281407 0.000000
vt 0.286432 1.000000
vt 0.286432 0.000000
vt 0.291457 1.000000
vt 0.291457 0.000000
vt 0.296482 1.000000
vt 0.296482 0.000000
vt 0.301508 1.000000
vt 0.301508 0.000000
vt 0.306533 1.000000
vt 0.306533 0.000000
vt 0.311558 1.000000
vt 0.311558 0.000000
vt 0.316583 1.000000
vt 0.316583 0.000000
vt 0.321608 1.000000
vt 0.321608 0.000000
vt 0.326633 1.000000
vt 0.326633 0.000000
vt 0.331658 1.000000
vt 0.331658 0.000000
vt 0.336683 1.000000
vt 0.336683 0.000000
vt 0.341709 1.000000
vt 0.341709 0.000000
vt 0.346734 1.000000
vt 0.346734 0.000000
vt 0.351759 1.000000
vt 0.351759 0.000000
vt 0.356784 1.000000
vt 0.356784 0.000000
vt 0.361809 1.000000
vt 0.361809 0.000000
vt 0.366834 1.000000
vt 0.366834 0.000000
vt 0.371859 1.000000
vt 0.371859 0.000000
vt 0.376884 1.000000
vt 0.376884 0.000000
vt 0.381910 1.000000
vt 0.381910 0.000000
vt 0.386935 1.000000
vt 0.386935 0.000000
vt 0.391960 1.000000
vt 0.391960 0.000000
vt 0.396985 1.000000
vt 0.396985 0.000000
vt 0.402010 1.000000
vt 0.402010 0.000000
vt 0.407035 1.000000
vt 0.407035 0.000000
vt 0.412060 1.000000
vt 0.412060 0.000000
vt 0.417085 1.000000
vt 0.417085 0.000000
vt 0.422111 1.000000
vt 0.422111 0.000000
vt 0.427136 1.000000
vt 0.427136 0.000000
vt 0.432161 1.000000
vt 0.432161 0.000000
vt 0.437186 1.000000
vt 0.437186 0.000000
vt 0.442211 1.000000
vt 0.442211 0.000000
vt 0.447236 1.000000
vt 0.447236 0.000000
vt 0.452261 1.000000
vt 0.452261 0.000000
vt 0.457286 1.000000
vt 0.457286 0.000000
vt 0.462312 1.000000
vt 0.462312 0.000000
vt 0.467337 1.000000
vt 0.467337 0.000000
vt 0.472362 1.000000
vt 0.472362 0.000000
vt 0.477387 1.000000
vt 0.477387 0.000000
vt 0.482412 1.000000
vt 0.482412 0.000000
vt 0.487437 1.000000
vt 0.487437 0.000000
vt 0.492462 1.000000
vt 0.492462 0.000000
vt 0.497487 1.000000
vt 0.497487 0.000000
vt 0.502513 1.000000
vt 0.502513 0.000000
vt 0.507538 1.000000
vt 0.507538 0.000000
vt 0.512563 1.000000
vt 0.512563 0.000000
vt 0.517588 1.000000
vt 0.517588 0.000000
vt 0.522613 1.000000
vt 0.522613 0.000000
vt 0.527638 1.000000
vt 0.527638 0.000000
vt 0.532663 1.000000
vt 0.532663 0.000000
vt 0.537688 1.000000
vt 0.537688 0.000000
vt 0.542714 1.000000
vt 0.542714 0.000000
vt 0.547739 1.000000
vt 0.547739 0.000000
vt 0.552764 1.000000
vt 0.552764 0.000000
vt 0.557789 1.000000
vt 0.557789 0.000000
vt 0.562814 1.000000
vt 0.562814 0.000000
vt 0.567839 1.000000
vt 0.567839 0.000000
vt 0.572864 1.000000
vt 0.572864 0.000000
vt 0.577889 1.000000
vt 0.577889 0.000000
vt 0.582915 1.000000
vt 0.582915 0.000000
vt 0.587940 1.000000
vt 0.587940 0.000000
vt 0.592965 1.000000
vt 0.592965 0.000000
vt 0.597990 1.000000
vt 0.597990 0.000000
vt 0.603015 1.000000
vt 0.603015 0.000000
vt 0.608040 1.000000
vt 0.608040 0.000000
vt 0.613065 1.000000
vt 0.613065 0.000000
vt 0.618090 1.000000
vt 0.618090 0.000000
vt 0.623116 1.000000
vt 0.623116 0.000000
vt 0.628141 1.000000
vt 0.628141 0.000000
vt 0.633166 1.000000
vt 0.633166 0.000000
vt 0.638191 1.000000
vt 0.638191 0.000000
vt 0.643216 1.000000
vt 0.643216 0.000000
vt 0.648241 1.000000
vt 0.648241 0.000000
vt 0.653266 1.000000
vt 0.653266 0.000000
vt 0.658291 1.000000
vt 0.658291 0.000000
vt 0.663317 1.000000
vt 0.663317 0.000000
vt 0.668342 1.000000
vt 0.668342 0.000000
vt 0.673367 1.000000
vt 0.673367 0.000000
vt 0.678392 1.000000
vt 0.678392 0.000000
vt 0.683417 1.000000
vt 0.683417 0.000000
vt 0.688442 1.000000
vt 0.688442 0.000000
vt 0.693467 1.000000
vt 0.693467 0.000000
vt 0.698492 1.000000
vt 0.698492 0.000000
vt 0.703518 1.000000
vt 0.703518 0.000000
vt 0.708543 1.000000
vt 0.708543 0.000000
vt 0.713568 1.000000
vt 0.713568 0.000000
vt 0.718593 1.000000
vt 0.718593 0.000000
vt 0.723618 1.000000
vt 0.723618 0.000000
vt 0.728643 1.000000
vt 0.728643 0.000000
vt 0.733668 1.000000
vt 0.733668 0.000000
vt 0.738693 1.000000
vt 0.738693 0.000000
vt 0.743719 1.000000
vt 0.743719 0.000000
vt 0.748744 1.000000
vt 0.748744 0.000000
vt 0.753769 1.000000
vt 0.753769 0.000000
vt 0.758794 1.000000
vt 0.758794 0.000000
vt 0.763819 1.000000
vt 0.763819 0.000000
vt 0.768844 1.000000
vt 0.768844 0.000000
vt 0.773869 1.000000
vt 0.773869 0.000000
vt 0.778894 1.000000
vt 0.778894 0.000000
vt 0.783920 1.000000
vt 0.783920 0.000000
vt 0.788945 1.000000
vt 0.788945 0.000000
vt 0.793970 1.000000
vt 0.793970 0.000000
vt 0.798995 1.000000
vt 0.798995 0.000000
vt 0.804020 1.000000
vt 0.804020 0.000000
vt 0.809045 1.000000
vt 0.809045 0.000000
vt 0.814070 1.000000
vt 0.814070 0.000000
vt 0.819095 1.000000
vt 0.819095 0.000000
vt 0.824121 1.000000
vt 0.824121 0.000000
vt 0.829146 1.000000
vt 0.829146 0.000000
vt 0.834171 1.000000
vt 0.834171 0.000000
vt 0.839196 1.000000
vt 0.839196 0.000000
vt 0.844221 1.000000
vt 0.844221 0.000000
vt 0.849246 1.000000
vt 0.849246 0.000000
vt 0.854271 1.000000
vt 0.854271 0.000000
vt 0.859297 1.000000
vt 0.859297 0.000000
vt 0.864322 1.000000
vt 0.864322 0.000000
vt 0.869347 1.000000
vt 0.869347 0.000000
vt 0.874372 1.000000
vt 0.874372 0.000000
vt 0.879397 1.000000
vt 0.879397 0.000000
vt 0.884422 1.000000
vt 0.884422 0.000000
vt 0.889447 1.000000
vt 0.889447 0.000000
vt 0.894472 1.000000
vt 0.894472 0.000000
vt 0.899498 1.000000
vt 0.899498 0.000000
vt 0.904523 1.000000
vt 0.904523 0.000000
vt 0.909548 1.000000
vt 0.909548 0.000000
vt 0.914573 1.000000
vt 0.914573 0.000000
vt 0.919598 1.000000
vt 0.919598 0.000000
vt 0.924623 1.000000
vt 0.924623 0.000000
vt 0.929648 1.000000
vt 0.929648 0.000000
vt 0.934673 1.000000
vt 0.934673 0.000000
vt 0.939699 1.000000
vt 0.939699 0.000000
vt 0.944724 1.000000
vt 0.944724 0.000000
vt 0.949749 1.000000
vt 0.949749 0.000000
vt 0.954774 1.000000
vt 0.954774 0.000000
vt 0.959799 1.000000
vt 0.959799 0.000000
vt 0.964824 1.000000
vt 0.964824 0.000000
vt 0.969849 1.000000
vt 0.969849 0.000000
vt 0.974874 1.000000
vt 0.974874 0.000000
vt 0.979900 1.000000
vt 0.979900 0.000000
vt 0.984925 1.000000
vt 0.984925 0.000000
vt 0.989950 1.000000
vt 0.989950 0.000000
vt 0.994975 1.000000
vt 0.994975 0.000000
vt 0.004098 1.000000
vt 0.004098 0.000000
vt 0.008197 1.000000
vt 0.008197 0.000000
vt 0.012295 1.000000
vt 0.012295 0.000000
vt 0.016393 1.000000
vt 0.016393 0.000000
vt 0.020492 1.000000
vt 0.020492 0.000000
vt 0.024590 1.000000
vt 0.024590 0.000000
vt 0.028689 1.000000
vt 0.028689 0.000000
vt 0.032787 1.000000
vt 0.032787 0.000000
vt 0.036885 1.000000
vt 0.036885 0.000000
vt 0.040984 1.000000
vt 0.040984 0.000000
vt 0.045082 1.000000
vt 0.045082 0.000000
vt 0.049180 1.000000
vt 0.049180 0.000000
vt 0.053279 1.000000
vt 0.053279 0.000000
vt 0.057377 1.000000
vt 0.057377 0.000000
vt 0.061475 1.000000
vt 0.061475 0.000000
vt 0.065574 1.000000
vt 0.065574 0.000000
vt 0.069672 1.000000
vt 0.069672 0.000000
vt 0.073770 1.000000
vt 0.073770 0.000000
vt 0.077869 1.000000
vt 0.077869 0.000000
vt 0.081967 1.000000
vt 0.081967 0.000000
vt 0.086066 1.000000
vt 0.086066 0.000000
vt 0.090164 1.000000
vt 0.090164 0.000000
vt 0.094262 1.000000
vt 0.094262 0.000000
vt 0.098361 1.000000
vt 0.098361 0.000000
vt 0.102459 1.000000
vt 0.102459 0.000000
vt 0.106557 1.000000
vt 0.106557 0.000000
vt 0.110656 1.000000
vt 0.110656 0.000000
vt 0.114754 1.000000
vt 0.114754 0.000000
vt 0.118852 1.000000
vt 0.118852 0.000000
vt 0.122951 1.000000
vt 0.122951 0.000000
vt 0.127049 1.000000
vt 0.127049 0.000000
vt 0.131148 1.000000
vt 0.131148 0.000000
vt 0.135246 1.000000
vt 0.135246 0.000000
vt 0.139344 1.000000
vt 0.139344 0.000000
vt 0.143443 1.000000
vt 0.143443 0.000000
vt 0.147541 1.000000
vt 0.147541 0.000000
vt 0.151639 1.000000
vt 0.151639 0.000000
vt 0.155738 1.000000
vt 0.155738 0.000000
vt 0.159836 1.000000
vt 0.159836 0.000000
vt 0.163934 1.000000
vt 0.163934 0.000000
vt 0.168033 1.000000
vt 0.168033 0.000000
vt 0.172131 1.000000
vt 0.172131 0.000000
vt 0.176230 1.000000
vt 0.176230 0.000000
vt 0.180328 1.000000
vt 0.180328 0.000000
vt 0.184426 1.000000
vt 0.184426 0.000000
vt 0.188525 1.000000
vt 0.188525 0.000000
vt 0.192623 1.000000
vt 0.192623 0.000000
vt 0.196721 1.000000
vt 0.196721 0.000000
vt 0.200820 1.000000
vt 0.200820 0.000000
vt 0.204918 1.000000
vt 0.204918 0.000000
vt 0.209016 1.000000
vt 0.209016 0.000000
vt 0.213115 1.000000
vt 0.213115 0.000000
vt 0.217213 1.000000
vt 0.217213 0.000000
vt 0.221311 1.000000
vt 0.221311 0.000000
vt 0.225410 1.000000
vt 0.225410 0.000000
vt 0.229508 1.000000
vt 0.229508 0.000000
vt 0.233607 1.000000
vt 0.233607 0.000000
vt 0.237705 1.000000
vt 0.237705 0.000000
vt 0.241803 1.000000
vt 0.241803 0.000000
vt 0.245902 1.000000
vt 0.245902 0.000000
vt 0.254098 1.000000
vt 0.254098 0.000000
vt 0.258197 1.000000
vt 0.258197 0.000000
vt 0.262295 1.000000
vt 0.262295 0.000000
vt 0.266393 1.000000
vt 0.266393 0.000000
vt 0.270492 1.000000
vt 0.270492 0.000000
vt 0.274590 1.000000
vt 0.274590 0.000000
vt 0.278689 1.000000
vt 0.278689 0.000000
vt 0.282787 1.000000
vt 0.282787 0.000000
vt 0.286885 1.000000
vt 0.286885 0.000000
vt 0.290984 1.000000
vt 0.290984 0.000000
vt 0.295082 1.000000
vt 0.295082 0.000000
vt 0.299180 1.000000
vt 0.299180 0.000000
vt 0.303279 1.000000
vt 0.303279 0.000000
vt 0.307377 1.000000
vt 0.307377 0.000000
vt 0.311475 1.000000
vt 0.311475 0.000000
vt 0.315574 1.000000
vt 0.315574 0.000000
vt 0.319672 1.000000
vt 0.319672 0.000000
vt 0.323770 1.000000
vt 0.323770 0.000000
vt 0.327869 1.000000
vt 0.327869 0.000000
vt 0.331967 1.000000
vt 0.331967 0.000000
vt 0.336066 1.000000
vt 0.336066 0.000000
vt 0.340164 1.000000
vt 0.340164 0.000000
vt 0.344262 1.000000
vt 0.344262 0.000000
vt 0.348361 1.000000
vt 0.348361 0.000000
vt 0.352459 1.000000
vt 0.352459 0.000000
vt 0.356557 1.000000
vt 0.356557 0.000000
vt 0.360656 1.000000
vt 0.360656 0.000000
vt 0.364754 1.000000
vt 0.364754 0.000000
vt 0.368852 1.000000
vt 0.368852 0.000000
vt 0.372951 1.000000
vt 0.372951 0.000000
vt 0.377049 1.000000
vt 0.377049 0.000000
vt 0.381148 1.000000
vt 0.381148 0.000000
vt 0.385246 1.000000
vt 0.385246 0.000000
vt 0.389344 1.000000
vt 0.389344 0.000000
vt 0.393443 1.000000
vt 0.393443 0.000000
vt 0.397541 1.000000
vt 0.397541 0.000000
vt 0.401639 1.000000
vt 0.401639 0.000000
vt 0.405738 1.000000
vt 0.405738 0.000000
vt 0.409836 1.000000
vt 0.409836 0.000000
vt 0.413934 1.000000
vt 0.413934 0.000000
vt 0.418033 1.000000
vt 0.418033 0.000000
vt 0.422131 1.000000
vt 0.422131 0.000000
vt 0.426230 1.000000
vt 0.426230 0.000000
vt 0.430328 1.000000
vt 0.430328 0.000000
vt 0.434426 1.000000
vt 0.434426 0.000000
vt 0.438525 1.000000
vt 0.438525 0.000000
vt 0.442623 1.000000
vt 0.442623 0.000000
vt 0.446721 1.000000
vt 0.446721 0.000000
vt 0.450820 1.000000
vt 0.450820 0.000000
vt 0.454918 1.000000
vt 0.454918 0.000000
vt 0.459016 1.000000
vt 0.459016 0.000000
vt 0.463115 1.000000
vt 0.463115 0.000000
vt 0.467213 1.000000
vt 0.467213 0.000000
vt 0.471311 1.000000
vt 0.471311 0.000000
vt 0.475410 1.000000
vt 0.475410 0.000000
vt 0.479508 1.000000
vt 0.479508 0.000000
vt 0.483607 1.000000
vt 0.483607 0.000000
vt 0.487705 1.000000
vt 0.487705 0.000000
vt 0.491803 1.000000
vt 0.491803 0.000000
vt 0.495902 1.000000
vt 0.495902 0.000000
vt 0.504098 1.000000
vt 0.504098 0.000000
vt 0.508197 1.000000
vt 0.508197 0.000000
vt 0.512295 1.000000
vt 0.512295 0.000000
vt 0.516393 1.000000
vt 0.516393 0.000000
vt 0.520492 1.000000
vt 0.520492 0.000000
vt 0.524590 1.000000
vt 0.524590 0.000000
vt 0.528689 1.000000
vt 0.528689 0.000000
vt 0.532787 1.000000
vt 0.532787 0.000000
vt 0.536885 1.000000
vt 0.536885 0.000000
vt 0.540984 1.000000
vt 0.540984 0.000000
vt 0.545082 1.000000
vt 0.545082 0.000000
vt 0.549180 1.000000
vt 0.549180 0.000000
vt 0.553279 1.000000
vt 0.553279 0.000000
vt 0.557377 1.000000
vt 0.557377 0.000000
vt 0.561475 1.000000
vt 0.561475 0.000000
vt 0.565574 1.000000
vt 0.565574 0.000000
vt 0.569672 1.000000
vt 0.569672 0.000000
vt 0.573770 1.000000
vt 0.573770 0.000000
vt 0.577869 1.000000
vt 0.577869 0.000000
vt 0.581967 1.000000
vt 0.581967 0.000000
vt 0.586066 1.000000
vt 0.586066 0.000000
vt 0.590164 1.000000
vt 0.590164 0.000000
vt 0.594262 1.000000
vt 0.594262 0.000000
vt 0.598361 1.000000
vt 0.598361 0.000000
vt 0.602459 1.000000
vt 0.602459 0.000000
vt 0.606557 1.000000
vt 0.606557 0.000000
vt 0.610656 1.000000
vt 0.610656 0.000000
vt 0.614754 1.000000
vt 0.614754 0.000000
vt 0.618852 1.000000
vt 0.618852 0.000000
vt 0.622951 1.000000
vt 0.622951 0.000000
vt 0.627049 1.000000
vt 0.627049 0.000000
vt 0.631148 1.000000
vt 0.631148 0.000000
vt 0.635246 1.000000
vt 0.635246 0.000000
vt 0.639344 1.000000
vt 0.639344 0.000000
vt 0.643443 1.000000
vt 0.643443 0.000000
vt 0.647541 1.000000
vt 0.647541 0.000000
vt 0.651639 1.000000
vt 0.651639 0.000000
vt 0.655738 1.000000
vt 0.655738 0.000000
vt 0.659836 1.000000
vt 0.659836 0.000000
vt 0.663934 1.000000
vt 0.663934 0.000000
vt 0.668033 1.000000
vt 0.668033 0.000000
vt 0.672131 1.000000
vt 0.672131 0.000000
vt 0.676230 1.000000
vt 0.676230 0.000000
vt 0.680328 1.000000
vt 0.680328 0.000000
vt 0.684426 1.000000
vt 0.684426 0.000000
vt 0.688525 1.000000
vt 0.688525 0.000000
vt 0.692623 1.000000
vt 0.692623 0.000000
vt 0.696721 1.000000
vt 0.696721 0.000000
vt 0.700820 1.000000
vt 0.700820 0.000000
vt 0.704918 1.000000
vt 0.704918 0.000000
vt 0.709016 1.000000
vt 0.709016 0.000000
vt 0.713115 1.000000
vt 0.713115 0.000000
vt 0.717213 1.000000
vt 0.717213 0.000000
vt 0.721311 1.000000
vt 0.721311 0.000000
vt 0.725410 1.000000
vt 0.725410 0.000000
vt 0.729508 1.000000
vt 0.729508 0.000000
vt 0.733607 1.000000
vt 0.733607 0.000000
vt 0.737705 1.000000
vt 0.737705 0.000000
vt 0.741803 1.000000
vt 0.741803 0.000000
vt 0.745902 1.000000
vt 0.745902 0.000000
vt 0.754098 1.000000
vt 0.754098 0.000000
vt 0.758197 1.000000
vt 0.758197 0.000000
vt 0.762295 1.000000
vt 0.762295 0.000000
vt 0.766393 1.000000
vt 0.766393 0.000000
vt 0.770492 1.000000
vt 0.770492 0.000000
vt 0.774590 1.000000
vt 0.774590 0.000000
vt 0.778689 1.000000
vt 0.778689 0.000000
vt 0.782787 1.000000
vt 0.782787 0.000000
vt 0.786885 1.000000
vt 0.786885 0.000000
vt 0.790984 1.000000
vt 0.790984 0.000000
vt 0.795082 1.000000
vt 0.795082 0.000000
vt 0.799180 1.000000
vt 0.799180 0.000000
vt 0.803279 1.000000
vt 0.803279 0.000000
vt 0.807377 1.000000
vt 0.807377 0.000000
vt 0.811475 1.000000
vt 0.811475 0.000000
vt 0.815574 1.000000
vt 0.815574 0.000000
vt 0.819672 1.000000
vt 0.819672 0.000000
vt 0.823770 1.000000
vt 0.823770 0.000000
vt 0.827869 1.000000
vt 0.827869 0.000000
vt 0.831967 1.000000
vt 0.831967 0.000000
vt 0.836066 1.000000
vt 0.836066 0.000000
vt 0.840164 1.000000
vt 0.840164 0.000000
vt 0.844262 1.000000
vt 0.844262 0.000000
vt 0.848361 1.000000
vt 0.848361 0.000000
vt 0.852459 1.000000
vt 0.852459 0.000000
vt 0.856557 1.000000
vt 0.856557 0.000000
vt 0.860656 1.000000
vt 0.860656 0.000000
vt 0.864754 1.000000
vt 0.864754 0.000000
vt 0.868852 1.000000
vt 0.868852 0.000000
vt 0.872951 1.000000
vt 0.872951 0.000000
vt 0.877049 1.000000
vt 0.877049 0.000000
vt 0.881148 1.000000
vt 0.881148 0.000000
vt 0.885246 1.000000
vt 0.885246 0.000000
vt 0.889344 1.000000
vt 0.889344 0.000000
vt 0.893443 1.000000
vt 0.893443 0.000000
vt 0.897541 1.000000
vt 0.897541 0.000000
vt 0.901639 1.000000
vt 0.901639 0.000000
vt 0.905738 1.000000
vt 0.905738 0.000000
vt 0.909836 1.000000
vt 0.909836 0.000000
vt 0.913934 1.000000
vt 0.913934 0.000000
vt 0.918033 1.000000
vt 0.918033 0.000000
vt 0.922131 1.000000
vt 0.922131 0.000000
vt 0.926230 1.000000
vt 0.926230 0.000000
vt 0.930328 1.000000
vt 0.930328 0.000000
vt 0.934426 1.000000
vt 0.934426 0.000000
vt 0.938525 1.000000
vt 0.938525 0.000000
vt 0.942623 1.000000
vt 0.942623 0.000000
vt 0.946721 1.000000
vt 0.946721 0.000000
vt 0.950820 1.000000
vt 0.950820 0.000000
vt 0.954918 1.000000
vt 0.954918 0.000000
vt 0.959016 1.000000
vt 0.959016 0.000000
vt 0.963115 1.000000
vt 0.963115 0.000000
vt 0.967213 1.000000
vt 0.967213 0.000000
vt 0.971311 1.000000
vt 0.971311 0.000000
vt 0.975410 1.000000
vt 0.975410 0.000000
vt 0.979508 1.000000
vt 0.979508 0.000000
vt 0.983607 1.000000
vt 0.983607 0.000000
vt 0.987705 1.000000
vt 0.987705 0.000000
vt 0.991803 1.000000
vt 0.991803 0.000000
vt 0.995902 1.000000
vt 0.995902 0.000000
s 0
usemtl マテリアル
f 257/1/1 259/2/1 258/3/1
f 257/1/1 260/4/1 259/2/1
f 257/1/1 261/5/1 260/4/1
f 257/1/1 262/6/1 261/5/1
f 257/1/1 263/7/1 262/6/1
f 257/1/1 264/8/1 263/7/1
f 257/1/1 265/9/1 264/8/1
f 257/1/1 266/10/1 265/9/1
f 257/1/1 267/11/1 266/10/1
f 257/1/1 268/12/1 267/11/1
f 257/1/1 269/13/1 268/12/1
f 257/1/1 270/14/1 269/13/1
f 257/1/1 245/15/1 270/14/1
f 256/16/1 245/15/1 257/1/1
f 255/17/1 245/15/1 256/16/1
f 254/18/1 245/15/1 255/17/1
f 253/19/1 245/15/1 254/18/1
f 252/20/1 245/15/1 253/19/1
f 251/21/1 245/15/1 252/20/1
f 250/22/1 245/15/1 251/21/1
f 249/23/1 245/15/1 250/22/1
f 248/24/1 245/15/1 249/23/1
f 247/25/1 245/15/1 248/24/1
f 246/26/1 245/15/1 247/25/1
f 230/27/1 232/28/1 231/29/1
f 229/30/1 232/28/1 230/27/1
f 228/31/1 232/28/1 229/30/1
f 227/32/1 232/28/1 228/31/1
f 226/33/1 232/28/1 227/32/1
f 225/34/1 232/28/1 226/33/1
f 224/35/1 232/28/1 225/34/1
f 223/36/1 232/28/1 224/35/1
f 222/37/1 232/28/1 223/36/1
f 221/38/1 232/28/1 222/37/1
f 220/39/1 232/28/1 221/38/1
f 219/40/1 232/28/1 220/39/1
f 218/41/1 232/28/1 219/40/1
f 217/42/1 232/28/1 218/41/1
f 216/43/1 232/28/1 217/42/1
f 215/44/1 232/28/1 216/43/1
f 214/45/1 232/28/1 215/44/1
f 213/46/1 232/28/1 214/45/1
f 212/47/1 232/28/1 213/46/1
f 211/48/1 232/28/1 212/47/1
f 210/49/1 232/28/1 211/48/1
f 209/50/1 232/28/1 210/49/1
f 194/51/1 196/52/1 195/53/1
f 208/54/1 232/28/1 209/50/1
f 194/51/1 197/55/1 196/52/1
f 194/51/1 198/56/1 197/55/1
f 194/51/1 199/57/1 198/56/1
f 207/58/1 232/28/1 208/54/1
f 194/51/1 200/59/1 199/57/1
f 194/51/1 201/60/1 200/59/1
f 206/61/1 232/28/1 207/58/1
f 194/51/1 202/62/1 201/60/1
f 205/63/1 232/28/1 206/61/1
f 194/51/1 203/64/1 202/62/1
f 204/65/1 232/28/1 205/63/1
f 194/51/1 204/65/1 203/64/1
f 194/51/1 193/66/1 204/65/1
f 193/66/1 192/67/1 204/65/1
f 192/67/1 191/68/1 204/65/1
f 191/68/1 190/69/1 204/65/1
f 190/69/1 189/70/1 204/65/1
f 189/70/1 232/28/1 204/65/1
f 189/70/1 188/71/1 232/28/1
f 188/71/1 233/72/1 232/28/1
f 188/71/1 187/73/1 233/72/1
f 187/73/1 234/74/1 233/72/1
f 187/73/2 186/75/2 234/74/2
f 186/75/1 235/76/1 234/74/1
f 186/75/1 185/77/1 235/76/1
f 185/77/1 184/78/1 235/76/1
f 184/78/1 236/79/1 235/76/1
f 184/78/1 183/80/1 236/79/1
f 183/80/1 182/81/1 236/79/1
f 182/81/1 237/82/1 236/79/1
f 182/81/1 238/83/1 237/82/1
f 182/81/1 180/84/1 238/83/1
f 180/84/3 179/85/3 238/83/3
f 179/85/1 178/86/1 238/83/1
f 178/86/1 177/87/1 238/83/1
f 177/87/1 176/88/1 238/83/1
f 176/88/1 175/89/1 238/83/1
f 175/89/1 174/90/1 238/83/1
f 174/90/1 173/91/1 238/83/1
f 173/91/1 172/92/1 238/83/1
f 172/92/1 171/93/1 238/83/1
f 171/93/1 239/94/1 238/83/1
f 171/93/1 170/95/1 239/94/1
f 170/95/1 240/96/1 239/94/1
f 170/95/1 241/97/1 240/96/1
f 169/98/1 241/97/1 170/95/1
f 169/98/1 242/99/1 241/97/1
f 169/98/1 243/100/1 242/99/1
f 169/98/1 244/101/1 243/100/1
f 169/98/1 1/102/1 244/101/1
f 169/98/1 2/103/1 1/102/1
f 182/81/4 181/104/4 180/84/4
f 168/105/1 2/103/1 169/98/1
f 168/105/1 3/106/1 2/103/1
f 168/105/1 4/107/1 3/106/1
f 167/108/1 4/107/1 168/105/1
f 167/108/1 5/109/1 4/107/1
f 167/108/1 6/110/1 5/109/1
f 167/108/1 7/111/1 6/110/1
f 166/112/1 7/111/1 167/108/1
f 166/112/1 8/113/1 7/111/1
f 166/112/1 9/114/1 8/113/1
f 165/115/1 9/114/1 166/112/1
f 165/115/1 10/116/1 9/114/1
f 165/115/1 11/117/1 10/116/1
f 165/115/1 12/118/1 11/117/1
f 164/119/1 12/118/1 165/115/1
f 14/120/1 16/121/1 15/122/1
f 14/120/1 17/123/1 16/121/1
f 13/124/1 17/123/1 14/120/1
f 13/124/1 18/125/1 17/123/1
f 12/118/1 18/125/1 13/124/1
f 12/118/1 19/126/1 18/125/1
f 164/119/1 19/126/1 12/118/1
f 164/119/1 20/127/1 19/126/1
f 164/119/1 21/128/1 20/127/1
f 164/119/1 22/129/1 21/128/1
f 164/119/1 23/130/1 22/129/1
f 164/119/1 24/131/1 23/130/1
f 164/119/1 25/132/1 24/131/1
f 164/119/1 26/133/1 25/132/1
f 164/119/1 27/134/1 26/133/1
f 164/119/1 28/135/1 27/134/1
f 164/119/1 29/136/1 28/135/1
f 164/119/1 30/137/1 29/136/1
f 164/119/1 31/138/1 30/137/1
f 164/119/1 32/139/1 31/138/1
f 164/119/1 33/140/1 32/139/1
f 163/141/1 33/140/1 164/119/1
f 163/141/1 122/142/1 33/140/1
f 122/142/1 34/143/1 33/140/1
f 122/142/1 121/144/1 34/143/1
f 121/144/1 35/145/1 34/143/1
f 120/146/1 35/145/1 121/144/1
f 163/141/1 123/147/1 122/142/1
f 119/148/1 35/145/1 120/146/1
f 119/148/1 36/149/1 35/145/1
f 163/141/1 124/150/1 123/147/1
f 118/151/1 36/149/1 119/148/1
f 163/141/1 125/152/1 124/150/1
f 117/153/1 36/149/1 118/151/1
f 163/141/1 126/154/1 125/152/1
f 116/155/1 36/149/1 117/153/1
f 163/141/1 127/156/1 126/154/1
f 115/157/1 36/149/1 116/155/1
f 163/141/1 128/158/1 127/156/1
f 115/157/1 37/159/1 36/149/1
f 163/141/1 129/160/1 128/158/1
f 114/161/1 37/159/1 115/157/1
f 163/141/1 130/162/1 129/160/1
f 113/163/1 37/159/1 114/161/1
f 162/164/1 130/162/1 163/141/1
f 113/163/1 38/165/1 37/159/1
f 162/164/1 131/166/1 130/162/1
f 112/167/1 38/165/1 113/163/1
f 162/164/1 132/168/1 131/166/1
f 112/167/1 39/169/1 38/165/1
f 111/170/1 39/169/1 112/167/1
f 162/164/1 133/171/1 132/168/1
f 162/164/1 134/172/1 133/171/1
f 111/170/1 40/173/1 39/169/1
f 110/174/1 40/173/1 111/170/1
f 109/175/1 40/173/1 110/174/1
f 109/175/1 41/176/1 40/173/1
f 162/164/1 135/177/1 134/172/1
f 108/178/1 41/176/1 109/175/1
f 108/178/1 42/179/1 41/176/1
f 161/180/1 135/177/1 162/164/1
f 161/180/1 136/181/1 135/177/1
f 107/182/1 42/179/1 108/178/1
f 107/182/1 43/183/1 42/179/1
f 106/184/1 43/183/1 107/182/1
f 106/184/1 44/185/1 43/183/1
f 161/180/1 137/186/1 136/181/1
f 105/187/1 44/185/1 106/184/1
f 105/187/1 45/188/1 44/185/1
f 104/189/1 45/188/1 105/187/1
f 160/190/1 137/186/1 161/180/1
f 160/190/1 138/191/1 137/186/1
f 104/189/1 46/192/1 45/188/1
f 103/193/1 46/192/1 104/189/1
f 103/193/1 47/194/1 46/192/1
f 102/195/1 47/194/1 103/193/1
f 160/190/1 139/196/1 138/191/1
f 102/195/1 48/197/1 47/194/1
f 101/198/1 48/197/1 102/195/1
f 101/198/1 49/199/1 48/197/1
f 159/200/1 139/196/1 160/190/1
f 101/198/1 50/201/1 49/199/1
f 100/202/1 50/201/1 101/198/1
f 159/200/1 140/203/1 139/196/1
f 100/202/1 51/204/1 50/201/1
f 99/205/1 51/204/1 100/202/1
f 158/206/1 140/203/1 159/200/1
f 99/205/1 52/207/1 51/204/1
f 98/208/1 52/207/1 99/205/1
f 98/208/1 53/209/1 52/207/1
f 158/206/1 141/210/1 140/203/1
f 71/211/1 73/212/1 72/213/1
f 98/208/1 54/214/1 53/209/1
f 70/215/1 73/212/1 71/211/1
f 157/216/1 141/210/1 158/206/1
f 69/217/1 73/212/1 70/215/1
f 97/218/1 54/214/1 98/208/1
f 97/218/1 55/219/1 54/214/1
f 68/220/1 73/212/1 69/217/1
f 156/221/1 141/210/1 157/216/1
f 67/222/1 73/212/1 68/220/1
f 97/218/1 56/223/1 55/219/1
f 66/224/1 73/212/1 67/222/1
f 155/225/1 141/210/1 156/221/1
f 96/226/1 56/223/1 97/218/1
f 96/226/1 57/227/1 56/223/1
f 65/228/1 73/212/1 66/224/1
f 64/229/1 73/212/1 65/228/1
f 96/226/1 58/230/1 57/227/1
f 63/231/1 73/212/1 64/229/1
f 154/232/1 141/210/1 155/225/1
f 62/233/1 73/212/1 63/231/1
f 96/226/1 59/234/1 58/230/1
f 61/235/1 73/212/1 62/233/1
f 96/226/1 60/236/1 59/234/1
f 60/236/1 73/212/1 61/235/1
f 96/226/1 73/212/1 60/236/1
f 154/232/1 142/237/1 141/210/1
f 153/238/1 142/237/1 154/232/1
f 152/239/1 142/237/1 153/238/1
f 151/240/1 142/237/1 152/239/1
f 95/241/1 73/212/1 96/226/1
f 150/242/1 142/237/1 151/240/1
f 149/243/1 142/237/1 150/242/1
f 148/244/1 142/237/1 149/243/1
f 148/244/1 143/245/1 142/237/1
f 147/246/1 143/245/1 148/244/1
f 94/247/1 73/212/1 95/241/1
f 146/248/1 143/245/1 147/246/1
f 145/249/1 144/250/1 146/248/1
f 144/250/1 143/245/1 146/248/1
f 93/251/1 73/212/1 94/247/1
f 92/252/1 73/212/1 93/251/1
f 91/253/1 73/212/1 92/252/1
f 90/254/1 73/212/1 91/253/1
f 90/254/1 74/255/1 73/212/1
f 90/254/1 75/256/1 74/255/1
f 89/257/1 75/256/1 90/254/1
f 89/257/1 76/258/1 75/256/1
f 89/257/1 77/259/1 76/258/1
f 89/257/1 78/260/1 77/259/1
f 88/261/1 78/260/1 89/257/1
f 88/261/1 79/262/1 78/260/1
f 88/261/1 80/263/1 79/262/1
f 87/264/1 80/263/1 88/261/1
f 87/264/1 81/265/1 80/263/1
f 87/264/1 82/266/1 81/265/1
f 86/267/1 82/266/1 87/264/1
f 86/267/1 83/268/1 82/266/1
f 86/267/1 84/269/1 83/268/1
f 85/270/1 84/269/1 86/267/1
f 296/271/1 272/272/1 271/102/1
f 296/271/1 273/273/1 272/272/1
f 296/271/1 274/274/1 273/273/1
f 296/271/1 275/275/1 274/274/1
f 296/271/1 276/276/1 275/275/1
f 296/271/1 277/277/1 276/276/1
f 295/278/1 277/277/1 296/271/1
f 295/278/1 278/279/1 277/277/1
f 294/280/1 278/279/1 295/278/1
f 294/280/1 279/281/1 278/279/1
f 293/282/1 279/281/1 294/280/1
f 293/282/1 280/283/1 279/281/1
f 292/284/1 280/283/1 293/282/1
f 292/284/1 281/285/1 280/283/1
f 291/286/1 281/285/1 292/284/1
f 332/287/1 334/288/1 333/289/1
f 291/286/1 282/290/1 281/285/1
f 332/287/1 335/291/1 334/288/1
f 290/292/1 282/290/1 291/286/1
f 332/287/1 336/293/1 335/291/1
f 290/292/1 283/294/1 282/290/1
f 332/287/1 337/295/1 336/293/1
f 289/296/1 283/294/1 290/292/1
f 332/287/1 338/297/1 337/295/1
f 289/296/1 288/298/1 283/294/1
f 288/298/1 287/299/1 283/294/1
f 287/299/1 286/300/1 283/294/1
f 286/300/1 285/301/1 283/294/1
f 285/301/1 284/302/1 283/294/1
f 332/287/1 339/303/1 338/297/1
f 332/287/1 340/304/1 339/303/1
f 332/287/1 341/305/1 340/304/1
f 331/306/1 341/305/1 332/287/1
f 331/306/1 342/307/1 341/305/1
f 330/308/1 342/307/1 331/306/1
f 330/308/1 343/309/1 342/307/1
f 329/310/1 343/309/1 330/308/1
f 329/310/1 344/311/1 343/309/1
f 329/310/1 345/312/1 344/311/1
f 328/313/1 345/312/1 329/310/1
f 328/313/1 346/314/1 345/312/1
f 327/315/1 346/314/1 328/313/1
f 357/316/1 359/317/1 358/318/1
f 326/319/1 346/314/1 327/315/1
f 356/320/1 359/317/1 357/316/1
f 356/320/1 360/321/1 359/317/1
f 355/322/1 360/321/1 356/320/1
f 325/323/1 346/314/1 326/319/1
f 355/322/1 361/324/1 360/321/1
f 354/325/1 361/324/1 355/322/1
f 324/326/1 346/314/1 325/323/1
f 353/327/1 361/324/1 354/325/1
f 353/327/1 362/328/1 361/324/1
f 323/329/1 346/314/1 324/326/1
f 352/330/1 362/328/1 353/327/1
f 322/331/1 346/314/1 323/329/1
f 352/330/1 363/332/1 362/328/1
f 321/333/1 346/314/1 322/331/1
f 351/334/1 363/332/1 352/330/1
f 320/335/1 346/314/1 321/333/1
f 319/336/1 346/314/1 320/335/1
f 351/334/1 364/337/1 363/332/1
f 350/338/1 364/337/1 351/334/1
f 318/339/1 346/314/1 319/336/1
f 317/340/1 346/314/1 318/339/1
f 349/341/1 364/337/1 350/338/1
f 349/341/1 365/342/1 364/337/1
f 316/343/1 346/314/1 317/340/1
f 348/344/1 365/342/1 349/341/1
f 315/345/1 346/314/1 316/343/1
f 314/346/1 346/314/1 315/345/1
f 348/344/1 431/347/1 365/342/1
f 431/347/1 430/348/1 365/342/1
f 430/348/1 366/349/1 365/342/1
f 347/350/1 431/347/1 348/344/1
f 347/350/1 432/351/1 431/347/1
f 347/350/1 433/352/1 432/351/1
f 313/353/1 346/314/1 314/346/1
f 429/354/1 366/349/1 430/348/1
f 347/350/1 434/355/1 433/352/1
f 428/356/1 366/349/1 429/354/1
f 347/350/1 435/357/1 434/355/1
f 346/314/1 435/357/1 347/350/1
f 312/358/1 346/314/1 313/353/1
f 427/359/1 366/349/1 428/356/1
f 346/314/1 436/360/1 435/357/1
f 427/359/1 367/361/1 366/349/1
f 426/362/1 367/361/1 427/359/1
f 311/363/1 346/314/1 312/358/1
f 346/314/1 437/364/1 436/360/1
f 311/363/1 437/364/1 346/314/1
f 425/365/1 367/361/1 426/362/1
f 310/366/1 437/364/1 311/363/1
f 310/366/1 438/367/1 437/364/1
f 424/368/1 367/361/1 425/365/1
f 424/368/1 368/369/1 367/361/1
f 309/370/1 438/367/1 310/366/1
f 309/370/1 439/371/1 438/367/1
f 423/372/1 368/369/1 424/368/1
f 308/373/1 439/371/1 309/370/1
f 308/373/1 440/374/1 439/371/1
f 307/375/1 440/374/1 308/373/1
f 422/376/1 368/369/1 423/372/1
f 307/375/1 441/377/1 440/374/1
f 422/376/1 369/378/1 368/369/1
f 306/379/1 441/377/1 307/375/1
f 305/380/1 441/377/1 306/379/1
f 421/381/1 369/378/1 422/376/1
f 305/380/1 442/382/1 441/377/1
f 304/383/1 442/382/1 305/380/1
f 303/384/1 442/382/1 304/383/1
f 302/385/1 442/382/1 303/384/1
f 302/385/1 443/386/1 442/382/1
f 420/387/1 369/378/1 421/381/1
f 420/387/1 370/388/1 369/378/1
f 301/389/1 443/386/1 302/385/1
f 300/390/1 443/386/1 301/389/1
f 299/391/1 443/386/1 300/390/1
f 299/391/1 470/392/1 443/386/1
f 470/392/1 444/393/1 443/386/1
f 419/394/1 370/388/1 420/387/1
f 298/395/1 470/392/1 299/391/1
f 297/396/1 470/392/1 298/395/1
f 495/14/1 470/392/1 297/396/1
f 494/397/1 470/392/1 495/14/1
f 418/398/1 370/388/1 419/394/1
f 418/398/1 371/399/1 370/388/1
f 493/400/1 470/392/1 494/397/1
f 492/401/1 470/392/1 493/400/1
f 491/402/1 470/392/1 492/401/1
f 490/403/1 470/392/1 491/402/1
f 489/404/1 470/392/1 490/403/1
f 488/405/1 470/392/1 489/404/1
f 487/406/1 470/392/1 488/405/1
f 417/407/1 371/399/1 418/398/1
f 486/408/1 470/392/1 487/406/1
f 485/409/1 470/392/1 486/408/1
f 484/410/1 470/392/1 485/409/1
f 483/411/1 470/392/1 484/410/1
f 483/411/1 471/412/1 470/392/1
f 469/413/1 444/393/1 470/392/1
f 482/414/1 471/412/1 483/411/1
f 417/407/1 372/415/1 371/399/1
f 416/416/1 372/415/1 417/407/1
f 482/414/5 472/417/5 471/412/5
f 482/414/3 473/418/3 472/417/3
f 415/419/1 372/415/1 416/416/1
f 482/414/1 474/420/1 473/418/1
f 415/419/1 373/421/1 372/415/1
f 414/422/1 373/421/1 415/419/1
f 482/414/1 475/423/1 474/420/1
f 482/414/1 476/424/1 475/423/1
f 413/425/1 373/421/1 414/422/1
f 469/413/1 445/426/1 444/393/1
f 482/414/1 477/427/1 476/424/1
f 413/425/1 374/428/1 373/421/1
f 412/429/1 374/428/1 413/425/1
f 482/414/1 478/430/1 477/427/1
f 394/431/1 396/432/1 395/433/1
f 394/431/1 397/434/1 396/432/1
f 482/414/1 479/435/1 478/430/1
f 411/436/1 374/428/1 412/429/1
f 394/431/1 398/437/1 397/434/1
f 482/414/1 480/438/1 479/435/1
f 394/431/1 399/439/1 398/437/1
f 410/440/1 374/428/1 411/436/1
f 394/431/1 400/441/1 399/439/1
f 469/413/1 446/442/1 445/426/1
f 482/414/3 481/443/3 480/438/3
f 410/440/1 375/444/1 374/428/1
f 394/431/1 401/445/1 400/441/1
f 468/446/1 446/442/1 469/413/1
f 409/447/1 375/444/1 410/440/1
f 394/431/1 402/448/1 401/445/1
f 394/431/1 403/449/1 402/448/1
f 408/450/1 375/444/1 409/447/1
f 394/431/1 404/451/1 403/449/1
f 394/431/1 405/452/1 404/451/1
f 394/431/1 406/453/1 405/452/1
f 407/454/1 375/444/1 408/450/1
f 394/431/1 407/454/1 406/453/1
f 394/431/1 375/444/1 407/454/1
f 394/431/1 376/455/1 375/444/1
f 468/446/1 447/456/1 446/442/1
f 467/457/1 447/456/1 468/446/1
f 394/431/1 377/458/1 376/455/1
f 394/431/1 378/459/1 377/458/1
f 467/457/1 448/460/1 447/456/1
f 466/461/1 448/460/1 467/457/1
f 393/462/1 378/459/1 394/431/1
f 392/463/1 378/459/1 393/462/1
f 392/463/1 379/464/1 378/459/1
f 391/465/1 379/464/1 392/463/1
f 390/466/1 379/464/1 391/465/1
f 389/467/1 379/464/1 390/466/1
f 389/467/1 380/468/1 379/464/1
f 388/469/1 380/468/1 389/467/1
f 387/470/1 380/468/1 388/469/1
f 386/471/1 380/468/1 387/470/1
f 386/471/1 381/472/1 380/468/1
f 385/473/1 381/472/1 386/471/1
f 384/474/1 381/472/1 385/473/1
f 384/474/1 382/475/1 381/472/1
f 383/476/1 382/475/1 384/474/1
f 465/477/1 448/460/1 466/461/1
f 465/477/1 449/478/1 448/460/1
f 464/479/1 449/478/1 465/477/1
f 464/479/1 450/480/1 449/478/1
f 463/481/1 450/480/1 464/479/1
f 463/481/1 451/482/1 450/480/1
f 462/483/1 451/482/1 463/481/1
f 462/483/1 452/484/1 451/482/1
f 461/485/1 452/484/1 462/483/1
f 461/485/1 453/486/1 452/484/1
f 460/487/1 453/486/1 461/485/1
f 460/487/1 454/488/1 453/486/1
f 459/489/1 454/488/1 460/487/1
f 459/489/1 455/490/1 454/488/1
f 458/491/1 455/490/1 459/489/1
f 458/491/1 456/492/1 455/490/1
f 457/493/1 456/492/1 458/491/1
f 508/494/1 510/495/1 509/496/1
f 508/494/1 511/497/1 510/495/1
f 507/498/1 511/497/1 508/494/1
f 507/498/1 512/499/1 511/497/1
f 506/500/1 512/499/1 507/498/1
f 506/500/1 513/501/1 512/499/1
f 505/502/1 513/501/1 506/500/1
f 505/502/1 514/503/1 513/501/1
f 504/504/1 514/503/1 505/502/1
f 504/504/1 515/505/1 514/503/1
f 503/506/1 515/505/1 504/504/1
f 502/507/1 515/505/1 503/506/1
f 502/507/1 516/508/1 515/505/1
f 501/509/1 516/508/1 502/507/1
f 501/509/1 517/510/1 516/508/1
f 500/511/1 517/510/1 501/509/1
f 500/511/1 518/512/1 517/510/1
f 499/513/1 518/512/1 500/511/1
f 499/513/1 519/514/1 518/512/1
f 498/515/1 519/514/1 499/513/1
f 498/515/1 520/516/1 519/514/1
f 497/517/1 520/516/1 498/515/1
f 497/517/1 521/518/1 520/516/1
f 497/517/1 522/519/1 521/518/1
f 496/102/1 522/519/1 497/517/1
f 496/102/1 523/520/1 522/519/1
f 534/521/1 536/522/1 535/523/1
f 533/524/1 536/522/1 534/521/1
f 532/525/1 536/522/1 533/524/1
f 531/526/1 536/522/1 532/525/1
f 530/527/1 536/522/1 531/526/1
f 529/528/1 536/522/1 530/527/1
f 528/529/1 536/522/1 529/528/1
f 671/530/1 673/531/1 672/532/1
f 671/530/1 674/533/1 673/531/1
f 527/534/1 536/522/1 528/529/1
f 671/530/1 675/535/1 674/533/1
f 526/536/1 536/522/1 527/534/1
f 671/530/1 676/537/1 675/535/1
f 671/530/1 677/538/1 676/537/1
f 525/539/1 536/522/1 526/536/1
f 671/530/1 678/540/1 677/538/1
f 524/541/1 536/522/1 525/539/1
f 671/530/1 679/542/1 678/540/1
f 671/530/1 680/543/1 679/542/1
f 523/520/1 536/522/1 524/541/1
f 671/530/1 681/544/1 680/543/1
f 496/102/1 536/522/1 523/520/1
f 671/530/1 682/545/1 681/544/1
f 671/530/1 683/546/1 682/545/1
f 671/530/1 684/14/1 683/546/1
f 671/530/1 496/102/1 684/14/1
f 671/530/1 536/522/1 496/102/1
f 671/530/1 537/547/1 536/522/1
f 671/530/1 538/548/1 537/547/1
f 671/530/1 539/549/1 538/548/1
f 671/530/1 540/550/1 539/549/1
f 671/530/1 541/551/1 540/550/1
f 671/530/1 542/552/1 541/551/1
f 671/530/1 543/315/1 542/552/1
f 671/530/1 544/553/1 543/315/1
f 671/530/1 545/554/1 544/553/1
f 670/555/1 545/554/1 671/530/1
f 669/556/1 545/554/1 670/555/1
f 669/556/1 546/557/1 545/554/1
f 668/558/1 546/557/1 669/556/1
f 667/559/1 546/557/1 668/558/1
f 667/559/1 547/560/1 546/557/1
f 666/561/1 547/560/1 667/559/1
f 665/562/1 547/560/1 666/561/1
f 665/562/1 548/563/1 547/560/1
f 664/564/1 548/563/1 665/562/1
f 664/564/1 658/565/1 548/563/1
f 658/565/1 549/566/1 548/563/1
f 663/567/1 658/565/1 664/564/1
f 662/568/1 658/565/1 663/567/1
f 661/569/1 658/565/1 662/568/1
f 660/570/1 658/565/1 661/569/1
f 659/571/1 658/565/1 660/570/1
f 657/572/1 549/566/1 658/565/1
f 657/572/1 550/573/1 549/566/1
f 656/574/1 550/573/1 657/572/1
f 656/574/1 551/575/1 550/573/1
f 655/576/1 551/575/1 656/574/1
f 655/576/1 552/577/1 551/575/1
f 655/576/1 553/578/1 552/577/1
f 654/579/1 553/578/1 655/576/1
f 654/579/1 554/580/1 553/578/1
f 653/581/1 554/580/1 654/579/1
f 653/581/1 555/582/1 554/580/1
f 653/581/1 556/583/1 555/582/1
f 571/584/1 573/585/1 572/586/1
f 570/587/1 573/585/1 571/584/1
f 570/587/1 574/588/1 573/585/1
f 569/589/1 574/588/1 570/587/1
f 652/590/1 556/583/1 653/581/1
f 568/591/1 574/588/1 569/589/1
f 568/591/1 575/592/1 574/588/1
f 567/593/1 575/592/1 568/591/1
f 566/594/1 575/592/1 567/593/1
f 566/594/1 576/595/1 575/592/1
f 652/590/1 557/596/1 556/583/1
f 565/597/1 576/595/1 566/594/1
f 565/597/1 577/598/1 576/595/1
f 564/599/1 577/598/1 565/597/1
f 651/600/1 557/596/1 652/590/1
f 563/601/1 577/598/1 564/599/1
f 651/600/1 558/602/1 557/596/1
f 563/601/1 578/603/1 577/598/1
f 562/604/1 578/603/1 563/601/1
f 651/600/1 559/605/1 558/602/1
f 562/604/1 579/606/1 578/603/1
f 561/607/1 621/608/1 562/604/1
f 621/608/1 579/606/1 562/604/1
f 650/609/1 559/605/1 651/600/1
f 561/607/1 622/610/1 621/608/1
f 620/611/1 579/606/1 621/608/1
f 561/607/1 623/612/1 622/610/1
f 619/613/1 579/606/1 620/611/1
f 650/609/1 560/614/1 559/605/1
f 561/607/1 624/615/1 623/612/1
f 560/614/1 624/615/1 561/607/1
f 618/616/1 579/606/1 619/613/1
f 618/616/1 580/617/1 579/606/1
f 560/614/1 625/618/1 624/615/1
f 617/619/1 580/617/1 618/616/1
f 560/614/1 626/620/1 625/618/1
f 616/621/1 580/617/1 617/619/1
f 650/609/1 626/620/1 560/614/1
f 650/609/1 627/622/1 626/620/1
f 615/623/1 580/617/1 616/621/1
f 615/623/1 581/624/1 580/617/1
f 649/625/1 627/622/1 650/609/1
f 649/625/1 628/626/1 627/622/1
f 614/627/1 581/624/1 615/623/1
f 649/625/1 629/628/1 628/626/1
f 614/627/1 582/629/1 581/624/1
f 613/630/1 582/629/1 614/627/1
f 649/625/1 630/631/1 629/628/1
f 648/632/1 630/631/1 649/625/1
f 612/633/1 582/629/1 613/630/1
f 648/632/1 631/634/1 630/631/1
f 612/633/1 583/635/1 582/629/1
f 611/636/1 583/635/1 612/633/1
f 648/632/1 632/637/1 631/634/1
f 647/638/1 632/637/1 648/632/1
f 610/639/1 583/635/1 611/636/1
f 647/638/1 633/640/1 632/637/1
f 610/639/1 584/641/1 583/635/1
f 646/642/1 633/640/1 647/638/1
f 609/643/1 584/641/1 610/639/1
f 646/642/1 634/644/1 633/640/1
f 646/642/1 635/645/1 634/644/1
f 646/642/1 636/646/1 635/645/1
f 609/643/1 585/647/1 584/641/1
f 646/642/1 637/371/1 636/646/1
f 608/648/1 585/647/1 609/643/1
f 646/642/1 638/649/1 637/371/1
f 646/642/1 639/650/1 638/649/1
f 645/651/1 644/652/1 646/642/1
f 644/652/1 643/653/1 646/642/1
f 643/653/1 642/654/1 646/642/1
f 642/654/1 641/655/1 646/642/1
f 641/655/1 640/656/1 646/642/1
f 640/656/1 639/650/1 646/642/1
f 607/657/1 585/647/1 608/648/1
f 607/657/1 586/658/1 585/647/1
f 606/659/1 586/658/1 607/657/1
f 606/659/1 587/660/1 586/658/1
f 605/661/1 587/660/1 606/659/1
f 604/662/1 587/660/1 605/661/1
f 604/662/1 588/663/1 587/660/1
f 603/664/1 588/663/1 604/662/1
f 602/665/1 588/663/1 603/664/1
f 602/665/1 589/666/1 588/663/1
f 601/667/1 589/666/1 602/665/1
f 596/668/1 598/669/1 597/670/1
f 600/671/1 589/666/1 601/667/1
f 596/668/1 599/672/1 598/669/1
f 599/672/1 589/666/1 600/671/1
f 596/668/1 589/666/1 599/672/1
f 596/668/1 590/476/1 589/666/1
f 596/668/1 591/673/1 590/476/1
f 596/668/1 592/674/1 591/673/1
f 596/668/1 593/675/1 592/674/1
f 595/676/1 593/675/1 596/668/1
f 595/676/1 594/677/1 593/675/1
f 768/678/1 770/679/1 769/680/1
f 768/678/1 771/681/1 770/679/1
f 767/682/1 771/681/1 768/678/1
f 767/682/1 772/683/1 771/681/1
f 766/684/1 772/683/1 767/682/1
f 766/684/1 773/685/1 772/683/1
f 765/686/1 773/685/1 766/684/1
f 765/686/1 774/687/1 773/685/1
f 764/688/1 774/687/1 765/686/1
f 764/688/1 775/689/1 774/687/1
f 763/690/1 775/689/1 764/688/1
f 763/690/1 776/691/1 775/689/1
f 762/692/1 776/691/1 763/690/1
f 762/692/1 777/693/1 776/691/1
f 761/694/1 777/693/1 762/692/1
f 761/694/1 778/695/1 777/693/1
f 760/696/1 778/695/1 761/694/1
f 760/696/1 779/697/1 778/695/1
f 759/698/1 779/697/1 760/696/1
f 759/698/1 780/699/1 779/697/1
f 758/700/1 780/699/1 759/698/1
f 758/700/1 781/701/1 780/699/1
f 757/702/1 781/701/1 758/700/1
f 757/702/1 782/14/1 781/701/1
f 756/703/1 782/14/1 757/702/1
f 756/703/1 685/102/1 782/14/1
f 755/704/1 685/102/1 756/703/1
f 755/704/1 686/705/1 685/102/1
f 754/706/1 686/705/1 755/704/1
f 754/706/1 687/707/1 686/705/1
f 753/708/1 687/707/1 754/706/1
f 753/708/1 688/709/1 687/707/1
f 752/710/1 688/709/1 753/708/1
f 752/710/1 689/711/1 688/709/1
f 751/712/1 689/711/1 752/710/1
f 751/712/1 690/713/1 689/711/1
f 751/712/1 691/714/1 690/713/1
f 750/715/1 691/714/1 751/712/1
f 750/715/1 692/716/1 691/714/1
f 749/717/1 692/716/1 750/715/1
f 749/717/1 693/718/1 692/716/1
f 748/719/1 693/718/1 749/717/1
f 748/719/1 694/720/1 693/718/1
f 747/721/1 694/720/1 748/719/1
f 747/721/1 695/722/1 694/720/1
f 746/723/1 695/722/1 747/721/1
f 719/724/1 721/725/1 720/726/1
f 746/723/1 696/727/1 695/722/1
f 718/728/1 721/725/1 719/724/1
f 745/729/1 696/727/1 746/723/1
f 717/730/1 721/725/1 718/728/1
f 745/729/1 697/731/1 696/727/1
f 744/732/1 697/731/1 745/729/1
f 717/730/1 722/733/1 721/725/1
f 716/734/1 722/733/1 717/730/1
f 744/732/1 698/735/1 697/731/1
f 716/734/1 723/736/1 722/733/1
f 715/737/1 723/736/1 716/734/1
f 743/738/1 698/735/1 744/732/1
f 743/738/1 699/739/1 698/735/1
f 715/737/1 724/740/1 723/736/1
f 714/741/1 724/740/1 715/737/1
f 743/738/1 700/742/1 699/739/1
f 742/743/1 700/742/1 743/738/1
f 713/744/1 724/740/1 714/741/1
f 713/744/1 725/745/1 724/740/1
f 742/743/1 701/746/1 700/742/1
f 712/747/1 725/745/1 713/744/1
f 742/743/1 702/748/1 701/746/1
f 712/747/1 726/749/1 725/745/1
f 741/750/1 702/748/1 742/743/1
f 741/750/1 703/751/1 702/748/1
f 711/752/1 726/749/1 712/747/1
f 741/750/1 704/753/1 703/751/1
f 710/754/1 726/749/1 711/752/1
f 710/754/1 727/755/1 726/749/1
f 741/750/1 705/756/1 704/753/1
f 740/757/1 705/756/1 741/750/1
f 709/758/1 727/755/1 710/754/1
f 740/757/1 706/759/1 705/756/1
f 740/757/1 707/760/1 706/759/1
f 708/761/1 727/755/1 709/758/1
f 740/757/1 708/761/1 707/760/1
f 740/757/1 727/755/1 708/761/1
f 740/757/1 728/762/1 727/755/1
f 739/763/1 728/762/1 740/757/1
f 739/763/1 729/764/1 728/762/1
f 738/765/1 729/764/1 739/763/1
f 738/765/1 730/766/1 729/764/1
f 737/767/1 730/766/1 738/765/1
f 736/768/1 730/766/1 737/767/1
f 736/768/1 731/769/1 730/766/1
f 735/770/1 731/769/1 736/768/1
f 735/770/1 732/771/1 731/769/1
f 734/772/1 732/771/1 735/770/1
f 734/772/1 733/773/1 732/771/1
f 814/774/1 816/775/1 815/776/1
f 814/774/1 817/777/1 816/775/1
f 808/778/1 810/779/1 809/780/1
f 808/778/1 795/781/1 810/779/1
f 806/782/1 808/778/1 807/783/1
f 806/782/1 795/781/1 808/778/1
f 806/782/1 796/784/1 795/781/1
f 806/782/1 797/785/1 796/784/1
f 805/786/6 797/785/6 806/782/6
f 804/787/1 798/788/1 805/786/1
f 798/788/1 797/785/1 805/786/1
f 804/787/1 799/789/1 798/788/1
f 802/790/1 793/791/1 803/792/1
f 793/791/1 804/787/1 803/792/1
f 793/791/1 799/789/1 804/787/1
f 793/791/1 800/793/1 799/789/1
f 793/791/1 792/794/1 800/793/1
f 792/794/1 789/795/1 800/793/1
f 789/795/1 788/796/1 800/793/1
f 788/796/1 785/797/1 800/793/1
f 785/797/1 784/798/1 800/793/1
f 784/798/1 801/799/1 800/793/1
f 812/800/1 814/774/1 813/801/1
f 812/800/1 817/777/1 814/774/1
f 812/800/1 818/802/1 817/777/1
f 812/800/1 819/803/1 818/802/1
f 802/790/1 794/804/1 793/791/1
f 791/805/1 789/795/1 792/794/1
f 791/805/1 790/806/1 789/795/1
f 787/807/1 785/797/1 788/796/1
f 787/807/1 786/808/1 785/797/1
f 783/102/1 801/799/1 784/798/1
f 811/809/1 819/803/1 812/800/1
f 1051/14/1 820/810/1 811/809/1
f 820/810/1 819/803/1 811/809/1
f 1051/14/1 821/811/1 820/810/1
f 802/790/1 791/805/1 794/804/1
f 802/790/1 790/806/1 791/805/1
f 802/790/1 787/807/1 790/806/1
f 802/790/1 786/808/1 787/807/1
f 802/790/1 783/102/1 786/808/1
f 802/790/1 801/799/1 783/102/1
f 836/812/1 838/813/1 837/814/1
f 836/812/1 839/815/1 838/813/1
f 836/812/1 840/816/1 839/815/1
f 836/812/1 841/817/1 840/816/1
f 835/818/1 841/817/1 836/812/1
f 835/818/1 842/819/1 841/817/1
f 834/820/1 842/819/1 835/818/1
f 833/821/1 842/819/1 834/820/1
f 833/821/1 843/822/1 842/819/1
f 832/823/1 843/822/1 833/821/1
f 832/823/1 844/824/1 843/822/1
f 831/825/1 844/824/1 832/823/1
f 830/826/1 844/824/1 831/825/1
f 830/826/1 845/827/1 844/824/1
f 829/828/1 845/827/1 830/826/1
f 829/828/1 846/829/1 845/827/1
f 828/830/1 846/829/1 829/828/1
f 827/831/1 846/829/1 828/830/1
f 827/831/1 847/832/1 846/829/1
f 826/833/1 847/832/1 827/831/1
f 826/833/1 848/834/1 847/832/1
f 825/835/1 848/834/1 826/833/1
f 825/835/1 849/836/1 848/834/1
f 824/837/1 849/836/1 825/835/1
f 822/838/1 824/837/1 823/839/1
f 822/838/1 849/836/1 824/837/1
f 822/838/1 850/315/1 849/836/1
f 822/838/1 851/840/1 850/315/1
f 821/811/1 1025/841/1 822/838/1
f 1025/841/1 851/840/1 822/838/1
f 821/811/1 1026/842/1 1025/841/1
f 1024/843/6 851/840/6 1025/841/6
f 1023/844/1 852/845/1 1024/843/1
f 852/845/1 851/840/1 1024/843/1
f 1023/844/1 853/846/1 852/845/1
f 1023/844/1 854/847/1 853/846/1
f 875/848/1 877/849/1 876/850/1
f 1022/851/1 854/847/1 1023/844/1
f 874/852/1 877/849/1 875/848/1
f 1022/851/1 925/853/1 854/847/1
f 925/853/1 855/854/1 854/847/1
f 1051/14/1 1026/842/1 821/811/1
f 1022/851/1 926/855/1 925/853/1
f 924/856/1 855/854/1 925/853/1
f 873/857/1 877/849/1 874/852/1
f 1021/858/1 926/855/1 1022/851/1
f 924/856/1 856/859/1 855/854/1
f 1021/858/1 927/860/1 926/855/1
f 872/861/1 877/849/1 873/857/1
f 1021/858/1 928/862/1 927/860/1
f 924/856/1 857/863/1 856/859/1
f 1021/858/1 929/864/1 928/862/1
f 871/865/1 877/849/1 872/861/1
f 1020/866/1 929/864/1 1021/858/1
f 924/856/1 858/867/1 857/863/1
f 1020/866/1 930/868/1 929/864/1
f 1051/14/1 1027/869/1 1026/842/1
f 1050/870/1 1027/869/1 1051/14/1
f 870/871/1 877/849/1 871/865/1
f 870/871/1 878/872/1 877/849/1
f 1020/866/1 931/873/1 930/868/1
f 1049/874/1 1027/869/1 1050/870/1
f 924/856/1 859/875/1 858/867/1
f 923/876/1 859/875/1 924/856/1
f 1019/877/1 931/873/1 1020/866/1
f 1048/878/1 1027/869/1 1049/874/1
f 1019/877/1 932/879/1 931/873/1
f 869/880/1 878/872/1 870/871/1
f 869/880/1 879/881/1 878/872/1
f 1048/878/1 1028/882/1 1027/869/1
f 1047/883/1 1028/882/1 1048/878/1
f 1019/877/1 933/884/1 932/879/1
f 923/876/1 860/885/1 859/875/1
f 868/886/1 879/881/1 869/880/1
f 1046/887/1 1028/882/1 1047/883/1
f 868/886/1 880/888/1 879/881/1
f 1046/887/1 1029/889/1 1028/882/1
f 1019/877/1 934/890/1 933/884/1
f 1018/891/1 934/890/1 1019/877/1
f 1045/892/1 1029/889/1 1046/887/1
f 923/876/1 861/893/1 860/885/1
f 1018/891/1 935/894/1 934/890/1
f 1044/895/1 1029/889/1 1045/892/1
f 867/896/1 880/888/1 868/886/1
f 867/896/1 881/897/1 880/888/1
f 1043/898/1 1029/889/1 1044/895/1
f 1043/898/1 1030/899/1 1029/889/1
f 1018/891/1 936/900/1 935/894/1
f 923/876/1 862/901/1 861/893/1
f 1042/902/1 1030/899/1 1043/898/1
f 1017/903/1 936/900/1 1018/891/1
f 866/904/1 881/897/1 867/896/1
f 866/904/1 882/905/1 881/897/1
f 1017/903/1 937/906/1 936/900/1
f 922/907/1 862/901/1 923/876/1
f 1041/908/1 1030/899/1 1042/902/1
f 1040/909/1 1030/899/1 1041/908/1
f 922/907/1 863/910/1 862/901/1
f 1040/909/1 1031/911/1 1030/899/1
f 865/912/1 882/905/1 866/904/1
f 1017/903/1 988/913/1 937/906/1
f 988/913/1 938/914/1 937/906/1
f 865/912/1 883/915/1 882/905/1
f 1039/916/1 1031/911/1 1040/909/1
f 1038/917/1 1031/911/1 1039/916/1
f 1016/918/1 988/913/1 1017/903/1
f 922/907/1 864/919/1 863/910/1
f 864/919/1 883/915/1 865/912/1
f 864/919/1 884/920/1 883/915/1
f 1038/917/1 1032/921/1 1031/911/1
f 922/907/1 884/920/1 864/919/1
f 922/907/1 885/922/1 884/920/1
f 1015/923/1 988/913/1 1016/918/1
f 1038/917/1 1033/924/1 1032/921/1
f 921/925/1 885/922/1 922/907/1
f 921/925/1 886/926/1 885/922/1
f 1038/917/1 1034/927/1 1033/924/1
f 1014/928/1 988/913/1 1015/923/1
f 921/925/1 887/929/1 886/926/1
f 1038/917/1 1035/930/1 1034/927/1
f 921/925/1 888/931/1 887/929/1
f 1014/928/1 989/932/1 988/913/1
f 987/933/1 938/914/1 988/913/1
f 1013/934/1 989/932/1 1014/928/1
f 1013/934/1 990/935/1 989/932/1
f 921/925/1 889/936/1 888/931/1
f 1038/917/1 1036/937/1 1035/930/1
f 920/938/1 889/936/1 921/925/1
f 1013/934/1 991/939/1 990/935/1
f 1012/940/1 991/939/1 1013/934/1
f 920/938/1 890/941/1 889/936/1
f 1038/917/1 1037/942/1 1036/937/1
f 1012/940/1 992/943/1 991/939/1
f 1011/944/1 992/943/1 1012/940/1
f 920/938/1 891/945/1 890/941/1
f 1011/944/1 993/946/1 992/943/1
f 1010/947/1 993/946/1 1011/944/1
f 1009/948/1 993/946/1 1010/947/1
f 1009/948/1 994/949/1 993/946/1
f 1008/950/1 994/949/1 1009/948/1
f 920/938/1 892/951/1 891/945/1
f 919/952/1 892/951/1 920/938/1
f 1008/950/1 995/953/1 994/949/1
f 1007/954/1 995/953/1 1008/950/1
f 1006/955/1 995/953/1 1007/954/1
f 1006/955/1 996/956/1 995/953/1
f 919/952/1 893/957/1 892/951/1
f 1005/958/1 996/956/1 1006/955/1
f 1005/958/1 997/959/1 996/956/1
f 1004/960/1 997/959/1 1005/958/1
f 1004/960/1 998/961/1 997/959/1
f 1003/962/1 998/961/1 1004/960/1
f 919/952/1 894/963/1 893/957/1
f 938/914/1 940/964/1 939/965/1
f 1002/966/1 998/961/1 1003/962/1
f 1002/966/1 999/967/1 998/961/1
f 918/968/1 894/963/1 919/952/1
f 938/914/1 941/969/1 940/964/1
f 1001/970/1 999/967/1 1002/966/1
f 918/968/1 895/971/1 894/963/1
f 1001/970/1 1000/972/1 999/967/1
f 938/914/1 942/973/1 941/969/1
f 938/914/1 943/974/1 942/973/1
f 918/968/1 896/975/1 895/971/1
f 986/976/1 938/914/1 987/933/1
f 938/914/1 944/977/1 943/974/1
f 938/914/1 945/978/1 944/977/1
f 918/968/1 897/979/1 896/975/1
f 917/476/1 897/979/1 918/968/1
f 985/980/1 938/914/1 986/976/1
f 938/914/1 946/981/1 945/978/1
f 938/914/1 947/982/1 946/981/1
f 917/476/1 898/983/1 897/979/1
f 984/371/1 938/914/1 985/980/1
f 938/914/1 948/984/1 947/982/1
f 917/476/1 899/985/1 898/983/1
f 938/914/1 949/986/1 948/984/1
f 983/987/1 938/914/1 984/371/1
f 938/914/1 950/988/1 949/986/1
f 983/987/1 950/988/1 938/914/1
f 917/476/1 900/989/1 899/985/1
f 916/990/1 900/989/1 917/476/1
f 983/987/1 951/991/1 950/988/1
f 982/992/1 951/991/1 983/987/1
f 916/990/1 901/993/1 900/989/1
f 982/992/1 952/994/1 951/991/1
f 981/995/1 952/994/1 982/992/1
f 916/990/1 902/996/1 901/993/1
f 916/990/1 903/997/1 902/996/1
f 980/998/1 952/994/1 981/995/1
f 916/990/1 904/999/1 903/997/1
f 980/998/1 953/1000/1 952/994/1
f 915/1001/1 904/999/1 916/990/1
f 979/1002/1 953/1000/1 980/998/1
f 915/1001/1 905/1003/1 904/999/1
f 978/1004/1 953/1000/1 979/1002/1
f 915/1001/1 906/1005/1 905/1003/1
f 977/1006/1 953/1000/1 978/1004/1
f 915/1001/1 907/1007/1 906/1005/1
f 976/1008/1 953/1000/1 977/1006/1
f 976/1008/1 954/1009/1 953/1000/1
f 975/1010/1 954/1009/1 976/1008/1
f 915/1001/1 908/1011/1 907/1007/1
f 974/1012/1 954/1009/1 975/1010/1
f 914/1013/1 908/1011/1 915/1001/1
f 973/1014/1 954/1009/1 974/1012/1
f 914/1013/1 909/1015/1 908/1011/1
f 973/1014/1 955/1016/1 954/1009/1
f 972/1017/1 955/1016/1 973/1014/1
f 914/1013/1 910/1018/1 909/1015/1
f 971/1019/1 955/1016/1 972/1017/1
f 971/1019/1 956/1020/1 955/1016/1
f 970/1021/1 956/1020/1 971/1019/1
f 914/1013/1 911/1022/1 910/1018/1
f 913/1023/1 912/1024/1 914/1013/1
f 912/1024/1 911/1022/1 914/1013/1
f 969/1025/1 956/1020/1 970/1021/1
f 969/1025/1 957/1026/1 956/1020/1
f 968/1027/1 957/1026/1 969/1025/1
f 968/1027/1 958/1028/1 957/1026/1
f 967/1029/1 958/1028/1 968/1027/1
f 966/1030/1 958/1028/1 967/1029/1
f 966/1030/1 959/1031/1 958/1028/1
f 965/1032/1 959/1031/1 966/1030/1
f 965/1032/1 960/1033/1 959/1031/1
f 965/1032/1 961/1034/1 960/1033/1
f 964/1035/1 961/1034/1 965/1032/1
f 964/1035/1 962/1036/1 961/1034/1
f 963/1037/1 962/1036/1 964/1035/1
f 1270/1038/1 1272/1039/1 1271/1040/1
f 1285/1041/1 1287/1042/1 1286/1043/1
f 1285/1041/1 1288/1044/1 1287/1042/1
f 1270/1038/1 1052/102/1 1272/1039/1
f 1270/1038/1 1053/1045/1 1052/102/1
f 1269/1046/1 1053/1045/1 1270/1038/1
f 1269/1046/1 1054/1047/1 1053/1045/1
f 1269/1046/1 1055/1048/1 1054/1047/1
f 1349/1049/1 1351/14/1 1350/1050/1
f 1269/1046/1 1056/1051/1 1055/1048/1
f 1349/1049/1 1273/1052/1 1351/14/1
f 1268/1053/1 1056/1051/1 1269/1046/1
f 1268/1053/1 1057/1054/1 1056/1051/1
f 1349/1049/1 1274/1055/1 1273/1052/1
f 1348/1056/1 1274/1055/1 1349/1049/1
f 1348/1056/1 1275/1057/1 1274/1055/1
f 1268/1053/1 1058/1058/1 1057/1054/1
f 1348/1056/1 1276/1059/1 1275/1057/1
f 1268/1053/1 1059/1060/1 1058/1058/1
f 1267/1061/1 1059/1060/1 1268/1053/1
f 1348/1056/1 1277/1062/1 1276/1059/1
f 1267/1061/1 1060/1063/1 1059/1060/1
f 1347/1064/1 1277/1062/1 1348/1056/1
f 1347/1064/1 1278/1065/1 1277/1062/1
f 1267/1061/1 1061/1066/1 1060/1063/1
f 1347/1064/1 1279/1067/1 1278/1065/1
f 1267/1061/1 1062/1068/1 1061/1066/1
f 1266/1069/1 1062/1068/1 1267/1061/1
f 1347/1064/1 1280/1070/1 1279/1067/1
f 1346/1071/1 1280/1070/1 1347/1064/1
f 1266/1069/1 1063/1072/1 1062/1068/1
f 1346/1071/1 1281/1073/1 1280/1070/1
f 1266/1069/1 1064/1074/1 1063/1072/1
f 1266/1069/1 1065/1075/1 1064/1074/1
f 1266/1069/1 1066/1076/1 1065/1075/1
f 1266/1069/1 1067/1077/1 1066/1076/1
f 1346/1071/1 1282/1078/1 1281/1073/1
f 1266/1069/1 1068/1079/1 1067/1077/1
f 1266/1069/1 1069/1080/1 1068/1079/1
f 1266/1069/1 1070/1081/1 1069/1080/1
f 1345/1082/1 1282/1078/1 1346/1071/1
f 1265/1083/1 1070/1081/1 1266/1069/1
f 1345/1082/1 1283/1084/1 1282/1078/1
f 1265/1083/1 1071/1085/1 1070/1081/1
f 1265/1083/1 1072/1086/1 1071/1085/1
f 1265/1083/1 1073/1087/1 1072/1086/1
f 1345/1082/1 1284/1088/1 1283/1084/1
f 1265/1083/1 1074/1089/1 1073/1087/1
f 1265/1083/1 1075/1090/1 1074/1089/1
f 1265/1083/1 1076/1091/1 1075/1090/1
f 1345/1082/1 1285/1041/1 1284/1088/1
f 1345/1082/1 1288/1044/1 1285/1041/1
f 1345/1082/1 1289/1092/1 1288/1044/1
f 1345/1082/1 1290/1093/1 1289/1092/1
f 1265/1083/1 1160/1094/1 1076/1091/1
f 1160/1094/1 1077/1095/1 1076/1091/1
f 1344/1096/1 1290/1093/1 1345/1082/1
f 1264/1097/1 1235/1098/1 1265/1083/1
f 1235/1098/1 1160/1094/1 1265/1083/1
f 1264/1097/1 1236/1099/1 1235/1098/1
f 1234/1100/1 1160/1094/1 1235/1098/1
f 1233/1101/1 1198/1102/1 1234/1100/1
f 1198/1102/1 1160/1094/1 1234/1100/1
f 1233/1101/1 1199/1103/1 1198/1102/1
f 1197/1104/1 1160/1094/1 1198/1102/1
f 1196/1105/1 1161/1106/1 1197/1104/1
f 1161/1106/1 1160/1094/1 1197/1104/1
f 1196/1105/1 1162/1107/1 1161/1106/1
f 1159/1108/1 1077/1095/1 1160/1094/1
f 1343/1109/1 1290/1093/1 1344/1096/1
f 1263/1110/1 1236/1099/1 1264/1097/1
f 1263/1110/1 1237/1111/1 1236/1099/1
f 1342/1112/1 1314/1113/1 1343/1109/1
f 1314/1113/1 1290/1093/1 1343/1109/1
f 1263/1110/1 1238/1114/1 1237/1111/1
f 1342/1112/1 1315/1115/1 1314/1113/1
f 1313/1116/1 1290/1093/1 1314/1113/1
f 1312/1117/1 1291/1118/1 1313/1116/1
f 1291/1118/1 1290/1093/1 1313/1116/1
f 1312/1117/1 1292/1119/1 1291/1118/1
f 1232/1120/1 1199/1103/1 1233/1101/1
f 1262/1121/1 1238/1114/1 1263/1110/1
f 1232/1120/1 1200/1122/1 1199/1103/1
f 1342/1112/1 1316/1123/1 1315/1115/1
f 1262/1121/1 1239/1124/1 1238/1114/1
f 1341/1125/1 1316/1123/1 1342/1112/1
f 1195/1126/1 1162/1107/1 1196/1105/1
f 1195/1126/1 1163/1127/1 1162/1107/1
f 1341/1125/1 1317/1128/1 1316/1123/1
f 1261/1129/1 1239/1124/1 1262/1121/1
f 1261/1129/1 1240/1130/1 1239/1124/1
f 1159/1108/1 1078/1131/1 1077/1095/1
f 1341/1125/1 1318/1132/1 1317/1128/1
f 1231/1133/1 1200/1122/1 1232/1120/1
f 1340/1134/1 1318/1132/1 1341/1125/1
f 1231/1133/1 1201/1135/1 1200/1122/1
f 1261/1129/1 1241/1136/1 1240/1130/1
f 1340/1134/1 1319/1137/1 1318/1132/1
f 1158/1138/1 1078/1131/1 1159/1108/1
f 1260/1139/1 1241/1136/1 1261/1129/1
f 1260/1139/1 1242/1140/1 1241/1136/1
f 1340/1134/1 1320/1141/1 1319/1137/1
f 1339/1142/1 1320/1141/1 1340/1134/1
f 1339/1142/1 1321/1143/1 1320/1141/1
f 1260/1139/1 1243/1144/1 1242/1140/1
f 1230/1145/1 1201/1135/1 1231/1133/1
f 1259/1146/1 1243/1144/1 1260/1139/1
f 1194/1147/1 1163/1127/1 1195/1126/1
f 1230/1145/1 1202/1148/1 1201/1135/1
f 1339/1142/1 1322/1149/1 1321/1143/1
f 1194/1147/1 1164/1150/1 1163/1127/1
f 1338/1151/1 1322/1149/1 1339/1142/1
f 1259/1146/1 1244/1152/1 1243/1144/1
f 1338/1151/1 1323/1153/1 1322/1149/1
f 1258/1154/1 1244/1152/1 1259/1146/1
f 1258/1154/1 1245/1155/1 1244/1152/1
f 1257/1156/1 1245/1155/1 1258/1154/1
f 1256/1157/1 1245/1155/1 1257/1156/1
f 1337/1158/1 1323/1153/1 1338/1151/1
f 1337/1158/1 1324/1159/1 1323/1153/1
f 1336/1160/1 1324/1159/1 1337/1158/1
f 1255/1161/1 1245/1155/1 1256/1157/1
f 1335/1162/1 1324/1159/1 1336/1160/1
f 1229/1163/1 1202/1148/1 1230/1145/1
f 1254/1164/1 1245/1155/1 1255/1161/1
f 1334/1165/1 1324/1159/1 1335/1162/1
f 1333/1166/1 1324/1159/1 1334/1165/1
f 1254/1164/1 1246/1167/1 1245/1155/1
f 1253/1168/1 1246/1167/1 1254/1164/1
f 1333/1166/1 1325/1169/1 1324/1159/1
f 1332/1170/1 1325/1169/1 1333/1166/1
f 1252/1171/1 1246/1167/1 1253/1168/1
f 1331/1172/1 1325/1169/1 1332/1170/1
f 1158/1138/1 1079/1173/1 1078/1131/1
f 1251/1174/1 1246/1167/1 1252/1171/1
f 1330/1175/1 1325/1169/1 1331/1172/1
f 1229/1163/1 1203/1176/1 1202/1148/1
f 1250/1177/1 1246/1167/1 1251/1174/1
f 1329/1178/1 1325/1169/1 1330/1175/1
f 1329/1178/1 1328/1179/1 1325/1169/1
f 1328/1179/1 1327/1180/1 1325/1169/1
f 1327/1180/1 1326/1181/1 1325/1169/1
f 1250/1177/1 1249/1182/1 1246/1167/1
f 1249/1182/1 1248/1183/1 1246/1167/1
f 1248/1183/1 1247/1184/1 1246/1167/1
f 1157/1185/1 1079/1173/1 1158/1138/1
f 1193/1186/1 1164/1150/1 1194/1147/1
f 1193/1186/1 1165/1187/1 1164/1150/1
f 1228/1188/1 1203/1176/1 1229/1163/1
f 1292/1119/1 1294/1189/1 1293/1190/1
f 1228/1188/1 1204/1191/1 1203/1176/1
f 1227/1192/1 1204/1191/1 1228/1188/1
f 1312/1117/1 1294/1189/1 1292/1119/1
f 1192/1193/1 1165/1187/1 1193/1186/1
f 1156/1194/1 1079/1173/1 1157/1185/1
f 1156/1194/1 1080/1195/1 1079/1173/1
f 1227/1192/1 1205/1196/1 1204/1191/1
f 1192/1193/1 1166/1197/1 1165/1187/1
f 1311/1198/1 1294/1189/1 1312/1117/1
f 1310/1199/1 1294/1189/1 1311/1198/1
f 1226/1200/1 1205/1196/1 1227/1192/1
f 1309/1201/1 1294/1189/1 1310/1199/1
f 1309/1201/1 1295/1202/1 1294/1189/1
f 1308/1203/1 1295/1202/1 1309/1201/1
f 1307/1204/1 1295/1202/1 1308/1203/1
f 1306/1205/1 1295/1202/1 1307/1204/1
f 1305/1206/1 1295/1202/1 1306/1205/1
f 1226/1200/1 1206/1207/1 1205/1196/1
f 1304/1208/1 1295/1202/1 1305/1206/1
f 1303/1209/1 1295/1202/1 1304/1208/1
f 1225/1210/1 1206/1207/1 1226/1200/1
f 1191/1211/1 1166/1197/1 1192/1193/1
f 1302/1212/1 1295/1202/1 1303/1209/1
f 1301/1213/1 1295/1202/1 1302/1212/1
f 1300/1214/1 1295/1202/1 1301/1213/1
f 1300/1214/1 1298/1215/1 1295/1202/1
f 1298/1215/1 1296/1216/1 1295/1202/1
f 1299/1217/1 1298/1215/1 1300/1214/1
f 1155/1218/1 1080/1195/1 1156/1194/1
f 1191/1211/1 1167/1219/1 1166/1197/1
f 1155/1218/1 1081/1220/1 1080/1195/1
f 1225/1210/1 1207/1221/1 1206/1207/1
f 1224/1222/1 1207/1221/1 1225/1210/1
f 1297/1223/1 1296/1216/1 1298/1215/1
f 1190/1224/1 1167/1219/1 1191/1211/1
f 1223/1225/1 1207/1221/1 1224/1222/1
f 1223/1225/1 1208/1226/1 1207/1221/1
f 1154/1227/1 1081/1220/1 1155/1218/1
f 1190/1224/1 1168/1228/1 1167/1219/1
f 1222/1229/1 1208/1226/1 1223/1225/1
f 1154/1227/1 1082/1230/1 1081/1220/1
f 1222/1229/1 1209/1231/1 1208/1226/1
f 1221/1232/1 1209/1231/1 1222/1229/1
f 1189/1233/1 1168/1228/1 1190/1224/1
f 1220/1234/1 1209/1231/1 1221/1232/1
f 1219/1235/1 1209/1231/1 1220/1234/1
f 1218/1236/1 1209/1231/1 1219/1235/1
f 1217/1237/1 1209/1231/1 1218/1236/1
f 1153/1238/1 1082/1230/1 1154/1227/1
f 1216/1239/1 1209/1231/1 1217/1237/1
f 1216/1239/1 1215/1240/1 1209/1231/1
f 1215/1240/1 1214/1241/1 1209/1231/1
f 1214/1241/1 1213/1242/1 1209/1231/1
f 1213/1242/1 1212/1243/1 1209/1231/1
f 1212/1243/1 1211/1244/1 1209/1231/1
f 1211/1244/1 1210/1245/1 1209/1231/1
f 1189/1233/1 1169/1246/1 1168/1228/1
f 1153/1238/1 1083/1247/1 1082/1230/1
f 1188/1248/1 1169/1246/1 1189/1233/1
f 1152/1249/1 1083/1247/1 1153/1238/1
f 1188/1248/1 1170/1250/1 1169/1246/1
f 1152/1249/1 1084/1251/1 1083/1247/1
f 1151/1252/1 1084/1251/1 1152/1249/1
f 1187/1253/1 1170/1250/1 1188/1248/1
f 1150/1254/1 1084/1251/1 1151/1252/1
f 1150/1254/1 1085/1255/1 1084/1251/1
f 1187/1253/1 1171/1256/1 1170/1250/1
f 1186/1257/1 1171/1256/1 1187/1253/1
f 1149/1258/1 1085/1255/1 1150/1254/1
f 1149/1258/1 1086/1259/1 1085/1255/1
f 1148/1260/1 1086/1259/1 1149/1258/1
f 1147/1261/1 1086/1259/1 1148/1260/1
f 1146/1262/1 1086/1259/1 1147/1261/1
f 1185/1263/1 1171/1256/1 1186/1257/1
f 1185/1263/1 1172/1264/1 1171/1256/1
f 1145/1265/1 1086/1259/1 1146/1262/1
f 1144/1266/1 1086/1259/1 1145/1265/1
f 1143/1267/1 1086/1259/1 1144/1266/1
f 1123/1268/1 1125/1269/1 1124/1270/1
f 1142/1271/1 1086/1259/1 1143/1267/1
f 1142/1271/1 1087/1272/1 1086/1259/1
f 1123/1268/1 1126/1273/1 1125/1269/1
f 1123/1268/1 1127/1274/1 1126/1273/1
f 1141/1275/1 1087/1272/1 1142/1271/1
f 1123/1268/1 1128/1276/1 1127/1274/1
f 1140/1277/1 1087/1272/1 1141/1275/1
f 1123/1268/1 1129/1278/1 1128/1276/1
f 1123/1268/1 1130/1279/1 1129/1278/1
f 1139/1280/1 1087/1272/1 1140/1277/1
f 1123/1268/1 1131/1281/1 1130/1279/1
f 1138/1282/1 1087/1272/1 1139/1280/1
f 1123/1268/1 1132/1283/1 1131/1281/1
f 1123/1268/1 1133/1284/1 1132/1283/1
f 1137/1285/1 1087/1272/1 1138/1282/1
f 1123/1268/1 1134/1286/1 1133/1284/1
f 1123/1268/1 1135/1287/1 1134/1286/1
f 1136/1288/1 1087/1272/1 1137/1285/1
f 1123/1268/1 1136/1288/1 1135/1287/1
f 1123/1268/1 1087/1272/1 1136/1288/1
f 1122/1289/1 1087/1272/1 1123/1268/1
f 1121/1290/1 1087/1272/1 1122/1289/1
f 1120/1291/1 1087/1272/1 1121/1290/1
f 1120/1291/1 1088/1292/1 1087/1272/1
f 1119/1293/1 1088/1292/1 1120/1291/1
f 1184/1294/1 1172/1264/1 1185/1263/1
f 1183/1295/1 1172/1264/1 1184/1294/1
f 1118/1296/1 1088/1292/1 1119/1293/1
f 1182/1297/1 1172/1264/1 1183/1295/1
f 1181/1298/1 1172/1264/1 1182/1297/1
f 1181/1298/1 1180/1299/1 1172/1264/1
f 1180/1299/1 1179/1300/1 1172/1264/1
f 1179/1300/1 1178/1301/1 1172/1264/1
f 1178/1301/1 1177/1302/1 1172/1264/1
f 1177/1302/1 1176/1303/1 1172/1264/1
f 1176/1303/1 1175/1304/1 1172/1264/1
f 1175/1304/1 1174/1305/1 1172/1264/1
f 1174/1305/1 1173/1306/1 1172/1264/1
f 1118/1296/1 1089/1307/1 1088/1292/1
f 1117/1308/1 1089/1307/1 1118/1296/1
f 1117/1308/1 1090/1309/1 1089/1307/1
f 1116/1310/1 1090/1309/1 1117/1308/1
f 1116/1310/1 1091/1311/1 1090/1309/1
f 1115/1312/1 1091/1311/1 1116/1310/1
f 1115/1312/1 1092/1313/1 1091/1311/1
f 1115/1312/1 1093/1314/1 1092/1313/1
f 1114/1315/1 1093/1314/1 1115/1312/1
f 1114/1315/1 1094/1316/1 1093/1314/1
f 1113/1317/1 1094/1316/1 1114/1315/1
f 1113/1317/1 1095/1318/1 1094/1316/1
f 1113/1317/1 1096/1319/1 1095/1318/1
f 1113/1317/1 1097/1320/1 1096/1319/1
f 1112/1321/1 1097/1320/1 1113/1317/1
f 1112/1321/1 1098/1322/1 1097/1320/1
f 1112/1321/1 1099/1323/1 1098/1322/1
f 1112/1321/1 1100/1324/1 1099/1323/1
f 1111/1325/1 1100/1324/1 1112/1321/1
f 1111/1325/1 1101/1326/1 1100/1324/1
f 1110/1327/1 1101/1326/1 1111/1325/1
f 1110/1327/1 1102/1328/1 1101/1326/1
f 1109/1329/1 1102/1328/1 1110/1327/1
f 1109/1329/1 1103/1330/1 1102/1328/1
f 1108/1331/1 1103/1330/1 1109/1329/1
f 1108/1331/1 1104/1332/1 1103/1330/1
f 1107/1333/1 1104/1332/1 1108/1331/1
f 1107/1333/1 1105/1334/1 1104/1332/1
f 1106/1335/1 1105/1334/1 1107/1333/1
f 1547/1336/1 1424/1337/1 1548/14/1
f 1547/1336/1 1425/1338/1 1424/1337/1
f 1547/1336/1 1426/1339/1 1425/1338/1
f 1547/1336/1 1427/1340/1 1426/1339/1
f 1546/1341/1 1427/1340/1 1547/1336/1
f 1546/1341/1 1428/1342/1 1427/1340/1
f 1545/1343/1 1428/1342/1 1546/1341/1
f 1544/1344/1 1428/1342/1 1545/1343/1
f 1544/1344/1 1429/317/1 1428/1342/1
f 1543/1345/1 1429/317/1 1544/1344/1
f 1543/1345/1 1430/1346/1 1429/317/1
f 1542/1347/1 1430/1346/1 1543/1345/1
f 1541/406/1 1430/1346/1 1542/1347/1
f 1541/406/1 1431/1348/1 1430/1346/1
f 1540/1349/1 1431/1348/1 1541/406/1
f 1540/1349/1 1432/1350/1 1431/1348/1
f 1539/1351/1 1432/1350/1 1540/1349/1
f 1538/1352/1 1432/1350/1 1539/1351/1
f 1538/1352/1 1433/1353/1 1432/1350/1
f 1537/1354/1 1433/1353/1 1538/1352/1
f 1537/1354/1 1434/1355/1 1433/1353/1
f 1536/1356/1 1434/1355/1 1537/1354/1
f 1536/1356/1 1435/1357/1 1434/1355/1
f 1535/1358/1 1435/1357/1 1536/1356/1
f 1533/1359/1 1535/1358/1 1534/435/1
f 1533/1359/1 1435/1357/1 1535/1358/1
f 1533/1359/1 1436/361/1 1435/1357/1
f 1533/1359/1 1437/1360/1 1436/361/1
f 1532/1361/1 1437/1360/1 1533/1359/1
f 1531/1362/1 1438/1363/1 1532/1361/1
f 1438/1363/1 1437/1360/1 1532/1361/1
f 1531/1362/1 1439/1364/1 1438/1363/1
f 1463/1365/1 1465/1366/1 1464/439/1
f 1531/1362/1 1440/1367/1 1439/1364/1
f 1462/1368/1 1465/1366/1 1463/1365/1
f 1531/1362/1 1441/1369/1 1440/1367/1
f 1530/1370/1 1441/1369/1 1531/1362/1
f 1461/1371/1 1465/1366/1 1462/1368/1
f 1530/1370/1 1442/1372/1 1441/1369/1
f 1461/1371/1 1466/1373/1 1465/1366/1
f 1529/1374/1 1442/1372/1 1530/1370/1
f 1460/1375/1 1466/1373/1 1461/1371/1
f 1529/1374/1 1443/444/1 1442/1372/1
f 1460/1375/1 1467/1376/1 1466/1373/1
f 1528/1377/1 1443/444/1 1529/1374/1
f 1528/1377/1 1444/1378/1 1443/444/1
f 1459/1379/1 1467/1376/1 1460/1375/1
f 1459/1379/1 1468/1380/1 1467/1376/1
f 1527/412/1 1444/1378/1 1528/1377/1
f 1459/1379/1 1469/1381/1 1468/1380/1
f 1527/412/1 1445/1382/1 1444/1378/1
f 1458/1383/1 1469/1381/1 1459/1379/1
f 1526/1384/1 1445/1382/1 1527/412/1
f 1458/1383/1 1470/1385/1 1469/1381/1
f 1526/1384/1 1446/1386/1 1445/1382/1
f 1457/465/1 1470/1385/1 1458/1383/1
f 1525/1387/1 1446/1386/1 1526/1384/1
f 1457/465/1 1471/454/1 1470/1385/1
f 1525/1387/1 1447/1388/1 1446/1386/1
f 1524/1389/1 1447/1388/1 1525/1387/1
f 1456/1390/1 1471/454/1 1457/465/1
f 1456/1390/1 1472/1391/1 1471/454/1
f 1524/1389/1 1448/1392/1 1447/1388/1
f 1523/1393/1 1448/1392/1 1524/1389/1
f 1456/1390/1 1473/1394/1 1472/1391/1
f 1455/1395/1 1473/1394/1 1456/1390/1
f 1523/1393/1 1449/1396/1 1448/1392/1
f 1522/1397/1 1449/1396/1 1523/1393/1
f 1455/1395/1 1474/1398/1 1473/1394/1
f 1454/1399/1 1474/1398/1 1455/1395/1
f 1522/1397/1 1450/476/1 1449/1396/1
f 1521/1400/1 1450/476/1 1522/1397/1
f 1454/1399/1 1475/1401/1 1474/1398/1
f 1521/1400/1 1451/1402/1 1450/476/1
f 1453/1403/1 1475/1401/1 1454/1399/1
f 1520/481/1 1451/1402/1 1521/1400/1
f 1453/1403/1 1476/1404/1 1475/1401/1
f 1452/1405/1 1476/1404/1 1453/1403/1
f 1519/1406/1 1451/1402/1 1520/481/1
f 1452/1405/1 1477/1407/1 1476/1404/1
f 1517/1408/1 1480/1409/1 1518/1410/1
f 1480/1409/1 1519/1406/1 1518/1410/1
f 1480/1409/1 1451/1402/1 1519/1406/1
f 1480/1409/1 1452/1405/1 1451/1402/1
f 1480/1409/1 1477/1407/1 1452/1405/1
f 1480/1409/1 1478/419/1 1477/1407/1
f 1480/1409/1 1479/1411/1 1478/419/1
f 1517/1408/1 1481/1412/1 1480/1409/1
f 1421/1413/1 1423/1414/1 1422/334/1
f 1364/1415/1 1366/299/1 1365/1416/1
f 1364/1415/1 1367/1417/1 1366/299/1
f 1421/1413/1 1352/102/1 1423/1414/1
f 1420/1418/1 1352/102/1 1421/1413/1
f 1420/1418/1 1353/1419/1 1352/102/1
f 1420/1418/1 1354/1420/1 1353/1419/1
f 1420/1418/1 1355/1421/1 1354/1420/1
f 1419/1422/1 1355/1421/1 1420/1418/1
f 1419/1422/1 1356/1423/1 1355/1421/1
f 1419/1422/1 1357/1424/1 1356/1423/1
f 1419/1422/1 1358/1425/1 1357/1424/1
f 1418/1426/1 1358/1425/1 1419/1422/1
f 1418/1426/1 1359/281/1 1358/1425/1
f 1516/1427/1 1481/1412/1 1517/1408/1
f 1418/1426/1 1360/1428/1 1359/281/1
f 1516/1427/1 1482/1429/1 1481/1412/1
f 1418/1426/1 1361/1430/1 1360/1428/1
f 1417/1431/1 1361/1430/1 1418/1426/1
f 1417/1431/1 1362/1432/1 1361/1430/1
f 1417/1431/1 1363/1433/1 1362/1432/1
f 1417/1431/1 1364/1415/1 1363/1433/1
f 1417/1431/1 1367/1417/1 1364/1415/1
f 1417/1431/1 1368/1434/1 1367/1417/1
f 1417/1431/1 1369/1435/1 1368/1434/1
f 1416/1436/1 1369/1435/1 1417/1431/1
f 1515/1437/1 1482/1429/1 1516/1427/1
f 1515/1437/1 1483/1438/1 1482/1429/1
f 1415/309/1 1369/1435/1 1416/1436/1
f 1514/1439/1 1483/1438/1 1515/1437/1
f 1414/1440/1 1369/1435/1 1415/309/1
f 1514/1439/1 1484/1441/1 1483/1438/1
f 1413/1442/1 1386/1443/1 1414/1440/1
f 1386/1443/1 1369/1435/1 1414/1440/1
f 1413/1442/1 1387/363/1 1386/1443/1
f 1385/1444/1 1369/1435/1 1386/1443/1
f 1384/1445/1 1370/1446/1 1385/1444/1
f 1370/1446/6 1369/1435/6 1385/1444/6
f 1384/1445/1 1371/1447/1 1370/1446/1
f 1413/1442/1 1388/1448/1 1387/363/1
f 1513/490/1 1484/1441/1 1514/1439/1
f 1412/1449/1 1388/1448/1 1413/1442/1
f 1412/1449/1 1389/1450/1 1388/1448/1
f 1513/490/1 1485/372/1 1484/1441/1
f 1412/1449/1 1390/1451/1 1389/1450/1
f 1411/1452/1 1390/1451/1 1412/1449/1
f 1411/1452/1 1391/1453/1 1390/1451/1
f 1410/1454/1 1391/1453/1 1411/1452/1
f 1410/1454/1 1392/1455/1 1391/1453/1
f 1512/1456/1 1485/372/1 1513/490/1
f 1410/1454/1 1393/1457/1 1392/1455/1
f 1409/1458/1 1393/1457/1 1410/1454/1
f 1408/291/1 1393/1457/1 1409/1458/1
f 1408/291/1 1394/336/1 1393/1457/1
f 1407/1459/1 1394/336/1 1408/291/1
f 1512/1456/1 1486/1460/1 1485/372/1
f 1406/1461/1 1394/336/1 1407/1459/1
f 1406/1461/1 1395/1462/1 1394/336/1
f 1405/1463/1 1395/1462/1 1406/1461/1
f 1404/1464/1 1395/1462/1 1405/1463/1
f 1404/1464/1 1396/1465/1 1395/1462/1
f 1403/1466/1 1396/1465/1 1404/1464/1
f 1402/1467/1 1396/1465/1 1403/1466/1
f 1402/1467/1 1397/1468/1 1396/1465/1
f 1401/315/1 1397/1468/1 1402/1467/1
f 1511/1469/1 1486/1460/1 1512/1456/1
f 1400/1470/1 1397/1468/1 1401/315/1
f 1400/1470/1 1399/1471/1 1397/1468/1
f 1399/1471/1 1398/1472/1 1397/1468/1
f 1382/1473/1 1384/1445/1 1383/1474/1
f 1382/1473/1 1371/1447/1 1384/1445/1
f 1382/1473/1 1372/1475/1 1371/1447/1
f 1382/1473/1 1373/278/1 1372/1475/1
f 1511/1469/1 1487/1476/1 1486/1460/1
f 1510/1477/1 1487/1476/1 1511/1469/1
f 1510/1477/1 1488/1478/1 1487/1476/1
f 1509/1479/1 1488/1478/1 1510/1477/1
f 1381/1480/1 1373/278/1 1382/1473/1
f 1380/384/1 1374/1481/1 1381/1480/1
f 1374/1481/1 1373/278/1 1381/1480/1
f 1380/384/1 1375/1482/1 1374/1481/1
f 1509/1479/1 1489/1483/1 1488/1478/1
f 1508/1484/1 1489/1483/1 1509/1479/1
f 1508/1484/1 1490/1485/1 1489/1483/1
f 1507/1486/1 1490/1485/1 1508/1484/1
f 1506/456/1 1490/1485/1 1507/1486/1
f 1506/456/1 1491/1487/1 1490/1485/1
f 1378/1488/1 1380/384/1 1379/1489/1
f 1378/1488/1 1375/1482/1 1380/384/1
f 1378/1488/1 1376/1490/1 1375/1482/1
f 1378/1488/1 1377/1491/1 1376/1490/1
f 1505/1492/1 1491/1487/1 1506/456/1
f 1505/1492/1 1492/347/1 1491/1487/1
f 1504/1493/1 1492/347/1 1505/1492/1
f 1503/1494/1 1492/347/1 1504/1493/1
f 1502/1495/1 1492/347/1 1503/1494/1
f 1501/1496/1 1492/347/1 1502/1495/1
f 1501/1496/1 1500/1497/1 1492/347/1
f 1500/1497/1 1499/371/1 1492/347/1
f 1499/371/1 1498/1498/1 1492/347/1
f 1498/1498/1 1497/1499/1 1492/347/1
f 1497/1499/1 1496/1500/1 1492/347/1
f 1496/1500/1 1495/1501/1 1492/347/1
f 1495/1501/1 1494/1502/1 1492/347/1
f 1494/1502/1 1493/1503/1 1492/347/1
f 1631/1504/1 1633/1242/1 1632/1505/1
f 1631/1504/1 1634/1506/1 1633/1242/1
f 1630/1507/1 1634/1506/1 1631/1504/1
f 1630/1507/1 1635/1508/1 1634/1506/1
f 1629/1509/1 1635/1508/1 1630/1507/1
f 1629/1509/1 1636/1510/1 1635/1508/1
f 1628/1511/1 1636/1510/1 1629/1509/1
f 1628/1511/1 1637/1512/1 1636/1510/1
f 1627/476/1 1584/1513/1 1628/1511/1
f 1584/1513/1 1693/1179/1 1628/1511/1
f 1693/1179/1 1637/1512/1 1628/1511/1
f 1584/1513/1 1694/1514/1 1693/1179/1
f 1692/1515/1 1637/1512/1 1693/1179/1
f 1627/476/1 1585/1290/1 1584/1513/1
f 1583/1516/1 1694/1514/1 1584/1513/1
f 1692/1515/1 1638/1517/1 1637/1512/1
f 1691/1518/1 1638/1517/1 1692/1515/1
f 1627/476/1 1586/1519/1 1585/1290/1
f 1626/1520/1 1586/1519/1 1627/476/1
f 1690/1521/1 1638/1517/1 1691/1518/1
f 1583/1516/1 1695/1522/1 1694/1514/1
f 1626/1520/1 1587/1523/1 1586/1519/1
f 1582/1524/1 1695/1522/1 1583/1516/1
f 1689/1525/1 1638/1517/1 1690/1521/1
f 1689/1525/1 1639/1526/1 1638/1517/1
f 1626/1520/1 1588/315/1 1587/1523/1
f 1582/1524/1 1696/1527/1 1695/1522/1
f 1625/1528/1 1588/315/1 1626/1520/1
f 1581/1529/1 1696/1527/1 1582/1524/1
f 1688/1530/1 1639/1526/1 1689/1525/1
f 1625/1528/1 1589/1531/1 1588/315/1
f 1688/1530/1 1640/1532/1 1639/1526/1
f 1687/1533/1 1640/1532/1 1688/1530/1
f 1580/1534/1 1696/1527/1 1581/1529/1
f 1580/1534/1 1697/1535/1 1696/1527/1
f 1624/1536/1 1589/1531/1 1625/1528/1
f 1624/1536/1 1590/1537/1 1589/1531/1
f 1579/1538/1 1697/1535/1 1580/1534/1
f 1686/1539/1 1640/1532/1 1687/1533/1
f 1579/1538/1 1698/1540/1 1697/1535/1
f 1686/1539/1 1641/1541/1 1640/1532/1
f 1578/1542/1 1698/1540/1 1579/1538/1
f 1578/1542/1 1699/1543/1 1698/1540/1
f 1685/1544/1 1641/1541/1 1686/1539/1
f 1624/1536/1 1591/1545/1 1590/1537/1
f 1623/1546/1 1591/1545/1 1624/1536/1
f 1577/1547/1 1699/1543/1 1578/1542/1
f 1577/1547/1 1700/1548/1 1699/1543/1
f 1685/1544/1 1642/1549/1 1641/1541/1
f 1684/1550/1 1642/1549/1 1685/1544/1
f 1623/1546/1 1592/1551/1 1591/1545/1
f 1576/1552/1 1700/1548/1 1577/1547/1
f 1576/1552/1 1701/1553/1 1700/1548/1
f 1622/1554/1 1592/1551/1 1623/1546/1
f 1683/1555/1 1642/1549/1 1684/1550/1
f 1575/1556/1 1701/1553/1 1576/1552/1
f 1622/1554/1 1593/1557/1 1592/1551/1
f 1575/1556/1 1702/1558/1 1701/1553/1
f 1683/1555/1 1643/1559/1 1642/1549/1
f 1574/1560/1 1702/1558/1 1575/1556/1
f 1574/1560/1 1703/1561/1 1702/1558/1
f 1682/1562/1 1643/1559/1 1683/1555/1
f 1622/1554/1 1594/1563/1 1593/1557/1
f 1621/1224/1 1594/1563/1 1622/1554/1
f 1573/1322/1 1703/1561/1 1574/1560/1
f 1573/1322/1 1704/1564/1 1703/1561/1
f 1682/1562/1 1644/1565/1 1643/1559/1
f 1572/1566/1 1704/1564/1 1573/1322/1
f 1681/1206/1 1644/1565/1 1682/1562/1
f 1621/1224/1 1595/1567/1 1594/1563/1
f 1572/1566/1 1705/14/1 1704/1564/1
f 1571/1568/1 1705/14/1 1572/1566/1
f 1620/1569/1 1595/1567/1 1621/1224/1
f 1571/1568/1 1597/1266/1 1705/14/1
f 1680/1570/1 1644/1565/1 1681/1206/1
f 1620/1569/1 1596/1571/1 1595/1567/1
f 1680/1570/1 1645/1099/1 1644/1565/1
f 1570/1572/1 1597/1266/1 1571/1568/1
f 1620/1569/1 1549/102/1 1596/1571/1
f 1679/1573/1 1645/1099/1 1680/1570/1
f 1619/1574/1 1549/102/1 1620/1569/1
f 1570/1572/1 1598/1575/1 1597/1266/1
f 1679/1573/1 1646/1576/1 1645/1099/1
f 1569/1577/1 1598/1575/1 1570/1572/1
f 1619/1574/1 1550/1578/1 1549/102/1
f 1678/1579/1 1646/1576/1 1679/1573/1
f 1618/1580/1 1550/1578/1 1619/1574/1
f 1568/1581/1 1598/1575/1 1569/1577/1
f 1618/1580/1 1551/1582/1 1550/1578/1
f 1568/1581/1 1599/1583/1 1598/1575/1
f 1678/1579/1 1647/1584/1 1646/1576/1
f 1677/1585/1 1647/1584/1 1678/1579/1
f 1618/1580/1 1552/1586/1 1551/1582/1
f 1567/1587/1 1599/1583/1 1568/1581/1
f 1617/1588/1 1552/1586/1 1618/1580/1
f 1567/1587/1 1600/1589/1 1599/1583/1
f 1617/1588/1 1553/1590/1 1552/1586/1
f 1566/1591/1 1600/1589/1 1567/1587/1
f 1677/1585/1 1648/1592/1 1647/1584/1
f 1676/1593/1 1648/1592/1 1677/1585/1
f 1616/1594/1 1553/1590/1 1617/1588/1
f 1616/1594/1 1554/1595/1 1553/1590/1
f 1565/1596/1 1600/1589/1 1566/1591/1
f 1565/1596/1 1601/1597/1 1600/1589/1
f 1616/1594/1 1555/1598/1 1554/1595/1
f 1675/1599/1 1648/1592/1 1676/1593/1
f 1564/1600/1 1601/1597/1 1565/1596/1
f 1615/1601/1 1555/1598/1 1616/1594/1
f 1615/1601/1 1556/1602/1 1555/1598/1
f 1675/1599/1 1649/1603/1 1648/1592/1
f 1563/1604/1 1601/1597/1 1564/1600/1
f 1615/1601/1 1557/1605/1 1556/1602/1
f 1674/1606/1 1649/1603/1 1675/1599/1
f 1563/1604/1 1602/1607/1 1601/1597/1
f 1562/1608/1 1602/1607/1 1563/1604/1
f 1615/1601/1 1558/1609/1 1557/1605/1
f 1561/1090/1 1602/1607/1 1562/1608/1
f 1615/1601/1 1559/1610/1 1558/1609/1
f 1614/1611/1 1559/1610/1 1615/1601/1
f 1560/1612/1 1602/1607/1 1561/1090/1
f 1614/1611/1 1560/1612/1 1559/1610/1
f 1614/1611/1 1602/1607/1 1560/1612/1
f 1673/1613/1 1649/1603/1 1674/1606/1
f 1673/1613/1 1650/1614/1 1649/1603/1
f 1614/1611/1 1603/1615/1 1602/1607/1
f 1613/1616/1 1603/1615/1 1614/1611/1
f 1672/1617/1 1650/1614/1 1673/1613/1
f 1613/1616/1 1604/1618/1 1603/1615/1
f 1612/1619/1 1604/1618/1 1613/1616/1
f 1672/1617/1 1651/1620/1 1650/1614/1
f 1671/1621/1 1651/1620/1 1672/1617/1
f 1612/1619/1 1605/1622/1 1604/1618/1
f 1611/1623/1 1605/1622/1 1612/1619/1
f 1670/1624/1 1651/1620/1 1671/1621/1
f 1669/1078/1 1651/1620/1 1670/1624/1
f 1611/1623/1 1606/1625/1 1605/1622/1
f 1610/1626/1 1606/1625/1 1611/1623/1
f 1669/1078/1 1652/1627/1 1651/1620/1
f 1668/1628/1 1652/1627/1 1669/1078/1
f 1667/1629/1 1652/1627/1 1668/1628/1
f 1666/371/1 1652/1627/1 1667/1629/1
f 1610/1626/1 1607/1630/1 1606/1625/1
f 1609/1219/1 1607/1630/1 1610/1626/1
f 1665/1631/1 1652/1627/1 1666/371/1
f 1664/1632/1 1652/1627/1 1665/1631/1
f 1663/1633/1 1652/1627/1 1664/1632/1
f 1662/1634/1 1652/1627/1 1663/1633/1
f 1661/1635/1 1652/1627/1 1662/1634/1
f 1660/1636/1 1652/1627/1 1661/1635/1
f 1609/1219/1 1608/1637/1 1607/1630/1
f 1659/1638/1 1652/1627/1 1660/1636/1
f 1658/1639/1 1652/1627/1 1659/1638/1
f 1657/1146/1 1652/1627/1 1658/1639/1
f 1656/1640/1 1652/1627/1 1657/1146/1
f 1656/1640/1 1653/1641/1 1652/1627/1
f 1656/1640/1 1654/1642/1 1653/1641/1
f 1656/1640/1 1655/1643/1 1654/1642/1
f 1736/1279/1 1738/1644/1 1737/1645/1
f 1736/1279/1 1739/1646/1 1738/1644/1
f 1734/1647/1 1736/1279/1 1735/1648/1
f 1734/1647/1 1739/1646/1 1736/1279/1
f 1734/1647/1 1740/1649/1 1739/1646/1
f 1734/1647/1 1741/1267/1 1740/1649/1
f 1733/1650/1 1741/1267/1 1734/1647/1
f 1732/1651/1 1742/1652/1 1733/1650/1
f 1742/1652/1 1741/1267/1 1733/1650/1
f 1732/1651/1 1743/1653/1 1742/1652/1
f 1730/1654/1 1732/1651/1 1731/1308/1
f 1730/1654/1 1743/1653/1 1732/1651/1
f 1730/1654/1 1744/1655/1 1743/1653/1
f 1730/1654/1 1745/1656/1 1744/1655/1
f 1729/1657/1 1745/1656/1 1730/1654/1
f 1728/1658/1 1746/1194/1 1729/1657/1
f 1746/1194/1 1745/1656/1 1729/1657/1
f 1728/1658/1 1747/1659/1 1746/1194/1
f 1728/1658/1 1748/1660/1 1747/1659/1
f 1727/1661/1 1748/1660/1 1728/1658/1
f 1727/1661/1 1749/1662/1 1748/1660/1
f 1771/1232/1 1773/1663/1 1772/1664/1
f 1726/1332/1 1749/1662/1 1727/1661/1
f 1771/1232/1 1774/1665/1 1773/1663/1
f 1726/1332/1 1750/1666/1 1749/1662/1
f 1725/1667/1 1750/1666/1 1726/1332/1
f 1770/1668/1 1774/1665/1 1771/1232/1
f 1769/1669/1 1774/1665/1 1770/1668/1
f 1725/1667/1 1751/1246/1 1750/1666/1
f 1769/1669/1 1775/1670/1 1774/1665/1
f 1724/1671/1 1751/1246/1 1725/1667/1
f 1768/1672/1 1775/1670/1 1769/1669/1
f 1767/1673/1 1775/1670/1 1768/1672/1
f 1724/1671/1 1752/1674/1 1751/1246/1
f 1723/1675/1 1752/1674/1 1724/1671/1
f 1767/1673/1 1776/1100/1 1775/1670/1
f 1766/1226/1 1776/1100/1 1767/1673/1
f 1765/1676/1 1776/1100/1 1766/1226/1
f 1722/1677/1 1752/1674/1 1723/1675/1
f 1722/1677/1 1753/1678/1 1752/1674/1
f 1765/1676/1 1777/1679/1 1776/1100/1
f 1764/1680/1 1777/1679/1 1765/1676/1
f 1721/1311/1 1753/1678/1 1722/1677/1
f 1721/1311/1 1754/1681/1 1753/1678/1
f 1763/1682/1 1777/1679/1 1764/1680/1
f 1763/1682/1 1778/1683/1 1777/1679/1
f 1720/1684/1 1754/1681/1 1721/1311/1
f 1762/1685/1 1778/1683/1 1763/1682/1
f 1720/1684/1 1755/1686/1 1754/1681/1
f 1761/1126/1 1778/1683/1 1762/1685/1
f 1719/1687/1 1755/1686/1 1720/1684/1
f 1761/1126/1 1779/1688/1 1778/1683/1
f 1718/1689/1 1755/1686/1 1719/1687/1
f 1760/1690/1 1779/1688/1 1761/1126/1
f 1718/1689/1 1756/1297/1 1755/1686/1
f 1717/1691/1 1756/1297/1 1718/1689/1
f 1759/1692/1 1779/1688/1 1760/1690/1
f 1759/1692/1 1780/1693/1 1779/1688/1
f 1716/1131/1 1756/1297/1 1717/1691/1
f 1716/1131/1 1757/1694/1 1756/1297/1
f 1715/1695/1 1757/1694/1 1716/1131/1
f 1758/1696/1 1780/1693/1 1759/1692/1
f 1714/1697/1 1757/1694/1 1715/1695/1
f 1714/1697/1 1758/1696/1 1757/1694/1
f 1758/1696/1 1781/1184/1 1780/1693/1
f 1713/1698/1 1758/1696/1 1714/1697/1
f 1712/1699/1 1758/1696/1 1713/1698/1
f 1711/1075/1 1758/1696/1 1712/1699/1
f 1710/1700/1 1758/1696/1 1711/1075/1
f 1710/1700/1 1781/1184/1 1758/1696/1
f 1709/1701/1 1781/1184/1 1710/1700/1
f 1709/1701/1 1782/1702/1 1781/1184/1
f 1708/1703/1 1782/1702/1 1709/1701/1
f 1707/1704/1 1782/1702/1 1708/1703/1
f 1706/102/1 1782/1702/1 1707/1704/1
f 1821/14/1 1782/1702/1 1706/102/1
f 1820/1705/1 1782/1702/1 1821/14/1
f 1819/1706/1 1782/1702/1 1820/1705/1
f 1818/1707/1 1797/1708/1 1819/1706/1
f 1797/1708/1 1782/1702/1 1819/1706/1
f 1797/1708/1 1783/1709/1 1782/1702/1
f 1818/1707/1 1798/1710/1 1797/1708/1
f 1796/1043/1 1783/1709/1 1797/1708/1
f 1817/1711/1 1798/1710/1 1818/1707/1
f 1795/1712/1 1783/1709/1 1796/1043/1
f 1817/1711/1 1799/1713/1 1798/1710/1
f 1816/1151/1 1799/1713/1 1817/1711/1
f 1794/1714/1 1783/1709/1 1795/1712/1
f 1816/1151/1 1800/1715/1 1799/1713/1
f 1815/1716/1 1800/1715/1 1816/1151/1
f 1793/1717/1 1783/1709/1 1794/1714/1
f 1793/1717/1 1784/1718/1 1783/1709/1
f 1815/1716/1 1801/1217/1 1800/1715/1
f 1814/1719/1 1801/1217/1 1815/1716/1
f 1792/1720/1 1784/1718/1 1793/1717/1
f 1814/1719/1 1802/1721/1 1801/1217/1
f 1813/1722/1 1802/1721/1 1814/1719/1
f 1813/1722/1 1803/1723/1 1802/1721/1
f 1791/1052/1 1784/1718/1 1792/1720/1
f 1812/1724/1 1803/1723/1 1813/1722/1
f 1812/1724/1 1804/1725/1 1803/1723/1
f 1790/1726/1 1784/1718/1 1791/1052/1
f 1812/1724/1 1805/1727/1 1804/1725/1
f 1811/1169/1 1805/1727/1 1812/1724/1
f 1790/1726/1 1789/1728/1 1784/1718/1
f 1789/1728/1 1788/1729/1 1784/1718/1
f 1788/1729/1 1787/1730/1 1784/1718/1
f 1787/1730/1 1786/1139/1 1784/1718/1
f 1786/1139/1 1785/1731/1 1784/1718/1
f 1811/1169/1 1806/1117/1 1805/1727/1
f 1811/1169/1 1807/1732/1 1806/1117/1
f 1810/1733/1 1807/1732/1 1811/1169/1
f 1810/1733/1 1808/1734/1 1807/1732/1
f 1809/1735/1 1808/1734/1 1810/1733/1
f 2051/1736/1 2027/1737/1 2052/14/1
f 2051/1736/1 2028/1735/1 2027/1737/1
f 2051/1736/1 2029/1738/1 2028/1735/1
f 2050/1705/1 2029/1738/1 2051/1736/1
f 2050/1705/1 2030/1733/1 2029/1738/1
f 2049/1739/1 2030/1733/1 2050/1705/1
f 2049/1739/1 2031/1740/1 2030/1733/1
f 2048/1706/1 2031/1740/1 2049/1739/1
f 2048/1706/1 2032/1169/1 2031/1740/1
f 2047/1741/1 2032/1169/1 2048/1706/1
f 2047/1741/1 2033/1742/1 2032/1169/1
f 2046/1707/1 2033/1742/1 2047/1741/1
f 2046/1707/1 2034/1724/1 2033/1742/1
f 2045/1743/1 2034/1724/1 2046/1707/1
f 2045/1743/1 2035/1744/1 2034/1724/1
f 2044/1711/1 2035/1744/1 2045/1743/1
f 2044/1711/1 2036/1722/1 2035/1744/1
f 2044/1711/1 2037/1745/1 2036/1722/1
f 2043/1746/1 2037/1745/1 2044/1711/1
f 2043/1746/1 2038/1719/1 2037/1745/1
f 2042/1151/1 2038/1719/1 2043/1746/1
f 2042/1151/1 2041/1747/1 2038/1719/1
f 2041/1747/1 2040/1716/1 2038/1719/1
f 2040/1716/1 2039/1748/1 2038/1719/1
f 1890/1649/1 1897/1749/1 1891/1750/1
f 1897/1749/1 1892/1267/1 1891/1750/1
f 1897/1749/1 1902/1194/1 1892/1267/1
f 1902/1194/1 1822/102/1 1892/1267/1
f 1890/1649/1 1898/1655/1 1897/1749/1
f 1901/1751/1 1822/102/1 1902/1194/1
f 1890/1649/1 1894/1652/1 1898/1655/1
f 1894/1652/1 1899/1752/1 1898/1655/1
f 1894/1652/1 1893/1753/1 1899/1752/1
f 1893/1753/1 1900/1656/1 1899/1752/1
f 1890/1649/1 1895/1754/1 1894/1652/1
f 1896/1653/1 1900/1656/1 1893/1753/1
f 2023/1755/1 2025/1756/1 2024/1732/1
f 2023/1755/1 2022/1117/1 2025/1756/1
f 2022/1117/1 2026/1734/1 2025/1756/1
f 1888/1646/1 1886/1644/1 1889/1757/1
f 1886/1644/1 1890/1649/1 1889/1757/1
f 1886/1644/1 1895/1754/1 1890/1649/1
f 1886/1644/1 1896/1653/1 1895/1754/1
f 1886/1644/1 1900/1656/1 1896/1653/1
f 1886/1644/1 1901/1751/1 1900/1656/1
f 1886/1644/1 1822/102/1 1901/1751/1
f 1886/1644/1 1823/1758/1 1822/102/1
f 1886/1644/1 1885/1759/1 1823/1758/1
f 1885/1759/1 1824/1704/1 1823/1758/1
f 1888/1646/1 1887/1760/1 1886/1644/1
f 1884/1645/1 1824/1704/1 1885/1759/1
f 2021/1761/1 2026/1734/1 2022/1117/1
f 1906/1660/1 1911/1762/1 1907/1763/1
f 1911/1762/1 1908/1662/1 1907/1763/1
f 1911/1762/1 1910/1666/1 1908/1662/1
f 1910/1666/1 1903/1764/1 1908/1662/1
f 1906/1660/1 1912/1246/1 1911/1762/1
f 1909/1765/1 1903/1764/1 1910/1666/1
f 1906/1660/1 1904/1659/1 1912/1246/1
f 1904/1659/1 1909/1765/1 1912/1246/1
f 1904/1659/1 1903/1764/1 1909/1765/1
f 1906/1660/1 1905/1766/1 1904/1659/1
f 1883/1767/1 1824/1704/1 1884/1645/1
f 1883/1767/1 1825/1768/1 1824/1704/1
f 1882/1279/1 1825/1768/1 1883/1767/1
f 1881/1769/1 1825/1768/1 1882/1279/1
f 1880/1648/1 1825/1768/1 1881/1769/1
f 1880/1648/1 1826/1703/1 1825/1768/1
f 1879/1770/1 1826/1703/1 1880/1648/1
f 1878/1647/1 1826/1703/1 1879/1770/1
f 1877/1771/1 1826/1703/1 1878/1647/1
f 1876/1650/1 1826/1703/1 1877/1771/1
f 1875/1772/1 1826/1703/1 1876/1650/1
f 1859/1773/1 1861/1774/1 1860/1667/1
f 1874/1651/1 1826/1703/1 1875/1772/1
f 1859/1773/1 1862/1332/1 1861/1774/1
f 1873/1775/1 1826/1703/1 1874/1651/1
f 1859/1773/1 1863/1776/1 1862/1332/1
f 1872/1308/1 1826/1703/1 1873/1775/1
f 1871/1777/1 1826/1703/1 1872/1308/1
f 1859/1773/1 1864/1661/1 1863/1776/1
f 1870/1654/1 1826/1703/1 1871/1777/1
f 1859/1773/1 1865/1778/1 1864/1661/1
f 1869/1779/1 1826/1703/1 1870/1654/1
f 1859/1773/1 1866/1658/1 1865/1778/1
f 1868/1657/1 1826/1703/1 1869/1779/1
f 1859/1773/1 1867/1780/1 1866/1658/1
f 1867/1780/1 1826/1703/1 1868/1657/1
f 1859/1773/1 1826/1703/1 1867/1780/1
f 1859/1773/1 1827/1781/1 1826/1703/1
f 1858/1671/1 1827/1781/1 1859/1773/1
f 2020/1727/1 2026/1734/1 2021/1761/1
f 2019/1782/1 2026/1734/1 2020/1727/1
f 1857/1783/1 1827/1781/1 1858/1671/1
f 1857/1783/1 1828/1701/1 1827/1781/1
f 1856/1675/1 1828/1701/1 1857/1783/1
f 2018/1725/1 2026/1734/1 2019/1782/1
f 1856/1675/1 1829/1784/1 1828/1701/1
f 1855/1785/1 1829/1784/1 1856/1675/1
f 2018/1725/1 1913/1786/1 2026/1734/1
f 2017/1787/1 1913/1786/1 2018/1725/1
f 1855/1785/1 1830/1700/1 1829/1784/1
f 2017/1787/1 1914/1674/1 1913/1786/1
f 1854/1677/1 1830/1700/1 1855/1785/1
f 2017/1787/1 1915/1788/1 1914/1674/1
f 1854/1677/1 1831/1789/1 1830/1700/1
f 2016/1723/1 1915/1788/1 2017/1787/1
f 2016/1723/1 1916/1678/1 1915/1788/1
f 1853/1790/1 1831/1789/1 1854/1677/1
f 1853/1790/1 1832/1075/1 1831/1789/1
f 2016/1723/1 1917/1791/1 1916/1678/1
f 1852/1311/1 1832/1075/1 1853/1790/1
f 1852/1311/1 1833/1792/1 1832/1075/1
f 2016/1723/1 1918/1681/1 1917/1791/1
f 2015/1793/1 1918/1681/1 2016/1723/1
f 1852/1311/1 1834/1699/1 1833/1792/1
f 1851/1794/1 1834/1699/1 1852/1311/1
f 2015/1793/1 1919/1795/1 1918/1681/1
f 1851/1794/1 1835/1796/1 1834/1699/1
f 2015/1793/1 1920/1686/1 1919/1795/1
f 1850/1684/1 1835/1796/1 1851/1794/1
f 1850/1684/1 1836/1698/1 1835/1796/1
f 2014/1721/1 1920/1686/1 2015/1793/1
f 2014/1721/1 1921/1797/1 1920/1686/1
f 1850/1684/1 1837/1798/1 1836/1698/1
f 1849/1799/1 1837/1798/1 1850/1684/1
f 1849/1799/1 1838/1697/1 1837/1798/1
f 2014/1721/1 1922/1297/1 1921/1797/1
f 1849/1799/1 1839/1800/1 1838/1697/1
f 1849/1799/1 1840/1695/1 1839/1800/1
f 1848/1687/1 1840/1695/1 1849/1799/1
f 1848/1687/1 1841/1801/1 1840/1695/1
f 1848/1687/1 1842/1131/1 1841/1801/1
f 2014/1721/1 1923/1802/1 1922/1297/1
f 1848/1687/1 1843/1803/1 1842/1131/1
f 1848/1687/1 1844/1691/1 1843/1803/1
f 1848/1687/1 1845/1804/1 1844/1691/1
f 1848/1687/1 1846/1689/1 1845/1804/1
f 1848/1687/1 1847/1805/1 1846/1689/1
f 2013/1806/1 1923/1802/1 2014/1721/1
f 2013/1806/1 1996/1717/1 1923/1802/1
f 1996/1717/1 1924/1694/1 1923/1802/1
f 1996/1717/1 1925/1807/1 1924/1694/1
f 2013/1806/1 1997/1808/1 1996/1717/1
f 1995/1809/1 1925/1807/1 1996/1717/1
f 1994/1720/1 1925/1807/1 1995/1809/1
f 2013/1806/1 1998/1714/1 1997/1808/1
f 1993/1810/1 1925/1807/1 1994/1720/1
f 2012/1217/1 1998/1714/1 2013/1806/1
f 2012/1217/1 1999/1811/1 1998/1714/1
f 1992/1052/1 1925/1807/1 1993/1810/1
f 1992/1052/1 1926/1696/1 1925/1807/1
f 1991/1812/1 1926/1696/1 1992/1052/1
f 2012/1217/1 2000/1712/1 1999/1811/1
f 1990/1726/1 1926/1696/1 1991/1812/1
f 1990/1726/1 1927/1813/1 1926/1696/1
f 2011/1814/1 2000/1712/1 2012/1217/1
f 2011/1814/1 2001/1815/1 2000/1712/1
f 1989/1816/1 1927/1813/1 1990/1726/1
f 1989/1816/1 1928/1692/1 1927/1813/1
f 1947/1817/1 1949/1818/1 1948/1669/1
f 1988/1728/1 1928/1692/1 1989/1816/1
f 2011/1814/1 2002/1043/1 2001/1815/1
f 1946/1672/1 1949/1818/1 1947/1817/1
f 1988/1728/1 1929/1819/1 1928/1692/1
f 2010/1715/1 2002/1043/1 2011/1814/1
f 1946/1672/1 1950/1668/1 1949/1818/1
f 1945/1820/1 1950/1668/1 1946/1672/1
f 1987/1821/1 1929/1819/1 1988/1728/1
f 1944/1673/1 1950/1668/1 1945/1820/1
f 1987/1821/1 1930/1690/1 1929/1819/1
f 1943/1822/1 1950/1668/1 1944/1673/1
f 1943/1822/1 1951/1823/1 1950/1668/1
f 2010/1715/1 2003/1824/1 2002/1043/1
f 1987/1821/1 1931/1825/1 1930/1690/1
f 1942/1226/1 1951/1823/1 1943/1822/1
f 1986/1729/1 1931/1825/1 1987/1821/1
f 1941/1826/1 1951/1823/1 1942/1226/1
f 1986/1729/1 1932/1126/1 1931/1825/1
f 1940/1676/1 1951/1823/1 1941/1826/1
f 1940/1676/1 1952/1232/1 1951/1823/1
f 1986/1729/1 1933/1827/1 1932/1126/1
f 1939/1828/1 1952/1232/1 1940/1676/1
f 1938/1680/1 1952/1232/1 1939/1828/1
f 1986/1729/1 1934/1685/1 1933/1827/1
f 2009/1829/1 2003/1824/1 2010/1715/1
f 1937/476/1 1952/1232/1 1938/1680/1
f 1986/1729/1 1935/1830/1 1934/1685/1
f 1936/1682/1 1952/1232/1 1937/476/1
f 1986/1729/1 1936/1682/1 1935/1830/1
f 1986/1729/1 1952/1232/1 1936/1682/1
f 1985/1831/1 1952/1232/1 1986/1729/1
f 1985/1831/1 1953/1832/1 1952/1232/1
f 2009/1829/1 2004/1708/1 2003/1824/1
f 1984/1730/1 1953/1832/1 1985/1831/1
f 1984/1730/1 1954/1664/1 1953/1832/1
f 2008/1713/1 2007/1833/1 2009/1829/1
f 2007/1833/1 2006/1710/1 2009/1829/1
f 2006/1710/1 2005/1834/1 2009/1829/1
f 2005/1834/1 2004/1708/1 2009/1829/1
f 1983/1835/1 1954/1664/1 1984/1730/1
f 1983/1835/1 1955/1836/1 1954/1664/1
f 1983/1835/1 1956/1663/1 1955/1836/1
f 1982/1139/1 1956/1663/1 1983/1835/1
f 1982/1139/1 1957/1837/1 1956/1663/1
f 1981/1838/1 1957/1837/1 1982/1139/1
f 1981/1838/1 1958/1665/1 1957/1837/1
f 1980/1731/1 1958/1665/1 1981/1838/1
f 1980/1731/1 1959/1839/1 1958/1665/1
f 1979/1840/1 1959/1839/1 1980/1731/1
f 1979/1840/1 1960/1670/1 1959/1839/1
f 1978/1718/1 1960/1670/1 1979/1840/1
f 1978/1718/1 1961/1841/1 1960/1670/1
f 1977/1842/1 1961/1841/1 1978/1718/1
f 1977/1842/1 1962/1100/1 1961/1841/1
f 1977/1842/1 1963/1843/1 1962/1100/1
f 1977/1842/1 1964/1679/1 1963/1843/1
f 1976/1709/1 1964/1679/1 1977/1842/1
f 1976/1709/1 1965/1844/1 1964/1679/1
f 1976/1709/1 1966/1683/1 1965/1844/1
f 1975/1845/1 1966/1683/1 1976/1709/1
f 1975/1845/1 1967/1846/1 1966/1683/1
f 1975/1845/1 1968/1688/1 1967/1846/1
f 1974/1702/1 1968/1688/1 1975/1845/1
f 1974/1702/1 1969/1847/1 1968/1688/1
f 1974/1702/1 1970/1693/1 1969/1847/1
f 1973/1848/1 1970/1693/1 1974/1702/1
f 1973/1848/1 1971/1849/1 1970/1693/1
f 1972/1184/1 1971/1849/1 1973/1848/1
f 2309/1/6 2310/3/6 2311/2/6
f 2309/1/6 2311/2/6 2312/4/6
f 2309/1/6 2312/4/6 2313/5/6
f 2309/1/6 2313/5/6 2314/6/6
f 2309/1/6 2314/6/6 2315/7/6
f 2309/1/6 2315/7/6 2316/8/6
f 2309/1/6 2316/8/6 2317/9/6
f 2309/1/6 2317/9/6 2318/10/6
f 2309/1/6 2318/10/6 2319/11/6
f 2309/1/6 2319/11/6 2320/12/6
f 2309/1/6 2320/12/6 2321/13/6
f 2309/1/6 2321/13/6 2322/14/6
f 2309/1/6 2322/14/6 2297/15/6
f 2308/16/6 2309/1/6 2297/15/6
f 2307/17/6 2308/16/6 2297/15/6
f 2306/18/6 2307/17/6 2297/15/6
f 2305/19/6 2306/18/6 2297/15/6
f 2304/20/6 2305/19/6 2297/15/6
f 2303/21/6 2304/20/6 2297/15/6
f 2302/22/6 2303/21/6 2297/15/6
f 2301/23/6 2302/22/6 2297/15/6
f 2300/24/6 2301/23/6 2297/15/6
f 2299/25/6 2300/24/6 2297/15/6
f 2298/26/6 2299/25/6 2297/15/6
f 2282/27/6 2283/29/6 2284/28/6
f 2281/30/6 2282/27/6 2284/28/6
f 2280/31/6 2281/30/6 2284/28/6
f 2279/32/6 2280/31/6 2284/28/6
f 2278/33/6 2279/32/6 2284/28/6
f 2277/34/6 2278/33/6 2284/28/6
f 2276/35/6 2277/34/6 2284/28/6
f 2275/36/6 2276/35/6 2284/28/6
f 2274/37/6 2275/36/6 2284/28/6
f 2273/38/6 2274/37/6 2284/28/6
f 2272/39/6 2273/38/6 2284/28/6
f 2271/40/6 2272/39/6 2284/28/6
f 2270/41/6 2271/40/6 2284/28/6
f 2269/42/6 2270/41/6 2284/28/6
f 2268/43/6 2269/42/6 2284/28/6
f 2267/44/6 2268/43/6 2284/28/6
f 2266/45/6 2267/44/6 2284/28/6
f 2265/46/6 2266/45/6 2284/28/6
f 2264/47/6 2265/46/6 2284/28/6
f 2263/48/6 2264/47/6 2284/28/6
f 2262/49/6 2263/48/6 2284/28/6
f 2261/50/6 2262/49/6 2284/28/6
f 2246/51/6 2247/53/6 2248/52/6
f 2260/54/6 2261/50/6 2284/28/6
f 2246/51/6 2248/52/6 2249/55/6
f 2246/51/6 2249/55/6 2250/56/6
f 2246/51/6 2250/56/6 2251/57/6
f 2259/58/6 2260/54/6 2284/28/6
f 2246/51/6 2251/57/6 2252/59/6
f 2246/51/6 2252/59/6 2253/60/6
f 2258/61/6 2259/58/6 2284/28/6
f 2246/51/6 2253/60/6 2254/62/6
f 2257/63/6 2258/61/6 2284/28/6
f 2246/51/6 2254/62/6 2255/64/6
f 2256/65/6 2257/63/6 2284/28/6
f 2246/51/6 2255/64/6 2256/65/6
f 2246/51/6 2256/65/6 2245/66/6
f 2245/66/6 2256/65/6 2244/67/6
f 2244/67/6 2256/65/6 2243/68/6
f 2243/68/6 2256/65/6 2242/69/6
f 2242/69/6 2256/65/6 2241/70/6
f 2241/70/6 2256/65/6 2284/28/6
f 2241/70/6 2284/28/6 2240/71/6
f 2240/71/6 2284/28/6 2285/72/6
f 2240/71/6 2285/72/6 2239/73/6
f 2239/73/6 2285/72/6 2286/74/6
f 2239/73/7 2286/74/7 2238/75/7
f 2238/75/6 2286/74/6 2287/76/6
f 2238/75/6 2287/76/6 2237/77/6
f 2237/77/6 2287/76/6 2236/78/6
f 2236/78/6 2287/76/6 2288/79/6
f 2236/78/6 2288/79/6 2235/80/6
f 2235/80/6 2288/79/6 2234/81/6
f 2234/81/6 2288/79/6 2289/82/6
f 2234/81/6 2289/82/6 2290/83/6
f 2234/81/6 2290/83/6 2232/84/6
f 2232/84/8 2290/83/8 2231/85/8
f 2231/85/6 2290/83/6 2230/86/6
f 2230/86/6 2290/83/6 2229/87/6
f 2229/87/6 2290/83/6 2228/88/6
f 2228/88/6 2290/83/6 2227/89/6
f 2227/89/6 2290/83/6 2226/90/6
f 2226/90/6 2290/83/6 2225/91/6
f 2225/91/6 2290/83/6 2224/92/6
f 2224/92/6 2290/83/6 2223/93/6
f 2223/93/6 2290/83/6 2291/94/6
f 2223/93/6 2291/94/6 2222/95/6
f 2222/95/6 2291/94/6 2292/96/6
f 2222/95/6 2292/96/6 2293/97/6
f 2221/98/6 2222/95/6 2293/97/6
f 2221/98/6 2293/97/6 2294/99/6
f 2221/98/6 2294/99/6 2295/100/6
f 2221/98/6 2295/100/6 2296/101/6
f 2221/98/6 2296/101/6 2053/102/6
f 2221/98/6 2053/102/6 2054/103/6
f 2234/81/9 2232/84/9 2233/104/9
f 2220/105/6 2221/98/6 2054/103/6
f 2220/105/6 2054/103/6 2055/106/6
f 2220/105/6 2055/106/6 2056/107/6
f 2219/108/6 2220/105/6 2056/107/6
f 2219/108/6 2056/107/6 2057/109/6
f 2219/108/6 2057/109/6 2058/110/6
f 2219/108/6 2058/110/6 2059/111/6
f 2218/112/6 2219/108/6 2059/111/6
f 2218/112/6 2059/111/6 2060/113/6
f 2218/112/6 2060/113/6 2061/114/6
f 2217/115/6 2218/112/6 2061/114/6
f 2217/115/6 2061/114/6 2062/116/6
f 2217/115/6 2062/116/6 2063/117/6
f 2217/115/6 2063/117/6 2064/118/6
f 2216/119/6 2217/115/6 2064/118/6
f 2066/120/6 2067/122/6 2068/121/6
f 2066/120/6 2068/121/6 2069/123/6
f 2065/124/6 2066/120/6 2069/123/6
f 2065/124/6 2069/123/6 2070/125/6
f 2064/118/6 2065/124/6 2070/125/6
f 2064/118/6 2070/125/6 2071/126/6
f 2216/119/6 2064/118/6 2071/126/6
f 2216/119/6 2071/126/6 2072/127/6
f 2216/119/6 2072/127/6 2073/128/6
f 2216/119/6 2073/128/6 2074/129/6
f 2216/119/6 2074/129/6 2075/130/6
f 2216/119/6 2075/130/6 2076/131/6
f 2216/119/6 2076/131/6 2077/132/6
f 2216/119/6 2077/132/6 2078/133/6
f 2216/119/6 2078/133/6 2079/134/6
f 2216/119/6 2079/134/6 2080/135/6
f 2216/119/6 2080/135/6 2081/136/6
f 2216/119/6 2081/136/6 2082/137/6
f 2216/119/6 2082/137/6 2083/138/6
f 2216/119/6 2083/138/6 2084/139/6
f 2216/119/6 2084/139/6 2085/140/6
f 2215/141/6 2216/119/6 2085/140/6
f 2215/141/6 2085/140/6 2174/142/6
f 2174/142/6 2085/140/6 2086/143/6
f 2174/142/6 2086/143/6 2173/144/6
f 2173/144/6 2086/143/6 2087/145/6
f 2172/146/6 2173/144/6 2087/145/6
f 2215/141/6 2174/142/6 2175/147/6
f 2171/148/6 2172/146/6 2087/145/6
f 2171/148/6 2087/145/6 2088/149/6
f 2215/141/6 2175/147/6 2176/150/6
f 2170/151/6 2171/148/6 2088/149/6
f 2215/141/6 2176/150/6 2177/152/6
f 2169/153/6 2170/151/6 2088/149/6
f 2215/141/6 2177/152/6 2178/154/6
f 2168/155/6 2169/153/6 2088/149/6
f 2215/141/6 2178/154/6 2179/156/6
f 2167/157/6 2168/155/6 2088/149/6
f 2215/141/6 2179/156/6 2180/158/6
f 2167/157/6 2088/149/6 2089/159/6
f 2215/141/6 2180/158/6 2181/160/6
f 2166/161/6 2167/157/6 2089/159/6
f 2215/141/6 2181/160/6 2182/162/6
f 2165/163/6 2166/161/6 2089/159/6
f 2214/164/6 2215/141/6 2182/162/6
f 2165/163/6 2089/159/6 2090/165/6
f 2214/164/6 2182/162/6 2183/166/6
f 2164/167/6 2165/163/6 2090/165/6
f 2214/164/6 2183/166/6 2184/168/6
f 2164/167/6 2090/165/6 2091/169/6
f 2163/170/6 2164/167/6 2091/169/6
f 2214/164/6 2184/168/6 2185/171/6
f 2214/164/6 2185/171/6 2186/172/6
f 2163/170/6 2091/169/6 2092/173/6
f 2162/174/6 2163/170/6 2092/173/6
f 2161/175/6 2162/174/6 2092/173/6
f 2161/175/6 2092/173/6 2093/176/6
f 2214/164/6 2186/172/6 2187/177/6
f 2160/178/6 2161/175/6 2093/176/6
f 2160/178/6 2093/176/6 2094/179/6
f 2213/180/6 2214/164/6 2187/177/6
f 2213/180/6 2187/177/6 2188/181/6
f 2159/182/6 2160/178/6 2094/179/6
f 2159/182/6 2094/179/6 2095/183/6
f 2158/184/6 2159/182/6 2095/183/6
f 2158/184/6 2095/183/6 2096/185/6
f 2213/180/6 2188/181/6 2189/186/6
f 2157/187/6 2158/184/6 2096/185/6
f 2157/187/6 2096/185/6 2097/188/6
f 2156/189/6 2157/187/6 2097/188/6
f 2212/190/6 2213/180/6 2189/186/6
f 2212/190/6 2189/186/6 2190/191/6
f 2156/189/6 2097/188/6 2098/192/6
f 2155/193/6 2156/189/6 2098/192/6
f 2155/193/6 2098/192/6 2099/194/6
f 2154/195/6 2155/193/6 2099/194/6
f 2212/190/6 2190/191/6 2191/196/6
f 2154/195/6 2099/194/6 2100/197/6
f 2153/198/6 2154/195/6 2100/197/6
f 2153/198/6 2100/197/6 2101/199/6
f 2211/200/6 2212/190/6 2191/196/6
f 2153/198/6 2101/199/6 2102/201/6
f 2152/202/6 2153/198/6 2102/201/6
f 2211/200/6 2191/196/6 2192/203/6
f 2152/202/6 2102/201/6 2103/204/6
f 2151/205/6 2152/202/6 2103/204/6
f 2210/206/6 2211/200/6 2192/203/6
f 2151/205/6 2103/204/6 2104/207/6
f 2150/208/6 2151/205/6 2104/207/6
f 2150/208/6 2104/207/6 2105/209/6
f 2210/206/6 2192/203/6 2193/210/6
f 2123/211/6 2124/213/6 2125/212/6
f 2150/208/6 2105/209/6 2106/214/6
f 2122/215/6 2123/211/6 2125/212/6
f 2209/216/6 2210/206/6 2193/210/6
f 2121/217/6 2122/215/6 2125/212/6
f 2149/218/6 2150/208/6 2106/214/6
f 2149/218/6 2106/214/6 2107/219/6
f 2120/220/6 2121/217/6 2125/212/6
f 2208/221/6 2209/216/6 2193/210/6
f 2119/222/6 2120/220/6 2125/212/6
f 2149/218/6 2107/219/6 2108/223/6
f 2118/224/6 2119/222/6 2125/212/6
f 2207/225/6 2208/221/6 2193/210/6
f 2148/226/6 2149/218/6 2108/223/6
f 2148/226/6 2108/223/6 2109/227/6
f 2117/228/6 2118/224/6 2125/212/6
f 2116/229/6 2117/228/6 2125/212/6
f 2148/226/6 2109/227/6 2110/230/6
f 2115/231/6 2116/229/6 2125/212/6
f 2206/232/6 2207/225/6 2193/210/6
f 2114/233/6 2115/231/6 2125/212/6
f 2148/226/6 2110/230/6 2111/234/6
f 2113/235/6 2114/233/6 2125/212/6
f 2148/226/6 2111/234/6 2112/236/6
f 2112/236/6 2113/235/6 2125/212/6
f 2148/226/6 2112/236/6 2125/212/6
f 2206/232/6 2193/210/6 2194/237/6
f 2205/238/6 2206/232/6 2194/237/6
f 2204/239/6 2205/238/6 2194/237/6
f 2203/240/6 2204/239/6 2194/237/6
f 2147/241/6 2148/226/6 2125/212/6
f 2202/242/6 2203/240/6 2194/237/6
f 2201/243/6 2202/242/6 2194/237/6
f 2200/244/6 2201/243/6 2194/237/6
f 2200/244/6 2194/237/6 2195/245/6
f 2199/246/6 2200/244/6 2195/245/6
f 2146/247/6 2147/241/6 2125/212/6
f 2198/248/6 2199/246/6 2195/245/6
f 2197/249/6 2198/248/6 2196/250/6
f 2196/250/6 2198/248/6 2195/245/6
f 2145/251/6 2146/247/6 2125/212/6
f 2144/252/6 2145/251/6 2125/212/6
f 2143/253/6 2144/252/6 2125/212/6
f 2142/254/6 2143/253/6 2125/212/6
f 2142/254/6 2125/212/6 2126/255/6
f 2142/254/6 2126/255/6 2127/256/6
f 2141/257/6 2142/254/6 2127/256/6
f 2141/257/6 2127/256/6 2128/258/6
f 2141/257/6 2128/258/6 2129/259/6
f 2141/257/6 2129/259/6 2130/260/6
f 2140/261/6 2141/257/6 2130/260/6
f 2140/261/6 2130/260/6 2131/262/6
f 2140/261/6 2131/262/6 2132/263/6
f 2139/264/6 2140/261/6 2132/263/6
f 2139/264/6 2132/263/6 2133/265/6
f 2139/264/6 2133/265/6 2134/266/6
f 2138/267/6 2139/264/6 2134/266/6
f 2138/267/6 2134/266/6 2135/268/6
f 2138/267/6 2135/268/6 2136/269/6
f 2137/270/6 2138/267/6 2136/269/6
f 2348/271/6 2323/102/6 2324/272/6
f 2348/271/6 2324/272/6 2325/273/6
f 2348/271/6 2325/273/6 2326/274/6
f 2348/271/6 2326/274/6 2327/275/6
f 2348/271/6 2327/275/6 2328/276/6
f 2348/271/6 2328/276/6 2329/277/6
f 2347/278/6 2348/271/6 2329/277/6
f 2347/278/6 2329/277/6 2330/279/6
f 2346/280/6 2347/278/6 2330/279/6
f 2346/280/6 2330/279/6 2331/281/6
f 2345/282/6 2346/280/6 2331/281/6
f 2345/282/6 2331/281/6 2332/283/6
f 2344/284/6 2345/282/6 2332/283/6
f 2344/284/6 2332/283/6 2333/285/6
f 2343/286/6 2344/284/6 2333/285/6
f 2384/287/6 2385/289/6 2386/288/6
f 2343/286/6 2333/285/6 2334/290/6
f 2384/287/6 2386/288/6 2387/291/6
f 2342/292/6 2343/286/6 2334/290/6
f 2384/287/6 2387/291/6 2388/293/6
f 2342/292/6 2334/290/6 2335/294/6
f 2384/287/6 2388/293/6 2389/295/6
f 2341/296/6 2342/292/6 2335/294/6
f 2384/287/6 2389/295/6 2390/297/6
f 2341/296/6 2335/294/6 2340/298/6
f 2340/298/6 2335/294/6 2339/299/6
f 2339/299/6 2335/294/6 2338/300/6
f 2338/300/6 2335/294/6 2337/301/6
f 2337/301/6 2335/294/6 2336/302/6
f 2384/287/6 2390/297/6 2391/303/6
f 2384/287/6 2391/303/6 2392/304/6
f 2384/287/6 2392/304/6 2393/305/6
f 2383/306/6 2384/287/6 2393/305/6
f 2383/306/6 2393/305/6 2394/307/6
f 2382/308/6 2383/306/6 2394/307/6
f 2382/308/6 2394/307/6 2395/309/6
f 2381/310/6 2382/308/6 2395/309/6
f 2381/310/6 2395/309/6 2396/311/6
f 2381/310/6 2396/311/6 2397/312/6
f 2380/313/6 2381/310/6 2397/312/6
f 2380/313/6 2397/312/6 2398/314/6
f 2379/315/6 2380/313/6 2398/314/6
f 2409/316/6 2410/318/6 2411/317/6
f 2378/319/6 2379/315/6 2398/314/6
f 2408/320/6 2409/316/6 2411/317/6
f 2408/320/6 2411/317/6 2412/321/6
f 2407/322/6 2408/320/6 2412/321/6
f 2377/323/6 2378/319/6 2398/314/6
f 2407/322/6 2412/321/6 2413/324/6
f 2406/325/6 2407/322/6 2413/324/6
f 2376/326/6 2377/323/6 2398/314/6
f 2405/327/6 2406/325/6 2413/324/6
f 2405/327/6 2413/324/6 2414/328/6
f 2375/329/6 2376/326/6 2398/314/6
f 2404/330/6 2405/327/6 2414/328/6
f 2374/331/6 2375/329/6 2398/314/6
f 2404/330/6 2414/328/6 2415/332/6
f 2373/333/6 2374/331/6 2398/314/6
f 2403/334/6 2404/330/6 2415/332/6
f 2372/335/6 2373/333/6 2398/314/6
f 2371/336/6 2372/335/6 2398/314/6
f 2403/334/6 2415/332/6 2416/337/6
f 2402/338/6 2403/334/6 2416/337/6
f 2370/339/6 2371/336/6 2398/314/6
f 2369/340/6 2370/339/6 2398/314/6
f 2401/341/6 2402/338/6 2416/337/6
f 2401/341/6 2416/337/6 2417/342/6
f 2368/343/6 2369/340/6 2398/314/6
f 2400/344/6 2401/341/6 2417/342/6
f 2367/345/6 2368/343/6 2398/314/6
f 2366/346/6 2367/345/6 2398/314/6
f 2400/344/6 2417/342/6 2483/347/6
f 2483/347/6 2417/342/6 2482/348/6
f 2482/348/6 2417/342/6 2418/349/6
f 2399/350/6 2400/344/6 2483/347/6
f 2399/350/6 2483/347/6 2484/351/6
f 2399/350/6 2484/351/6 2485/352/6
f 2365/353/6 2366/346/6 2398/314/6
f 2481/354/6 2482/348/6 2418/349/6
f 2399/350/6 2485/352/6 2486/355/6
f 2480/356/6 2481/354/6 2418/349/6
f 2399/350/6 2486/355/6 2487/357/6
f 2398/314/6 2399/350/6 2487/357/6
f 2364/358/6 2365/353/6 2398/314/6
f 2479/359/6 2480/356/6 2418/349/6
f 2398/314/6 2487/357/6 2488/360/6
f 2479/359/6 2418/349/6 2419/361/6
f 2478/362/6 2479/359/6 2419/361/6
f 2363/363/6 2364/358/6 2398/314/6
f 2398/314/6 2488/360/6 2489/364/6
f 2363/363/6 2398/314/6 2489/364/6
f 2477/365/6 2478/362/6 2419/361/6
f 2362/366/6 2363/363/6 2489/364/6
f 2362/366/6 2489/364/6 2490/367/6
f 2476/368/6 2477/365/6 2419/361/6
f 2476/368/6 2419/361/6 2420/369/6
f 2361/370/6 2362/366/6 2490/367/6
f 2361/370/6 2490/367/6 2491/371/6
f 2475/372/6 2476/368/6 2420/369/6
f 2360/373/6 2361/370/6 2491/371/6
f 2360/373/6 2491/371/6 2492/374/6
f 2359/375/6 2360/373/6 2492/374/6
f 2474/376/6 2475/372/6 2420/369/6
f 2359/375/6 2492/374/6 2493/377/6
f 2474/376/6 2420/369/6 2421/378/6
f 2358/379/6 2359/375/6 2493/377/6
f 2357/380/6 2358/379/6 2493/377/6
f 2473/381/6 2474/376/6 2421/378/6
f 2357/380/6 2493/377/6 2494/382/6
f 2356/383/6 2357/380/6 2494/382/6
f 2355/384/6 2356/383/6 2494/382/6
f 2354/385/6 2355/384/6 2494/382/6
f 2354/385/6 2494/382/6 2495/386/6
f 2472/387/6 2473/381/6 2421/378/6
f 2472/387/6 2421/378/6 2422/388/6
f 2353/389/6 2354/385/6 2495/386/6
f 2352/390/6 2353/389/6 2495/386/6
f 2351/391/6 2352/390/6 2495/386/6
f 2351/391/6 2495/386/6 2522/392/6
f 2522/392/6 2495/386/6 2496/393/6
f 2471/394/6 2472/387/6 2422/388/6
f 2350/395/6 2351/391/6 2522/392/6
f 2349/396/6 2350/395/6 2522/392/6
f 2547/14/6 2349/396/6 2522/392/6
f 2546/397/6 2547/14/6 2522/392/6
f 2470/398/6 2471/394/6 2422/388/6
f 2470/398/6 2422/388/6 2423/399/6
f 2545/400/6 2546/397/6 2522/392/6
f 2544/401/6 2545/400/6 2522/392/6
f 2543/402/6 2544/401/6 2522/392/6
f 2542/403/6 2543/402/6 2522/392/6
f 2541/404/6 2542/403/6 2522/392/6
f 2540/405/6 2541/404/6 2522/392/6
f 2539/406/6 2540/405/6 2522/392/6
f 2469/407/6 2470/398/6 2423/399/6
f 2538/408/6 2539/406/6 2522/392/6
f 2537/409/6 2538/408/6 2522/392/6
f 2536/410/6 2537/409/6 2522/392/6
f 2535/411/6 2536/410/6 2522/392/6
f 2535/411/6 2522/392/6 2523/412/6
f 2521/413/6 2522/392/6 2496/393/6
f 2534/414/6 2535/411/6 2523/412/6
f 2469/407/6 2423/399/6 2424/415/6
f 2468/416/6 2469/407/6 2424/415/6
f 2534/414/10 2523/412/10 2524/417/10
f 2534/414/8 2524/417/8 2525/418/8
f 2467/419/6 2468/416/6 2424/415/6
f 2534/414/6 2525/418/6 2526/420/6
f 2467/419/6 2424/415/6 2425/421/6
f 2466/422/6 2467/419/6 2425/421/6
f 2534/414/6 2526/420/6 2527/423/6
f 2534/414/6 2527/423/6 2528/424/6
f 2465/425/6 2466/422/6 2425/421/6
f 2521/413/6 2496/393/6 2497/426/6
f 2534/414/6 2528/424/6 2529/427/6
f 2465/425/6 2425/421/6 2426/428/6
f 2464/429/6 2465/425/6 2426/428/6
f 2534/414/6 2529/427/6 2530/430/6
f 2446/431/6 2447/433/6 2448/432/6
f 2446/431/6 2448/432/6 2449/434/6
f 2534/414/6 2530/430/6 2531/435/6
f 2463/436/6 2464/429/6 2426/428/6
f 2446/431/6 2449/434/6 2450/437/6
f 2534/414/6 2531/435/6 2532/438/6
f 2446/431/6 2450/437/6 2451/439/6
f 2462/440/6 2463/436/6 2426/428/6
f 2446/431/6 2451/439/6 2452/441/6
f 2521/413/6 2497/426/6 2498/442/6
f 2534/414/8 2532/438/8 2533/443/8
f 2462/440/6 2426/428/6 2427/444/6
f 2446/431/6 2452/441/6 2453/445/6
f 2520/446/6 2521/413/6 2498/442/6
f 2461/447/6 2462/440/6 2427/444/6
f 2446/431/6 2453/445/6 2454/448/6
f 2446/431/6 2454/448/6 2455/449/6
f 2460/450/6 2461/447/6 2427/444/6
f 2446/431/6 2455/449/6 2456/451/6
f 2446/431/6 2456/451/6 2457/452/6
f 2446/431/6 2457/452/6 2458/453/6
f 2459/454/6 2460/450/6 2427/444/6
f 2446/431/6 2458/453/6 2459/454/6
f 2446/431/6 2459/454/6 2427/444/6
f 2446/431/6 2427/444/6 2428/455/6
f 2520/446/6 2498/442/6 2499/456/6
f 2519/457/6 2520/446/6 2499/456/6
f 2446/431/6 2428/455/6 2429/458/6
f 2446/431/6 2429/458/6 2430/459/6
f 2519/457/6 2499/456/6 2500/460/6
f 2518/461/6 2519/457/6 2500/460/6
f 2445/462/6 2446/431/6 2430/459/6
f 2444/463/6 2445/462/6 2430/459/6
f 2444/463/6 2430/459/6 2431/464/6
f 2443/465/6 2444/463/6 2431/464/6
f 2442/466/6 2443/465/6 2431/464/6
f 2441/467/6 2442/466/6 2431/464/6
f 2441/467/6 2431/464/6 2432/468/6
f 2440/469/6 2441/467/6 2432/468/6
f 2439/470/6 2440/469/6 2432/468/6
f 2438/471/6 2439/470/6 2432/468/6
f 2438/471/6 2432/468/6 2433/472/6
f 2437/473/6 2438/471/6 2433/472/6
f 2436/474/6 2437/473/6 2433/472/6
f 2436/474/6 2433/472/6 2434/475/6
f 2435/476/6 2436/474/6 2434/475/6
f 2517/477/6 2518/461/6 2500/460/6
f 2517/477/6 2500/460/6 2501/478/6
f 2516/479/6 2517/477/6 2501/478/6
f 2516/479/6 2501/478/6 2502/480/6
f 2515/481/6 2516/479/6 2502/480/6
f 2515/481/6 2502/480/6 2503/482/6
f 2514/483/6 2515/481/6 2503/482/6
f 2514/483/6 2503/482/6 2504/484/6
f 2513/485/6 2514/483/6 2504/484/6
f 2513/485/6 2504/484/6 2505/486/6
f 2512/487/6 2513/485/6 2505/486/6
f 2512/487/6 2505/486/6 2506/488/6
f 2511/489/6 2512/487/6 2506/488/6
f 2511/489/6 2506/488/6 2507/490/6
f 2510/491/6 2511/489/6 2507/490/6
f 2510/491/6 2507/490/6 2508/492/6
f 2509/493/6 2510/491/6 2508/492/6
f 2560/494/6 2561/496/6 2562/495/6
f 2560/494/6 2562/495/6 2563/497/6
f 2559/498/6 2560/494/6 2563/497/6
f 2559/498/6 2563/497/6 2564/499/6
f 2558/500/6 2559/498/6 2564/499/6
f 2558/500/6 2564/499/6 2565/501/6
f 2557/502/6 2558/500/6 2565/501/6
f 2557/502/6 2565/501/6 2566/503/6
f 2556/504/6 2557/502/6 2566/503/6
f 2556/504/6 2566/503/6 2567/505/6
f 2555/506/6 2556/504/6 2567/505/6
f 2554/507/6 2555/506/6 2567/505/6
f 2554/507/6 2567/505/6 2568/508/6
f 2553/509/6 2554/507/6 2568/508/6
f 2553/509/6 2568/508/6 2569/510/6
f 2552/511/6 2553/509/6 2569/510/6
f 2552/511/6 2569/510/6 2570/512/6
f 2551/513/6 2552/511/6 2570/512/6
f 2551/513/6 2570/512/6 2571/514/6
f 2550/515/6 2551/513/6 2571/514/6
f 2550/515/6 2571/514/6 2572/516/6
f 2549/517/6 2550/515/6 2572/516/6
f 2549/517/6 2572/516/6 2573/518/6
f 2549/517/6 2573/518/6 2574/519/6
f 2548/102/6 2549/517/6 2574/519/6
f 2548/102/6 2574/519/6 2575/520/6
f 2586/521/6 2587/523/6 2588/522/6
f 2585/524/6 2586/521/6 2588/522/6
f 2584/525/6 2585/524/6 2588/522/6
f 2583/526/6 2584/525/6 2588/522/6
f 2582/527/6 2583/526/6 2588/522/6
f 2581/528/6 2582/527/6 2588/522/6
f 2580/529/6 2581/528/6 2588/522/6
f 2723/530/6 2724/532/6 2725/531/6
f 2723/530/6 2725/531/6 2726/533/6
f 2579/534/6 2580/529/6 2588/522/6
f 2723/530/6 2726/533/6 2727/535/6
f 2578/536/6 2579/534/6 2588/522/6
f 2723/530/6 2727/535/6 2728/537/6
f 2723/530/6 2728/537/6 2729/538/6
f 2577/539/6 2578/536/6 2588/522/6
f 2723/530/6 2729/538/6 2730/540/6
f 2576/541/6 2577/539/6 2588/522/6
f 2723/530/6 2730/540/6 2731/542/6
f 2723/530/6 2731/542/6 2732/543/6
f 2575/520/6 2576/541/6 2588/522/6
f 2723/530/6 2732/543/6 2733/544/6
f 2548/102/6 2575/520/6 2588/522/6
f 2723/530/6 2733/544/6 2734/545/6
f 2723/530/6 2734/545/6 2735/546/6
f 2723/530/6 2735/546/6 2736/14/6
f 2723/530/6 2736/14/6 2548/102/6
f 2723/530/6 2548/102/6 2588/522/6
f 2723/530/6 2588/522/6 2589/547/6
f 2723/530/6 2589/547/6 2590/548/6
f 2723/530/6 2590/548/6 2591/549/6
f 2723/530/6 2591/549/6 2592/550/6
f 2723/530/6 2592/550/6 2593/551/6
f 2723/530/6 2593/551/6 2594/552/6
f 2723/530/6 2594/552/6 2595/315/6
f 2723/530/6 2595/315/6 2596/553/6
f 2723/530/6 2596/553/6 2597/554/6
f 2722/555/6 2723/530/6 2597/554/6
f 2721/556/6 2722/555/6 2597/554/6
f 2721/556/6 2597/554/6 2598/557/6
f 2720/558/6 2721/556/6 2598/557/6
f 2719/559/6 2720/558/6 2598/557/6
f 2719/559/6 2598/557/6 2599/560/6
f 2718/561/6 2719/559/6 2599/560/6
f 2717/562/6 2718/561/6 2599/560/6
f 2717/562/6 2599/560/6 2600/563/6
f 2716/564/6 2717/562/6 2600/563/6
f 2716/564/6 2600/563/6 2710/565/6
f 2710/565/6 2600/563/6 2601/566/6
f 2715/567/6 2716/564/6 2710/565/6
f 2714/568/6 2715/567/6 2710/565/6
f 2713/569/6 2714/568/6 2710/565/6
f 2712/570/6 2713/569/6 2710/565/6
f 2711/571/6 2712/570/6 2710/565/6
f 2709/572/6 2710/565/6 2601/566/6
f 2709/572/6 2601/566/6 2602/573/6
f 2708/574/6 2709/572/6 2602/573/6
f 2708/574/6 2602/573/6 2603/575/6
f 2707/576/6 2708/574/6 2603/575/6
f 2707/576/6 2603/575/6 2604/577/6
f 2707/576/6 2604/577/6 2605/578/6
f 2706/579/6 2707/576/6 2605/578/6
f 2706/579/6 2605/578/6 2606/580/6
f 2705/581/6 2706/579/6 2606/580/6
f 2705/581/6 2606/580/6 2607/582/6
f 2705/581/6 2607/582/6 2608/583/6
f 2623/584/6 2624/586/6 2625/585/6
f 2622/587/6 2623/584/6 2625/585/6
f 2622/587/6 2625/585/6 2626/588/6
f 2621/589/6 2622/587/6 2626/588/6
f 2704/590/6 2705/581/6 2608/583/6
f 2620/591/6 2621/589/6 2626/588/6
f 2620/591/6 2626/588/6 2627/592/6
f 2619/593/6 2620/591/6 2627/592/6
f 2618/594/6 2619/593/6 2627/592/6
f 2618/594/6 2627/592/6 2628/595/6
f 2704/590/6 2608/583/6 2609/596/6
f 2617/597/6 2618/594/6 2628/595/6
f 2617/597/6 2628/595/6 2629/598/6
f 2616/599/6 2617/597/6 2629/598/6
f 2703/600/6 2704/590/6 2609/596/6
f 2615/601/6 2616/599/6 2629/598/6
f 2703/600/6 2609/596/6 2610/602/6
f 2615/601/6 2629/598/6 2630/603/6
f 2614/604/6 2615/601/6 2630/603/6
f 2703/600/6 2610/602/6 2611/605/6
f 2614/604/6 2630/603/6 2631/606/6
f 2613/607/6 2614/604/6 2673/608/6
f 2673/608/6 2614/604/6 2631/606/6
f 2702/609/6 2703/600/6 2611/605/6
f 2613/607/6 2673/608/6 2674/610/6
f 2672/611/6 2673/608/6 2631/606/6
f 2613/607/6 2674/610/6 2675/612/6
f 2671/613/6 2672/611/6 2631/606/6
f 2702/609/6 2611/605/6 2612/614/6
f 2613/607/6 2675/612/6 2676/615/6
f 2612/614/6 2613/607/6 2676/615/6
f 2670/616/6 2671/613/6 2631/606/6
f 2670/616/6 2631/606/6 2632/617/6
f 2612/614/6 2676/615/6 2677/618/6
f 2669/619/6 2670/616/6 2632/617/6
f 2612/614/6 2677/618/6 2678/620/6
f 2668/621/6 2669/619/6 2632/617/6
f 2702/609/6 2612/614/6 2678/620/6
f 2702/609/6 2678/620/6 2679/622/6
f 2667/623/6 2668/621/6 2632/617/6
f 2667/623/6 2632/617/6 2633/624/6
f 2701/625/6 2702/609/6 2679/622/6
f 2701/625/6 2679/622/6 2680/626/6
f 2666/627/6 2667/623/6 2633/624/6
f 2701/625/6 2680/626/6 2681/628/6
f 2666/627/6 2633/624/6 2634/629/6
f 2665/630/6 2666/627/6 2634/629/6
f 2701/625/6 2681/628/6 2682/631/6
f 2700/632/6 2701/625/6 2682/631/6
f 2664/633/6 2665/630/6 2634/629/6
f 2700/632/6 2682/631/6 2683/634/6
f 2664/633/6 2634/629/6 2635/635/6
f 2663/636/6 2664/633/6 2635/635/6
f 2700/632/6 2683/634/6 2684/637/6
f 2699/638/6 2700/632/6 2684/637/6
f 2662/639/6 2663/636/6 2635/635/6
f 2699/638/6 2684/637/6 2685/640/6
f 2662/639/6 2635/635/6 2636/641/6
f 2698/642/6 2699/638/6 2685/640/6
f 2661/643/6 2662/639/6 2636/641/6
f 2698/642/6 2685/640/6 2686/644/6
f 2698/642/6 2686/644/6 2687/645/6
f 2698/642/6 2687/645/6 2688/646/6
f 2661/643/6 2636/641/6 2637/647/6
f 2698/642/6 2688/646/6 2689/371/6
f 2660/648/6 2661/643/6 2637/647/6
f 2698/642/6 2689/371/6 2690/649/6
f 2698/642/6 2690/649/6 2691/650/6
f 2697/651/6 2698/642/6 2696/652/6
f 2696/652/6 2698/642/6 2695/653/6
f 2695/653/6 2698/642/6 2694/654/6
f 2694/654/6 2698/642/6 2693/655/6
f 2693/655/6 2698/642/6 2692/656/6
f 2692/656/6 2698/642/6 2691/650/6
f 2659/657/6 2660/648/6 2637/647/6
f 2659/657/6 2637/647/6 2638/658/6
f 2658/659/6 2659/657/6 2638/658/6
f 2658/659/6 2638/658/6 2639/660/6
f 2657/661/6 2658/659/6 2639/660/6
f 2656/662/6 2657/661/6 2639/660/6
f 2656/662/6 2639/660/6 2640/663/6
f 2655/664/6 2656/662/6 2640/663/6
f 2654/665/6 2655/664/6 2640/663/6
f 2654/665/6 2640/663/6 2641/666/6
f 2653/667/6 2654/665/6 2641/666/6
f 2648/668/6 2649/670/6 2650/669/6
f 2652/671/6 2653/667/6 2641/666/6
f 2648/668/6 2650/669/6 2651/672/6
f 2651/672/6 2652/671/6 2641/666/6
f 2648/668/6 2651/672/6 2641/666/6
f 2648/668/6 2641/666/6 2642/476/6
f 2648/668/6 2642/476/6 2643/673/6
f 2648/668/6 2643/673/6 2644/674/6
f 2648/668/6 2644/674/6 2645/675/6
f 2647/676/6 2648/668/6 2645/675/6
f 2647/676/6 2645/675/6 2646/677/6
f 2820/678/6 2821/680/6 2822/679/6
f 2820/678/6 2822/679/6 2823/681/6
f 2819/682/6 2820/678/6 2823/681/6
f 2819/682/6 2823/681/6 2824/683/6
f 2818/684/6 2819/682/6 2824/683/6
f 2818/684/6 2824/683/6 2825/685/6
f 2817/686/6 2818/684/6 2825/685/6
f 2817/686/6 2825/685/6 2826/687/6
f 2816/688/6 2817/686/6 2826/687/6
f 2816/688/6 2826/687/6 2827/689/6
f 2815/690/6 2816/688/6 2827/689/6
f 2815/690/6 2827/689/6 2828/691/6
f 2814/692/6 2815/690/6 2828/691/6
f 2814/692/6 2828/691/6 2829/693/6
f 2813/694/6 2814/692/6 2829/693/6
f 2813/694/6 2829/693/6 2830/695/6
f 2812/696/6 2813/694/6 2830/695/6
f 2812/696/6 2830/695/6 2831/697/6
f 2811/698/6 2812/696/6 2831/697/6
f 2811/698/6 2831/697/6 2832/699/6
f 2810/700/6 2811/698/6 2832/699/6
f 2810/700/6 2832/699/6 2833/701/6
f 2809/702/6 2810/700/6 2833/701/6
f 2809/702/6 2833/701/6 2834/14/6
f 2808/703/6 2809/702/6 2834/14/6
f 2808/703/6 2834/14/6 2737/102/6
f 2807/704/6 2808/703/6 2737/102/6
f 2807/704/6 2737/102/6 2738/705/6
f 2806/706/6 2807/704/6 2738/705/6
f 2806/706/6 2738/705/6 2739/707/6
f 2805/708/6 2806/706/6 2739/707/6
f 2805/708/6 2739/707/6 2740/709/6
f 2804/710/6 2805/708/6 2740/709/6
f 2804/710/6 2740/709/6 2741/711/6
f 2803/712/6 2804/710/6 2741/711/6
f 2803/712/6 2741/711/6 2742/713/6
f 2803/712/6 2742/713/6 2743/714/6
f 2802/715/6 2803/712/6 2743/714/6
f 2802/715/6 2743/714/6 2744/716/6
f 2801/717/6 2802/715/6 2744/716/6
f 2801/717/6 2744/716/6 2745/718/6
f 2800/719/6 2801/717/6 2745/718/6
f 2800/719/6 2745/718/6 2746/720/6
f 2799/721/6 2800/719/6 2746/720/6
f 2799/721/6 2746/720/6 2747/722/6
f 2798/723/6 2799/721/6 2747/722/6
f 2771/724/6 2772/726/6 2773/725/6
f 2798/723/6 2747/722/6 2748/727/6
f 2770/728/6 2771/724/6 2773/725/6
f 2797/729/6 2798/723/6 2748/727/6
f 2769/730/6 2770/728/6 2773/725/6
f 2797/729/6 2748/727/6 2749/731/6
f 2796/732/6 2797/729/6 2749/731/6
f 2769/730/6 2773/725/6 2774/733/6
f 2768/734/6 2769/730/6 2774/733/6
f 2796/732/6 2749/731/6 2750/735/6
f 2768/734/6 2774/733/6 2775/736/6
f 2767/737/6 2768/734/6 2775/736/6
f 2795/738/6 2796/732/6 2750/735/6
f 2795/738/6 2750/735/6 2751/739/6
f 2767/737/6 2775/736/6 2776/740/6
f 2766/741/6 2767/737/6 2776/740/6
f 2795/738/6 2751/739/6 2752/742/6
f 2794/743/6 2795/738/6 2752/742/6
f 2765/744/6 2766/741/6 2776/740/6
f 2765/744/6 2776/740/6 2777/745/6
f 2794/743/6 2752/742/6 2753/746/6
f 2764/747/6 2765/744/6 2777/745/6
f 2794/743/6 2753/746/6 2754/748/6
f 2764/747/6 2777/745/6 2778/749/6
f 2793/750/6 2794/743/6 2754/748/6
f 2793/750/6 2754/748/6 2755/751/6
f 2763/752/6 2764/747/6 2778/749/6
f 2793/750/6 2755/751/6 2756/753/6
f 2762/754/6 2763/752/6 2778/749/6
f 2762/754/6 2778/749/6 2779/755/6
f 2793/750/6 2756/753/6 2757/756/6
f 2792/757/6 2793/750/6 2757/756/6
f 2761/758/6 2762/754/6 2779/755/6
f 2792/757/6 2757/756/6 2758/759/6
f 2792/757/6 2758/759/6 2759/760/6
f 2760/761/6 2761/758/6 2779/755/6
f 2792/757/6 2759/760/6 2760/761/6
f 2792/757/6 2760/761/6 2779/755/6
f 2792/757/6 2779/755/6 2780/762/6
f 2791/763/6 2792/757/6 2780/762/6
f 2791/763/6 2780/762/6 2781/764/6
f 2790/765/6 2791/763/6 2781/764/6
f 2790/765/6 2781/764/6 2782/766/6
f 2789/767/6 2790/765/6 2782/766/6
f 2788/768/6 2789/767/6 2782/766/6
f 2788/768/6 2782/766/6 2783/769/6
f 2787/770/6 2788/768/6 2783/769/6
f 2787/770/6 2783/769/6 2784/771/6
f 2786/772/6 2787/770/6 2784/771/6
f 2786/772/6 2784/771/6 2785/773/6
f 2866/774/6 2867/776/6 2868/775/6
f 2866/774/6 2868/775/6 2869/777/6
f 2860/778/6 2861/780/6 2862/779/6
f 2860/778/6 2862/779/6 2847/781/6
f 2858/782/6 2859/783/6 2860/778/6
f 2858/782/6 2860/778/6 2847/781/6
f 2858/782/6 2847/781/6 2848/784/6
f 2858/782/6 2848/784/6 2849/785/6
f 2857/786/1 2858/782/1 2849/785/1
f 2856/787/6 2857/786/6 2850/788/6
f 2850/788/1 2857/786/1 2849/785/1
f 2856/787/6 2850/788/6 2851/789/6
f 2854/790/6 2855/792/6 2845/791/6
f 2845/791/6 2855/792/6 2856/787/6
f 2845/791/6 2856/787/6 2851/789/6
f 2845/791/6 2851/789/6 2852/793/6
f 2845/791/6 2852/793/6 2844/794/6
f 2844/794/6 2852/793/6 2841/795/6
f 2841/795/6 2852/793/6 2840/796/6
f 2840/796/6 2852/793/6 2837/797/6
f 2837/797/6 2852/793/6 2836/798/6
f 2836/798/6 2852/793/6 2853/799/6
f 2864/800/6 2865/801/6 2866/774/6
f 2864/800/6 2866/774/6 2869/777/6
f 2864/800/6 2869/777/6 2870/802/6
f 2864/800/6 2870/802/6 2871/803/6
f 2854/790/6 2845/791/6 2846/804/6
f 2843/805/6 2844/794/6 2841/795/6
f 2843/805/6 2841/795/6 2842/806/6
f 2839/807/6 2840/796/6 2837/797/6
f 2839/807/6 2837/797/6 2838/808/6
f 2835/102/6 2836/798/6 2853/799/6
f 2863/809/1 2864/800/1 2871/803/1
f 3103/14/6 2863/809/6 2872/810/6
f 2872/810/1 2863/809/1 2871/803/1
f 3103/14/6 2872/810/6 2873/811/6
f 2854/790/6 2846/804/6 2843/805/6
f 2854/790/6 2843/805/6 2842/806/6
f 2854/790/6 2842/806/6 2839/807/6
f 2854/790/6 2839/807/6 2838/808/6
f 2854/790/6 2838/808/6 2835/102/6
f 2854/790/6 2835/102/6 2853/799/6
f 2888/812/6 2889/814/6 2890/813/6
f 2888/812/6 2890/813/6 2891/815/6
f 2888/812/6 2891/815/6 2892/816/6
f 2888/812/6 2892/816/6 2893/817/6
f 2887/818/6 2888/812/6 2893/817/6
f 2887/818/6 2893/817/6 2894/819/6
f 2886/820/6 2887/818/6 2894/819/6
f 2885/821/6 2886/820/6 2894/819/6
f 2885/821/6 2894/819/6 2895/822/6
f 2884/823/6 2885/821/6 2895/822/6
f 2884/823/6 2895/822/6 2896/824/6
f 2883/825/6 2884/823/6 2896/824/6
f 2882/826/6 2883/825/6 2896/824/6
f 2882/826/6 2896/824/6 2897/827/6
f 2881/828/6 2882/826/6 2897/827/6
f 2881/828/6 2897/827/6 2898/829/6
f 2880/830/6 2881/828/6 2898/829/6
f 2879/831/6 2880/830/6 2898/829/6
f 2879/831/6 2898/829/6 2899/832/6
f 2878/833/6 2879/831/6 2899/832/6
f 2878/833/6 2899/832/6 2900/834/6
f 2877/835/6 2878/833/6 2900/834/6
f 2877/835/6 2900/834/6 2901/836/6
f 2876/837/6 2877/835/6 2901/836/6
f 2874/838/6 2875/839/6 2876/837/6
f 2874/838/6 2876/837/6 2901/836/6
f 2874/838/6 2901/836/6 2902/315/6
f 2874/838/6 2902/315/6 2903/840/6
f 2873/811/6 2874/838/6 3077/841/6
f 3077/841/6 2874/838/6 2903/840/6
f 2873/811/6 3077/841/6 3078/842/6
f 3076/843/1 3077/841/1 2903/840/1
f 3075/844/6 3076/843/6 2904/845/6
f 2904/845/1 3076/843/1 2903/840/1
f 3075/844/6 2904/845/6 2905/846/6
f 3075/844/6 2905/846/6 2906/847/6
f 2927/848/6 2928/850/6 2929/849/6
f 3074/851/6 3075/844/6 2906/847/6
f 2926/852/6 2927/848/6 2929/849/6
f 3074/851/6 2906/847/6 2977/853/6
f 2977/853/6 2906/847/6 2907/854/6
f 3103/14/6 2873/811/6 3078/842/6
f 3074/851/6 2977/853/6 2978/855/6
f 2976/856/6 2977/853/6 2907/854/6
f 2925/857/6 2926/852/6 2929/849/6
f 3073/858/6 3074/851/6 2978/855/6
f 2976/856/6 2907/854/6 2908/859/6
f 3073/858/6 2978/855/6 2979/860/6
f 2924/861/6 2925/857/6 2929/849/6
f 3073/858/6 2979/860/6 2980/862/6
f 2976/856/6 2908/859/6 2909/863/6
f 3073/858/6 2980/862/6 2981/864/6
f 2923/865/6 2924/861/6 2929/849/6
f 3072/866/6 3073/858/6 2981/864/6
f 2976/856/6 2909/863/6 2910/867/6
f 3072/866/6 2981/864/6 2982/868/6
f 3103/14/6 3078/842/6 3079/869/6
f 3102/870/6 3103/14/6 3079/869/6
f 2922/871/6 2923/865/6 2929/849/6
f 2922/871/6 2929/849/6 2930/872/6
f 3072/866/6 2982/868/6 2983/873/6
f 3101/874/6 3102/870/6 3079/869/6
f 2976/856/6 2910/867/6 2911/875/6
f 2975/876/6 2976/856/6 2911/875/6
f 3071/877/6 3072/866/6 2983/873/6
f 3100/878/6 3101/874/6 3079/869/6
f 3071/877/6 2983/873/6 2984/879/6
f 2921/880/6 2922/871/6 2930/872/6
f 2921/880/6 2930/872/6 2931/881/6
f 3100/878/6 3079/869/6 3080/882/6
f 3099/883/6 3100/878/6 3080/882/6
f 3071/877/6 2984/879/6 2985/884/6
f 2975/876/6 2911/875/6 2912/885/6
f 2920/886/6 2921/880/6 2931/881/6
f 3098/887/6 3099/883/6 3080/882/6
f 2920/886/6 2931/881/6 2932/888/6
f 3098/887/6 3080/882/6 3081/889/6
f 3071/877/6 2985/884/6 2986/890/6
f 3070/891/6 3071/877/6 2986/890/6
f 3097/892/6 3098/887/6 3081/889/6
f 2975/876/6 2912/885/6 2913/893/6
f 3070/891/6 2986/890/6 2987/894/6
f 3096/895/6 3097/892/6 3081/889/6
f 2919/896/6 2920/886/6 2932/888/6
f 2919/896/6 2932/888/6 2933/897/6
f 3095/898/6 3096/895/6 3081/889/6
f 3095/898/6 3081/889/6 3082/899/6
f 3070/891/6 2987/894/6 2988/900/6
f 2975/876/6 2913/893/6 2914/901/6
f 3094/902/6 3095/898/6 3082/899/6
f 3069/903/6 3070/891/6 2988/900/6
f 2918/904/6 2919/896/6 2933/897/6
f 2918/904/6 2933/897/6 2934/905/6
f 3069/903/6 2988/900/6 2989/906/6
f 2974/907/6 2975/876/6 2914/901/6
f 3093/908/6 3094/902/6 3082/899/6
f 3092/909/6 3093/908/6 3082/899/6
f 2974/907/6 2914/901/6 2915/910/6
f 3092/909/6 3082/899/6 3083/911/6
f 2917/912/6 2918/904/6 2934/905/6
f 3069/903/6 2989/906/6 3040/913/6
f 3040/913/6 2989/906/6 2990/914/6
f 2917/912/6 2934/905/6 2935/915/6
f 3091/916/6 3092/909/6 3083/911/6
f 3090/917/6 3091/916/6 3083/911/6
f 3068/918/6 3069/903/6 3040/913/6
f 2974/907/6 2915/910/6 2916/919/6
f 2916/919/6 2917/912/6 2935/915/6
f 2916/919/6 2935/915/6 2936/920/6
f 3090/917/6 3083/911/6 3084/921/6
f 2974/907/6 2916/919/6 2936/920/6
f 2974/907/6 2936/920/6 2937/922/6
f 3067/923/6 3068/918/6 3040/913/6
f 3090/917/6 3084/921/6 3085/924/6
f 2973/925/6 2974/907/6 2937/922/6
f 2973/925/6 2937/922/6 2938/926/6
f 3090/917/6 3085/924/6 3086/927/6
f 3066/928/6 3067/923/6 3040/913/6
f 2973/925/6 2938/926/6 2939/929/6
f 3090/917/6 3086/927/6 3087/930/6
f 2973/925/6 2939/929/6 2940/931/6
f 3066/928/6 3040/913/6 3041/932/6
f 3039/933/6 3040/913/6 2990/914/6
f 3065/934/6 3066/928/6 3041/932/6
f 3065/934/6 3041/932/6 3042/935/6
f 2973/925/6 2940/931/6 2941/936/6
f 3090/917/6 3087/930/6 3088/937/6
f 2972/938/6 2973/925/6 2941/936/6
f 3065/934/6 3042/935/6 3043/939/6
f 3064/940/6 3065/934/6 3043/939/6
f 2972/938/6 2941/936/6 2942/941/6
f 3090/917/6 3088/937/6 3089/942/6
f 3064/940/6 3043/939/6 3044/943/6
f 3063/944/6 3064/940/6 3044/943/6
f 2972/938/6 2942/941/6 2943/945/6
f 3063/944/6 3044/943/6 3045/946/6
f 3062/947/6 3063/944/6 3045/946/6
f 3061/948/6 3062/947/6 3045/946/6
f 3061/948/6 3045/946/6 3046/949/6
f 3060/950/6 3061/948/6 3046/949/6
f 2972/938/6 2943/945/6 2944/951/6
f 2971/952/6 2972/938/6 2944/951/6
f 3060/950/6 3046/949/6 3047/953/6
f 3059/954/6 3060/950/6 3047/953/6
f 3058/955/6 3059/954/6 3047/953/6
f 3058/955/6 3047/953/6 3048/956/6
f 2971/952/6 2944/951/6 2945/957/6
f 3057/958/6 3058/955/6 3048/956/6
f 3057/958/6 3048/956/6 3049/959/6
f 3056/960/6 3057/958/6 3049/959/6
f 3056/960/6 3049/959/6 3050/961/6
f 3055/962/6 3056/960/6 3050/961/6
f 2971/952/6 2945/957/6 2946/963/6
f 2990/914/6 2991/965/6 2992/964/6
f 3054/966/6 3055/962/6 3050/961/6
f 3054/966/6 3050/961/6 3051/967/6
f 2970/968/6 2971/952/6 2946/963/6
f 2990/914/6 2992/964/6 2993/969/6
f 3053/970/6 3054/966/6 3051/967/6
f 2970/968/6 2946/963/6 2947/971/6
f 3053/970/6 3051/967/6 3052/972/6
f 2990/914/6 2993/969/6 2994/973/6
f 2990/914/6 2994/973/6 2995/974/6
f 2970/968/6 2947/971/6 2948/975/6
f 3038/976/6 3039/933/6 2990/914/6
f 2990/914/6 2995/974/6 2996/977/6
f 2990/914/6 2996/977/6 2997/978/6
f 2970/968/6 2948/975/6 2949/979/6
f 2969/476/6 2970/968/6 2949/979/6
f 3037/980/6 3038/976/6 2990/914/6
f 2990/914/6 2997/978/6 2998/981/6
f 2990/914/6 2998/981/6 2999/982/6
f 2969/476/6 2949/979/6 2950/983/6
f 3036/371/6 3037/980/6 2990/914/6
f 2990/914/6 2999/982/6 3000/984/6
f 2969/476/6 2950/983/6 2951/985/6
f 2990/914/6 3000/984/6 3001/986/6
f 3035/987/6 3036/371/6 2990/914/6
f 2990/914/6 3001/986/6 3002/988/6
f 3035/987/6 2990/914/6 3002/988/6
f 2969/476/6 2951/985/6 2952/989/6
f 2968/990/6 2969/476/6 2952/989/6
f 3035/987/6 3002/988/6 3003/991/6
f 3034/992/6 3035/987/6 3003/991/6
f 2968/990/6 2952/989/6 2953/993/6
f 3034/992/6 3003/991/6 3004/994/6
f 3033/995/6 3034/992/6 3004/994/6
f 2968/990/6 2953/993/6 2954/996/6
f 2968/990/6 2954/996/6 2955/997/6
f 3032/998/6 3033/995/6 3004/994/6
f 2968/990/6 2955/997/6 2956/999/6
f 3032/998/6 3004/994/6 3005/1000/6
f 2967/1001/6 2968/990/6 2956/999/6
f 3031/1002/6 3032/998/6 3005/1000/6
f 2967/1001/6 2956/999/6 2957/1003/6
f 3030/1004/6 3031/1002/6 3005/1000/6
f 2967/1001/6 2957/1003/6 2958/1005/6
f 3029/1006/6 3030/1004/6 3005/1000/6
f 2967/1001/6 2958/1005/6 2959/1007/6
f 3028/1008/6 3029/1006/6 3005/1000/6
f 3028/1008/6 3005/1000/6 3006/1009/6
f 3027/1010/6 3028/1008/6 3006/1009/6
f 2967/1001/6 2959/1007/6 2960/1011/6
f 3026/1012/6 3027/1010/6 3006/1009/6
f 2966/1013/6 2967/1001/6 2960/1011/6
f 3025/1014/6 3026/1012/6 3006/1009/6
f 2966/1013/6 2960/1011/6 2961/1015/6
f 3025/1014/6 3006/1009/6 3007/1016/6
f 3024/1017/6 3025/1014/6 3007/1016/6
f 2966/1013/6 2961/1015/6 2962/1018/6
f 3023/1019/6 3024/1017/6 3007/1016/6
f 3023/1019/6 3007/1016/6 3008/1020/6
f 3022/1021/6 3023/1019/6 3008/1020/6
f 2966/1013/6 2962/1018/6 2963/1022/6
f 2965/1023/6 2966/1013/6 2964/1024/6
f 2964/1024/6 2966/1013/6 2963/1022/6
f 3021/1025/6 3022/1021/6 3008/1020/6
f 3021/1025/6 3008/1020/6 3009/1026/6
f 3020/1027/6 3021/1025/6 3009/1026/6
f 3020/1027/6 3009/1026/6 3010/1028/6
f 3019/1029/6 3020/1027/6 3010/1028/6
f 3018/1030/6 3019/1029/6 3010/1028/6
f 3018/1030/6 3010/1028/6 3011/1031/6
f 3017/1032/6 3018/1030/6 3011/1031/6
f 3017/1032/6 3011/1031/6 3012/1033/6
f 3017/1032/6 3012/1033/6 3013/1034/6
f 3016/1035/6 3017/1032/6 3013/1034/6
f 3016/1035/6 3013/1034/6 3014/1036/6
f 3015/1037/6 3016/1035/6 3014/1036/6
f 3322/1038/6 3323/1040/6 3324/1039/6
f 3337/1041/6 3338/1043/6 3339/1042/6
f 3337/1041/6 3339/1042/6 3340/1044/6
f 3322/1038/6 3324/1039/6 3104/102/6
f 3322/1038/6 3104/102/6 3105/1045/6
f 3321/1046/6 3322/1038/6 3105/1045/6
f 3321/1046/6 3105/1045/6 3106/1047/6
f 3321/1046/6 3106/1047/6 3107/1048/6
f 3401/1049/6 3402/1050/6 3403/14/6
f 3321/1046/6 3107/1048/6 3108/1051/6
f 3401/1049/6 3403/14/6 3325/1052/6
f 3320/1053/6 3321/1046/6 3108/1051/6
f 3320/1053/6 3108/1051/6 3109/1054/6
f 3401/1049/6 3325/1052/6 3326/1055/6
f 3400/1056/6 3401/1049/6 3326/1055/6
f 3400/1056/6 3326/1055/6 3327/1057/6
f 3320/1053/6 3109/1054/6 3110/1058/6
f 3400/1056/6 3327/1057/6 3328/1059/6
f 3320/1053/6 3110/1058/6 3111/1060/6
f 3319/1061/6 3320/1053/6 3111/1060/6
f 3400/1056/6 3328/1059/6 3329/1062/6
f 3319/1061/6 3111/1060/6 3112/1063/6
f 3399/1064/6 3400/1056/6 3329/1062/6
f 3399/1064/6 3329/1062/6 3330/1065/6
f 3319/1061/6 3112/1063/6 3113/1066/6
f 3399/1064/6 3330/1065/6 3331/1067/6
f 3319/1061/6 3113/1066/6 3114/1068/6
f 3318/1069/6 3319/1061/6 3114/1068/6
f 3399/1064/6 3331/1067/6 3332/1070/6
f 3398/1071/6 3399/1064/6 3332/1070/6
f 3318/1069/6 3114/1068/6 3115/1072/6
f 3398/1071/6 3332/1070/6 3333/1073/6
f 3318/1069/6 3115/1072/6 3116/1074/6
f 3318/1069/6 3116/1074/6 3117/1075/6
f 3318/1069/6 3117/1075/6 3118/1076/6
f 3318/1069/6 3118/1076/6 3119/1077/6
f 3398/1071/6 3333/1073/6 3334/1078/6
f 3318/1069/6 3119/1077/6 3120/1079/6
f 3318/1069/6 3120/1079/6 3121/1080/6
f 3318/1069/6 3121/1080/6 3122/1081/6
f 3397/1082/6 3398/1071/6 3334/1078/6
f 3317/1083/6 3318/1069/6 3122/1081/6
f 3397/1082/6 3334/1078/6 3335/1084/6
f 3317/1083/6 3122/1081/6 3123/1085/6
f 3317/1083/6 3123/1085/6 3124/1086/6
f 3317/1083/6 3124/1086/6 3125/1087/6
f 3397/1082/6 3335/1084/6 3336/1088/6
f 3317/1083/6 3125/1087/6 3126/1089/6
f 3317/1083/6 3126/1089/6 3127/1090/6
f 3317/1083/6 3127/1090/6 3128/1091/6
f 3397/1082/6 3336/1088/6 3337/1041/6
f 3397/1082/6 3337/1041/6 3340/1044/6
f 3397/1082/6 3340/1044/6 3341/1092/6
f 3397/1082/6 3341/1092/6 3342/1093/6
f 3317/1083/6 3128/1091/6 3212/1094/6
f 3212/1094/6 3128/1091/6 3129/1095/6
f 3396/1096/6 3397/1082/6 3342/1093/6
f 3316/1097/6 3317/1083/6 3287/1098/6
f 3287/1098/6 3317/1083/6 3212/1094/6
f 3316/1097/6 3287/1098/6 3288/1099/6
f 3286/1100/1 3287/1098/1 3212/1094/1
f 3285/1101/6 3286/1100/6 3250/1102/6
f 3250/1102/1 3286/1100/1 3212/1094/1
f 3285/1101/6 3250/1102/6 3251/1103/6
f 3249/1104/1 3250/1102/1 3212/1094/1
f 3248/1105/6 3249/1104/6 3213/1106/6
f 3213/1106/1 3249/1104/1 3212/1094/1
f 3248/1105/6 3213/1106/6 3214/1107/6
f 3211/1108/6 3212/1094/6 3129/1095/6
f 3395/1109/6 3396/1096/6 3342/1093/6
f 3315/1110/6 3316/1097/6 3288/1099/6
f 3315/1110/6 3288/1099/6 3289/1111/6
f 3394/1112/6 3395/1109/6 3366/1113/6
f 3366/1113/6 3395/1109/6 3342/1093/6
f 3315/1110/6 3289/1111/6 3290/1114/6
f 3394/1112/6 3366/1113/6 3367/1115/6
f 3365/1116/1 3366/1113/1 3342/1093/1
f 3364/1117/6 3365/1116/6 3343/1118/6
f 3343/1118/1 3365/1116/1 3342/1093/1
f 3364/1117/6 3343/1118/6 3344/1119/6
f 3284/1120/6 3285/1101/6 3251/1103/6
f 3314/1121/6 3315/1110/6 3290/1114/6
f 3284/1120/6 3251/1103/6 3252/1122/6
f 3394/1112/6 3367/1115/6 3368/1123/6
f 3314/1121/6 3290/1114/6 3291/1124/6
f 3393/1125/6 3394/1112/6 3368/1123/6
f 3247/1126/6 3248/1105/6 3214/1107/6
f 3247/1126/6 3214/1107/6 3215/1127/6
f 3393/1125/6 3368/1123/6 3369/1128/6
f 3313/1129/6 3314/1121/6 3291/1124/6
f 3313/1129/6 3291/1124/6 3292/1130/6
f 3211/1108/6 3129/1095/6 3130/1131/6
f 3393/1125/6 3369/1128/6 3370/1132/6
f 3283/1133/6 3284/1120/6 3252/1122/6
f 3392/1134/6 3393/1125/6 3370/1132/6
f 3283/1133/6 3252/1122/6 3253/1135/6
f 3313/1129/6 3292/1130/6 3293/1136/6
f 3392/1134/6 3370/1132/6 3371/1137/6
f 3210/1138/6 3211/1108/6 3130/1131/6
f 3312/1139/6 3313/1129/6 3293/1136/6
f 3312/1139/6 3293/1136/6 3294/1140/6
f 3392/1134/6 3371/1137/6 3372/1141/6
f 3391/1142/6 3392/1134/6 3372/1141/6
f 3391/1142/6 3372/1141/6 3373/1143/6
f 3312/1139/6 3294/1140/6 3295/1144/6
f 3282/1145/6 3283/1133/6 3253/1135/6
f 3311/1146/6 3312/1139/6 3295/1144/6
f 3246/1147/6 3247/1126/6 3215/1127/6
f 3282/1145/6 3253/1135/6 3254/1148/6
f 3391/1142/6 3373/1143/6 3374/1149/6
f 3246/1147/6 3215/1127/6 3216/1150/6
f 3390/1151/6 3391/1142/6 3374/1149/6
f 3311/1146/6 3295/1144/6 3296/1152/6
f 3390/1151/6 3374/1149/6 3375/1153/6
f 3310/1154/6 3311/1146/6 3296/1152/6
f 3310/1154/6 3296/1152/6 3297/1155/6
f 3309/1156/6 3310/1154/6 3297/1155/6
f 3308/1157/6 3309/1156/6 3297/1155/6
f 3389/1158/6 3390/1151/6 3375/1153/6
f 3389/1158/6 3375/1153/6 3376/1159/6
f 3388/1160/6 3389/1158/6 3376/1159/6
f 3307/1161/6 3308/1157/6 3297/1155/6
f 3387/1162/6 3388/1160/6 3376/1159/6
f 3281/1163/6 3282/1145/6 3254/1148/6
f 3306/1164/6 3307/1161/6 3297/1155/6
f 3386/1165/6 3387/1162/6 3376/1159/6
f 3385/1166/6 3386/1165/6 3376/1159/6
f 3306/1164/6 3297/1155/6 3298/1167/6
f 3305/1168/6 3306/1164/6 3298/1167/6
f 3385/1166/6 3376/1159/6 3377/1169/6
f 3384/1170/6 3385/1166/6 3377/1169/6
f 3304/1171/6 3305/1168/6 3298/1167/6
f 3383/1172/6 3384/1170/6 3377/1169/6
f 3210/1138/6 3130/1131/6 3131/1173/6
f 3303/1174/6 3304/1171/6 3298/1167/6
f 3382/1175/6 3383/1172/6 3377/1169/6
f 3281/1163/6 3254/1148/6 3255/1176/6
f 3302/1177/6 3303/1174/6 3298/1167/6
f 3381/1178/6 3382/1175/6 3377/1169/6
f 3381/1178/6 3377/1169/6 3380/1179/6
f 3380/1179/6 3377/1169/6 3379/1180/6
f 3379/1180/6 3377/1169/6 3378/1181/6
f 3302/1177/6 3298/1167/6 3301/1182/6
f 3301/1182/6 3298/1167/6 3300/1183/6
f 3300/1183/6 3298/1167/6 3299/1184/6
f 3209/1185/6 3210/1138/6 3131/1173/6
f 3245/1186/6 3246/1147/6 3216/1150/6
f 3245/1186/6 3216/1150/6 3217/1187/6
f 3280/1188/6 3281/1163/6 3255/1176/6
f 3344/1119/6 3345/1190/6 3346/1189/6
f 3280/1188/6 3255/1176/6 3256/1191/6
f 3279/1192/6 3280/1188/6 3256/1191/6
f 3364/1117/6 3344/1119/6 3346/1189/6
f 3244/1193/6 3245/1186/6 3217/1187/6
f 3208/1194/6 3209/1185/6 3131/1173/6
f 3208/1194/6 3131/1173/6 3132/1195/6
f 3279/1192/6 3256/1191/6 3257/1196/6
f 3244/1193/6 3217/1187/6 3218/1197/6
f 3363/1198/6 3364/1117/6 3346/1189/6
f 3362/1199/6 3363/1198/6 3346/1189/6
f 3278/1200/6 3279/1192/6 3257/1196/6
f 3361/1201/6 3362/1199/6 3346/1189/6
f 3361/1201/6 3346/1189/6 3347/1202/6
f 3360/1203/6 3361/1201/6 3347/1202/6
f 3359/1204/6 3360/1203/6 3347/1202/6
f 3358/1205/6 3359/1204/6 3347/1202/6
f 3357/1206/6 3358/1205/6 3347/1202/6
f 3278/1200/6 3257/1196/6 3258/1207/6
f 3356/1208/6 3357/1206/6 3347/1202/6
f 3355/1209/6 3356/1208/6 3347/1202/6
f 3277/1210/6 3278/1200/6 3258/1207/6
f 3243/1211/6 3244/1193/6 3218/1197/6
f 3354/1212/6 3355/1209/6 3347/1202/6
f 3353/1213/6 3354/1212/6 3347/1202/6
f 3352/1214/6 3353/1213/6 3347/1202/6
f 3352/1214/6 3347/1202/6 3350/1215/6
f 3350/1215/6 3347/1202/6 3348/1216/6
f 3351/1217/6 3352/1214/6 3350/1215/6
f 3207/1218/6 3208/1194/6 3132/1195/6
f 3243/1211/6 3218/1197/6 3219/1219/6
f 3207/1218/6 3132/1195/6 3133/1220/6
f 3277/1210/6 3258/1207/6 3259/1221/6
f 3276/1222/6 3277/1210/6 3259/1221/6
f 3349/1223/6 3350/1215/6 3348/1216/6
f 3242/1224/6 3243/1211/6 3219/1219/6
f 3275/1225/6 3276/1222/6 3259/1221/6
f 3275/1225/6 3259/1221/6 3260/1226/6
f 3206/1227/6 3207/1218/6 3133/1220/6
f 3242/1224/6 3219/1219/6 3220/1228/6
f 3274/1229/6 3275/1225/6 3260/1226/6
f 3206/1227/6 3133/1220/6 3134/1230/6
f 3274/1229/6 3260/1226/6 3261/1231/6
f 3273/1232/6 3274/1229/6 3261/1231/6
f 3241/1233/6 3242/1224/6 3220/1228/6
f 3272/1234/6 3273/1232/6 3261/1231/6
f 3271/1235/6 3272/1234/6 3261/1231/6
f 3270/1236/6 3271/1235/6 3261/1231/6
f 3269/1237/6 3270/1236/6 3261/1231/6
f 3205/1238/6 3206/1227/6 3134/1230/6
f 3268/1239/6 3269/1237/6 3261/1231/6
f 3268/1239/6 3261/1231/6 3267/1240/6
f 3267/1240/6 3261/1231/6 3266/1241/6
f 3266/1241/6 3261/1231/6 3265/1242/6
f 3265/1242/6 3261/1231/6 3264/1243/6
f 3264/1243/6 3261/1231/6 3263/1244/6
f 3263/1244/6 3261/1231/6 3262/1245/6
f 3241/1233/6 3220/1228/6 3221/1246/6
f 3205/1238/6 3134/1230/6 3135/1247/6
f 3240/1248/6 3241/1233/6 3221/1246/6
f 3204/1249/6 3205/1238/6 3135/1247/6
f 3240/1248/6 3221/1246/6 3222/1250/6
f 3204/1249/6 3135/1247/6 3136/1251/6
f 3203/1252/6 3204/1249/6 3136/1251/6
f 3239/1253/6 3240/1248/6 3222/1250/6
f 3202/1254/6 3203/1252/6 3136/1251/6
f 3202/1254/6 3136/1251/6 3137/1255/6
f 3239/1253/6 3222/1250/6 3223/1256/6
f 3238/1257/6 3239/1253/6 3223/1256/6
f 3201/1258/6 3202/1254/6 3137/1255/6
f 3201/1258/6 3137/1255/6 3138/1259/6
f 3200/1260/6 3201/1258/6 3138/1259/6
f 3199/1261/6 3200/1260/6 3138/1259/6
f 3198/1262/6 3199/1261/6 3138/1259/6
f 3237/1263/6 3238/1257/6 3223/1256/6
f 3237/1263/6 3223/1256/6 3224/1264/6
f 3197/1265/6 3198/1262/6 3138/1259/6
f 3196/1266/6 3197/1265/6 3138/1259/6
f 3195/1267/6 3196/1266/6 3138/1259/6
f 3175/1268/6 3176/1270/6 3177/1269/6
f 3194/1271/6 3195/1267/6 3138/1259/6
f 3194/1271/6 3138/1259/6 3139/1272/6
f 3175/1268/6 3177/1269/6 3178/1273/6
f 3175/1268/6 3178/1273/6 3179/1274/6
f 3193/1275/6 3194/1271/6 3139/1272/6
f 3175/1268/6 3179/1274/6 3180/1276/6
f 3192/1277/6 3193/1275/6 3139/1272/6
f 3175/1268/6 3180/1276/6 3181/1278/6
f 3175/1268/6 3181/1278/6 3182/1279/6
f 3191/1280/6 3192/1277/6 3139/1272/6
f 3175/1268/6 3182/1279/6 3183/1281/6
f 3190/1282/6 3191/1280/6 3139/1272/6
f 3175/1268/6 3183/1281/6 3184/1283/6
f 3175/1268/6 3184/1283/6 3185/1284/6
f 3189/1285/6 3190/1282/6 3139/1272/6
f 3175/1268/6 3185/1284/6 3186/1286/6
f 3175/1268/6 3186/1286/6 3187/1287/6
f 3188/1288/6 3189/1285/6 3139/1272/6
f 3175/1268/6 3187/1287/6 3188/1288/6
f 3175/1268/6 3188/1288/6 3139/1272/6
f 3174/1289/6 3175/1268/6 3139/1272/6
f 3173/1290/6 3174/1289/6 3139/1272/6
f 3172/1291/6 3173/1290/6 3139/1272/6
f 3172/1291/6 3139/1272/6 3140/1292/6
f 3171/1293/6 3172/1291/6 3140/1292/6
f 3236/1294/6 3237/1263/6 3224/1264/6
f 3235/1295/6 3236/1294/6 3224/1264/6
f 3170/1296/6 3171/1293/6 3140/1292/6
f 3234/1297/6 3235/1295/6 3224/1264/6
f 3233/1298/6 3234/1297/6 3224/1264/6
f 3233/1298/6 3224/1264/6 3232/1299/6
f 3232/1299/6 3224/1264/6 3231/1300/6
f 3231/1300/6 3224/1264/6 3230/1301/6
f 3230/1301/6 3224/1264/6 3229/1302/6
f 3229/1302/6 3224/1264/6 3228/1303/6
f 3228/1303/6 3224/1264/6 3227/1304/6
f 3227/1304/6 3224/1264/6 3226/1305/6
f 3226/1305/6 3224/1264/6 3225/1306/6
f 3170/1296/6 3140/1292/6 3141/1307/6
f 3169/1308/6 3170/1296/6 3141/1307/6
f 3169/1308/6 3141/1307/6 3142/1309/6
f 3168/1310/6 3169/1308/6 3142/1309/6
f 3168/1310/6 3142/1309/6 3143/1311/6
f 3167/1312/6 3168/1310/6 3143/1311/6
f 3167/1312/6 3143/1311/6 3144/1313/6
f 3167/1312/6 3144/1313/6 3145/1314/6
f 3166/1315/6 3167/1312/6 3145/1314/6
f 3166/1315/6 3145/1314/6 3146/1316/6
f 3165/1317/6 3166/1315/6 3146/1316/6
f 3165/1317/6 3146/1316/6 3147/1318/6
f 3165/1317/6 3147/1318/6 3148/1319/6
f 3165/1317/6 3148/1319/6 3149/1320/6
f 3164/1321/6 3165/1317/6 3149/1320/6
f 3164/1321/6 3149/1320/6 3150/1322/6
f 3164/1321/6 3150/1322/6 3151/1323/6
f 3164/1321/6 3151/1323/6 3152/1324/6
f 3163/1325/6 3164/1321/6 3152/1324/6
f 3163/1325/6 3152/1324/6 3153/1326/6
f 3162/1327/6 3163/1325/6 3153/1326/6
f 3162/1327/6 3153/1326/6 3154/1328/6
f 3161/1329/6 3162/1327/6 3154/1328/6
f 3161/1329/6 3154/1328/6 3155/1330/6
f 3160/1331/6 3161/1329/6 3155/1330/6
f 3160/1331/6 3155/1330/6 3156/1332/6
f 3159/1333/6 3160/1331/6 3156/1332/6
f 3159/1333/6 3156/1332/6 3157/1334/6
f 3158/1335/6 3159/1333/6 3157/1334/6
f 3599/1336/6 3600/14/6 3476/1337/6
f 3599/1336/6 3476/1337/6 3477/1338/6
f 3599/1336/6 3477/1338/6 3478/1339/6
f 3599/1336/6 3478/1339/6 3479/1340/6
f 3598/1341/6 3599/1336/6 3479/1340/6
f 3598/1341/6 3479/1340/6 3480/1342/6
f 3597/1343/6 3598/1341/6 3480/1342/6
f 3596/1344/6 3597/1343/6 3480/1342/6
f 3596/1344/6 3480/1342/6 3481/317/6
f 3595/1345/6 3596/1344/6 3481/317/6
f 3595/1345/6 3481/317/6 3482/1346/6
f 3594/1347/6 3595/1345/6 3482/1346/6
f 3593/406/6 3594/1347/6 3482/1346/6
f 3593/406/6 3482/1346/6 3483/1348/6
f 3592/1349/6 3593/406/6 3483/1348/6
f 3592/1349/6 3483/1348/6 3484/1350/6
f 3591/1351/6 3592/1349/6 3484/1350/6
f 3590/1352/6 3591/1351/6 3484/1350/6
f 3590/1352/6 3484/1350/6 3485/1353/6
f 3589/1354/6 3590/1352/6 3485/1353/6
f 3589/1354/6 3485/1353/6 3486/1355/6
f 3588/1356/6 3589/1354/6 3486/1355/6
f 3588/1356/6 3486/1355/6 3487/1357/6
f 3587/1358/6 3588/1356/6 3487/1357/6
f 3585/1359/6 3586/435/6 3587/1358/6
f 3585/1359/6 3587/1358/6 3487/1357/6
f 3585/1359/6 3487/1357/6 3488/361/6
f 3585/1359/6 3488/361/6 3489/1360/6
f 3584/1361/1 3585/1359/1 3489/1360/1
f 3583/1362/6 3584/1361/6 3490/1363/6
f 3490/1363/1 3584/1361/1 3489/1360/1
f 3583/1362/6 3490/1363/6 3491/1364/6
f 3515/1365/6 3516/439/6 3517/1366/6
f 3583/1362/6 3491/1364/6 3492/1367/6
f 3514/1368/6 3515/1365/6 3517/1366/6
f 3583/1362/6 3492/1367/6 3493/1369/6
f 3582/1370/6 3583/1362/6 3493/1369/6
f 3513/1371/6 3514/1368/6 3517/1366/6
f 3582/1370/6 3493/1369/6 3494/1372/6
f 3513/1371/6 3517/1366/6 3518/1373/6
f 3581/1374/6 3582/1370/6 3494/1372/6
f 3512/1375/6 3513/1371/6 3518/1373/6
f 3581/1374/6 3494/1372/6 3495/444/6
f 3512/1375/6 3518/1373/6 3519/1376/6
f 3580/1377/6 3581/1374/6 3495/444/6
f 3580/1377/6 3495/444/6 3496/1378/6
f 3511/1379/6 3512/1375/6 3519/1376/6
f 3511/1379/6 3519/1376/6 3520/1380/6
f 3579/412/6 3580/1377/6 3496/1378/6
f 3511/1379/6 3520/1380/6 3521/1381/6
f 3579/412/6 3496/1378/6 3497/1382/6
f 3510/1383/6 3511/1379/6 3521/1381/6
f 3578/1384/6 3579/412/6 3497/1382/6
f 3510/1383/6 3521/1381/6 3522/1385/6
f 3578/1384/6 3497/1382/6 3498/1386/6
f 3509/465/6 3510/1383/6 3522/1385/6
f 3577/1387/6 3578/1384/6 3498/1386/6
f 3509/465/6 3522/1385/6 3523/454/6
f 3577/1387/6 3498/1386/6 3499/1388/6
f 3576/1389/6 3577/1387/6 3499/1388/6
f 3508/1390/6 3509/465/6 3523/454/6
f 3508/1390/6 3523/454/6 3524/1391/6
f 3576/1389/6 3499/1388/6 3500/1392/6
f 3575/1393/6 3576/1389/6 3500/1392/6
f 3508/1390/6 3524/1391/6 3525/1394/6
f 3507/1395/6 3508/1390/6 3525/1394/6
f 3575/1393/6 3500/1392/6 3501/1396/6
f 3574/1397/6 3575/1393/6 3501/1396/6
f 3507/1395/6 3525/1394/6 3526/1398/6
f 3506/1399/6 3507/1395/6 3526/1398/6
f 3574/1397/6 3501/1396/6 3502/476/6
f 3573/1400/6 3574/1397/6 3502/476/6
f 3506/1399/6 3526/1398/6 3527/1401/6
f 3573/1400/6 3502/476/6 3503/1402/6
f 3505/1403/6 3506/1399/6 3527/1401/6
f 3572/481/6 3573/1400/6 3503/1402/6
f 3505/1403/6 3527/1401/6 3528/1404/6
f 3504/1405/6 3505/1403/6 3528/1404/6
f 3571/1406/6 3572/481/6 3503/1402/6
f 3504/1405/6 3528/1404/6 3529/1407/6
f 3569/1408/6 3570/1410/6 3532/1409/6
f 3532/1409/6 3570/1410/6 3571/1406/6
f 3532/1409/6 3571/1406/6 3503/1402/6
f 3532/1409/6 3503/1402/6 3504/1405/6
f 3532/1409/6 3504/1405/6 3529/1407/6
f 3532/1409/6 3529/1407/6 3530/419/6
f 3532/1409/6 3530/419/6 3531/1411/6
f 3569/1408/6 3532/1409/6 3533/1412/6
f 3473/1413/6 3474/334/6 3475/1414/6
f 3416/1415/6 3417/1416/6 3418/299/6
f 3416/1415/6 3418/299/6 3419/1417/6
f 3473/1413/6 3475/1414/6 3404/102/6
f 3472/1418/6 3473/1413/6 3404/102/6
f 3472/1418/6 3404/102/6 3405/1419/6
f 3472/1418/6 3405/1419/6 3406/1420/6
f 3472/1418/6 3406/1420/6 3407/1421/6
f 3471/1422/6 3472/1418/6 3407/1421/6
f 3471/1422/6 3407/1421/6 3408/1423/6
f 3471/1422/6 3408/1423/6 3409/1424/6
f 3471/1422/6 3409/1424/6 3410/1425/6
f 3470/1426/6 3471/1422/6 3410/1425/6
f 3470/1426/6 3410/1425/6 3411/281/6
f 3568/1427/6 3569/1408/6 3533/1412/6
f 3470/1426/6 3411/281/6 3412/1428/6
f 3568/1427/6 3533/1412/6 3534/1429/6
f 3470/1426/6 3412/1428/6 3413/1430/6
f 3469/1431/6 3470/1426/6 3413/1430/6
f 3469/1431/6 3413/1430/6 3414/1432/6
f 3469/1431/6 3414/1432/6 3415/1433/6
f 3469/1431/6 3415/1433/6 3416/1415/6
f 3469/1431/6 3416/1415/6 3419/1417/6
f 3469/1431/6 3419/1417/6 3420/1434/6
f 3469/1431/6 3420/1434/6 3421/1435/6
f 3468/1436/6 3469/1431/6 3421/1435/6
f 3567/1437/6 3568/1427/6 3534/1429/6
f 3567/1437/6 3534/1429/6 3535/1438/6
f 3467/309/6 3468/1436/6 3421/1435/6
f 3566/1439/6 3567/1437/6 3535/1438/6
f 3466/1440/6 3467/309/6 3421/1435/6
f 3566/1439/6 3535/1438/6 3536/1441/6
f 3465/1442/6 3466/1440/6 3438/1443/6
f 3438/1443/6 3466/1440/6 3421/1435/6
f 3465/1442/6 3438/1443/6 3439/363/6
f 3437/1444/1 3438/1443/1 3421/1435/1
f 3436/1445/6 3437/1444/6 3422/1446/6
f 3422/1446/1 3437/1444/1 3421/1435/1
f 3436/1445/6 3422/1446/6 3423/1447/6
f 3465/1442/6 3439/363/6 3440/1448/6
f 3565/490/6 3566/1439/6 3536/1441/6
f 3464/1449/6 3465/1442/6 3440/1448/6
f 3464/1449/6 3440/1448/6 3441/1450/6
f 3565/490/6 3536/1441/6 3537/372/6
f 3464/1449/6 3441/1450/6 3442/1451/6
f 3463/1452/6 3464/1449/6 3442/1451/6
f 3463/1452/6 3442/1451/6 3443/1453/6
f 3462/1454/6 3463/1452/6 3443/1453/6
f 3462/1454/6 3443/1453/6 3444/1455/6
f 3564/1456/6 3565/490/6 3537/372/6
f 3462/1454/6 3444/1455/6 3445/1457/6
f 3461/1458/6 3462/1454/6 3445/1457/6
f 3460/291/6 3461/1458/6 3445/1457/6
f 3460/291/6 3445/1457/6 3446/336/6
f 3459/1459/6 3460/291/6 3446/336/6
f 3564/1456/6 3537/372/6 3538/1460/6
f 3458/1461/6 3459/1459/6 3446/336/6
f 3458/1461/6 3446/336/6 3447/1462/6
f 3457/1463/6 3458/1461/6 3447/1462/6
f 3456/1464/6 3457/1463/6 3447/1462/6
f 3456/1464/6 3447/1462/6 3448/1465/6
f 3455/1466/6 3456/1464/6 3448/1465/6
f 3454/1467/6 3455/1466/6 3448/1465/6
f 3454/1467/6 3448/1465/6 3449/1468/6
f 3453/315/6 3454/1467/6 3449/1468/6
f 3563/1469/6 3564/1456/6 3538/1460/6
f 3452/1470/6 3453/315/6 3449/1468/6
f 3452/1470/6 3449/1468/6 3451/1471/6
f 3451/1471/6 3449/1468/6 3450/1472/6
f 3434/1473/6 3435/1474/6 3436/1445/6
f 3434/1473/6 3436/1445/6 3423/1447/6
f 3434/1473/6 3423/1447/6 3424/1475/6
f 3434/1473/6 3424/1475/6 3425/278/6
f 3563/1469/6 3538/1460/6 3539/1476/6
f 3562/1477/6 3563/1469/6 3539/1476/6
f 3562/1477/6 3539/1476/6 3540/1478/6
f 3561/1479/6 3562/1477/6 3540/1478/6
f 3433/1480/1 3434/1473/1 3425/278/1
f 3432/384/6 3433/1480/6 3426/1481/6
f 3426/1481/1 3433/1480/1 3425/278/1
f 3432/384/6 3426/1481/6 3427/1482/6
f 3561/1479/6 3540/1478/6 3541/1483/6
f 3560/1484/6 3561/1479/6 3541/1483/6
f 3560/1484/6 3541/1483/6 3542/1485/6
f 3559/1486/6 3560/1484/6 3542/1485/6
f 3558/456/6 3559/1486/6 3542/1485/6
f 3558/456/6 3542/1485/6 3543/1487/6
f 3430/1488/6 3431/1489/6 3432/384/6
f 3430/1488/6 3432/384/6 3427/1482/6
f 3430/1488/6 3427/1482/6 3428/1490/6
f 3430/1488/6 3428/1490/6 3429/1491/6
f 3557/1492/6 3558/456/6 3543/1487/6
f 3557/1492/6 3543/1487/6 3544/347/6
f 3556/1493/6 3557/1492/6 3544/347/6
f 3555/1494/6 3556/1493/6 3544/347/6
f 3554/1495/6 3555/1494/6 3544/347/6
f 3553/1496/6 3554/1495/6 3544/347/6
f 3553/1496/6 3544/347/6 3552/1497/6
f 3552/1497/6 3544/347/6 3551/371/6
f 3551/371/6 3544/347/6 3550/1498/6
f 3550/1498/6 3544/347/6 3549/1499/6
f 3549/1499/6 3544/347/6 3548/1500/6
f 3548/1500/6 3544/347/6 3547/1501/6
f 3547/1501/6 3544/347/6 3546/1502/6
f 3546/1502/6 3544/347/6 3545/1503/6
f 3683/1504/6 3684/1505/6 3685/1242/6
f 3683/1504/6 3685/1242/6 3686/1506/6
f 3682/1507/6 3683/1504/6 3686/1506/6
f 3682/1507/6 3686/1506/6 3687/1508/6
f 3681/1509/6 3682/1507/6 3687/1508/6
f 3681/1509/6 3687/1508/6 3688/1510/6
f 3680/1511/6 3681/1509/6 3688/1510/6
f 3680/1511/6 3688/1510/6 3689/1512/6
f 3679/476/6 3680/1511/6 3636/1513/6
f 3636/1513/6 3680/1511/6 3745/1179/6
f 3745/1179/6 3680/1511/6 3689/1512/6
f 3636/1513/6 3745/1179/6 3746/1514/6
f 3744/1515/6 3745/1179/6 3689/1512/6
f 3679/476/6 3636/1513/6 3637/1290/6
f 3635/1516/6 3636/1513/6 3746/1514/6
f 3744/1515/6 3689/1512/6 3690/1517/6
f 3743/1518/6 3744/1515/6 3690/1517/6
f 3679/476/6 3637/1290/6 3638/1519/6
f 3678/1520/6 3679/476/6 3638/1519/6
f 3742/1521/6 3743/1518/6 3690/1517/6
f 3635/1516/6 3746/1514/6 3747/1522/6
f 3678/1520/6 3638/1519/6 3639/1523/6
f 3634/1524/6 3635/1516/6 3747/1522/6
f 3741/1525/6 3742/1521/6 3690/1517/6
f 3741/1525/6 3690/1517/6 3691/1526/6
f 3678/1520/6 3639/1523/6 3640/315/6
f 3634/1524/6 3747/1522/6 3748/1527/6
f 3677/1528/6 3678/1520/6 3640/315/6
f 3633/1529/6 3634/1524/6 3748/1527/6
f 3740/1530/6 3741/1525/6 3691/1526/6
f 3677/1528/6 3640/315/6 3641/1531/6
f 3740/1530/6 3691/1526/6 3692/1532/6
f 3739/1533/6 3740/1530/6 3692/1532/6
f 3632/1534/6 3633/1529/6 3748/1527/6
f 3632/1534/6 3748/1527/6 3749/1535/6
f 3676/1536/6 3677/1528/6 3641/1531/6
f 3676/1536/6 3641/1531/6 3642/1537/6
f 3631/1538/6 3632/1534/6 3749/1535/6
f 3738/1539/6 3739/1533/6 3692/1532/6
f 3631/1538/6 3749/1535/6 3750/1540/6
f 3738/1539/6 3692/1532/6 3693/1541/6
f 3630/1542/6 3631/1538/6 3750/1540/6
f 3630/1542/6 3750/1540/6 3751/1543/6
f 3737/1544/6 3738/1539/6 3693/1541/6
f 3676/1536/6 3642/1537/6 3643/1545/6
f 3675/1546/6 3676/1536/6 3643/1545/6
f 3629/1547/6 3630/1542/6 3751/1543/6
f 3629/1547/6 3751/1543/6 3752/1548/6
f 3737/1544/6 3693/1541/6 3694/1549/6
f 3736/1550/6 3737/1544/6 3694/1549/6
f 3675/1546/6 3643/1545/6 3644/1551/6
f 3628/1552/6 3629/1547/6 3752/1548/6
f 3628/1552/6 3752/1548/6 3753/1553/6
f 3674/1554/6 3675/1546/6 3644/1551/6
f 3735/1555/6 3736/1550/6 3694/1549/6
f 3627/1556/6 3628/1552/6 3753/1553/6
f 3674/1554/6 3644/1551/6 3645/1557/6
f 3627/1556/6 3753/1553/6 3754/1558/6
f 3735/1555/6 3694/1549/6 3695/1559/6
f 3626/1560/6 3627/1556/6 3754/1558/6
f 3626/1560/6 3754/1558/6 3755/1561/6
f 3734/1562/6 3735/1555/6 3695/1559/6
f 3674/1554/6 3645/1557/6 3646/1563/6
f 3673/1224/6 3674/1554/6 3646/1563/6
f 3625/1322/6 3626/1560/6 3755/1561/6
f 3625/1322/6 3755/1561/6 3756/1564/6
f 3734/1562/6 3695/1559/6 3696/1565/6
f 3624/1566/6 3625/1322/6 3756/1564/6
f 3733/1206/6 3734/1562/6 3696/1565/6
f 3673/1224/6 3646/1563/6 3647/1567/6
f 3624/1566/6 3756/1564/6 3757/14/6
f 3623/1568/6 3624/1566/6 3757/14/6
f 3672/1569/6 3673/1224/6 3647/1567/6
f 3623/1568/6 3757/14/6 3649/1266/6
f 3732/1570/6 3733/1206/6 3696/1565/6
f 3672/1569/6 3647/1567/6 3648/1571/6
f 3732/1570/6 3696/1565/6 3697/1099/6
f 3622/1572/6 3623/1568/6 3649/1266/6
f 3672/1569/6 3648/1571/6 3601/102/6
f 3731/1573/6 3732/1570/6 3697/1099/6
f 3671/1574/6 3672/1569/6 3601/102/6
f 3622/1572/6 3649/1266/6 3650/1575/6
f 3731/1573/6 3697/1099/6 3698/1576/6
f 3621/1577/6 3622/1572/6 3650/1575/6
f 3671/1574/6 3601/102/6 3602/1578/6
f 3730/1579/6 3731/1573/6 3698/1576/6
f 3670/1580/6 3671/1574/6 3602/1578/6
f 3620/1581/6 3621/1577/6 3650/1575/6
f 3670/1580/6 3602/1578/6 3603/1582/6
f 3620/1581/6 3650/1575/6 3651/1583/6
f 3730/1579/6 3698/1576/6 3699/1584/6
f 3729/1585/6 3730/1579/6 3699/1584/6
f 3670/1580/6 3603/1582/6 3604/1586/6
f 3619/1587/6 3620/1581/6 3651/1583/6
f 3669/1588/6 3670/1580/6 3604/1586/6
f 3619/1587/6 3651/1583/6 3652/1589/6
f 3669/1588/6 3604/1586/6 3605/1590/6
f 3618/1591/6 3619/1587/6 3652/1589/6
f 3729/1585/6 3699/1584/6 3700/1592/6
f 3728/1593/6 3729/1585/6 3700/1592/6
f 3668/1594/6 3669/1588/6 3605/1590/6
f 3668/1594/6 3605/1590/6 3606/1595/6
f 3617/1596/6 3618/1591/6 3652/1589/6
f 3617/1596/6 3652/1589/6 3653/1597/6
f 3668/1594/6 3606/1595/6 3607/1598/6
f 3727/1599/6 3728/1593/6 3700/1592/6
f 3616/1600/6 3617/1596/6 3653/1597/6
f 3667/1601/6 3668/1594/6 3607/1598/6
f 3667/1601/6 3607/1598/6 3608/1602/6
f 3727/1599/6 3700/1592/6 3701/1603/6
f 3615/1604/6 3616/1600/6 3653/1597/6
f 3667/1601/6 3608/1602/6 3609/1605/6
f 3726/1606/6 3727/1599/6 3701/1603/6
f 3615/1604/6 3653/1597/6 3654/1607/6
f 3614/1608/6 3615/1604/6 3654/1607/6
f 3667/1601/6 3609/1605/6 3610/1609/6
f 3613/1090/6 3614/1608/6 3654/1607/6
f 3667/1601/6 3610/1609/6 3611/1610/6
f 3666/1611/6 3667/1601/6 3611/1610/6
f 3612/1612/6 3613/1090/6 3654/1607/6
f 3666/1611/6 3611/1610/6 3612/1612/6
f 3666/1611/6 3612/1612/6 3654/1607/6
f 3725/1613/6 3726/1606/6 3701/1603/6
f 3725/1613/6 3701/1603/6 3702/1614/6
f 3666/1611/6 3654/1607/6 3655/1615/6
f 3665/1616/6 3666/1611/6 3655/1615/6
f 3724/1617/6 3725/1613/6 3702/1614/6
f 3665/1616/6 3655/1615/6 3656/1618/6
f 3664/1619/6 3665/1616/6 3656/1618/6
f 3724/1617/6 3702/1614/6 3703/1620/6
f 3723/1621/6 3724/1617/6 3703/1620/6
f 3664/1619/6 3656/1618/6 3657/1622/6
f 3663/1623/6 3664/1619/6 3657/1622/6
f 3722/1624/6 3723/1621/6 3703/1620/6
f 3721/1078/6 3722/1624/6 3703/1620/6
f 3663/1623/6 3657/1622/6 3658/1625/6
f 3662/1626/6 3663/1623/6 3658/1625/6
f 3721/1078/6 3703/1620/6 3704/1627/6
f 3720/1628/6 3721/1078/6 3704/1627/6
f 3719/1629/6 3720/1628/6 3704/1627/6
f 3718/371/6 3719/1629/6 3704/1627/6
f 3662/1626/6 3658/1625/6 3659/1630/6
f 3661/1219/6 3662/1626/6 3659/1630/6
f 3717/1631/6 3718/371/6 3704/1627/6
f 3716/1632/6 3717/1631/6 3704/1627/6
f 3715/1633/6 3716/1632/6 3704/1627/6
f 3714/1634/6 3715/1633/6 3704/1627/6
f 3713/1635/6 3714/1634/6 3704/1627/6
f 3712/1636/6 3713/1635/6 3704/1627/6
f 3661/1219/6 3659/1630/6 3660/1637/6
f 3711/1638/6 3712/1636/6 3704/1627/6
f 3710/1639/6 3711/1638/6 3704/1627/6
f 3709/1146/6 3710/1639/6 3704/1627/6
f 3708/1640/6 3709/1146/6 3704/1627/6
f 3708/1640/6 3704/1627/6 3705/1641/6
f 3708/1640/6 3705/1641/6 3706/1642/6
f 3708/1640/6 3706/1642/6 3707/1643/6
f 3788/1279/6 3789/1645/6 3790/1644/6
f 3788/1279/6 3790/1644/6 3791/1646/6
f 3786/1647/6 3787/1648/6 3788/1279/6
f 3786/1647/6 3788/1279/6 3791/1646/6
f 3786/1647/6 3791/1646/6 3792/1649/6
f 3786/1647/6 3792/1649/6 3793/1267/6
f 3785/1650/1 3786/1647/1 3793/1267/1
f 3784/1651/6 3785/1650/6 3794/1652/6
f 3794/1652/1 3785/1650/1 3793/1267/1
f 3784/1651/6 3794/1652/6 3795/1653/6
f 3782/1654/6 3783/1308/6 3784/1651/6
f 3782/1654/6 3784/1651/6 3795/1653/6
f 3782/1654/6 3795/1653/6 3796/1655/6
f 3782/1654/6 3796/1655/6 3797/1656/6
f 3781/1657/1 3782/1654/1 3797/1656/1
f 3780/1658/6 3781/1657/6 3798/1194/6
f 3798/1194/1 3781/1657/1 3797/1656/1
f 3780/1658/6 3798/1194/6 3799/1659/6
f 3780/1658/6 3799/1659/6 3800/1660/6
f 3779/1661/6 3780/1658/6 3800/1660/6
f 3779/1661/6 3800/1660/6 3801/1662/6
f 3823/1232/6 3824/1664/6 3825/1663/6
f 3778/1332/6 3779/1661/6 3801/1662/6
f 3823/1232/6 3825/1663/6 3826/1665/6
f 3778/1332/6 3801/1662/6 3802/1666/6
f 3777/1667/6 3778/1332/6 3802/1666/6
f 3822/1668/6 3823/1232/6 3826/1665/6
f 3821/1669/6 3822/1668/6 3826/1665/6
f 3777/1667/6 3802/1666/6 3803/1246/6
f 3821/1669/6 3826/1665/6 3827/1670/6
f 3776/1671/6 3777/1667/6 3803/1246/6
f 3820/1672/6 3821/1669/6 3827/1670/6
f 3819/1673/6 3820/1672/6 3827/1670/6
f 3776/1671/6 3803/1246/6 3804/1674/6
f 3775/1675/6 3776/1671/6 3804/1674/6
f 3819/1673/6 3827/1670/6 3828/1100/6
f 3818/1226/6 3819/1673/6 3828/1100/6
f 3817/1676/6 3818/1226/6 3828/1100/6
f 3774/1677/6 3775/1675/6 3804/1674/6
f 3774/1677/6 3804/1674/6 3805/1678/6
f 3817/1676/6 3828/1100/6 3829/1679/6
f 3816/1680/6 3817/1676/6 3829/1679/6
f 3773/1311/6 3774/1677/6 3805/1678/6
f 3773/1311/6 3805/1678/6 3806/1681/6
f 3815/1682/6 3816/1680/6 3829/1679/6
f 3815/1682/6 3829/1679/6 3830/1683/6
f 3772/1684/6 3773/1311/6 3806/1681/6
f 3814/1685/6 3815/1682/6 3830/1683/6
f 3772/1684/6 3806/1681/6 3807/1686/6
f 3813/1126/6 3814/1685/6 3830/1683/6
f 3771/1687/6 3772/1684/6 3807/1686/6
f 3813/1126/6 3830/1683/6 3831/1688/6
f 3770/1689/6 3771/1687/6 3807/1686/6
f 3812/1690/6 3813/1126/6 3831/1688/6
f 3770/1689/6 3807/1686/6 3808/1297/6
f 3769/1691/6 3770/1689/6 3808/1297/6
f 3811/1692/6 3812/1690/6 3831/1688/6
f 3811/1692/6 3831/1688/6 3832/1693/6
f 3768/1131/6 3769/1691/6 3808/1297/6
f 3768/1131/6 3808/1297/6 3809/1694/6
f 3767/1695/6 3768/1131/6 3809/1694/6
f 3810/1696/6 3811/1692/6 3832/1693/6
f 3766/1697/6 3767/1695/6 3809/1694/6
f 3766/1697/6 3809/1694/6 3810/1696/6
f 3810/1696/6 3832/1693/6 3833/1184/6
f 3765/1698/6 3766/1697/6 3810/1696/6
f 3764/1699/6 3765/1698/6 3810/1696/6
f 3763/1075/6 3764/1699/6 3810/1696/6
f 3762/1700/6 3763/1075/6 3810/1696/6
f 3762/1700/6 3810/1696/6 3833/1184/6
f 3761/1701/6 3762/1700/6 3833/1184/6
f 3761/1701/6 3833/1184/6 3834/1702/6
f 3760/1703/6 3761/1701/6 3834/1702/6
f 3759/1704/6 3760/1703/6 3834/1702/6
f 3758/102/6 3759/1704/6 3834/1702/6
f 3873/14/6 3758/102/6 3834/1702/6
f 3872/1705/6 3873/14/6 3834/1702/6
f 3871/1706/6 3872/1705/6 3834/1702/6
f 3870/1707/6 3871/1706/6 3849/1708/6
f 3849/1708/6 3871/1706/6 3834/1702/6
f 3849/1708/6 3834/1702/6 3835/1709/6
f 3870/1707/6 3849/1708/6 3850/1710/6
f 3848/1043/6 3849/1708/6 3835/1709/6
f 3869/1711/6 3870/1707/6 3850/1710/6
f 3847/1712/6 3848/1043/6 3835/1709/6
f 3869/1711/6 3850/1710/6 3851/1713/6
f 3868/1151/6 3869/1711/6 3851/1713/6
f 3846/1714/6 3847/1712/6 3835/1709/6
f 3868/1151/6 3851/1713/6 3852/1715/6
f 3867/1716/6 3868/1151/6 3852/1715/6
f 3845/1717/6 3846/1714/6 3835/1709/6
f 3845/1717/6 3835/1709/6 3836/1718/6
f 3867/1716/6 3852/1715/6 3853/1217/6
f 3866/1719/6 3867/1716/6 3853/1217/6
f 3844/1720/6 3845/1717/6 3836/1718/6
f 3866/1719/6 3853/1217/6 3854/1721/6
f 3865/1722/6 3866/1719/6 3854/1721/6
f 3865/1722/6 3854/1721/6 3855/1723/6
f 3843/1052/6 3844/1720/6 3836/1718/6
f 3864/1724/6 3865/1722/6 3855/1723/6
f 3864/1724/6 3855/1723/6 3856/1725/6
f 3842/1726/6 3843/1052/6 3836/1718/6
f 3864/1724/6 3856/1725/6 3857/1727/6
f 3863/1169/6 3864/1724/6 3857/1727/6
f 3842/1726/6 3836/1718/6 3841/1728/6
f 3841/1728/6 3836/1718/6 3840/1729/6
f 3840/1729/6 3836/1718/6 3839/1730/6
f 3839/1730/6 3836/1718/6 3838/1139/6
f 3838/1139/6 3836/1718/6 3837/1731/6
f 3863/1169/6 3857/1727/6 3858/1117/6
f 3863/1169/6 3858/1117/6 3859/1732/6
f 3862/1733/6 3863/1169/6 3859/1732/6
f 3862/1733/6 3859/1732/6 3860/1734/6
f 3861/1735/6 3862/1733/6 3860/1734/6
f 4103/1736/6 4104/14/6 4079/1737/6
f 4103/1736/6 4079/1737/6 4080/1735/6
f 4103/1736/6 4080/1735/6 4081/1738/6
f 4102/1705/6 4103/1736/6 4081/1738/6
f 4102/1705/6 4081/1738/6 4082/1733/6
f 4101/1739/6 4102/1705/6 4082/1733/6
f 4101/1739/6 4082/1733/6 4083/1740/6
f 4100/1706/6 4101/1739/6 4083/1740/6
f 4100/1706/6 4083/1740/6 4084/1169/6
f 4099/1741/6 4100/1706/6 4084/1169/6
f 4099/1741/6 4084/1169/6 4085/1742/6
f 4098/1707/6 4099/1741/6 4085/1742/6
f 4098/1707/6 4085/1742/6 4086/1724/6
f 4097/1743/6 4098/1707/6 4086/1724/6
f 4097/1743/6 4086/1724/6 4087/1744/6
f 4096/1711/6 4097/1743/6 4087/1744/6
f 4096/1711/6 4087/1744/6 4088/1722/6
f 4096/1711/6 4088/1722/6 4089/1745/6
f 4095/1746/6 4096/1711/6 4089/1745/6
f 4095/1746/6 4089/1745/6 4090/1719/6
f 4094/1151/6 4095/1746/6 4090/1719/6
f 4094/1151/6 4090/1719/6 4093/1747/6
f 4093/1747/6 4090/1719/6 4092/1716/6
f 4092/1716/6 4090/1719/6 4091/1748/6
f 3942/1649/6 3943/1750/6 3949/1749/6
f 3949/1749/6 3943/1750/6 3944/1267/6
f 3949/1749/6 3944/1267/6 3954/1194/6
f 3954/1194/6 3944/1267/6 3874/102/6
f 3942/1649/6 3949/1749/6 3950/1655/6
f 3953/1751/6 3954/1194/6 3874/102/6
f 3942/1649/6 3950/1655/6 3946/1652/6
f 3946/1652/6 3950/1655/6 3951/1752/6
f 3946/1652/6 3951/1752/6 3945/1753/6
f 3945/1753/6 3951/1752/6 3952/1656/6
f 3942/1649/6 3946/1652/6 3947/1754/6
f 3948/1653/6 3945/1753/6 3952/1656/6
f 4075/1755/6 4076/1732/6 4077/1756/6
f 4075/1755/6 4077/1756/6 4074/1117/6
f 4074/1117/6 4077/1756/6 4078/1734/6
f 3940/1646/6 3941/1757/6 3938/1644/6
f 3938/1644/6 3941/1757/6 3942/1649/6
f 3938/1644/6 3942/1649/6 3947/1754/6
f 3938/1644/6 3947/1754/6 3948/1653/6
f 3938/1644/6 3948/1653/6 3952/1656/6
f 3938/1644/6 3952/1656/6 3953/1751/6
f 3938/1644/6 3953/1751/6 3874/102/6
f 3938/1644/6 3874/102/6 3875/1758/6
f 3938/1644/6 3875/1758/6 3937/1759/6
f 3937/1759/6 3875/1758/6 3876/1704/6
f 3940/1646/6 3938/1644/6 3939/1760/6
f 3936/1645/6 3937/1759/6 3876/1704/6
f 4073/1761/6 4074/1117/6 4078/1734/6
f 3958/1660/6 3959/1763/6 3963/1762/6
f 3963/1762/6 3959/1763/6 3960/1662/6
f 3963/1762/6 3960/1662/6 3962/1666/6
f 3962/1666/6 3960/1662/6 3955/1764/6
f 3958/1660/6 3963/1762/6 3964/1246/6
f 3961/1765/6 3962/1666/6 3955/1764/6
f 3958/1660/6 3964/1246/6 3956/1659/6
f 3956/1659/6 3964/1246/6 3961/1765/6
f 3956/1659/6 3961/1765/6 3955/1764/6
f 3958/1660/6 3956/1659/6 3957/1766/6
f 3935/1767/6 3936/1645/6 3876/1704/6
f 3935/1767/6 3876/1704/6 3877/1768/6
f 3934/1279/6 3935/1767/6 3877/1768/6
f 3933/1769/6 3934/1279/6 3877/1768/6
f 3932/1648/6 3933/1769/6 3877/1768/6
f 3932/1648/6 3877/1768/6 3878/1703/6
f 3931/1770/6 3932/1648/6 3878/1703/6
f 3930/1647/6 3931/1770/6 3878/1703/6
f 3929/1771/6 3930/1647/6 3878/1703/6
f 3928/1650/6 3929/1771/6 3878/1703/6
f 3927/1772/6 3928/1650/6 3878/1703/6
f 3911/1773/6 3912/1667/6 3913/1774/6
f 3926/1651/6 3927/1772/6 3878/1703/6
f 3911/1773/6 3913/1774/6 3914/1332/6
f 3925/1775/6 3926/1651/6 3878/1703/6
f 3911/1773/6 3914/1332/6 3915/1776/6
f 3924/1308/6 3925/1775/6 3878/1703/6
f 3923/1777/6 3924/1308/6 3878/1703/6
f 3911/1773/6 3915/1776/6 3916/1661/6
f 3922/1654/6 3923/1777/6 3878/1703/6
f 3911/1773/6 3916/1661/6 3917/1778/6
f 3921/1779/6 3922/1654/6 3878/1703/6
f 3911/1773/6 3917/1778/6 3918/1658/6
f 3920/1657/6 3921/1779/6 3878/1703/6
f 3911/1773/6 3918/1658/6 3919/1780/6
f 3919/1780/6 3920/1657/6 3878/1703/6
f 3911/1773/6 3919/1780/6 3878/1703/6
f 3911/1773/6 3878/1703/6 3879/1781/6
f 3910/1671/6 3911/1773/6 3879/1781/6
f 4072/1727/6 4073/1761/6 4078/1734/6
f 4071/1782/6 4072/1727/6 4078/1734/6
f 3909/1783/6 3910/1671/6 3879/1781/6
f 3909/1783/6 3879/1781/6 3880/1701/6
f 3908/1675/6 3909/1783/6 3880/1701/6
f 4070/1725/6 4071/1782/6 4078/1734/6
f 3908/1675/6 3880/1701/6 3881/1784/6
f 3907/1785/6 3908/1675/6 3881/1784/6
f 4070/1725/6 4078/1734/6 3965/1786/6
f 4069/1787/6 4070/1725/6 3965/1786/6
f 3907/1785/6 3881/1784/6 3882/1700/6
f 4069/1787/6 3965/1786/6 3966/1674/6
f 3906/1677/6 3907/1785/6 3882/1700/6
f 4069/1787/6 3966/1674/6 3967/1788/6
f 3906/1677/6 3882/1700/6 3883/1789/6
f 4068/1723/6 4069/1787/6 3967/1788/6
f 4068/1723/6 3967/1788/6 3968/1678/6
f 3905/1790/6 3906/1677/6 3883/1789/6
f 3905/1790/6 3883/1789/6 3884/1075/6
f 4068/1723/6 3968/1678/6 3969/1791/6
f 3904/1311/6 3905/1790/6 3884/1075/6
f 3904/1311/6 3884/1075/6 3885/1792/6
f 4068/1723/6 3969/1791/6 3970/1681/6
f 4067/1793/6 4068/1723/6 3970/1681/6
f 3904/1311/6 3885/1792/6 3886/1699/6
f 3903/1794/6 3904/1311/6 3886/1699/6
f 4067/1793/6 3970/1681/6 3971/1795/6
f 3903/1794/6 3886/1699/6 3887/1796/6
f 4067/1793/6 3971/1795/6 3972/1686/6
f 3902/1684/6 3903/1794/6 3887/1796/6
f 3902/1684/6 3887/1796/6 3888/1698/6
f 4066/1721/6 4067/1793/6 3972/1686/6
f 4066/1721/6 3972/1686/6 3973/1797/6
f 3902/1684/6 3888/1698/6 3889/1798/6
f 3901/1799/6 3902/1684/6 3889/1798/6
f 3901/1799/6 3889/1798/6 3890/1697/6
f 4066/1721/6 3973/1797/6 3974/1297/6
f 3901/1799/6 3890/1697/6 3891/1800/6
f 3901/1799/6 3891/1800/6 3892/1695/6
f 3900/1687/6 3901/1799/6 3892/1695/6
f 3900/1687/6 3892/1695/6 3893/1801/6
f 3900/1687/6 3893/1801/6 3894/1131/6
f 4066/1721/6 3974/1297/6 3975/1802/6
f 3900/1687/6 3894/1131/6 3895/1803/6
f 3900/1687/6 3895/1803/6 3896/1691/6
f 3900/1687/6 3896/1691/6 3897/1804/6
f 3900/1687/6 3897/1804/6 3898/1689/6
f 3900/1687/6 3898/1689/6 3899/1805/6
f 4065/1806/6 4066/1721/6 3975/1802/6
f 4065/1806/6 3975/1802/6 4048/1717/6
f 4048/1717/6 3975/1802/6 3976/1694/6
f 4048/1717/6 3976/1694/6 3977/1807/6
f 4065/1806/6 4048/1717/6 4049/1808/6
f 4047/1809/6 4048/1717/6 3977/1807/6
f 4046/1720/6 4047/1809/6 3977/1807/6
f 4065/1806/6 4049/1808/6 4050/1714/6
f 4045/1810/6 4046/1720/6 3977/1807/6
f 4064/1217/6 4065/1806/6 4050/1714/6
f 4064/1217/6 4050/1714/6 4051/1811/6
f 4044/1052/6 4045/1810/6 3977/1807/6
f 4044/1052/6 3977/1807/6 3978/1696/6
f 4043/1812/6 4044/1052/6 3978/1696/6
f 4064/1217/6 4051/1811/6 4052/1712/6
f 4042/1726/6 4043/1812/6 3978/1696/6
f 4042/1726/6 3978/1696/6 3979/1813/6
f 4063/1814/6 4064/1217/6 4052/1712/6
f 4063/1814/6 4052/1712/6 4053/1815/6
f 4041/1816/6 4042/1726/6 3979/1813/6
f 4041/1816/6 3979/1813/6 3980/1692/6
f 3999/1817/6 4000/1669/6 4001/1818/6
f 4040/1728/6 4041/1816/6 3980/1692/6
f 4063/1814/6 4053/1815/6 4054/1043/6
f 3998/1672/6 3999/1817/6 4001/1818/6
f 4040/1728/6 3980/1692/6 3981/1819/6
f 4062/1715/6 4063/1814/6 4054/1043/6
f 3998/1672/6 4001/1818/6 4002/1668/6
f 3997/1820/6 3998/1672/6 4002/1668/6
f 4039/1821/6 4040/1728/6 3981/1819/6
f 3996/1673/6 3997/1820/6 4002/1668/6
f 4039/1821/6 3981/1819/6 3982/1690/6
f 3995/1822/6 3996/1673/6 4002/1668/6
f 3995/1822/6 4002/1668/6 4003/1823/6
f 4062/1715/6 4054/1043/6 4055/1824/6
f 4039/1821/6 3982/1690/6 3983/1825/6
f 3994/1226/6 3995/1822/6 4003/1823/6
f 4038/1729/6 4039/1821/6 3983/1825/6
f 3993/1826/6 3994/1226/6 4003/1823/6
f 4038/1729/6 3983/1825/6 3984/1126/6
f 3992/1676/6 3993/1826/6 4003/1823/6
f 3992/1676/6 4003/1823/6 4004/1232/6
f 4038/1729/6 3984/1126/6 3985/1827/6
f 3991/1828/6 3992/1676/6 4004/1232/6
f 3990/1680/6 3991/1828/6 4004/1232/6
f 4038/1729/6 3985/1827/6 3986/1685/6
f 4061/1829/6 4062/1715/6 4055/1824/6
f 3989/476/6 3990/1680/6 4004/1232/6
f 4038/1729/6 3986/1685/6 3987/1830/6
f 3988/1682/6 3989/476/6 4004/1232/6
f 4038/1729/6 3987/1830/6 3988/1682/6
f 4038/1729/6 3988/1682/6 4004/1232/6
f 4037/1831/6 4038/1729/6 4004/1232/6
f 4037/1831/6 4004/1232/6 4005/1832/6
f 4061/1829/6 4055/1824/6 4056/1708/6
f 4036/1730/6 4037/1831/6 4005/1832/6
f 4036/1730/6 4005/1832/6 4006/1664/6
f 4060/1713/6 4061/1829/6 4059/1833/6
f 4059/1833/6 4061/1829/6 4058/1710/6
f 4058/1710/6 4061/1829/6 4057/1834/6
f 4057/1834/6 4061/1829/6 4056/1708/6
f 4035/1835/6 4036/1730/6 4006/1664/6
f 4035/1835/6 4006/1664/6 4007/1836/6
f 4035/1835/6 4007/1836/6 4008/1663/6
f 4034/1139/6 4035/1835/6 4008/1663/6
f 4034/1139/6 4008/1663/6 4009/1837/6
f 4033/1838/6 4034/1139/6 4009/1837/6
f 4033/1838/6 4009/1837/6 4010/1665/6
f 4032/1731/6 4033/1838/6 4010/1665/6
f 4032/1731/6 4010/1665/6 4011/1839/6
f 4031/1840/6 4032/1731/6 4011/1839/6
f 4031/1840/6 4011/1839/6 4012/1670/6
f 4030/1718/6 4031/1840/6 4012/1670/6
f 4030/1718/6 4012/1670/6 4013/1841/6
f 4029/1842/6 4030/1718/6 4013/1841/6
f 4029/1842/6 4013/1841/6 4014/1100/6
f 4029/1842/6 4014/1100/6 4015/1843/6
f 4029/1842/6 4015/1843/6 4016/1679/6
f 4028/1709/6 4029/1842/6 4016/1679/6
f 4028/1709/6 4016/1679/6 4017/1844/6
f 4028/1709/6 4017/1844/6 4018/1683/6
f 4027/1845/6 4028/1709/6 4018/1683/6
f 4027/1845/6 4018/1683/6 4019/1846/6
f 4027/1845/6 4019/1846/6 4020/1688/6
f 4026/1702/6 4027/1845/6 4020/1688/6
f 4026/1702/6 4020/1688/6 4021/1847/6
f 4026/1702/6 4021/1847/6 4022/1693/6
f 4025/1848/6 4026/1702/6 4022/1693/6
f 4025/1848/6 4022/1693/6 4023/1849/6
f 4024/1184/6 4025/1848/6 4023/1849/6
s 1
f 4106/1850/11 4108/1851/12 4107/1598/12 4105/102/11
f 4108/1851/12 4110/1852/13 4109/1090/13 4107/1598/12
f 4110/1852/13 4112/1853/14 4111/1587/14 4109/1090/13
f 4112/1853/14 4114/1854/15 4113/1322/15 4111/1587/14
f 4114/1854/15 4116/1855/16 4115/1538/16 4113/1322/15
f 4116/1855/16 4118/1856/17 4117/1290/17 4115/1538/16
f 4118/1856/17 4120/1857/18 4119/1545/18 4117/1290/17
f 4120/1857/18 4122/1858/19 4121/1266/19 4119/1545/18
f 4122/1858/19 4124/1859/20 4123/1615/20 4121/1266/19
f 4124/1859/20 4126/1860/21 4125/1219/21 4123/1615/20
f 4126/1860/21 4128/1861/22 4127/1601/22 4125/1219/21
f 4128/1861/22 4130/1862/23 4129/1224/23 4127/1601/22
f 4130/1862/23 4132/1863/24 4131/476/24 4129/1224/23
f 4132/1863/24 4134/1864/25 4133/1242/25 4131/476/24
f 4134/1864/25 4136/1865/26 4135/1526/26 4133/1242/25
f 4136/1865/26 4138/1866/27 4137/1099/27 4135/1526/26
f 4138/1866/27 4140/1867/28 4139/1620/28 4137/1099/27
f 4140/1867/28 4142/1868/29 4141/1146/29 4139/1620/28
f 4142/1868/29 4144/1869/30 4143/1633/30 4141/1146/29
f 4144/1869/30 4146/1870/31 4145/1078/31 4143/1633/30
f 4146/1870/31 4148/1871/32 4147/1599/32 4145/1078/31
f 4148/1871/32 4150/1872/33 4149/1206/33 4147/1599/32
f 4150/1872/33 4152/1873/34 4151/1533/34 4149/1206/33
f 4152/1873/34 4154/1874/35 4153/1179/35 4151/1533/34
f 4154/1874/35 4156/1875/36 4155/1543/36 4153/1179/35
f 4156/1875/36 4106/1876/11 4105/14/11 4155/1543/36
f 4158/1850/37 4160/1877/37 4159/1878/37 4157/102/37
f 4160/1877/37 4162/1879/38 4161/1880/38 4159/1878/37
f 4162/1879/38 4164/1881/39 4163/1882/39 4161/1880/38
f 4164/1881/39 4166/1883/40 4165/1884/40 4163/1882/39
f 4166/1883/40 4168/1885/41 4167/1886/41 4165/1884/40
f 4168/1885/41 4170/1887/42 4169/1888/42 4167/1886/41
f 4170/1887/42 4172/1889/43 4171/1890/43 4169/1888/42
f 4172/1889/43 4174/1891/44 4173/1892/44 4171/1890/43
f 4174/1891/44 4176/1893/45 4175/1894/45 4173/1892/44
f 4176/1893/45 4178/1895/46 4177/1896/46 4175/1894/45
f 4178/1895/46 4180/1897/47 4179/1898/47 4177/1896/46
f 4180/1897/47 4182/1899/48 4181/1900/48 4179/1898/47
f 4182/1899/48 4184/1901/49 4183/1902/49 4181/1900/48
f 4184/1901/49 4186/1903/50 4185/1904/50 4183/1902/49
f 4186/1903/50 4188/1905/51 4187/1906/51 4185/1904/50
f 4188/1905/51 4190/1907/52 4189/1908/52 4187/1906/51
f 4190/1907/52 4192/1909/53 4191/1910/53 4189/1908/52
f 4192/1909/53 4194/1911/54 4193/1912/54 4191/1910/53
f 4194/1911/54 4196/1913/55 4195/1914/55 4193/1912/54
f 4196/1913/55 4198/1915/56 4197/1916/56 4195/1914/55
f 4198/1915/56 4200/1917/57 4199/1918/57 4197/1916/56
f 4200/1917/57 4202/1919/58 4201/1920/58 4199/1918/57
f 4202/1919/58 4204/1921/59 4203/1922/59 4201/1920/58
f 4204/1921/59 4206/1923/60 4205/1924/60 4203/1922/59
f 4206/1923/60 4208/1925/61 4207/1926/61 4205/1924/60
f 4208/1925/61 4210/1927/62 4209/1928/62 4207/1926/61
f 4210/1927/62 4212/1929/63 4211/1930/63 4209/1928/62
f 4212/1929/63 4214/1931/64 4213/1932/64 4211/1930/63
f 4214/1931/64 4216/1933/65 4215/1934/65 4213/1932/64
f 4216/1933/65 4218/1935/66 4217/1936/66 4215/1934/65
f 4218/1935/66 4220/1937/67 4219/1938/67 4217/1936/66
f 4220/1937/67 4222/1939/68 4221/1940/68 4219/1938/67
f 4222/1939/68 4224/1941/69 4223/1942/69 4221/1940/68
f 4224/1941/69 4226/1943/70 4225/1944/70 4223/1942/69
f 4226/1943/70 4228/1945/71 4227/1946/71 4225/1944/70
f 4228/1945/71 4230/1947/72 4229/1948/72 4227/1946/71
f 4230/1947/72 4232/1949/73 4231/1950/73 4229/1948/72
f 4232/1949/73 4234/1951/74 4233/1952/74 4231/1950/73
f 4234/1951/74 4236/1953/75 4235/1954/75 4233/1952/74
f 4236/1953/75 4238/1955/76 4237/1956/76 4235/1954/75
f 4238/1955/76 4240/1957/77 4239/1958/77 4237/1956/76
f 4240/1957/77 4242/1959/78 4241/1960/78 4239/1958/77
f 4242/1959/78 4244/1961/79 4243/1962/79 4241/1960/78
f 4244/1961/79 4246/1963/80 4245/1964/80 4243/1962/79
f 4246/1963/80 4248/1965/81 4247/1966/81 4245/1964/80
f 4248/1965/81 4250/1967/82 4249/1968/82 4247/1966/81
f 4250/1967/82 4252/1969/83 4251/1970/83 4249/1968/82
f 4252/1969/83 4254/1971/84 4253/1972/84 4251/1970/83
f 4254/1971/84 4256/1973/85 4255/1974/85 4253/1972/84
f 4256/1973/85 4258/1975/86 4257/1976/86 4255/1974/85
f 4258/1975/86 4260/1977/87 4259/1978/87 4257/1976/86
f 4260/1977/87 4262/1979/88 4261/1980/88 4259/1978/87
f 4262/1979/88 4264/1981/89 4263/1982/89 4261/1980/88
f 4264/1981/89 4266/1983/90 4265/1984/90 4263/1982/89
f 4266/1983/90 4268/1985/91 4267/1986/91 4265/1984/90
f 4268/1985/91 4270/1987/92 4269/1988/92 4267/1986/91
f 4270/1987/92 4272/1989/93 4271/1990/93 4269/1988/92
f 4272/1989/93 4274/1991/94 4273/1992/94 4271/1990/93
f 4274/1991/94 4276/1993/95 4275/1994/95 4273/1992/94
f 4276/1993/95 4278/1995/96 4277/1996/96 4275/1994/95
f 4278/1995/96 4280/1997/97 4279/1998/97 4277/1996/96
f 4280/1997/97 4282/1999/98 4281/2000/98 4279/1998/97
f 4282/1999/98 4284/2001/99 4283/2002/99 4281/2000/98
f 4284/2001/99 4286/2003/100 4285/2004/100 4283/2002/99
f 4286/2003/100 4288/2005/100 4287/2006/100 4285/2004/100
f 4288/2005/100 4290/2007/99 4289/2008/99 4287/2006/100
f 4290/2007/99 4292/2009/101 4291/2010/101 4289/2008/99
f 4292/2009/101 4294/2011/101 4293/2012/101 4291/2010/101
f 4294/2011/101 4296/2013/101 4295/2014/101 4293/2012/101
f 4296/2013/101 4298/2015/37 4297/2016/37 4295/2014/101
f 4298/2015/37 4158/1876/37 4157/14/37 4297/2016/37
f 4300/1850/99 4302/2017/100 4301/315/100 4299/102/99
f 4302/2017/100 4304/1863/37 4303/476/37 4301/315/100
f 4304/1863/37 4306/2018/101 4305/371/101 4303/476/37
f 4306/2018/101 4300/1876/99 4299/14/99 4305/371/101
f 4308/1850/100 4310/2019/37 4309/1556/37 4307/102/100
f 4310/2019/37 4312/2020/37 4311/1597/37 4309/1556/37
f 4312/2020/37 4314/1863/37 4313/476/37 4311/1597/37
f 4314/1863/37 4316/2021/101 4315/1641/101 4313/476/37
f 4316/2021/101 4318/2022/99 4317/1573/99 4315/1641/101
f 4318/2022/99 4308/1876/100 4307/14/100 4317/1573/99
f 4320/1850/100 4322/2019/100 4321/1556/100 4319/102/100
f 4322/2019/100 4324/2020/100 4323/1597/100 4321/1556/100
f 4324/2020/100 4326/1863/99 4325/476/99 4323/1597/100
f 4326/1863/99 4328/2021/101 4327/1641/101 4325/476/99
f 4328/2021/101 4330/2022/37 4329/1573/37 4327/1641/101
f 4330/2022/37 4320/1876/100 4319/14/100 4329/1573/37
f 4332/1850/101 4334/2017/99 4333/315/99 4331/102/101
f 4334/2017/99 4336/1863/100 4335/476/100 4333/315/99
f 4336/1863/100 4338/2018/37 4337/371/37 4335/476/100
f 4338/2018/37 4332/1876/101 4331/14/101 4337/371/37
f 4340/1850/102 4342/2023/103 4341/2024/103 4339/102/102
f 4342/2023/103 4344/2025/104 4343/2026/104 4341/2024/103
f 4344/2025/104 4346/2027/105 4345/2028/105 4343/2026/104
f 4346/2027/105 4348/2029/106 4347/2030/106 4345/2028/105
f 4348/2029/106 4350/2031/107 4349/2032/107 4347/2030/106
f 4350/2031/107 4352/2033/108 4351/2034/108 4349/2032/107
f 4352/2033/108 4354/2035/109 4353/2036/109 4351/2034/108
f 4354/2035/109 4356/2037/110 4355/2038/110 4353/2036/109
f 4356/2037/110 4358/2039/111 4357/2040/111 4355/2038/110
f 4358/2039/111 4360/2041/112 4359/2042/112 4357/2040/111
f 4360/2041/112 4362/2043/113 4361/2044/113 4359/2042/112
f 4362/2043/113 4364/2045/114 4363/2046/114 4361/2044/113
f 4364/2045/114 4366/2047/115 4365/2048/115 4363/2046/114
f 4366/2047/115 4368/2049/116 4367/2050/116 4365/2048/115
f 4368/2049/116 4370/2051/117 4369/2052/117 4367/2050/116
f 4370/2051/117 4372/2053/118 4371/2054/118 4369/2052/117
f 4372/2053/118 4374/2055/119 4373/2056/119 4371/2054/118
f 4374/2055/119 4376/2057/120 4375/2058/120 4373/2056/119
f 4376/2057/120 4378/2019/121 4377/1556/121 4375/2058/120
f 4378/2019/121 4380/2059/122 4379/2060/122 4377/1556/121
f 4380/2059/122 4382/2061/123 4381/2062/123 4379/2060/122
f 4382/2061/123 4384/2063/124 4383/2064/124 4381/2062/123
f 4384/2063/124 4386/2065/125 4385/2066/125 4383/2064/124
f 4386/2065/125 4388/2067/126 4387/2068/126 4385/2066/125
f 4388/2067/126 4390/2069/127 4389/2070/127 4387/2068/126
f 4390/2069/127 4392/2071/128 4391/2072/128 4389/2070/127
f 4392/2071/128 4394/2073/129 4393/2074/129 4391/2072/128
f 4394/2073/129 4396/2075/130 4395/2076/130 4393/2074/129
f 4396/2075/130 4398/2077/131 4397/2078/131 4395/2076/130
f 4398/2077/131 4400/2079/132 4399/2080/132 4397/2078/131
f 4400/2079/132 4402/2081/133 4401/2082/133 4399/2080/132
f 4402/2081/133 4404/2083/134 4403/2084/134 4401/2082/133
f 4404/2083/134 4406/2085/135 4405/2086/135 4403/2084/134
f 4406/2085/135 4408/2087/136 4407/2088/136 4405/2086/135
f 4408/2087/136 4410/2089/137 4409/2090/137 4407/2088/136
f 4410/2089/137 4412/2091/138 4411/2092/138 4409/2090/137
f 4412/2091/138 4414/2093/139 4413/2094/139 4411/2092/138
f 4414/2093/139 4416/2020/140 4415/1597/140 4413/2094/139
f 4416/2020/140 4418/2095/141 4417/2096/141 4415/1597/140
f 4418/2095/141 4420/2097/142 4419/2098/142 4417/2096/141
f 4420/2097/142 4422/2099/143 4421/2100/143 4419/2098/142
f 4422/2099/143 4424/2101/144 4423/2102/144 4421/2100/143
f 4424/2101/144 4426/2103/145 4425/2104/145 4423/2102/144
f 4426/2103/145 4428/2105/146 4427/2106/146 4425/2104/145
f 4428/2105/146 4430/2107/147 4429/2108/147 4427/2106/146
f 4430/2107/147 4432/2109/148 4431/2110/148 4429/2108/147
f 4432/2109/148 4434/2111/149 4433/2112/149 4431/2110/148
f 4434/2111/149 4436/2113/150 4435/2114/150 4433/2112/149
f 4436/2113/150 4438/2115/151 4437/2116/151 4435/2114/150
f 4438/2115/151 4440/2117/152 4439/2118/152 4437/2116/151
f 4440/2117/152 4442/2119/153 4441/2120/153 4439/2118/152
f 4442/2119/153 4444/2121/154 4443/2122/154 4441/2120/153
f 4444/2121/154 4446/2123/155 4445/2124/155 4443/2122/154
f 4446/2123/155 4448/2125/156 4447/2126/156 4445/2124/155
f 4448/2125/156 4450/2127/157 4449/2128/157 4447/2126/156
f 4450/2127/157 4452/2129/158 4451/2130/158 4449/2128/157
f 4452/2129/158 4454/1863/159 4453/476/159 4451/2130/158
f 4454/1863/159 4456/2131/160 4455/2132/160 4453/476/159
f 4456/2131/160 4458/2133/161 4457/2134/161 4455/2132/160
f 4458/2133/161 4460/2135/162 4459/2136/162 4457/2134/161
f 4460/2135/162 4462/2137/163 4461/2138/163 4459/2136/162
f 4462/2137/163 4464/2139/164 4463/2140/164 4461/2138/163
f 4464/2139/164 4466/2141/165 4465/2142/165 4463/2140/164
f 4466/2141/165 4468/2143/166 4467/2144/166 4465/2142/165
f 4468/2143/166 4470/2145/167 4469/2146/167 4467/2144/166
f 4470/2145/167 4472/2147/168 4471/2148/168 4469/2146/167
f 4472/2147/168 4474/2149/169 4473/2150/169 4471/2148/168
f 4474/2149/169 4476/2151/170 4475/2152/170 4473/2150/169
f 4476/2151/170 4478/2153/171 4477/2154/171 4475/2152/170
f 4478/2153/171 4480/2155/172 4479/2156/172 4477/2154/171
f 4480/2155/172 4482/2157/173 4481/2158/173 4479/2156/172
f 4482/2157/173 4484/2159/174 4483/2160/174 4481/2158/173
f 4484/2159/174 4486/2161/175 4485/2162/175 4483/2160/174
f 4486/2161/175 4488/2163/176 4487/2164/176 4485/2162/175
f 4488/2163/176 4490/2165/177 4489/2166/177 4487/2164/176
f 4490/2165/177 4492/2021/178 4491/1641/178 4489/2166/177
f 4492/2021/178 4494/2167/179 4493/2168/179 4491/1641/178
f 4494/2167/179 4496/2169/180 4495/2170/180 4493/2168/179
f 4496/2169/180 4498/2171/181 4497/2172/181 4495/2170/180
f 4498/2171/181 4500/2173/182 4499/2174/182 4497/2172/181
f 4500/2173/182 4502/2175/183 4501/2176/183 4499/2174/182
f 4502/2175/183 4504/2177/184 4503/2178/184 4501/2176/183
f 4504/2177/184 4506/2179/185 4505/2180/185 4503/2178/184
f 4506/2179/185 4508/2181/186 4507/2182/186 4505/2180/185
f 4508/2181/186 4510/2183/187 4509/2184/187 4507/2182/186
f 4510/2183/187 4512/2185/188 4511/2186/188 4509/2184/187
f 4512/2185/188 4514/2187/189 4513/2188/189 4511/2186/188
f 4514/2187/189 4516/2189/190 4515/2190/190 4513/2188/189
f 4516/2189/190 4518/2191/191 4517/2192/191 4515/2190/190
f 4518/2191/191 4520/2193/192 4519/2194/192 4517/2192/191
f 4520/2193/192 4522/2195/193 4521/2196/193 4519/2194/192
f 4522/2195/193 4524/2197/194 4523/2198/194 4521/2196/193
f 4524/2197/194 4526/2199/195 4525/2200/195 4523/2198/194
f 4526/2199/195 4528/2201/196 4527/2202/196 4525/2200/195
f 4528/2201/196 4530/2022/197 4529/1573/197 4527/2202/196
f 4530/2022/197 4532/2203/198 4531/2204/198 4529/1573/197
f 4532/2203/198 4534/2205/199 4533/2206/199 4531/2204/198
f 4534/2205/199 4536/2207/200 4535/2208/200 4533/2206/199
f 4536/2207/200 4538/2209/201 4537/2210/201 4535/2208/200
f 4538/2209/201 4540/2211/202 4539/2212/202 4537/2210/201
f 4540/2211/202 4542/2213/203 4541/2214/203 4539/2212/202
f 4542/2213/203 4544/2215/204 4543/2216/204 4541/2214/203
f 4544/2215/204 4546/2217/205 4545/2218/205 4543/2216/204
f 4546/2217/205 4548/2219/206 4547/2220/206 4545/2218/205
f 4548/2219/206 4550/2221/207 4549/2222/207 4547/2220/206
f 4550/2221/207 4552/2223/208 4551/2224/208 4549/2222/207
f 4552/2223/208 4554/2225/209 4553/2226/209 4551/2224/208
f 4554/2225/209 4556/2227/210 4555/2228/210 4553/2226/209
f 4556/2227/210 4558/2229/99 4557/2230/99 4555/2228/210
f 4558/2229/99 4560/2231/99 4559/2232/99 4557/2230/99
f 4560/2231/99 4562/2233/101 4561/2234/101 4559/2232/99
f 4562/2233/101 4564/2235/37 4563/2236/37 4561/2234/101
f 4564/2235/37 4566/2237/211 4565/2238/211 4563/2236/37
f 4566/2237/211 4340/1876/102 4339/14/102 4565/2238/211
f 4568/1850/212 4570/2239/213 4569/2240/213 4567/102/212
f 4570/2239/213 4572/2241/214 4571/2242/214 4569/2240/213
f 4572/2241/214 4574/2243/215 4573/2244/215 4571/2242/214
f 4574/2243/215 4576/2245/216 4575/2246/216 4573/2244/215
f 4576/2245/216 4578/2247/217 4577/2248/217 4575/2246/216
f 4578/2247/217 4580/2249/218 4579/2250/218 4577/2248/217
f 4580/2249/218 4582/2251/219 4581/2252/219 4579/2250/218
f 4582/2251/219 4584/2253/220 4583/2254/220 4581/2252/219
f 4584/2253/220 4586/2255/221 4585/2256/221 4583/2254/220
f 4586/2255/221 4588/2257/222 4587/2258/222 4585/2256/221
f 4588/2257/222 4590/2259/223 4589/2260/223 4587/2258/222
f 4590/2259/223 4592/2261/224 4591/2262/224 4589/2260/223
f 4592/2261/224 4594/2263/225 4593/2264/225 4591/2262/224
f 4594/2263/225 4596/2265/226 4595/2266/226 4593/2264/225
f 4596/2265/226 4598/2267/227 4597/2268/227 4595/2266/226
f 4598/2267/227 4600/2269/228 4599/2270/228 4597/2268/227
f 4600/2269/228 4602/2271/229 4601/2272/229 4599/2270/228
f 4602/2271/229 4604/2273/230 4603/2274/230 4601/2272/229
f 4604/2273/230 4606/2275/231 4605/2276/231 4603/2274/230
f 4606/2275/231 4608/2277/232 4607/2278/232 4605/2276/231
f 4608/2277/232 4610/2279/233 4609/2280/233 4607/2278/232
f 4610/2279/233 4612/2281/234 4611/2282/234 4609/2280/233
f 4612/2281/234 4614/2283/235 4613/2284/235 4611/2282/234
f 4614/2283/235 4616/2285/99 4615/2286/99 4613/2284/235
f 4616/2285/99 4618/2287/101 4617/2288/101 4615/2286/99
f 4618/2287/101 4620/2289/101 4619/2290/101 4617/2288/101
f 4620/2289/101 4622/2291/99 4621/2292/99 4619/2290/101
f 4622/2291/99 4624/2293/99 4623/2294/99 4621/2292/99
f 4624/2293/99 4626/2017/101 4625/315/101 4623/2294/99
f 4626/2017/101 4628/2295/101 4627/2296/101 4625/315/101
f 4628/2295/101 4630/2297/101 4629/2298/101 4627/2296/101
f 4630/2297/101 4632/2299/37 4631/2300/37 4629/2298/101
f 4632/2299/37 4634/2301/37 4633/2302/37 4631/2300/37
f 4634/2301/37 4636/2303/37 4635/2304/37 4633/2302/37
f 4636/2303/37 4638/2305/100 4637/2306/100 4635/2304/37
f 4638/2305/100 4640/2307/100 4639/2308/100 4637/2306/100
f 4640/2307/100 4642/2309/37 4641/2310/37 4639/2308/100
f 4642/2309/37 4644/2311/37 4643/2312/37 4641/2310/37
f 4644/2311/37 4646/2313/100 4645/2314/100 4643/2312/37
f 4646/2313/100 4648/2315/236 4647/2316/236 4645/2314/100
f 4648/2315/236 4650/2317/237 4649/2318/237 4647/2316/236
f 4650/2317/237 4652/2319/238 4651/2320/238 4649/2318/237
f 4652/2319/238 4654/2321/239 4653/2322/239 4651/2320/238
f 4654/2321/239 4656/2323/240 4655/2324/240 4653/2322/239
f 4656/2323/240 4658/2325/241 4657/2326/241 4655/2324/240
f 4658/2325/241 4660/2327/242 4659/2328/242 4657/2326/241
f 4660/2327/242 4662/2329/243 4661/2330/243 4659/2328/242
f 4662/2329/243 4664/2331/244 4663/2332/244 4661/2330/243
f 4664/2331/244 4666/2333/245 4665/2334/245 4663/2332/244
f 4666/2333/245 4668/2335/246 4667/2336/246 4665/2334/245
f 4668/2335/246 4670/2337/247 4669/2338/247 4667/2336/246
f 4670/2337/247 4672/2339/248 4671/2340/248 4669/2338/247
f 4672/2339/248 4674/2341/249 4673/2342/249 4671/2340/248
f 4674/2341/249 4676/2343/250 4675/2344/250 4673/2342/249
f 4676/2343/250 4678/2345/251 4677/2346/251 4675/2344/250
f 4678/2345/251 4680/2347/252 4679/2348/252 4677/2346/251
f 4680/2347/252 4682/2349/253 4681/2350/253 4679/2348/252
f 4682/2349/253 4684/1863/254 4683/476/254 4681/2350/253
f 4684/1863/254 4686/2351/255 4685/2352/255 4683/476/254
f 4686/2351/255 4688/2353/256 4687/2354/256 4685/2352/255
f 4688/2353/256 4690/2355/257 4689/2356/257 4687/2354/256
f 4690/2355/257 4692/2357/258 4691/2358/258 4689/2356/257
f 4692/2357/258 4694/2359/259 4693/2360/259 4691/2358/258
f 4694/2359/259 4696/2361/260 4695/2362/260 4693/2360/259
f 4696/2361/260 4698/2363/261 4697/2364/261 4695/2362/260
f 4698/2363/261 4700/2365/262 4699/2366/262 4697/2364/261
f 4700/2365/262 4702/2367/263 4701/2368/263 4699/2366/262
f 4702/2367/263 4704/2369/264 4703/2370/264 4701/2368/263
f 4704/2369/264 4706/2371/265 4705/2372/265 4703/2370/264
f 4706/2371/265 4708/2373/266 4707/2374/266 4705/2372/265
f 4708/2373/266 4710/2375/267 4709/2376/267 4707/2374/266
f 4710/2375/267 4712/2377/268 4711/2378/268 4709/2376/267
f 4712/2377/268 4714/2379/269 4713/2380/269 4711/2378/268
f 4714/2379/269 4716/2381/270 4715/2382/270 4713/2380/269
f 4716/2381/270 4718/2383/271 4717/2384/271 4715/2382/270
f 4718/2383/271 4720/2385/272 4719/2386/272 4717/2384/271
f 4720/2385/272 4722/2387/273 4721/2388/273 4719/2386/272
f 4722/2387/273 4724/2389/274 4723/2390/274 4721/2388/273
f 4724/2389/274 4726/2391/275 4725/2392/275 4723/2390/274
f 4726/2391/275 4728/2393/276 4727/2394/276 4725/2392/275
f 4728/2393/276 4730/2395/277 4729/2396/277 4727/2394/276
f 4730/2395/277 4732/2397/278 4731/2398/278 4729/2396/277
f 4732/2397/278 4734/2399/279 4733/2400/279 4731/2398/278
f 4734/2399/279 4736/2401/280 4735/2402/280 4733/2400/279
f 4736/2401/280 4738/2403/281 4737/2404/281 4735/2402/280
f 4738/2403/281 4740/2405/282 4739/2406/282 4737/2404/281
f 4740/2405/282 4742/2018/283 4741/371/283 4739/2406/282
f 4742/2018/283 4744/2407/284 4743/2408/284 4741/371/283
f 4744/2407/284 4746/2409/285 4745/2410/285 4743/2408/284
f 4746/2409/285 4748/2411/286 4747/2412/286 4745/2410/285
f 4748/2411/286 4750/2413/287 4749/2414/287 4747/2412/286
f 4750/2413/287 4752/2415/288 4751/2416/288 4749/2414/287
f 4752/2415/288 4754/2417/289 4753/2418/289 4751/2416/288
f 4754/2417/289 4756/2419/290 4755/2420/290 4753/2418/289
f 4756/2419/290 4758/2421/291 4757/2422/291 4755/2420/290
f 4758/2421/291 4760/2423/292 4759/2424/292 4757/2422/291
f 4760/2423/292 4762/2425/293 4761/2426/293 4759/2424/292
f 4762/2425/293 4764/2427/294 4763/2428/294 4761/2426/293
f 4764/2427/294 4766/2429/295 4765/2430/295 4763/2428/294
f 4766/2429/295 4768/2431/296 4767/2432/296 4765/2430/295
f 4768/2431/296 4770/2433/297 4769/2434/297 4767/2432/296
f 4770/2433/297 4772/2435/298 4771/2436/298 4769/2434/297
f 4772/2435/298 4774/2437/299 4773/2438/299 4771/2436/298
f 4774/2437/299 4776/2439/300 4775/2440/300 4773/2438/299
f 4776/2439/300 4778/2441/301 4777/2442/301 4775/2440/300
f 4778/2441/301 4780/2443/302 4779/2444/302 4777/2442/301
f 4780/2443/302 4782/2445/303 4781/2446/303 4779/2444/302
f 4782/2445/303 4784/2447/304 4783/2448/304 4781/2446/303
f 4784/2447/304 4786/2449/305 4785/2450/305 4783/2448/304
f 4786/2449/305 4788/2451/306 4787/2452/306 4785/2450/305
f 4788/2451/306 4790/2453/307 4789/2454/307 4787/2452/306
f 4790/2453/307 4792/2455/71 4791/2456/71 4789/2454/307
f 4792/2455/71 4794/2457/308 4793/2458/308 4791/2456/71
f 4794/2457/308 4796/2459/309 4795/2460/309 4793/2458/308
f 4796/2459/309 4798/2461/310 4797/2462/310 4795/2460/309
f 4798/2461/310 4568/1876/212 4567/14/212 4797/2462/310
f 4800/1850/311 4802/2463/312 4801/2464/312 4799/102/311
f 4802/2463/312 4804/2465/313 4803/2466/313 4801/2464/312
f 4804/2465/313 4806/2467/314 4805/301/314 4803/2466/313
f 4806/2467/314 4808/2468/315 4807/1608/315 4805/301/314
f 4808/2468/315 4810/2469/316 4809/2470/316 4807/1608/315
f 4810/2469/316 4812/2471/317 4811/391/317 4809/2470/316
f 4812/2471/317 4814/2472/318 4813/2473/318 4811/391/317
f 4814/2472/318 4816/2019/319 4815/1556/319 4813/2473/318
f 4816/2019/319 4818/2474/320 4817/353/320 4815/1556/319
f 4818/2474/320 4820/2475/321 4819/2476/321 4817/353/320
f 4820/2475/321 4822/2477/322 4821/2478/322 4819/2476/321
f 4822/2477/322 4824/2017/323 4823/315/323 4821/2478/322
f 4824/2017/323 4826/2479/324 4825/2480/324 4823/315/323
f 4826/2479/324 4828/2481/325 4827/2482/325 4825/2480/324
f 4828/2481/325 4830/2483/326 4829/305/326 4827/2482/325
f 4830/2483/326 4832/2020/327 4831/1597/327 4829/305/326
f 4832/2020/327 4834/2484/328 4833/2485/328 4831/1597/327
f 4834/2484/328 4836/2486/329 4835/322/329 4833/2485/328
f 4836/2486/329 4838/2487/330 4837/2488/330 4835/322/329
f 4838/2487/330 4840/2489/331 4839/1611/331 4837/2488/330
f 4840/2489/331 4842/2490/332 4841/378/332 4839/1611/331
f 4842/2490/332 4844/2491/333 4843/2492/333 4841/378/332
f 4844/2491/333 4846/2493/334 4845/2494/334 4843/2492/333
f 4846/2493/334 4848/1863/335 4847/476/335 4845/2494/334
f 4848/1863/335 4850/2495/336 4849/2496/336 4847/476/335
f 4850/2495/336 4852/2497/337 4851/2498/337 4849/2496/336
f 4852/2497/337 4854/2499/338 4853/434/338 4851/2498/337
f 4854/2499/338 4856/2500/339 4855/1532/339 4853/434/338
f 4856/2500/339 4858/2501/340 4857/2502/340 4855/1532/339
f 4858/2501/340 4860/2503/341 4859/436/341 4857/2502/340
f 4860/2503/341 4862/2504/342 4861/2505/342 4859/436/341
f 4862/2504/342 4864/2021/343 4863/1641/343 4861/2505/342
f 4864/2021/343 4866/2506/344 4865/365/344 4863/1641/343
f 4866/2506/344 4868/2507/345 4867/2508/345 4865/365/344
f 4868/2507/345 4870/2509/346 4869/2510/346 4867/2508/345
f 4870/2509/346 4872/2018/347 4871/371/347 4869/2510/346
f 4872/2018/347 4874/2511/348 4873/2512/348 4871/371/347
f 4874/2511/348 4876/2513/349 4875/2514/349 4873/2512/348
f 4876/2513/349 4878/2515/350 4877/486/350 4875/2514/349
f 4878/2515/350 4880/2022/351 4879/1573/351 4877/486/350
f 4880/2022/351 4882/2516/352 4881/2517/352 4879/1573/351
f 4882/2516/352 4884/2518/353 4883/457/353 4881/2517/352
f 4884/2518/353 4886/2519/354 4885/2520/354 4883/457/353
f 4886/2519/354 4888/2521/355 4887/1515/355 4885/2520/354
f 4888/2521/355 4890/2522/356 4889/443/356 4887/1515/355
f 4890/2522/356 4892/2523/357 4891/2524/357 4889/443/356
f 4892/2523/357 4894/2525/358 4893/2526/358 4891/2524/357
f 4894/2525/358 4800/1876/311 4799/14/311 4893/2526/358
f 4896/1850/359 4898/2527/360 4897/2528/360 4895/102/359
f 4898/2527/360 4900/2529/361 4899/2530/361 4897/2528/360
f 4900/2529/361 4902/2531/362 4901/2532/362 4899/2530/361
f 4902/2531/362 4904/2533/363 4903/2534/363 4901/2532/362
f 4904/2533/363 4906/2535/364 4905/2536/364 4903/2534/363
f 4906/2535/364 4908/2537/365 4907/2538/365 4905/2536/364
f 4908/2537/365 4910/2539/366 4909/2540/366 4907/2538/365
f 4910/2539/366 4912/2541/367 4911/2542/367 4909/2540/366
f 4912/2541/367 4914/2543/368 4913/2544/368 4911/2542/367
f 4914/2543/368 4916/2545/369 4915/2546/369 4913/2544/368
f 4916/2545/369 4918/2547/370 4917/2548/370 4915/2546/369
f 4918/2547/370 4920/2549/371 4919/2550/371 4917/2548/370
f 4920/2549/371 4922/2551/372 4921/2552/372 4919/2550/371
f 4922/2551/372 4924/2553/373 4923/2554/373 4921/2552/372
f 4924/2553/373 4926/2555/374 4925/2556/374 4923/2554/373
f 4926/2555/374 4928/2557/375 4927/2558/375 4925/2556/374
f 4928/2557/375 4930/2559/376 4929/2560/376 4927/2558/375
f 4930/2559/376 4932/2561/377 4931/2562/377 4929/2560/376
f 4932/2561/377 4934/2563/378 4933/2564/378 4931/2562/377
f 4934/2563/378 4936/2565/379 4935/2566/379 4933/2564/378
f 4936/2565/379 4938/2567/380 4937/2568/380 4935/2566/379
f 4938/2567/380 4940/2569/381 4939/2570/381 4937/2568/380
f 4940/2569/381 4942/2571/382 4941/2572/382 4939/2570/381
f 4942/2571/382 4944/2573/383 4943/2574/383 4941/2572/382
f 4944/2573/383 4946/2575/384 4945/2576/384 4943/2574/383
f 4946/2575/384 4948/2577/385 4947/2578/385 4945/2576/384
f 4948/2577/385 4950/2579/386 4949/2580/386 4947/2578/385
f 4950/2579/386 4952/2581/387 4951/2582/387 4949/2580/386
f 4952/2581/387 4954/2583/388 4953/2584/388 4951/2582/387
f 4954/2583/388 4956/2585/389 4955/2586/389 4953/2584/388
f 4956/2585/389 4958/2587/390 4957/2588/390 4955/2586/389
f 4958/2587/390 4960/2589/391 4959/2590/391 4957/2588/390
f 4960/2589/391 4962/2591/392 4961/2592/392 4959/2590/391
f 4962/2591/392 4964/2593/393 4963/2594/393 4961/2592/392
f 4964/2593/393 4966/2595/394 4965/2596/394 4963/2594/393
f 4966/2595/394 4968/2597/395 4967/2598/395 4965/2596/394
f 4968/2597/395 4970/2599/396 4969/2600/396 4967/2598/395
f 4970/2599/396 4972/2601/397 4971/2602/397 4969/2600/396
f 4972/2601/397 4974/2603/398 4973/2604/398 4971/2602/397
f 4974/2603/398 4976/2605/399 4975/2606/399 4973/2604/398
f 4976/2605/399 4978/2607/400 4977/2608/400 4975/2606/399
f 4978/2607/400 4980/2609/401 4979/2610/401 4977/2608/400
f 4980/2609/401 4982/2611/402 4981/2612/402 4979/2610/401
f 4982/2611/402 4984/2613/403 4983/2614/403 4981/2612/402
f 4984/2613/403 4986/2615/404 4985/2616/404 4983/2614/403
f 4986/2615/404 4988/2617/405 4987/2618/405 4985/2616/404
f 4988/2617/405 4990/2619/406 4989/2620/406 4987/2618/405
f 4990/2619/406 4992/2621/407 4991/2622/407 4989/2620/406
f 4992/2621/407 4994/2623/408 4993/2624/408 4991/2622/407
f 4994/2623/408 4996/2625/409 4995/2626/409 4993/2624/408
f 4996/2625/409 4998/2627/410 4997/2628/410 4995/2626/409
f 4998/2627/410 5000/2629/411 4999/2630/411 4997/2628/410
f 5000/2629/411 5002/2631/412 5001/2632/412 4999/2630/411
f 5002/2631/412 5004/2633/413 5003/2634/413 5001/2632/412
f 5004/2633/413 5006/2635/414 5005/2636/414 5003/2634/413
f 5006/2635/414 5008/2637/415 5007/2638/415 5005/2636/414
f 5008/2637/415 5010/2639/416 5009/2640/416 5007/2638/415
f 5010/2639/416 5012/2641/417 5011/2642/417 5009/2640/416
f 5012/2641/417 5014/2643/418 5013/2644/418 5011/2642/417
f 5014/2643/418 5016/2645/94 5015/2646/94 5013/2644/418
f 5016/2645/94 5018/2647/419 5017/2648/419 5015/2646/94
f 5018/2647/419 5020/2649/420 5019/2650/420 5017/2648/419
f 5020/2649/420 5022/2651/421 5021/2652/421 5019/2650/420
f 5022/2651/421 5024/2653/422 5023/2654/422 5021/2652/421
f 5024/2653/422 5026/2655/423 5025/2656/423 5023/2654/422
f 5026/2655/423 5028/2657/424 5027/2658/424 5025/2656/423
f 5028/2657/424 5030/2659/425 5029/2660/425 5027/2658/424
f 5030/2659/425 5032/2661/426 5031/2662/426 5029/2660/425
f 5032/2661/426 5034/2663/427 5033/2664/427 5031/2662/426
f 5034/2663/427 5036/2665/428 5035/2666/428 5033/2664/427
f 5036/2665/428 5038/2667/429 5037/2668/429 5035/2666/428
f 5038/2667/429 5040/2669/430 5039/2670/430 5037/2668/429
f 5040/2669/430 5042/2671/431 5041/2672/431 5039/2670/430
f 5042/2671/431 5044/2673/432 5043/2674/432 5041/2672/431
f 5044/2673/432 5046/2675/433 5045/2676/433 5043/2674/432
f 5046/2675/433 5048/2677/434 5047/2678/434 5045/2676/433
f 5048/2677/434 5050/2679/435 5049/2680/435 5047/2678/434
f 5050/2679/435 5052/2681/436 5051/2682/436 5049/2680/435
f 5052/2681/436 5054/2683/437 5053/2684/437 5051/2682/436
f 5054/2683/437 5056/2685/438 5055/2686/438 5053/2684/437
f 5056/2685/438 5058/2687/439 5057/2688/439 5055/2686/438
f 5058/2687/439 5060/2689/440 5059/2690/440 5057/2688/439
f 5060/2689/440 5062/2691/441 5061/2692/441 5059/2690/440
f 5062/2691/441 5064/2693/442 5063/2694/442 5061/2692/441
f 5064/2693/442 5066/2695/443 5065/2696/443 5063/2694/442
f 5066/2695/443 5068/2697/444 5067/2698/444 5065/2696/443
f 5068/2697/444 5070/2699/445 5069/2700/445 5067/2698/444
f 5070/2699/445 5072/2701/446 5071/2702/446 5069/2700/445
f 5072/2701/446 5074/2703/447 5073/2704/447 5071/2702/446
f 5074/2703/447 5076/2705/448 5075/2706/448 5073/2704/447
f 5076/2705/448 5078/2707/449 5077/2708/449 5075/2706/448
f 5078/2707/449 5080/2709/450 5079/2710/450 5077/2708/449
f 5080/2709/450 5082/2711/451 5081/2712/451 5079/2710/450
f 5082/2711/451 5084/2713/452 5083/2714/452 5081/2712/451
f 5084/2713/452 5086/2715/453 5085/2716/453 5083/2714/452
f 5086/2715/453 5088/2717/454 5087/2718/454 5085/2716/453
f 5088/2717/454 5090/2719/455 5089/2720/455 5087/2718/454
f 5090/2719/455 5092/2721/456 5091/2722/456 5089/2720/455
f 5092/2721/456 5094/2723/457 5093/2724/457 5091/2722/456
f 5094/2723/457 5096/2725/458 5095/2726/458 5093/2724/457
f 5096/2725/458 5098/2727/459 5097/2728/459 5095/2726/458
f 5098/2727/459 5100/2729/460 5099/2730/460 5097/2728/459
f 5100/2729/460 5102/2731/461 5101/2732/461 5099/2730/460
f 5102/2731/461 5104/2733/462 5103/2734/462 5101/2732/461
f 5104/2733/462 5106/2735/463 5105/2736/463 5103/2734/462
f 5106/2735/463 5108/2737/464 5107/2738/464 5105/2736/463
f 5108/2737/464 5110/2739/465 5109/2740/465 5107/2738/464
f 5110/2739/465 5112/2741/466 5111/2742/466 5109/2740/465
f 5112/2741/466 4896/1876/359 4895/14/359 5111/2742/466
f 5114/1850/467 5116/2743/468 5115/2744/468 5113/102/467
f 5116/2743/468 5118/2745/469 5117/2746/469 5115/2744/468
f 5118/2745/469 5120/2465/470 5119/2466/470 5117/2746/469
f 5120/2465/470 5122/2747/471 5121/2748/471 5119/2466/470
f 5122/2747/471 5124/2749/472 5123/2750/472 5121/2748/471
f 5124/2749/472 5126/2468/473 5125/1608/473 5123/2750/472
f 5126/2468/473 5128/2751/474 5127/2752/474 5125/1608/473
f 5128/2751/474 5130/2753/475 5129/2754/475 5127/2752/474
f 5130/2753/475 5132/2471/476 5131/391/476 5129/2754/475
f 5132/2471/476 5134/2755/477 5133/2756/477 5131/391/476
f 5134/2755/477 5136/2757/478 5135/2758/478 5133/2756/477
f 5136/2757/478 5138/2019/101 5137/1556/101 5135/2758/478
f 5138/2019/101 5140/2759/101 5139/2760/101 5137/1556/101
f 5140/2759/101 5142/2761/37 5141/2762/37 5139/2760/101
f 5142/2761/37 5144/2475/37 5143/2476/37 5141/2762/37
f 5144/2475/37 5146/2763/37 5145/2764/37 5143/2476/37
f 5146/2763/37 5148/2765/100 5147/2766/100 5145/2764/37
f 5148/2765/100 5150/2017/100 5149/315/100 5147/2766/100
f 5150/2017/100 5152/2767/37 5151/2768/37 5149/315/100
f 5152/2767/37 5154/2769/37 5153/2770/37 5151/2768/37
f 5154/2769/37 5156/2481/100 5155/2482/100 5153/2770/37
f 5156/2481/100 5158/2771/100 5157/2772/100 5155/2482/100
f 5158/2771/100 5160/2773/37 5159/2774/37 5157/2772/100
f 5160/2773/37 5162/2020/37 5161/1597/37 5159/2774/37
f 5162/2020/37 5164/2775/100 5163/2776/100 5161/1597/37
f 5164/2775/100 5166/2777/99 5165/2778/99 5163/2776/100
f 5166/2777/99 5168/2486/101 5167/322/101 5165/2778/99
f 5168/2486/101 5170/2779/101 5169/2780/101 5167/322/101
f 5170/2779/101 5172/2781/99 5171/2782/99 5169/2780/101
f 5172/2781/99 5174/2489/99 5173/1611/99 5171/2782/99
f 5174/2489/99 5176/2783/101 5175/2784/101 5173/1611/99
f 5176/2783/101 5178/2785/101 5177/2786/101 5175/2784/101
f 5178/2785/101 5180/2491/99 5179/2492/99 5177/2786/101
f 5180/2491/99 5182/2787/479 5181/2788/479 5179/2492/99
f 5182/2787/479 5184/2789/480 5183/2790/480 5181/2788/479
f 5184/2789/480 5186/1863/481 5185/476/481 5183/2790/480
f 5186/1863/481 5188/2791/482 5187/2792/482 5185/476/481
f 5188/2791/482 5190/2793/483 5189/2794/483 5187/2792/482
f 5190/2793/483 5192/2497/484 5191/2498/484 5189/2794/483
f 5192/2497/484 5194/2795/485 5193/2796/485 5191/2498/484
f 5194/2795/485 5196/2797/486 5195/2798/486 5193/2796/485
f 5196/2797/486 5198/2500/487 5197/1532/487 5195/2798/486
f 5198/2500/487 5200/2799/488 5199/2800/488 5197/1532/487
f 5200/2799/488 5202/2801/489 5201/2802/489 5199/2800/488
f 5202/2801/489 5204/2503/490 5203/436/490 5201/2802/489
f 5204/2503/490 5206/2803/491 5205/2804/491 5203/436/490
f 5206/2803/491 5208/2805/492 5207/2806/492 5205/2804/491
f 5208/2805/492 5210/2021/493 5209/1641/493 5207/2806/492
f 5210/2021/493 5212/2807/494 5211/2808/494 5209/1641/493
f 5212/2807/494 5214/2809/495 5213/2810/495 5211/2808/494
f 5214/2809/495 5216/2507/496 5215/2508/496 5213/2810/495
f 5216/2507/496 5218/2811/497 5217/2812/497 5215/2508/496
f 5218/2811/497 5220/2813/498 5219/2814/498 5217/2812/497
f 5220/2813/498 5222/2018/499 5221/371/499 5219/2814/498
f 5222/2018/499 5224/2815/500 5223/2816/500 5221/371/499
f 5224/2815/500 5226/2817/501 5225/2818/501 5223/2816/500
f 5226/2817/501 5228/2513/502 5227/2514/502 5225/2818/501
f 5228/2513/502 5230/2819/503 5229/2820/503 5227/2514/502
f 5230/2819/503 5232/2821/504 5231/2822/504 5229/2820/503
f 5232/2821/504 5234/2022/505 5233/1573/505 5231/2822/504
f 5234/2022/505 5236/2823/506 5235/2824/506 5233/1573/505
f 5236/2823/506 5238/2825/507 5237/2826/507 5235/2824/506
f 5238/2825/507 5240/2518/508 5239/457/508 5237/2826/507
f 5240/2518/508 5242/2827/509 5241/2828/509 5239/457/508
f 5242/2827/509 5244/2829/510 5243/2830/510 5241/2828/509
f 5244/2829/510 5246/2521/511 5245/1515/511 5243/2830/510
f 5246/2521/511 5248/2831/512 5247/2832/512 5245/1515/511
f 5248/2831/512 5250/2833/513 5249/2834/513 5247/2832/512
f 5250/2833/513 5252/2523/514 5251/2524/514 5249/2834/513
f 5252/2523/514 5254/2835/515 5253/2836/515 5251/2524/514
f 5254/2835/515 5256/2837/516 5255/2838/516 5253/2836/515
f 5256/2837/516 5114/1876/467 5113/14/467 5255/2838/516
f 5258/1850/517 5260/2839/518 5259/2840/518 5257/102/517
f 5260/2839/518 5262/2841/519 5261/2842/519 5259/2840/518
f 5262/2841/519 5264/2843/520 5263/2844/520 5261/2842/519
f 5264/2843/520 5266/2845/521 5265/2846/521 5263/2844/520
f 5266/2845/521 5268/2847/522 5267/2848/522 5265/2846/521
f 5268/2847/522 5270/2849/523 5269/2850/523 5267/2848/522
f 5270/2849/523 5272/2851/524 5271/2852/524 5269/2850/523
f 5272/2851/524 5274/2853/525 5273/2854/525 5271/2852/524
f 5274/2853/525 5276/2855/526 5275/2856/526 5273/2854/525
f 5276/2855/526 5278/2857/527 5277/2858/527 5275/2856/526
f 5278/2857/527 5280/2859/528 5279/2860/528 5277/2858/527
f 5280/2859/528 5282/2861/37 5281/2862/37 5279/2860/528
f 5282/2861/37 5284/2863/100 5283/2864/100 5281/2862/37
f 5284/2863/100 5286/2865/529 5285/2866/529 5283/2864/100
f 5286/2865/529 5288/2867/530 5287/2868/530 5285/2866/529
f 5288/2867/530 5290/2869/531 5289/2870/531 5287/2868/530
f 5290/2869/531 5292/2871/532 5291/2872/532 5289/2870/531
f 5292/2871/532 5294/2873/533 5293/2874/533 5291/2872/532
f 5294/2873/533 5296/2875/534 5295/2876/534 5293/2874/533
f 5296/2875/534 5298/2877/535 5297/2878/535 5295/2876/534
f 5298/2877/535 5300/2879/536 5299/2880/536 5297/2878/535
f 5300/2879/536 5302/2881/537 5301/2882/537 5299/2880/536
f 5302/2881/537 5304/2883/538 5303/2884/538 5301/2882/537
f 5304/2883/538 5306/2885/539 5305/2886/539 5303/2884/538
f 5306/2885/539 5308/2887/540 5307/1657/540 5305/2886/539
f 5308/2887/540 5310/2888/541 5309/2889/541 5307/1657/540
f 5310/2888/541 5312/2890/542 5311/2891/542 5309/2889/541
f 5312/2890/542 5314/2892/543 5313/2893/543 5311/2891/542
f 5314/2892/543 5316/2894/544 5315/2895/544 5313/2893/543
f 5316/2894/544 5318/2896/545 5317/2897/545 5315/2895/544
f 5318/2896/545 5320/2898/546 5319/2899/546 5317/2897/545
f 5320/2898/546 5322/2900/547 5321/2901/547 5319/2899/546
f 5322/2900/547 5324/2902/548 5323/2903/548 5321/2901/547
f 5324/2902/548 5326/2904/549 5325/2905/549 5323/2903/548
f 5326/2904/549 5328/2906/550 5327/2907/550 5325/2905/549
f 5328/2906/550 5330/2908/551 5329/2909/551 5327/2907/550
f 5330/2908/551 5332/2910/552 5331/2911/552 5329/2909/551
f 5332/2910/552 5334/2912/553 5333/2913/553 5331/2911/552
f 5334/2912/553 5336/2914/554 5335/2915/554 5333/2913/553
f 5336/2914/554 5338/2916/555 5337/2917/555 5335/2915/554
f 5338/2916/555 5340/2918/556 5339/2919/556 5337/2917/555
f 5340/2918/556 5342/2920/557 5341/2921/557 5339/2919/556
f 5342/2920/557 5344/2922/558 5343/2923/558 5341/2921/557
f 5344/2922/558 5346/2924/559 5345/2925/559 5343/2923/558
f 5346/2924/559 5348/2926/560 5347/2927/560 5345/2925/559
f 5348/2926/560 5350/2928/561 5349/2929/561 5347/2927/560
f 5350/2928/561 5352/2930/562 5351/2931/562 5349/2929/561
f 5352/2930/562 5354/2932/563 5353/2933/563 5351/2931/562
f 5354/2932/563 5356/2934/564 5355/2935/564 5353/2933/563
f 5356/2934/564 5358/2936/565 5357/1674/565 5355/2935/564
f 5358/2936/565 5360/2937/566 5359/2938/566 5357/1674/565
f 5360/2937/566 5362/2939/567 5361/2940/567 5359/2938/566
f 5362/2939/567 5364/2941/568 5363/2942/568 5361/2940/567
f 5364/2941/568 5366/2943/37 5365/2944/37 5363/2942/568
f 5366/2943/37 5368/2945/100 5367/2946/100 5365/2944/37
f 5368/2945/100 5370/2947/100 5369/2948/100 5367/2946/100
f 5370/2947/100 5372/2949/569 5371/2950/569 5369/2948/100
f 5372/2949/569 5374/2951/570 5373/2952/570 5371/2950/569
f 5374/2951/570 5376/2953/571 5375/2954/571 5373/2952/570
f 5376/2953/571 5378/2955/572 5377/2956/572 5375/2954/571
f 5378/2955/572 5380/2957/573 5379/2958/573 5377/2956/572
f 5380/2957/573 5382/2959/574 5381/2960/574 5379/2958/573
f 5382/2959/574 5384/2961/575 5383/2962/575 5381/2960/574
f 5384/2961/575 5386/2963/576 5385/2964/576 5383/2962/575
f 5386/2963/576 5388/2965/577 5387/2966/577 5385/2964/576
f 5388/2965/577 5390/2967/578 5389/2968/578 5387/2966/577
f 5390/2967/578 5392/2969/579 5391/2970/579 5389/2968/578
f 5392/2969/579 5394/2971/580 5393/2972/580 5391/2970/579
f 5394/2971/580 5396/2973/581 5395/2974/581 5393/2972/580
f 5396/2973/581 5398/2975/582 5397/2976/582 5395/2974/581
f 5398/2975/582 5400/2977/583 5399/2978/583 5397/2976/582
f 5400/2977/583 5402/2979/584 5401/2980/584 5399/2978/583
f 5402/2979/584 5404/2981/585 5403/2982/585 5401/2980/584
f 5404/2981/585 5406/2983/586 5405/2984/586 5403/2982/585
f 5406/2983/586 5408/2985/587 5407/1670/587 5405/2984/586
f 5408/2985/587 5410/2986/588 5409/2987/588 5407/1670/587
f 5410/2986/588 5412/2988/589 5411/2989/589 5409/2987/588
f 5412/2988/589 5414/2990/590 5413/2991/590 5411/2989/589
f 5414/2990/590 5416/2992/591 5415/2993/591 5413/2991/590
f 5416/2992/591 5418/2994/592 5417/2995/592 5415/2993/591
f 5418/2994/592 5420/2996/593 5419/2997/593 5417/2995/592
f 5420/2996/593 5422/2998/594 5421/2999/594 5419/2997/593
f 5422/2998/594 5424/3000/595 5423/3001/595 5421/2999/594
f 5424/3000/595 5426/3002/596 5425/3003/596 5423/3001/595
f 5426/3002/596 5428/3004/597 5427/3005/597 5425/3003/596
f 5428/3004/597 5430/3006/598 5429/3007/598 5427/3005/597
f 5430/3006/598 5432/3008/599 5431/3009/599 5429/3007/598
f 5432/3008/599 5434/3010/600 5433/3011/600 5431/3009/599
f 5434/3010/600 5436/3012/601 5435/3013/601 5433/3011/600
f 5436/3012/601 5438/3014/602 5437/3015/602 5435/3013/601
f 5438/3014/602 5440/3016/603 5439/3017/603 5437/3015/602
f 5440/3016/603 5442/3018/604 5441/3019/604 5439/3017/603
f 5442/3018/604 5444/3020/605 5443/3021/605 5441/3019/604
f 5444/3020/605 5446/3022/101 5445/3023/101 5443/3021/605
f 5446/3022/101 5448/3024/606 5447/3025/606 5445/3023/101
f 5448/3024/606 5450/3026/607 5449/3027/607 5447/3025/606
f 5450/3026/607 5452/3028/608 5451/3029/608 5449/3027/607
f 5452/3028/608 5454/3030/609 5453/3031/609 5451/3029/608
f 5454/3030/609 5456/3032/610 5455/3033/610 5453/3031/609
f 5456/3032/610 5458/3034/611 5457/1710/611 5455/3033/610
f 5458/3034/611 5460/3035/612 5459/3036/612 5457/1710/611
f 5460/3035/612 5462/3037/613 5461/3038/613 5459/3036/612
f 5462/3037/613 5464/3039/614 5463/3040/614 5461/3038/613
f 5464/3039/614 5466/3041/615 5465/3042/615 5463/3040/614
f 5466/3041/615 5468/3043/616 5467/3044/616 5465/3042/615
f 5468/3043/616 5470/3045/617 5469/3046/617 5467/3044/616
f 5470/3045/617 5472/3047/618 5471/3048/618 5469/3046/617
f 5472/3047/618 5474/3049/619 5473/3050/619 5471/3048/618
f 5474/3049/619 5476/3051/99 5475/3052/99 5473/3050/619
f 5476/3051/99 5478/3053/101 5477/3054/101 5475/3052/99
f 5478/3053/101 5480/3055/620 5479/3056/620 5477/3054/101
f 5480/3055/620 5482/3057/621 5481/3058/621 5479/3056/620
f 5482/3057/621 5484/3059/622 5483/3060/622 5481/3058/621
f 5484/3059/622 5486/3061/623 5485/3062/623 5483/3060/622
f 5486/3061/623 5488/3063/624 5487/3064/624 5485/3062/623
f 5488/3063/624 5490/3065/625 5489/3066/625 5487/3064/624
f 5490/3065/625 5492/3067/626 5491/3068/626 5489/3066/625
f 5492/3067/626 5494/3069/627 5493/3070/627 5491/3068/626
f 5494/3069/627 5496/3071/628 5495/3072/628 5493/3070/627
f 5496/3071/628 5498/3073/629 5497/3074/629 5495/3072/628
f 5498/3073/629 5500/3075/630 5499/3076/630 5497/3074/629
f 5500/3075/630 5502/3077/631 5501/3078/631 5499/3076/630
f 5502/3077/631 5504/3079/632 5503/3080/632 5501/3078/631
f 5504/3079/632 5506/3081/633 5505/3082/633 5503/3080/632
f 5506/3081/633 5258/1876/517 5257/14/517 5505/3082/633
f 5508/1850/634 5510/3083/635 5509/3084/635 5507/102/634
f 5510/3083/635 5512/3085/636 5511/3086/636 5509/3084/635
f 5512/3085/636 5514/3087/637 5513/3088/637 5511/3086/636
f 5514/3087/637 5516/3089/143 5515/3090/143 5513/3088/637
f 5516/3089/143 5518/3091/638 5517/3092/638 5515/3090/143
f 5518/3091/638 5520/3093/639 5519/3094/639 5517/3092/638
f 5520/3093/639 5522/3095/640 5521/3096/640 5519/3094/639
f 5522/3095/640 5524/3097/641 5523/3098/641 5521/3096/640
f 5524/3097/641 5526/3099/642 5525/3100/642 5523/3098/641
f 5526/3099/642 5528/3101/643 5527/3102/643 5525/3100/642
f 5528/3101/643 5530/3103/644 5529/3104/644 5527/3102/643
f 5530/3103/644 5532/3105/645 5531/3106/645 5529/3104/644
f 5532/3105/645 5534/3107/646 5533/3108/646 5531/3106/645
f 5534/3107/646 5536/3109/647 5535/3110/647 5533/3108/646
f 5536/3109/647 5538/3111/648 5537/3112/648 5535/3110/647
f 5538/3111/648 5540/3113/649 5539/3114/649 5537/3112/648
f 5540/3113/649 5542/1852/650 5541/1090/650 5539/3114/649
f 5542/1852/650 5544/3115/651 5543/3116/651 5541/1090/650
f 5544/3115/651 5546/3117/652 5545/3118/652 5543/3116/651
f 5546/3117/652 5548/3119/653 5547/3120/653 5545/3118/652
f 5548/3119/653 5550/3121/654 5549/3122/654 5547/3120/653
f 5550/3121/654 5552/3123/655 5551/3124/655 5549/3122/654
f 5552/3123/655 5554/3125/656 5553/3126/656 5551/3124/655
f 5554/3125/656 5556/3127/657 5555/3128/657 5553/3126/656
f 5556/3127/657 5558/3129/658 5557/3130/658 5555/3128/657
f 5558/3129/658 5560/3131/659 5559/3132/659 5557/3130/658
f 5560/3131/659 5562/3133/660 5561/3134/660 5559/3132/659
f 5562/3133/660 5564/3135/661 5563/3136/661 5561/3134/660
f 5564/3135/661 5566/3137/148 5565/3138/148 5563/3136/661
f 5566/3137/148 5568/3139/662 5567/3140/662 5565/3138/148
f 5568/3139/662 5570/3141/663 5569/3142/663 5567/3140/662
f 5570/3141/663 5572/3143/664 5571/3144/664 5569/3142/663
f 5572/3143/664 5574/3145/665 5573/3146/665 5571/3144/664
f 5574/3145/665 5576/1854/666 5575/1322/666 5573/3146/665
f 5576/1854/666 5578/3147/667 5577/3148/667 5575/1322/666
f 5578/3147/667 5580/3149/668 5579/3150/668 5577/3148/667
f 5580/3149/668 5582/3151/669 5581/3152/669 5579/3150/668
f 5582/3151/669 5584/3153/670 5583/3154/670 5581/3152/669
f 5584/3153/670 5586/3155/671 5585/3156/671 5583/3154/670
f 5586/3155/671 5588/3157/672 5587/3158/672 5585/3156/671
f 5588/3157/672 5590/3159/673 5589/3160/673 5587/3158/672
f 5590/3159/673 5592/3161/674 5591/3162/674 5589/3160/673
f 5592/3161/674 5594/3163/675 5593/3164/675 5591/3162/674
f 5594/3163/675 5596/3165/676 5595/3166/676 5593/3164/675
f 5596/3165/676 5598/3167/677 5597/3168/677 5595/3166/676
f 5598/3167/677 5600/3169/678 5599/3170/678 5597/3168/677
f 5600/3169/678 5602/3171/679 5601/3172/679 5599/3170/678
f 5602/3171/679 5604/3173/680 5603/3174/680 5601/3172/679
f 5604/3173/680 5606/3175/681 5605/3176/681 5603/3174/680
f 5606/3175/681 5608/3177/682 5607/3178/682 5605/3176/681
f 5608/3177/682 5610/1856/683 5609/1290/683 5607/3178/682
f 5610/1856/683 5612/3179/684 5611/3180/684 5609/1290/683
f 5612/3179/684 5614/3181/685 5613/3182/685 5611/3180/684
f 5614/3181/685 5616/3183/686 5615/3184/686 5613/3182/685
f 5616/3183/686 5618/3185/687 5617/3186/687 5615/3184/686
f 5618/3185/687 5620/3187/688 5619/3188/688 5617/3186/687
f 5620/3187/688 5622/3189/689 5621/3190/689 5619/3188/688
f 5622/3189/689 5624/3191/690 5623/3192/690 5621/3190/689
f 5624/3191/690 5626/3193/691 5625/3194/691 5623/3192/690
f 5626/3193/691 5628/3195/692 5627/3196/692 5625/3194/691
f 5628/3195/692 5630/3197/693 5629/3198/693 5627/3196/692
f 5630/3197/693 5632/3199/694 5631/3200/694 5629/3198/693
f 5632/3199/694 5634/3201/695 5633/3202/695 5631/3200/694
f 5634/3201/695 5636/3203/696 5635/3204/696 5633/3202/695
f 5636/3203/696 5638/3205/697 5637/3206/697 5635/3204/696
f 5638/3205/697 5640/3207/698 5639/3208/698 5637/3206/697
f 5640/3207/698 5642/3209/699 5641/3210/699 5639/3208/698
f 5642/3209/699 5644/1858/700 5643/1266/700 5641/3210/699
f 5644/1858/700 5646/3211/701 5645/3212/701 5643/1266/700
f 5646/3211/701 5648/3213/702 5647/3214/702 5645/3212/701
f 5648/3213/702 5650/3215/703 5649/3216/703 5647/3214/702
f 5650/3215/703 5652/3217/704 5651/3218/704 5649/3216/703
f 5652/3217/704 5654/3219/705 5653/3220/705 5651/3218/704
f 5654/3219/705 5656/3221/706 5655/3222/706 5653/3220/705
f 5656/3221/706 5658/3223/707 5657/3224/707 5655/3222/706
f 5658/3223/707 5660/3225/708 5659/3226/708 5657/3224/707
f 5660/3225/708 5662/3227/709 5661/3228/709 5659/3226/708
f 5662/3227/709 5664/3229/710 5663/3230/710 5661/3228/709
f 5664/3229/710 5666/3231/711 5665/3232/711 5663/3230/710
f 5666/3231/711 5668/3233/712 5667/3234/712 5665/3232/711
f 5668/3233/712 5670/3235/713 5669/3236/713 5667/3234/712
f 5670/3235/713 5672/3237/714 5671/3238/714 5669/3236/713
f 5672/3237/714 5674/3239/715 5673/3240/715 5671/3238/714
f 5674/3239/715 5676/3241/716 5675/3242/716 5673/3240/715
f 5676/3241/716 5678/1860/717 5677/1219/717 5675/3242/716
f 5678/1860/717 5680/3243/718 5679/3244/718 5677/1219/717
f 5680/3243/718 5682/3245/719 5681/3246/719 5679/3244/718
f 5682/3245/719 5684/3247/720 5683/3248/720 5681/3246/719
f 5684/3247/720 5686/3249/721 5685/3250/721 5683/3248/720
f 5686/3249/721 5688/3251/722 5687/3252/722 5685/3250/721
f 5688/3251/722 5690/3253/723 5689/3254/723 5687/3252/722
f 5690/3253/723 5692/3255/724 5691/3256/724 5689/3254/723
f 5692/3255/724 5694/3257/725 5693/3258/725 5691/3256/724
f 5694/3257/725 5696/3259/726 5695/3260/726 5693/3258/725
f 5696/3259/726 5698/3261/727 5697/3262/727 5695/3260/726
f 5698/3261/727 5700/3263/728 5699/3264/728 5697/3262/727
f 5700/3263/728 5702/3265/729 5701/3266/729 5699/3264/728
f 5702/3265/729 5704/3267/730 5703/3268/730 5701/3266/729
f 5704/3267/730 5706/3269/731 5705/3270/731 5703/3268/730
f 5706/3269/731 5708/3271/732 5707/3272/732 5705/3270/731
f 5708/3271/732 5710/3273/733 5709/3274/733 5707/3272/732
f 5710/3273/733 5712/1862/734 5711/1224/734 5709/3274/733
f 5712/1862/734 5714/3275/735 5713/3276/735 5711/1224/734
f 5714/3275/735 5716/3277/736 5715/3278/736 5713/3276/735
f 5716/3277/736 5718/3279/737 5717/3280/737 5715/3278/736
f 5718/3279/737 5720/3281/738 5719/3282/738 5717/3280/737
f 5720/3281/738 5722/3283/739 5721/3284/739 5719/3282/738
f 5722/3283/739 5724/3285/740 5723/3286/740 5721/3284/739
f 5724/3285/740 5726/3287/741 5725/3288/741 5723/3286/740
f 5726/3287/741 5728/3289/742 5727/3290/742 5725/3288/741
f 5728/3289/742 5730/3291/743 5729/3292/743 5727/3290/742
f 5730/3291/743 5732/3293/744 5731/3294/744 5729/3292/743
f 5732/3293/744 5734/3295/745 5733/3296/745 5731/3294/744
f 5734/3295/745 5736/3297/746 5735/3298/746 5733/3296/745
f 5736/3297/746 5738/3299/747 5737/3300/747 5735/3298/746
f 5738/3299/747 5740/3301/748 5739/3302/748 5737/3300/747
f 5740/3301/748 5742/3303/749 5741/3304/749 5739/3302/748
f 5742/3303/749 5744/3305/750 5743/3306/750 5741/3304/749
f 5744/3305/750 5746/1864/751 5745/1242/751 5743/3306/750
f 5746/1864/751 5748/3307/752 5747/3308/752 5745/1242/751
f 5748/3307/752 5750/3309/753 5749/3310/753 5747/3308/752
f 5750/3309/753 5752/3311/754 5751/3312/754 5749/3310/753
f 5752/3311/754 5754/3313/755 5753/3314/755 5751/3312/754
f 5754/3313/755 5756/3315/756 5755/3316/756 5753/3314/755
f 5756/3315/756 5758/3317/757 5757/3318/757 5755/3316/756
f 5758/3317/757 5760/3319/758 5759/3320/758 5757/3318/757
f 5760/3319/758 5762/3321/759 5761/3322/759 5759/3320/758
f 5762/3321/759 5764/3323/760 5763/3324/760 5761/3322/759
f 5764/3323/760 5766/3325/761 5765/3326/761 5763/3324/760
f 5766/3325/761 5768/3327/762 5767/3328/762 5765/3326/761
f 5768/3327/762 5770/3329/763 5769/3330/763 5767/3328/762
f 5770/3329/763 5772/3331/764 5771/3332/764 5769/3330/763
f 5772/3331/764 5774/3333/765 5773/3334/765 5771/3332/764
f 5774/3333/765 5776/3335/766 5775/3336/766 5773/3334/765
f 5776/3335/766 5778/3337/767 5777/3338/767 5775/3336/766
f 5778/3337/767 5780/1866/768 5779/1099/768 5777/3338/767
f 5780/1866/768 5782/3339/769 5781/3340/769 5779/1099/768
f 5782/3339/769 5784/3341/770 5783/3342/770 5781/3340/769
f 5784/3341/770 5786/3343/771 5785/3344/771 5783/3342/770
f 5786/3343/771 5788/3345/772 5787/3346/772 5785/3344/771
f 5788/3345/772 5790/3347/773 5789/3348/773 5787/3346/772
f 5790/3347/773 5792/3349/774 5791/3350/774 5789/3348/773
f 5792/3349/774 5794/3351/775 5793/3352/775 5791/3350/774
f 5794/3351/775 5796/3353/776 5795/3354/776 5793/3352/775
f 5796/3353/776 5798/3355/777 5797/3356/777 5795/3354/776
f 5798/3355/777 5800/3357/778 5799/3358/778 5797/3356/777
f 5800/3357/778 5802/3359/779 5801/3360/779 5799/3358/778
f 5802/3359/779 5804/3361/780 5803/3362/780 5801/3360/779
f 5804/3361/780 5806/3363/781 5805/3364/781 5803/3362/780
f 5806/3363/781 5808/3365/782 5807/3366/782 5805/3364/781
f 5808/3365/782 5810/3367/783 5809/3368/783 5807/3366/782
f 5810/3367/783 5812/3369/784 5811/3370/784 5809/3368/783
f 5812/3369/784 5814/1868/785 5813/1146/785 5811/3370/784
f 5814/1868/785 5816/3371/786 5815/3372/786 5813/1146/785
f 5816/3371/786 5818/3373/787 5817/3374/787 5815/3372/786
f 5818/3373/787 5820/3375/788 5819/3376/788 5817/3374/787
f 5820/3375/788 5822/3377/789 5821/3378/789 5819/3376/788
f 5822/3377/789 5824/3379/790 5823/3380/790 5821/3378/789
f 5824/3379/790 5826/3381/791 5825/3382/791 5823/3380/790
f 5826/3381/791 5828/3383/792 5827/3384/792 5825/3382/791
f 5828/3383/792 5830/3385/793 5829/3386/793 5827/3384/792
f 5830/3385/793 5832/3387/794 5831/3388/794 5829/3386/793
f 5832/3387/794 5834/3389/795 5833/3390/795 5831/3388/794
f 5834/3389/795 5836/3391/796 5835/3392/796 5833/3390/795
f 5836/3391/796 5838/3393/797 5837/3394/797 5835/3392/796
f 5838/3393/797 5840/3395/798 5839/3396/798 5837/3394/797
f 5840/3395/798 5842/3397/799 5841/3398/799 5839/3396/798
f 5842/3397/799 5844/3399/800 5843/3400/800 5841/3398/799
f 5844/3399/800 5846/3401/801 5845/3402/801 5843/3400/800
f 5846/3401/801 5848/1870/802 5847/1078/802 5845/3402/801
f 5848/1870/802 5850/3403/803 5849/3404/803 5847/1078/802
f 5850/3403/803 5852/3405/804 5851/3406/804 5849/3404/803
f 5852/3405/804 5854/3407/805 5853/3408/805 5851/3406/804
f 5854/3407/805 5856/3409/806 5855/3410/806 5853/3408/805
f 5856/3409/806 5858/3411/807 5857/3412/807 5855/3410/806
f 5858/3411/807 5860/3413/808 5859/3414/808 5857/3412/807
f 5860/3413/808 5862/3415/809 5861/3416/809 5859/3414/808
f 5862/3415/809 5864/3417/810 5863/3418/810 5861/3416/809
f 5864/3417/810 5866/3419/811 5865/3420/811 5863/3418/810
f 5866/3419/811 5868/3421/812 5867/3422/812 5865/3420/811
f 5868/3421/812 5870/3423/813 5869/3424/813 5867/3422/812
f 5870/3423/813 5872/3425/814 5871/3426/814 5869/3424/813
f 5872/3425/814 5874/3427/815 5873/3428/815 5871/3426/814
f 5874/3427/815 5876/3429/816 5875/3430/816 5873/3428/815
f 5876/3429/816 5878/3431/817 5877/3432/817 5875/3430/816
f 5878/3431/817 5880/3433/818 5879/3434/818 5877/3432/817
f 5880/3433/818 5882/1872/819 5881/1206/819 5879/3434/818
f 5882/1872/819 5884/3435/820 5883/3436/820 5881/1206/819
f 5884/3435/820 5886/3437/821 5885/3438/821 5883/3436/820
f 5886/3437/821 5888/3439/822 5887/3440/822 5885/3438/821
f 5888/3439/822 5890/3441/823 5889/3442/823 5887/3440/822
f 5890/3441/823 5892/3443/824 5891/3444/824 5889/3442/823
f 5892/3443/824 5894/3445/825 5893/3446/825 5891/3444/824
f 5894/3445/825 5896/3447/826 5895/3448/826 5893/3446/825
f 5896/3447/826 5898/3449/827 5897/3450/827 5895/3448/826
f 5898/3449/827 5900/3451/828 5899/3452/828 5897/3450/827
f 5900/3451/828 5902/3453/829 5901/3454/829 5899/3452/828
f 5902/3453/829 5904/3455/830 5903/3456/830 5901/3454/829
f 5904/3455/830 5906/3457/831 5905/3458/831 5903/3456/830
f 5906/3457/831 5908/3459/832 5907/3460/832 5905/3458/831
f 5908/3459/832 5910/3461/833 5909/3462/833 5907/3460/832
f 5910/3461/833 5912/3463/834 5911/3464/834 5909/3462/833
f 5912/3463/834 5914/3465/835 5913/3466/835 5911/3464/834
f 5914/3465/835 5916/1874/836 5915/1179/836 5913/3466/835
f 5916/1874/836 5918/3467/837 5917/3468/837 5915/1179/836
f 5918/3467/837 5920/3469/838 5919/3470/838 5917/3468/837
f 5920/3469/838 5922/3471/839 5921/3472/839 5919/3470/838
f 5922/3471/839 5924/3473/840 5923/3474/840 5921/3472/839
f 5924/3473/840 5926/3475/841 5925/3476/841 5923/3474/840
f 5926/3475/841 5928/3477/842 5927/3478/842 5925/3476/841
f 5928/3477/842 5930/3479/843 5929/3480/843 5927/3478/842
f 5930/3479/843 5932/3481/844 5931/3482/844 5929/3480/843
f 5932/3481/844 5934/3483/845 5933/3484/845 5931/3482/844
f 5934/3483/845 5936/3485/846 5935/3486/846 5933/3484/845
f 5936/3485/846 5938/3487/847 5937/3488/847 5935/3486/846
f 5938/3487/847 5940/3489/848 5939/3490/848 5937/3488/847
f 5940/3489/848 5942/3491/849 5941/3492/849 5939/3490/848
f 5942/3491/849 5944/3493/850 5943/3494/850 5941/3492/849
f 5944/3493/850 5946/3495/851 5945/3496/851 5943/3494/850
f 5946/3495/851 5948/3497/852 5947/3498/852 5945/3496/851
f 5948/3497/852 5508/1876/634 5507/14/634 5947/3498/852
f 5950/1850/853 5952/3499/854 5951/3500/854 5949/102/853
f 5952/3499/854 5954/3501/855 5953/3502/855 5951/3500/854
f 5954/3501/855 5956/3503/856 5955/3504/856 5953/3502/855
f 5956/3503/856 5958/3505/857 5957/3506/857 5955/3504/856
f 5958/3505/857 5960/3507/858 5959/3508/858 5957/3506/857
f 5960/3507/858 5962/3509/859 5961/3510/859 5959/3508/858
f 5962/3509/859 5964/3511/860 5963/3512/860 5961/3510/859
f 5964/3511/860 5966/3513/861 5965/3514/861 5963/3512/860
f 5966/3513/861 5968/3515/862 5967/3516/862 5965/3514/861
f 5968/3515/862 5970/3517/863 5969/3518/863 5967/3516/862
f 5970/3517/863 5972/3519/864 5971/3520/864 5969/3518/863
f 5972/3519/864 5974/3521/101 5973/3522/101 5971/3520/864
f 5974/3521/101 5976/3523/101 5975/3524/101 5973/3522/101
f 5976/3523/101 5978/3525/37 5977/3526/37 5975/3524/101
f 5978/3525/37 5980/3527/37 5979/3528/37 5977/3526/37
f 5980/3527/37 5982/3529/37 5981/3530/37 5979/3528/37
f 5982/3529/37 5984/3531/100 5983/3532/100 5981/3530/37
f 5984/3531/100 5986/3533/100 5985/3534/100 5983/3532/100
f 5986/3533/100 5988/3535/865 5987/3536/865 5985/3534/100
f 5988/3535/865 5990/3537/866 5989/3538/866 5987/3536/865
f 5990/3537/866 5992/3539/749 5991/3540/749 5989/3538/866
f 5992/3539/749 5994/3541/867 5993/3542/867 5991/3540/749
f 5994/3541/867 5996/3543/100 5995/3544/100 5993/3542/867
f 5996/3543/100 5998/3545/99 5997/3546/99 5995/3544/100
f 5998/3545/99 6000/3547/833 5999/3548/833 5997/3546/99
f 6000/3547/833 6002/3549/868 6001/3550/868 5999/3548/833
f 6002/3549/868 6004/3551/869 6003/3552/869 6001/3550/868
f 6004/3551/869 6006/3553/870 6005/3554/870 6003/3552/869
f 6006/3553/870 6008/3555/871 6007/3556/871 6005/3554/870
f 6008/3555/871 6010/3557/872 6009/3558/872 6007/3556/871
f 6010/3557/872 6012/3559/873 6011/3560/873 6009/3558/872
f 6012/3559/873 6014/3561/874 6013/3562/874 6011/3560/873
f 6014/3561/874 6016/3563/875 6015/3564/875 6013/3562/874
f 6016/3563/875 6018/3565/876 6017/3566/876 6015/3564/875
f 6018/3565/876 6020/3567/877 6019/3568/877 6017/3566/876
f 6020/3567/877 6022/3569/878 6021/3570/878 6019/3568/877
f 6022/3569/878 6024/3571/879 6023/3572/879 6021/3570/878
f 6024/3571/879 6026/3573/880 6025/3574/880 6023/3572/879
f 6026/3573/880 6028/3575/881 6027/3576/881 6025/3574/880
f 6028/3575/881 6030/3577/99 6029/3578/99 6027/3576/881
f 6030/3577/99 6032/3579/882 6031/3580/882 6029/3578/99
f 6032/3579/882 6034/3581/883 6033/3582/883 6031/3580/882
f 6034/3581/883 6036/3583/884 6035/3584/884 6033/3582/883
f 6036/3583/884 6038/3585/885 6037/3586/885 6035/3584/884
f 6038/3585/885 6040/3587/886 6039/3588/886 6037/3586/885
f 6040/3587/886 6042/3589/887 6041/3590/887 6039/3588/886
f 6042/3589/887 6044/3591/888 6043/3592/888 6041/3590/887
f 6044/3591/888 6046/3593/889 6045/3594/889 6043/3592/888
f 6046/3593/889 6048/3595/890 6047/3596/890 6045/3594/889
f 6048/3595/890 6050/3597/891 6049/3598/891 6047/3596/890
f 6050/3597/891 6052/3599/892 6051/3600/892 6049/3598/891
f 6052/3599/892 6054/3601/893 6053/3602/893 6051/3600/892
f 6054/3601/893 6056/3603/894 6055/3604/894 6053/3602/893
f 6056/3603/894 6058/3605/895 6057/3606/895 6055/3604/894
f 6058/3605/895 6060/3607/896 6059/3608/896 6057/3606/895
f 6060/3607/896 6062/3609/897 6061/3610/897 6059/3608/896
f 6062/3609/897 6064/3611/898 6063/3612/898 6061/3610/897
f 6064/3611/898 6066/3613/899 6065/3614/899 6063/3612/898
f 6066/3613/899 6068/3615/900 6067/3616/900 6065/3614/899
f 6068/3615/900 6070/3617/901 6069/3618/901 6067/3616/900
f 6070/3617/901 6072/3619/902 6071/3620/902 6069/3618/901
f 6072/3619/902 6074/3621/903 6073/3622/903 6071/3620/902
f 6074/3621/903 6076/3623/904 6075/3624/904 6073/3622/903
f 6076/3623/904 6078/3625/905 6077/3626/905 6075/3624/904
f 6078/3625/905 6080/3627/906 6079/3628/906 6077/3626/905
f 6080/3627/906 6082/3629/907 6081/3630/907 6079/3628/906
f 6082/3629/907 6084/3631/908 6083/3632/908 6081/3630/907
f 6084/3631/908 6086/3633/909 6085/3634/909 6083/3632/908
f 6086/3633/909 6088/3635/910 6087/3636/910 6085/3634/909
f 6088/3635/910 6090/3637/911 6089/3638/911 6087/3636/910
f 6090/3637/911 6092/3639/912 6091/3640/912 6089/3638/911
f 6092/3639/912 6094/3641/913 6093/3642/913 6091/3640/912
f 6094/3641/913 6096/3643/914 6095/3644/914 6093/3642/913
f 6096/3643/914 6098/3645/915 6097/3646/915 6095/3644/914
f 6098/3645/915 6100/3647/916 6099/3648/916 6097/3646/915
f 6100/3647/916 6102/3649/917 6101/3650/917 6099/3648/916
f 6102/3649/917 6104/3651/918 6103/3652/918 6101/3650/917
f 6104/3651/918 6106/3653/919 6105/3654/919 6103/3652/918
f 6106/3653/919 5950/1876/853 5949/14/853 6105/3654/919
f 6108/1850/101 6110/2017/99 6109/315/99 6107/102/101
f 6110/2017/99 6112/1863/100 6111/476/100 6109/315/99
f 6112/1863/100 6114/2018/37 6113/371/37 6111/476/100
f 6114/2018/37 6108/1876/101 6107/14/101 6113/371/37
f 6116/1850/101 6118/2017/99 6117/315/99 6115/102/101
f 6118/2017/99 6120/1863/100 6119/476/100 6117/315/99
f 6120/1863/100 6122/2018/37 6121/371/37 6119/476/100
f 6122/2018/37 6116/1876/101 6115/14/101 6121/371/37
f 6124/1850/101 6126/2017/99 6125/315/99 6123/102/101
f 6126/2017/99 6128/1863/100 6127/476/100 6125/315/99
f 6128/1863/100 6130/2018/37 6129/371/37 6127/476/100
f 6130/2018/37 6124/1876/101 6123/14/101 6129/371/37
f 6132/1850/37 6134/2467/37 6133/301/37 6131/102/37
f 6134/2467/37 6136/2471/100 6135/391/100 6133/301/37
f 6136/2471/100 6138/2474/100 6137/353/100 6135/391/100
f 6138/2474/100 6140/2017/37 6139/315/37 6137/353/100
f 6140/2017/37 6142/2483/37 6141/305/37 6139/315/37
f 6142/2483/37 6144/2486/100 6143/322/100 6141/305/37
f 6144/2486/100 6146/2490/99 6145/378/99 6143/322/100
f 6146/2490/99 6148/1863/101 6147/476/101 6145/378/99
f 6148/1863/101 6150/2499/101 6149/434/101 6147/476/101
f 6150/2499/101 6152/2503/99 6151/436/99 6149/434/101
f 6152/2503/99 6154/2506/99 6153/365/99 6151/436/99
f 6154/2506/99 6156/2018/101 6155/371/101 6153/365/99
f 6156/2018/101 6158/2515/101 6157/486/101 6155/371/101
f 6158/2515/101 6160/2518/101 6159/457/101 6157/486/101
f 6160/2518/101 6162/2522/37 6161/443/37 6159/457/101
f 6162/2522/37 6132/1876/37 6131/14/37 6161/443/37
f 6164/1850/99 6166/3655/99 6165/3656/99 6163/102/99
f 6166/3655/99 6168/3657/101 6167/3658/101 6165/3656/99
f 6168/3657/101 6170/3659/101 6169/3660/101 6167/3658/101
f 6170/3659/101 6172/3661/101 6171/3662/101 6169/3660/101
f 6172/3661/101 6174/3663/37 6173/3664/37 6171/3662/101
f 6174/3663/37 6176/3665/37 6175/3666/37 6173/3664/37
f 6176/3665/37 6178/3667/37 6177/3668/37 6175/3666/37
f 6178/3667/37 6180/3669/100 6179/3670/100 6177/3668/37
f 6180/3669/100 6182/3671/100 6181/3672/100 6179/3670/100
f 6182/3671/100 6184/3673/920 6183/3674/920 6181/3672/100
f 6184/3673/920 6186/3675/921 6185/3676/921 6183/3674/920
f 6186/3675/921 6188/3677/101 6187/3678/101 6185/3676/921
f 6188/3677/101 6190/3679/922 6189/3680/922 6187/3678/101
f 6190/3679/922 6192/3681/923 6191/3682/923 6189/3680/922
f 6192/3681/923 6194/3683/924 6193/3684/924 6191/3682/923
f 6194/3683/924 6196/3685/925 6195/3686/925 6193/3684/924
f 6196/3685/925 6198/3687/926 6197/3688/926 6195/3686/925
f 6198/3687/926 6200/3689/927 6199/3690/927 6197/3688/926
f 6200/3689/927 6202/3691/928 6201/3692/928 6199/3690/927
f 6202/3691/928 6204/3693/929 6203/3694/929 6201/3692/928
f 6204/3693/929 6206/3695/930 6205/3696/930 6203/3694/929
f 6206/3695/930 6208/3697/931 6207/3698/931 6205/3696/930
f 6208/3697/931 6210/3699/932 6209/3700/932 6207/3698/931
f 6210/3699/932 6212/3701/933 6211/3702/933 6209/3700/932
f 6212/3701/933 6214/3703/934 6213/3704/934 6211/3702/933
f 6214/3703/934 6216/3705/935 6215/3706/935 6213/3704/934
f 6216/3705/935 6218/3707/936 6217/3708/936 6215/3706/935
f 6218/3707/936 6220/3709/937 6219/3710/937 6217/3708/936
f 6220/3709/937 6222/3711/938 6221/3712/938 6219/3710/937
f 6222/3711/938 6224/3713/939 6223/3714/939 6221/3712/938
f 6224/3713/939 6226/3715/940 6225/3716/940 6223/3714/939
f 6226/3715/940 6228/3717/941 6227/3718/941 6225/3716/940
f 6228/3717/941 6230/3719/942 6229/3720/942 6227/3718/941
f 6230/3719/942 6232/3721/943 6231/3722/943 6229/3720/942
f 6232/3721/943 6234/3723/944 6233/3724/944 6231/3722/943
f 6234/3723/944 6236/3725/945 6235/3726/945 6233/3724/944
f 6236/3725/945 6238/3727/946 6237/3728/946 6235/3726/945
f 6238/3727/946 6240/3729/947 6239/3730/947 6237/3728/946
f 6240/3729/947 6242/3731/37 6241/3732/37 6239/3730/947
f 6242/3731/37 6244/3733/100 6243/3734/100 6241/3732/37
f 6244/3733/100 6246/3735/45 6245/3736/45 6243/3734/100
f 6246/3735/45 6248/3737/948 6247/3738/948 6245/3736/45
f 6248/3737/948 6250/3739/949 6249/3740/949 6247/3738/948
f 6250/3739/949 6252/3741/950 6251/3742/950 6249/3740/949
f 6252/3741/950 6254/3743/951 6253/3744/951 6251/3742/950
f 6254/3743/951 6256/3745/952 6255/3746/952 6253/3744/951
f 6256/3745/952 6258/3747/953 6257/3748/953 6255/3746/952
f 6258/3747/953 6260/3749/954 6259/3750/954 6257/3748/953
f 6260/3749/954 6262/3751/955 6261/3752/955 6259/3750/954
f 6262/3751/955 6264/3753/956 6263/3754/956 6261/3752/955
f 6264/3753/956 6266/3755/957 6265/3756/957 6263/3754/956
f 6266/3755/957 6268/3757/958 6267/3758/958 6265/3756/957
f 6268/3757/958 6270/3759/959 6269/3760/959 6267/3758/958
f 6270/3759/959 6272/3761/960 6271/3762/960 6269/3760/959
f 6272/3761/960 6274/3763/961 6273/3764/961 6271/3762/960
f 6274/3763/961 6276/3765/962 6275/3766/962 6273/3764/961
f 6276/3765/962 6278/3767/963 6277/3768/963 6275/3766/962
f 6278/3767/963 6280/3769/964 6279/3770/964 6277/3768/963
f 6280/3769/964 6282/3771/965 6281/3772/965 6279/3770/964
f 6282/3771/965 6284/3773/966 6283/3774/966 6281/3772/965
f 6284/3773/966 6286/3775/967 6285/3776/967 6283/3774/966
f 6286/3775/967 6288/3777/968 6287/3778/968 6285/3776/967
f 6288/3777/968 6290/3779/969 6289/3780/969 6287/3778/968
f 6290/3779/969 6292/3781/970 6291/3782/970 6289/3780/969
f 6292/3781/970 6294/3783/971 6293/3784/971 6291/3782/970
f 6294/3783/971 6296/3785/972 6295/3786/972 6293/3784/971
f 6296/3785/972 6298/3787/973 6297/3788/973 6295/3786/972
f 6298/3787/973 6300/3789/974 6299/3790/974 6297/3788/973
f 6300/3789/974 6302/3791/975 6301/3792/975 6299/3790/974
f 6302/3791/975 6304/3793/976 6303/3794/976 6301/3792/975
f 6304/3793/976 6306/3795/977 6305/3796/977 6303/3794/976
f 6306/3795/977 6308/3797/978 6307/3798/978 6305/3796/977
f 6308/3797/978 6310/3799/979 6309/3800/979 6307/3798/978
f 6310/3799/979 6312/3801/980 6311/3802/980 6309/3800/979
f 6312/3801/980 6314/3803/981 6313/3804/981 6311/3802/980
f 6314/3803/981 6316/3805/982 6315/3806/982 6313/3804/981
f 6316/3805/982 6318/3807/983 6317/3808/983 6315/3806/982
f 6318/3807/983 6320/3809/984 6319/3810/984 6317/3808/983
f 6320/3809/984 6322/3811/985 6321/3812/985 6319/3810/984
f 6322/3811/985 6324/3813/986 6323/3814/986 6321/3812/985
f 6324/3813/986 6326/3815/987 6325/3816/987 6323/3814/986
f 6326/3815/987 6328/3817/988 6327/3818/988 6325/3816/987
f 6328/3817/988 6330/3819/989 6329/3820/989 6327/3818/988
f 6330/3819/989 6332/3821/990 6331/3822/990 6329/3820/989
f 6332/3821/990 6334/3823/991 6333/3824/991 6331/3822/990
f 6334/3823/991 6336/3825/992 6335/3826/992 6333/3824/991
f 6336/3825/992 6338/3827/993 6337/3828/993 6335/3826/992
f 6338/3827/993 6340/3829/994 6339/3830/994 6337/3828/993
f 6340/3829/994 6342/3831/995 6341/3832/995 6339/3830/994
f 6342/3831/995 6344/3833/996 6343/3834/996 6341/3832/995
f 6344/3833/996 6346/3835/997 6345/3836/997 6343/3834/996
f 6346/3835/997 6348/3837/998 6347/3838/998 6345/3836/997
f 6348/3837/998 6350/3839/999 6349/3840/999 6347/3838/998
f 6350/3839/999 6352/3841/1000 6351/3842/1000 6349/3840/999
f 6352/3841/1000 6354/3843/1001 6353/3844/1001 6351/3842/1000
f 6354/3843/1001 6356/3845/1002 6355/3846/1002 6353/3844/1001
f 6356/3845/1002 6358/3847/1003 6357/3848/1003 6355/3846/1002
f 6358/3847/1003 6360/3849/1004 6359/3850/1004 6357/3848/1003
f 6360/3849/1004 6362/3851/1005 6361/3852/1005 6359/3850/1004
f 6362/3851/1005 6364/3853/1006 6363/3854/1006 6361/3852/1005
f 6364/3853/1006 6366/3855/1007 6365/3856/1007 6363/3854/1006
f 6366/3855/1007 6368/3857/1008 6367/3858/1008 6365/3856/1007
f 6368/3857/1008 6370/3859/1009 6369/3860/1009 6367/3858/1008
f 6370/3859/1009 6372/3861/1010 6371/3862/1010 6369/3860/1009
f 6372/3861/1010 6374/3863/1011 6373/3864/1011 6371/3862/1010
f 6374/3863/1011 6376/3865/1012 6375/3866/1012 6373/3864/1011
f 6376/3865/1012 6378/3867/1013 6377/3868/1013 6375/3866/1012
f 6378/3867/1013 6380/3869/1014 6379/3870/1014 6377/3868/1013
f 6380/3869/1014 6382/3871/30 6381/3872/30 6379/3870/1014
f 6382/3871/30 6384/3873/1015 6383/3874/1015 6381/3872/30
f 6384/3873/1015 6386/3875/1016 6385/3876/1016 6383/3874/1015
f 6386/3875/1016 6388/3877/1017 6387/3878/1017 6385/3876/1016
f 6388/3877/1017 6390/3879/1018 6389/3880/1018 6387/3878/1017
f 6390/3879/1018 6392/3881/1019 6391/3882/1019 6389/3880/1018
f 6392/3881/1019 6394/3883/1020 6393/3884/1020 6391/3882/1019
f 6394/3883/1020 6396/3885/1021 6395/3886/1021 6393/3884/1020
f 6396/3885/1021 6398/3887/1022 6397/3888/1022 6395/3886/1021
f 6398/3887/1022 6400/3889/1023 6399/3890/1023 6397/3888/1022
f 6400/3889/1023 6402/3891/1024 6401/3892/1024 6399/3890/1023
f 6402/3891/1024 6404/3893/1025 6403/3894/1025 6401/3892/1024
f 6404/3893/1025 6406/3895/1026 6405/3896/1026 6403/3894/1025
f 6406/3895/1026 6408/3897/1027 6407/3898/1027 6405/3896/1026
f 6408/3897/1027 6410/3899/1028 6409/3900/1028 6407/3898/1027
f 6410/3899/1028 6412/3901/1029 6411/3902/1029 6409/3900/1028
f 6412/3901/1029 6414/3903/1030 6413/3904/1030 6411/3902/1029
f 6414/3903/1030 6416/3905/1031 6415/3906/1031 6413/3904/1030
f 6416/3905/1031 6418/3907/1032 6417/3908/1032 6415/3906/1031
f 6418/3907/1032 6420/3909/1033 6419/3910/1033 6417/3908/1032
f 6420/3909/1033 6422/3911/1034 6421/3912/1034 6419/3910/1033
f 6422/3911/1034 6424/3913/1035 6423/3914/1035 6421/3912/1034
f 6424/3913/1035 6426/3915/1036 6425/3916/1036 6423/3914/1035
f 6426/3915/1036 6428/3917/1037 6427/3918/1037 6425/3916/1036
f 6428/3917/1037 6430/3919/1038 6429/3920/1038 6427/3918/1037
f 6430/3919/1038 6432/3921/1039 6431/3922/1039 6429/3920/1038
f 6432/3921/1039 6434/3923/1040 6433/3924/1040 6431/3922/1039
f 6434/3923/1040 6436/3925/1041 6435/3926/1041 6433/3924/1040
f 6436/3925/1041 6438/3927/1042 6437/3928/1042 6435/3926/1041
f 6438/3927/1042 6440/3929/1043 6439/3930/1043 6437/3928/1042
f 6440/3929/1043 6442/3931/1044 6441/3932/1044 6439/3930/1043
f 6442/3931/1044 6444/3933/1045 6443/3934/1045 6441/3932/1044
f 6444/3933/1045 6446/3935/1046 6445/3936/1046 6443/3934/1045
f 6446/3935/1046 6448/3937/1047 6447/3938/1047 6445/3936/1046
f 6448/3937/1047 6450/3939/1048 6449/3940/1048 6447/3938/1047
f 6450/3939/1048 6452/3941/1049 6451/3942/1049 6449/3940/1048
f 6452/3941/1049 6454/3943/1050 6453/3944/1050 6451/3942/1049
f 6454/3943/1050 6456/3945/1051 6455/3946/1051 6453/3944/1050
f 6456/3945/1051 6458/3947/1052 6457/3948/1052 6455/3946/1051
f 6458/3947/1052 6460/3949/1053 6459/3950/1053 6457/3948/1052
f 6460/3949/1053 6462/3951/1054 6461/3952/1054 6459/3950/1053
f 6462/3951/1054 6464/3953/1055 6463/3954/1055 6461/3952/1054
f 6464/3953/1055 6466/3955/1056 6465/3956/1056 6463/3954/1055
f 6466/3955/1056 6468/3957/1057 6467/3958/1057 6465/3956/1056
f 6468/3957/1057 6470/3959/1058 6469/3960/1058 6467/3958/1057
f 6470/3959/1058 6472/3961/1059 6471/3962/1059 6469/3960/1058
f 6472/3961/1059 6474/3963/1060 6473/3964/1060 6471/3962/1059
f 6474/3963/1060 6476/3965/1061 6475/3966/1061 6473/3964/1060
f 6476/3965/1061 6478/3967/1062 6477/3968/1062 6475/3966/1061
f 6478/3967/1062 6480/3969/1063 6479/3970/1063 6477/3968/1062
f 6480/3969/1063 6482/3971/1064 6481/3972/1064 6479/3970/1063
f 6482/3971/1064 6484/3973/1065 6483/3974/1065 6481/3972/1064
f 6484/3973/1065 6486/3975/1066 6485/3976/1066 6483/3974/1065
f 6486/3975/1066 6488/3977/1067 6487/3978/1067 6485/3976/1066
f 6488/3977/1067 6490/3979/1068 6489/3980/1068 6487/3978/1067
f 6490/3979/1068 6492/3981/1069 6491/3982/1069 6489/3980/1068
f 6492/3981/1069 6494/3983/1070 6493/3984/1070 6491/3982/1069
f 6494/3983/1070 6496/3985/1071 6495/3986/1071 6493/3984/1070
f 6496/3985/1071 6498/3987/1072 6497/3988/1072 6495/3986/1071
f 6498/3987/1072 6500/3989/1073 6499/3990/1073 6497/3988/1072
f 6500/3989/1073 6502/3991/1074 6501/3992/1074 6499/3990/1073
f 6502/3991/1074 6504/3993/1075 6503/3994/1075 6501/3992/1074
f 6504/3993/1075 6506/3995/1076 6505/3996/1076 6503/3994/1075
f 6506/3995/1076 6508/3997/1077 6507/3998/1077 6505/3996/1076
f 6508/3997/1077 6510/3999/440 6509/4000/440 6507/3998/1077
f 6510/3999/440 6512/4001/1078 6511/4002/1078 6509/4000/440
f 6512/4001/1078 6514/4003/1079 6513/4004/1079 6511/4002/1078
f 6514/4003/1079 6516/4005/1080 6515/4006/1080 6513/4004/1079
f 6516/4005/1080 6518/4007/1081 6517/4008/1081 6515/4006/1080
f 6518/4007/1081 6520/4009/1082 6519/4010/1082 6517/4008/1081
f 6520/4009/1082 6522/4011/1083 6521/4012/1083 6519/4010/1082
f 6522/4011/1083 6524/4013/1084 6523/4014/1084 6521/4012/1083
f 6524/4013/1084 6526/4015/1085 6525/4016/1085 6523/4014/1084
f 6526/4015/1085 6528/4017/1086 6527/4018/1086 6525/4016/1085
f 6528/4017/1086 6530/4019/1087 6529/4020/1087 6527/4018/1086
f 6530/4019/1087 6532/4021/1088 6531/4022/1088 6529/4020/1087
f 6532/4021/1088 6534/4023/1089 6533/4024/1089 6531/4022/1088
f 6534/4023/1089 6536/4025/1090 6535/4026/1090 6533/4024/1089
f 6536/4025/1090 6538/4027/1091 6537/4028/1091 6535/4026/1090
f 6538/4027/1091 6540/4029/1092 6539/4030/1092 6537/4028/1091
f 6540/4029/1092 6542/4031/1093 6541/4032/1093 6539/4030/1092
f 6542/4031/1093 6544/4033/1094 6543/4034/1094 6541/4032/1093
f 6544/4033/1094 6546/4035/1095 6545/4036/1095 6543/4034/1094
f 6546/4035/1095 6548/4037/1096 6547/4038/1096 6545/4036/1095
f 6548/4037/1096 6550/4039/1097 6549/4040/1097 6547/4038/1096
f 6550/4039/1097 6552/4041/1098 6551/4042/1098 6549/4040/1097
f 6552/4041/1098 6554/4043/1099 6553/4044/1099 6551/4042/1098
f 6554/4043/1099 6556/4045/1100 6555/4046/1100 6553/4044/1099
f 6556/4045/1100 6558/4047/1101 6557/4048/1101 6555/4046/1100
f 6558/4047/1101 6560/4049/1102 6559/4050/1102 6557/4048/1101
f 6560/4049/1102 6562/4051/1103 6561/4052/1103 6559/4050/1102
f 6562/4051/1103 6564/4053/1104 6563/4054/1104 6561/4052/1103
f 6564/4053/1104 6566/4055/1105 6565/4056/1105 6563/4054/1104
f 6566/4055/1105 6568/4057/1106 6567/4058/1106 6565/4056/1105
f 6568/4057/1106 6570/4059/1107 6569/4060/1107 6567/4058/1106
f 6570/4059/1107 6572/4061/1108 6571/4062/1108 6569/4060/1107
f 6572/4061/1108 6574/4063/1109 6573/4064/1109 6571/4062/1108
f 6574/4063/1109 6576/4065/1110 6575/4066/1110 6573/4064/1109
f 6576/4065/1110 6578/4067/1111 6577/4068/1111 6575/4066/1110
f 6578/4067/1111 6580/4069/1112 6579/4070/1112 6577/4068/1111
f 6580/4069/1112 6582/4071/1113 6581/4072/1113 6579/4070/1112
f 6582/4071/1113 6584/4073/1114 6583/4074/1114 6581/4072/1113
f 6584/4073/1114 6586/4075/216 6585/4076/216 6583/4074/1114
f 6586/4075/216 6588/4077/1115 6587/4078/1115 6585/4076/216
f 6588/4077/1115 6590/4079/1116 6589/4080/1116 6587/4078/1115
f 6590/4079/1116 6592/4081/1117 6591/4082/1117 6589/4080/1116
f 6592/4081/1117 6594/4083/1118 6593/4084/1118 6591/4082/1117
f 6594/4083/1118 6596/4085/1119 6595/4086/1119 6593/4084/1118
f 6596/4085/1119 6598/4087/1120 6597/4088/1120 6595/4086/1119
f 6598/4087/1120 6600/4089/1121 6599/4090/1121 6597/4088/1120
f 6600/4089/1121 6602/4091/1122 6601/4092/1122 6599/4090/1121
f 6602/4091/1122 6604/4093/1123 6603/4094/1123 6601/4092/1122
f 6604/4093/1123 6606/4095/1124 6605/4096/1124 6603/4094/1123
f 6606/4095/1124 6608/4097/1125 6607/4098/1125 6605/4096/1124
f 6608/4097/1125 6610/4099/1126 6609/4100/1126 6607/4098/1125
f 6610/4099/1126 6612/4101/1127 6611/4102/1127 6609/4100/1126
f 6612/4101/1127 6614/4103/1128 6613/4104/1128 6611/4102/1127
f 6614/4103/1128 6616/4105/1129 6615/4106/1129 6613/4104/1128
f 6616/4105/1129 6618/4107/1130 6617/4108/1130 6615/4106/1129
f 6618/4107/1130 6620/4109/1131 6619/4110/1131 6617/4108/1130
f 6620/4109/1131 6622/4111/1132 6621/4112/1132 6619/4110/1131
f 6622/4111/1132 6624/4113/1133 6623/4114/1133 6621/4112/1132
f 6624/4113/1133 6626/4115/1134 6625/4116/1134 6623/4114/1133
f 6626/4115/1134 6628/4117/1135 6627/4118/1135 6625/4116/1134
f 6628/4117/1135 6630/4119/1136 6629/4120/1136 6627/4118/1135
f 6630/4119/1136 6632/4121/1137 6631/4122/1137 6629/4120/1136
f 6632/4121/1137 6634/4123/1138 6633/4124/1138 6631/4122/1137
f 6634/4123/1138 6636/4125/1139 6635/4126/1139 6633/4124/1138
f 6636/4125/1139 6638/4127/1140 6637/4128/1140 6635/4126/1139
f 6638/4127/1140 6640/4129/1141 6639/4130/1141 6637/4128/1140
f 6640/4129/1141 6642/4131/1142 6641/4132/1142 6639/4130/1141
f 6642/4131/1142 6644/4133/1143 6643/4134/1143 6641/4132/1142
f 6644/4133/1143 6164/1876/99 6163/14/99 6643/4134/1143
f 6646/1850/1144 6648/4135/1145 6647/1420/1145 6645/102/1144
f 6648/4135/1145 6650/4136/1146 6649/1423/1146 6647/1420/1145
f 6650/4136/1146 6652/4137/1147 6651/1425/1147 6649/1423/1146
f 6652/4137/1147 6654/4138/1148 6653/1428/1148 6651/1425/1147
f 6654/4138/1148 6656/4139/1149 6655/1432/1149 6653/1428/1148
f 6656/4139/1149 6658/4140/1150 6657/1415/1150 6655/1432/1149
f 6658/4140/1150 6660/4141/1151 6659/299/1151 6657/1415/1150
f 6660/4141/1151 6662/4142/1152 6661/1434/1152 6659/299/1151
f 6662/4142/1152 6664/4143/1153 6663/1446/1153 6661/1434/1152
f 6664/4143/1153 6666/4144/1154 6665/1475/1154 6663/1446/1153
f 6666/4144/1154 6668/4145/1155 6667/1481/1155 6665/1475/1154
f 6668/4145/1155 6670/4146/1156 6669/1490/1156 6667/1481/1155
f 6670/4146/1156 6672/4147/1157 6671/1488/1157 6669/1490/1156
f 6672/4147/1157 6674/4148/1158 6673/384/1158 6671/1488/1157
f 6674/4148/1158 6676/4149/1159 6675/1473/1159 6673/384/1158
f 6676/4149/1159 6678/4150/1160 6677/1445/1160 6675/1473/1159
f 6678/4150/1160 6680/4151/1161 6679/1443/1161 6677/1445/1160
f 6680/4151/1161 6682/4152/1162 6681/1448/1162 6679/1443/1161
f 6682/4152/1162 6684/4153/1163 6683/1451/1163 6681/1448/1162
f 6684/4153/1163 6686/4154/1164 6685/1455/1164 6683/1451/1163
f 6686/4154/1164 6688/4155/1165 6687/336/1165 6685/1455/1164
f 6688/4155/1165 6690/4156/1166 6689/1465/1166 6687/336/1165
f 6690/4156/1166 6692/4157/1167 6691/1472/1167 6689/1465/1166
f 6692/4157/1167 6694/4158/1168 6693/1470/1168 6691/1472/1167
f 6694/4158/1168 6696/4159/1169 6695/1467/1169 6693/1470/1168
f 6696/4159/1169 6698/4160/1170 6697/1464/1170 6695/1467/1169
f 6698/4160/1170 6700/4161/1171 6699/1461/1171 6697/1464/1170
f 6700/4161/1171 6702/4162/1172 6701/291/1172 6699/1461/1171
f 6702/4162/1172 6704/4163/1173 6703/1454/1173 6701/291/1172
f 6704/4163/1173 6706/4164/1174 6705/1449/1174 6703/1454/1173
f 6706/4164/1174 6708/4165/1175 6707/1440/1175 6705/1449/1174
f 6708/4165/1175 6710/4166/1176 6709/1436/1176 6707/1440/1175
f 6710/4166/1176 6712/4167/1177 6711/1426/1177 6709/1436/1176
f 6712/4167/1177 6714/4168/1178 6713/1418/1178 6711/1426/1177
f 6714/4168/1178 6716/4169/1179 6715/334/1179 6713/1418/1178
f 6716/4169/1179 6718/4170/1180 6717/1337/1180 6715/334/1179
f 6718/4170/1180 6720/4171/1181 6719/1339/1181 6717/1337/1180
f 6720/4171/1181 6722/4172/1182 6721/1342/1182 6719/1339/1181
f 6722/4172/1182 6724/4173/1183 6723/1346/1183 6721/1342/1182
f 6724/4173/1183 6726/4174/1184 6725/1350/1184 6723/1346/1183
f 6726/4174/1184 6728/4175/1185 6727/1355/1185 6725/1350/1184
f 6728/4175/1185 6730/4176/1186 6729/361/1186 6727/1355/1185
f 6730/4176/1186 6732/4177/1187 6731/1363/1187 6729/361/1186
f 6732/4177/1187 6734/4178/1188 6733/1367/1188 6731/1363/1187
f 6734/4178/1188 6736/4179/1189 6735/1372/1189 6733/1367/1188
f 6736/4179/1189 6738/4180/1190 6737/1378/1190 6735/1372/1189
f 6738/4180/1190 6740/4181/1191 6739/1386/1191 6737/1378/1190
f 6740/4181/1191 6742/4182/1192 6741/1392/1192 6739/1386/1191
f 6742/4182/1192 6744/1863/1193 6743/476/1193 6741/1392/1192
f 6744/1863/1193 6746/4183/1194 6745/1405/1194 6743/476/1193
f 6746/4183/1194 6748/4184/1195 6747/1399/1195 6745/1405/1194
f 6748/4184/1195 6750/4185/1196 6749/1390/1196 6747/1399/1195
f 6750/4185/1196 6752/4186/1197 6751/1383/1197 6749/1390/1196
f 6752/4186/1197 6754/4187/1198 6753/1375/1198 6751/1383/1197
f 6754/4187/1198 6756/4188/27 6755/1368/27 6753/1375/1198
f 6756/4188/27 6758/4189/1199 6757/439/1199 6755/1368/27
f 6758/4189/1199 6760/4190/1200 6759/1373/1200 6757/439/1199
f 6760/4190/1200 6762/4191/1201 6761/1380/1201 6759/1373/1200
f 6762/4191/1201 6764/4192/1202 6763/1385/1202 6761/1380/1201
f 6764/4192/1202 6766/4193/1203 6765/1391/1203 6763/1385/1202
f 6766/4193/1203 6768/4194/1204 6767/1398/1204 6765/1391/1203
f 6768/4194/1204 6770/4195/1205 6769/1404/1205 6767/1398/1204
f 6770/4195/1205 6772/4196/1206 6771/419/1206 6769/1404/1205
f 6772/4196/1206 6774/4197/1207 6773/1409/1207 6771/419/1206
f 6774/4197/1207 6776/4198/1208 6775/1429/1208 6773/1409/1207
f 6776/4198/1208 6778/4199/1209 6777/1441/1209 6775/1429/1208
f 6778/4199/1209 6780/4200/1209 6779/1460/1209 6777/1441/1209
f 6780/4200/1209 6782/4201/1210 6781/1478/1210 6779/1460/1209
f 6782/4201/1210 6784/4202/1211 6783/1485/1211 6781/1478/1210
f 6784/4202/1211 6786/4203/1212 6785/347/1212 6783/1485/1211
f 6786/4203/1212 6788/4204/1213 6787/1502/1213 6785/347/1212
f 6788/4204/1213 6790/4205/1214 6789/1500/1214 6787/1502/1213
f 6790/4205/1214 6792/4206/1215 6791/1498/1215 6789/1500/1214
f 6792/4206/1215 6794/4207/1216 6793/1497/1216 6791/1498/1215
f 6794/4207/1216 6796/4208/1217 6795/1495/1217 6793/1497/1216
f 6796/4208/1217 6798/4209/1218 6797/1493/1218 6795/1495/1217
f 6798/4209/1218 6800/4210/1219 6799/456/1219 6797/1493/1218
f 6800/4210/1219 6802/4211/1220 6801/1484/1220 6799/456/1219
f 6802/4211/1220 6804/4212/1221 6803/1477/1221 6801/1484/1220
f 6804/4212/1221 6806/4213/1222 6805/1456/1222 6803/1477/1221
f 6806/4213/1222 6808/4214/1223 6807/1439/1223 6805/1456/1222
f 6808/4214/1223 6810/4215/1224 6809/1427/1224 6807/1439/1223
f 6810/4215/1224 6812/4216/1225 6811/1410/1225 6809/1427/1224
f 6812/4216/1225 6814/4217/1226 6813/481/1226 6811/1410/1225
f 6814/4217/1226 6816/4218/1227 6815/1397/1227 6813/481/1226
f 6816/4218/1227 6818/4219/1228 6817/1389/1228 6815/1397/1227
f 6818/4219/1228 6820/4220/1229 6819/1384/1229 6817/1389/1228
f 6820/4220/1229 6822/4221/1230 6821/1377/1230 6819/1384/1229
f 6822/4221/1230 6824/4222/1231 6823/1370/1231 6821/1377/1230
f 6824/4222/1231 6826/4223/1232 6825/1361/1232 6823/1370/1231
f 6826/4223/1232 6828/4224/1233 6827/435/1233 6825/1361/1232
f 6828/4224/1233 6830/4225/1234 6829/1356/1234 6827/435/1233
f 6830/4225/1234 6832/4226/1235 6831/1352/1235 6829/1356/1234
f 6832/4226/1235 6834/4227/1236 6833/1349/1236 6831/1352/1235
f 6834/4227/1236 6836/4228/1237 6835/1347/1237 6833/1349/1236
f 6836/4228/1237 6838/4229/1144 6837/1344/1144 6835/1347/1237
f 6838/4229/1144 6840/4230/1238 6839/1341/1238 6837/1344/1144
f 6840/4230/1238 6646/1876/1144 6645/14/1144 6839/1341/1238
f 6842/1850/1239 6844/4231/1240 6843/4232/1240 6841/102/1239
f 6844/4231/1240 6846/4233/1241 6845/4234/1241 6843/4232/1240
f 6846/4233/1241 6848/4235/1242 6847/4236/1242 6845/4234/1241
f 6848/4235/1242 6850/4237/1243 6849/4238/1243 6847/4236/1242
f 6850/4237/1243 6852/4239/1244 6851/4240/1244 6849/4238/1243
f 6852/4239/1244 6854/4241/1245 6853/4242/1245 6851/4240/1244
f 6854/4241/1245 6856/4243/1246 6855/4244/1246 6853/4242/1245
f 6856/4243/1246 6858/4245/1247 6857/4246/1247 6855/4244/1246
f 6858/4245/1247 6860/4247/1248 6859/4248/1248 6857/4246/1247
f 6860/4247/1248 6862/4249/1249 6861/4250/1249 6859/4248/1248
f 6862/4249/1249 6864/4251/1250 6863/4252/1250 6861/4250/1249
f 6864/4251/1250 6866/4253/1251 6865/4254/1251 6863/4252/1250
f 6866/4253/1251 6868/4255/1252 6867/4256/1252 6865/4254/1251
f 6868/4255/1252 6870/4257/1253 6869/4258/1253 6867/4256/1252
f 6870/4257/1253 6872/4259/1254 6871/4260/1254 6869/4258/1253
f 6872/4259/1254 6874/4261/1255 6873/4262/1255 6871/4260/1254
f 6874/4261/1255 6876/4263/1256 6875/4264/1256 6873/4262/1255
f 6876/4263/1256 6878/4265/1257 6877/4266/1257 6875/4264/1256
f 6878/4265/1257 6880/4267/1258 6879/4268/1258 6877/4266/1257
f 6880/4267/1258 6882/4269/1259 6881/4270/1259 6879/4268/1258
f 6882/4269/1259 6884/2753/1260 6883/2754/1260 6881/4270/1259
f 6884/2753/1260 6886/4271/1261 6885/4272/1261 6883/2754/1260
f 6886/4271/1261 6888/4273/1262 6887/4274/1262 6885/4272/1261
f 6888/4273/1262 6890/4275/146 6889/4276/146 6887/4274/1262
f 6890/4275/146 6892/4277/1263 6891/4278/1263 6889/4276/146
f 6892/4277/1263 6894/4279/1264 6893/4280/1264 6891/4278/1263
f 6894/4279/1264 6896/4148/1265 6895/384/1265 6893/4280/1264
f 6896/4148/1265 6898/4281/1266 6897/4282/1266 6895/384/1265
f 6898/4281/1266 6900/4283/1267 6899/4284/1267 6897/4282/1266
f 6900/4283/1267 6902/4285/1268 6901/4286/1268 6899/4284/1267
f 6902/4285/1268 6904/4287/1269 6903/4288/1269 6901/4286/1268
f 6904/4287/1269 6906/4289/1270 6905/4290/1270 6903/4288/1269
f 6906/4289/1270 6908/4291/1271 6907/4292/1271 6905/4290/1270
f 6908/4291/1271 6910/4293/1272 6909/4294/1272 6907/4292/1271
f 6910/4293/1272 6912/4295/1273 6911/4296/1273 6909/4294/1272
f 6912/4295/1273 6914/4297/1274 6913/4298/1274 6911/4296/1273
f 6914/4297/1274 6916/4299/1275 6915/4300/1275 6913/4298/1274
f 6916/4299/1275 6918/4301/1276 6917/4302/1276 6915/4300/1275
f 6918/4301/1276 6920/4303/1277 6919/4304/1277 6917/4302/1276
f 6920/4303/1277 6922/4305/1278 6921/4306/1278 6919/4304/1277
f 6922/4305/1278 6924/4307/1279 6923/4308/1279 6921/4306/1278
f 6924/4307/1279 6926/2763/1280 6925/2764/1280 6923/4308/1279
f 6926/2763/1280 6928/4309/1281 6927/4310/1281 6925/2764/1280
f 6928/4309/1281 6930/4311/1282 6929/4312/1282 6927/4310/1281
f 6930/4311/1282 6932/4313/1283 6931/4314/1283 6929/4312/1282
f 6932/4313/1283 6934/4315/1284 6933/4316/1284 6931/4314/1283
f 6934/4315/1284 6936/4317/1285 6935/4318/1285 6933/4316/1284
f 6936/4317/1285 6938/4319/1286 6937/4320/1286 6935/4318/1285
f 6938/4319/1286 6940/4321/1287 6939/4322/1287 6937/4320/1286
f 6940/4321/1287 6942/4323/1288 6941/4324/1288 6939/4322/1287
f 6942/4323/1288 6944/4325/1289 6943/4326/1289 6941/4324/1288
f 6944/4325/1289 6946/4327/1290 6945/4328/1290 6943/4326/1289
f 6946/4327/1290 6948/4329/1291 6947/4330/1291 6945/4328/1290
f 6948/4329/1291 6950/4162/883 6949/291/883 6947/4330/1291
f 6950/4162/883 6952/4331/1292 6951/4332/1292 6949/291/883
f 6952/4331/1292 6954/4333/1293 6953/4334/1293 6951/4332/1292
f 6954/4333/1293 6956/4335/1294 6955/4336/1294 6953/4334/1293
f 6956/4335/1294 6958/4337/1295 6957/4338/1295 6955/4336/1294
f 6958/4337/1295 6960/4339/1296 6959/4340/1296 6957/4338/1295
f 6960/4339/1296 6962/4341/1297 6961/4342/1297 6959/4340/1296
f 6962/4341/1297 6964/4343/1298 6963/4344/1298 6961/4342/1297
f 6964/4343/1298 6966/4345/1299 6965/4346/1299 6963/4344/1298
f 6966/4345/1299 6968/2020/1300 6967/1597/1300 6965/4346/1299
f 6968/2020/1300 6970/4347/1301 6969/4348/1301 6967/1597/1300
f 6970/4347/1301 6972/4349/1302 6971/4350/1302 6969/4348/1301
f 6972/4349/1302 6974/4351/1303 6973/4352/1303 6971/4350/1302
f 6974/4351/1303 6976/4353/1304 6975/4354/1304 6973/4352/1303
f 6976/4353/1304 6978/4355/1305 6977/4356/1305 6975/4354/1304
f 6978/4355/1305 6980/4357/1306 6979/4358/1306 6977/4356/1305
f 6980/4357/1306 6982/4359/1307 6981/4360/1307 6979/4358/1306
f 6982/4359/1307 6984/4361/1308 6983/4362/1308 6981/4360/1307
f 6984/4361/1308 6986/4363/1309 6985/4364/1309 6983/4362/1308
f 6986/4363/1309 6988/4365/1310 6987/4366/1310 6985/4364/1309
f 6988/4365/1310 6990/4367/1311 6989/4368/1311 6987/4366/1310
f 6990/4367/1311 6992/4369/1312 6991/4370/1312 6989/4368/1311
f 6992/4369/1312 6994/4371/1313 6993/4372/1313 6991/4370/1312
f 6994/4371/1313 6996/4373/1314 6995/4374/1314 6993/4372/1313
f 6996/4373/1314 6998/4375/1315 6997/4376/1315 6995/4374/1314
f 6998/4375/1315 7000/4377/1316 6999/4378/1316 6997/4376/1315
f 7000/4377/1316 7002/4379/1317 7001/4380/1317 6999/4378/1316
f 7002/4379/1317 7004/4176/1318 7003/361/1318 7001/4380/1317
f 7004/4176/1318 7006/4381/1319 7005/4382/1319 7003/361/1318
f 7006/4381/1319 7008/4383/1320 7007/4384/1320 7005/4382/1319
f 7008/4383/1320 7010/2785/1321 7009/2786/1321 7007/4384/1320
f 7010/2785/1321 7012/4385/1322 7011/4386/1322 7009/2786/1321
f 7012/4385/1322 7014/4387/1323 7013/4388/1323 7011/4386/1322
f 7014/4387/1323 7016/4389/1324 7015/4390/1324 7013/4388/1323
f 7016/4389/1324 7018/4391/1325 7017/4392/1325 7015/4390/1324
f 7018/4391/1325 7020/4393/1326 7019/4394/1326 7017/4392/1325
f 7020/4393/1326 7022/4395/1327 7021/4396/1327 7019/4394/1326
f 7022/4395/1327 7024/4397/1328 7023/4398/1328 7021/4396/1327
f 7024/4397/1328 7026/4399/1329 7025/4400/1329 7023/4398/1328
f 7026/4399/1329 7028/4401/1330 7027/4402/1330 7025/4400/1329
f 7028/4401/1330 7030/4403/1331 7029/4404/1331 7027/4402/1330
f 7030/4403/1331 7032/4405/1332 7031/4406/1332 7029/4404/1331
f 7032/4405/1332 7034/4407/1333 7033/4408/1333 7031/4406/1332
f 7034/4407/1333 7036/4409/1334 7035/4410/1334 7033/4408/1333
f 7036/4409/1334 7038/4411/1335 7037/4412/1335 7035/4410/1334
f 7038/4411/1335 7040/4413/1336 7039/4414/1336 7037/4412/1335
f 7040/4413/1336 7042/4415/1337 7041/4416/1337 7039/4414/1336
f 7042/4415/1337 7044/4417/1338 7043/4418/1338 7041/4416/1337
f 7044/4417/1338 7046/4419/1339 7045/4420/1339 7043/4418/1338
f 7046/4419/1339 7048/4421/1340 7047/4422/1340 7045/4420/1339
f 7048/4421/1340 7050/4423/1341 7049/4424/1341 7047/4422/1340
f 7050/4423/1341 7052/2795/1342 7051/2796/1342 7049/4424/1341
f 7052/2795/1342 7054/4425/1343 7053/4426/1343 7051/2796/1342
f 7054/4425/1343 7056/4427/1344 7055/4428/1344 7053/4426/1343
f 7056/4427/1344 7058/4189/1345 7057/439/1345 7055/4428/1344
f 7058/4189/1345 7060/4429/1346 7059/4430/1346 7057/439/1345
f 7060/4429/1346 7062/4431/1347 7061/4432/1347 7059/4430/1346
f 7062/4431/1347 7064/4433/1348 7063/4434/1348 7061/4432/1347
f 7064/4433/1348 7066/4435/1349 7065/4436/1349 7063/4434/1348
f 7066/4435/1349 7068/4437/1350 7067/4438/1350 7065/4436/1349
f 7068/4437/1350 7070/4439/1351 7069/4440/1351 7067/4438/1350
f 7070/4439/1351 7072/4441/1352 7071/4442/1352 7069/4440/1351
f 7072/4441/1352 7074/4443/1353 7073/4444/1353 7071/4442/1352
f 7074/4443/1353 7076/4445/1354 7075/4446/1354 7073/4444/1353
f 7076/4445/1354 7078/4447/1355 7077/4448/1355 7075/4446/1354
f 7078/4447/1355 7080/4449/757 7079/4450/757 7077/4448/1355
f 7080/4449/757 7082/4451/1356 7081/4452/1356 7079/4450/757
f 7082/4451/1356 7084/4453/1357 7083/4454/1357 7081/4452/1356
f 7084/4453/1357 7086/4455/1358 7085/4456/1358 7083/4454/1357
f 7086/4455/1358 7088/4457/1359 7087/4458/1359 7085/4456/1358
f 7088/4457/1359 7090/4459/1360 7089/4460/1360 7087/4458/1359
f 7090/4459/1360 7092/4461/1361 7091/4462/1361 7089/4460/1360
f 7092/4461/1361 7094/2021/1362 7093/1641/1362 7091/4462/1361
f 7094/2021/1362 7096/4463/1363 7095/4464/1363 7093/1641/1362
f 7096/4463/1363 7098/4465/1364 7097/4466/1364 7095/4464/1363
f 7098/4465/1364 7100/4467/1365 7099/4468/1365 7097/4466/1364
f 7100/4467/1365 7102/4469/1366 7101/4470/1366 7099/4468/1365
f 7102/4469/1366 7104/4471/1367 7103/4472/1367 7101/4470/1366
f 7104/4471/1367 7106/4473/1368 7105/4474/1368 7103/4472/1367
f 7106/4473/1368 7108/4475/1369 7107/4476/1369 7105/4474/1368
f 7108/4475/1369 7110/4477/1370 7109/4478/1370 7107/4476/1369
f 7110/4477/1370 7112/4203/1371 7111/347/1371 7109/4478/1370
f 7112/4203/1371 7114/4479/1372 7113/4480/1372 7111/347/1371
f 7114/4479/1372 7116/4481/1373 7115/4482/1373 7113/4480/1372
f 7116/4481/1373 7118/4483/1374 7117/4484/1374 7115/4482/1373
f 7118/4483/1374 7120/4485/1375 7119/4486/1375 7117/4484/1374
f 7120/4485/1375 7122/4487/1376 7121/4488/1376 7119/4486/1375
f 7122/4487/1376 7124/4489/1377 7123/4490/1377 7121/4488/1376
f 7124/4489/1377 7126/4491/1378 7125/4492/1378 7123/4490/1377
f 7126/4491/1378 7128/4493/1379 7127/4494/1379 7125/4492/1378
f 7128/4493/1379 7130/4495/1380 7129/4496/1380 7127/4494/1379
f 7130/4495/1380 7132/4497/1381 7131/4498/1381 7129/4496/1380
f 7132/4497/1381 7134/4499/1382 7133/4500/1382 7131/4498/1381
f 7134/4499/1382 7136/2817/667 7135/2818/667 7133/4500/1382
f 7136/2817/667 7138/4501/784 7137/4502/784 7135/2818/667
f 7138/4501/784 7140/4503/1383 7139/4504/1383 7137/4502/784
f 7140/4503/1383 7142/4505/1384 7141/4506/1384 7139/4504/1383
f 7142/4505/1384 7144/4507/1385 7143/4508/1385 7141/4506/1384
f 7144/4507/1385 7146/4509/1386 7145/4510/1386 7143/4508/1385
f 7146/4509/1386 7148/4511/1387 7147/4512/1387 7145/4510/1386
f 7148/4511/1387 7150/4513/1388 7149/4514/1388 7147/4512/1387
f 7150/4513/1388 7152/4515/1389 7151/4516/1389 7149/4514/1388
f 7152/4515/1389 7154/4517/1390 7153/4518/1390 7151/4516/1389
f 7154/4517/1390 7156/4519/1391 7155/4520/1391 7153/4518/1390
f 7156/4519/1391 7158/4521/1392 7157/4522/1392 7155/4520/1391
f 7158/4521/1392 7160/4523/440 7159/4524/440 7157/4522/1392
f 7160/4523/440 7162/4525/1393 7161/4526/1393 7159/4524/440
f 7162/4525/1393 7164/4527/1394 7163/4528/1394 7161/4526/1393
f 7164/4527/1394 7166/4217/1395 7165/481/1395 7163/4528/1394
f 7166/4217/1395 7168/4529/1396 7167/4530/1396 7165/481/1395
f 7168/4529/1396 7170/4531/1397 7169/4532/1397 7167/4530/1396
f 7170/4531/1397 7172/4533/1398 7171/4534/1398 7169/4532/1397
f 7172/4533/1398 7174/4535/1399 7173/4536/1399 7171/4534/1398
f 7174/4535/1399 7176/4537/1400 7175/4538/1400 7173/4536/1399
f 7176/4537/1400 7178/2827/1401 7177/2828/1401 7175/4538/1400
f 7178/2827/1401 7180/4539/1402 7179/4540/1402 7177/2828/1401
f 7180/4539/1402 7182/4541/1403 7181/4542/1403 7179/4540/1402
f 7182/4541/1403 7184/4543/1404 7183/4544/1404 7181/4542/1403
f 7184/4543/1404 7186/4545/1405 7185/4546/1405 7183/4544/1404
f 7186/4545/1405 7188/4547/1406 7187/4548/1406 7185/4546/1405
f 7188/4547/1406 7190/4549/1407 7189/4550/1407 7187/4548/1406
f 7190/4549/1407 7192/4551/1408 7191/4552/1408 7189/4550/1407
f 7192/4551/1408 7194/4553/1409 7193/4554/1409 7191/4552/1408
f 7194/4553/1409 7196/4555/1410 7195/4556/1410 7193/4554/1409
f 7196/4555/1410 7198/4557/1411 7197/4558/1411 7195/4556/1410
f 7198/4557/1411 7200/4559/1412 7199/4560/1412 7197/4558/1411
f 7200/4559/1412 7202/4561/1413 7201/4562/1413 7199/4560/1412
f 7202/4561/1413 7204/4563/1414 7203/4564/1414 7201/4562/1413
f 7204/4563/1414 7206/4565/1415 7205/4566/1415 7203/4564/1414
f 7206/4565/1415 7208/4567/1416 7207/4568/1416 7205/4566/1415
f 7208/4567/1416 7210/4569/1417 7209/4570/1417 7207/4568/1416
f 7210/4569/1417 7212/4571/1418 7211/4572/1418 7209/4570/1417
f 7212/4571/1418 7214/4573/1419 7213/4574/1419 7211/4572/1418
f 7214/4573/1419 7216/4575/1420 7215/4576/1420 7213/4574/1419
f 7216/4575/1420 7218/4577/1421 7217/4578/1421 7215/4576/1420
f 7218/4577/1421 6842/1876/1239 6841/14/1239 7217/4578/1421
f 7220/1850/1422 7222/1851/1423 7221/1598/1423 7219/102/1422
f 7222/1851/1423 7224/1852/1424 7223/1090/1424 7221/1598/1423
f 7224/1852/1424 7226/1853/1425 7225/1587/1425 7223/1090/1424
f 7226/1853/1425 7228/1854/1426 7227/1322/1426 7225/1587/1425
f 7228/1854/1426 7230/1855/1427 7229/1538/1427 7227/1322/1426
f 7230/1855/1427 7232/1856/1428 7231/1290/1428 7229/1538/1427
f 7232/1856/1428 7234/1857/1429 7233/1545/1429 7231/1290/1428
f 7234/1857/1429 7236/1858/1430 7235/1266/1430 7233/1545/1429
f 7236/1858/1430 7238/1859/1431 7237/1615/1431 7235/1266/1430
f 7238/1859/1431 7240/1860/1432 7239/1219/1432 7237/1615/1431
f 7240/1860/1432 7242/1861/1433 7241/1601/1433 7239/1219/1432
f 7242/1861/1433 7244/1862/1434 7243/1224/1434 7241/1601/1433
f 7244/1862/1434 7246/1863/1435 7245/476/1435 7243/1224/1434
f 7246/1863/1435 7248/1864/1436 7247/1242/1436 7245/476/1435
f 7248/1864/1436 7250/1865/1437 7249/1526/1437 7247/1242/1436
f 7250/1865/1437 7252/1866/1438 7251/1099/1438 7249/1526/1437
f 7252/1866/1438 7254/1867/1439 7253/1620/1439 7251/1099/1438
f 7254/1867/1439 7256/1868/1440 7255/1146/1440 7253/1620/1439
f 7256/1868/1440 7258/1869/1441 7257/1633/1441 7255/1146/1440
f 7258/1869/1441 7260/1870/1442 7259/1078/1442 7257/1633/1441
f 7260/1870/1442 7262/1871/1443 7261/1599/1443 7259/1078/1442
f 7262/1871/1443 7264/1872/374 7263/1206/374 7261/1599/1443
f 7264/1872/374 7266/1873/1444 7265/1533/1444 7263/1206/374
f 7266/1873/1444 7268/1874/1445 7267/1179/1445 7265/1533/1444
f 7268/1874/1445 7270/1875/1446 7269/1543/1446 7267/1179/1445
f 7270/1875/1446 7220/1876/1422 7219/14/1422 7269/1543/1446
f 7272/1850/1447 7274/4579/1448 7273/4580/1448 7271/102/1447
f 7274/4579/1448 7276/4581/1449 7275/4582/1449 7273/4580/1448
f 7276/4581/1449 7278/4583/1450 7277/4584/1450 7275/4582/1449
f 7278/4583/1450 7280/4585/1451 7279/4586/1451 7277/4584/1450
f 7280/4585/1451 7282/4587/1452 7281/4588/1452 7279/4586/1451
f 7282/4587/1452 7284/4589/1453 7283/4590/1453 7281/4588/1452
f 7284/4589/1453 7286/4591/1454 7285/4592/1454 7283/4590/1453
f 7286/4591/1454 7288/4593/1455 7287/4594/1455 7285/4592/1454
f 7288/4593/1455 7290/4595/1456 7289/4596/1456 7287/4594/1455
f 7290/4595/1456 7292/4597/1457 7291/4598/1457 7289/4596/1456
f 7292/4597/1457 7294/4599/1458 7293/4600/1458 7291/4598/1457
f 7294/4599/1458 7296/4601/1459 7295/4602/1459 7293/4600/1458
f 7296/4601/1459 7298/4603/1460 7297/4604/1460 7295/4602/1459
f 7298/4603/1460 7300/4605/1461 7299/4606/1461 7297/4604/1460
f 7300/4605/1461 7302/4607/1462 7301/4608/1462 7299/4606/1461
f 7302/4607/1462 7304/4609/1463 7303/4610/1463 7301/4608/1462
f 7304/4609/1463 7306/4611/1464 7305/4612/1464 7303/4610/1463
f 7306/4611/1464 7308/4613/1465 7307/4614/1465 7305/4612/1464
f 7308/4613/1465 7310/4615/1466 7309/4616/1466 7307/4614/1465
f 7310/4615/1466 7312/4617/1467 7311/4618/1467 7309/4616/1466
f 7312/4617/1467 7314/4619/1468 7313/4620/1468 7311/4618/1467
f 7314/4619/1468 7316/4621/1469 7315/4622/1469 7313/4620/1468
f 7316/4621/1469 7318/4623/1470 7317/4624/1470 7315/4622/1469
f 7318/4623/1470 7320/4625/1471 7319/4626/1471 7317/4624/1470
f 7320/4625/1471 7322/4627/1472 7321/4628/1472 7319/4626/1471
f 7322/4627/1472 7324/4629/1473 7323/4630/1473 7321/4628/1472
f 7324/4629/1473 7326/4631/623 7325/4632/623 7323/4630/1473
f 7326/4631/623 7328/4633/1474 7327/4634/1474 7325/4632/623
f 7328/4633/1474 7330/4635/1475 7329/4636/1475 7327/4634/1474
f 7330/4635/1475 7332/4637/1476 7331/4638/1476 7329/4636/1475
f 7332/4637/1476 7334/4639/1477 7333/4640/1477 7331/4638/1476
f 7334/4639/1477 7336/4641/1478 7335/4642/1478 7333/4640/1477
f 7336/4641/1478 7338/4643/1479 7337/4644/1479 7335/4642/1478
f 7338/4643/1479 7340/4645/1480 7339/4646/1480 7337/4644/1479
f 7340/4645/1480 7342/4647/1481 7341/4648/1481 7339/4646/1480
f 7342/4647/1481 7344/4649/1482 7343/4650/1482 7341/4648/1481
f 7344/4649/1482 7346/4651/1483 7345/4652/1483 7343/4650/1482
f 7346/4651/1483 7348/4653/1484 7347/4654/1484 7345/4652/1483
f 7348/4653/1484 7350/4655/1485 7349/4656/1485 7347/4654/1484
f 7350/4655/1485 7352/4657/1486 7351/4658/1486 7349/4656/1485
f 7352/4657/1486 7354/4659/1487 7353/4660/1487 7351/4658/1486
f 7354/4659/1487 7356/4661/1488 7355/4662/1488 7353/4660/1487
f 7356/4661/1488 7358/4663/1489 7357/4664/1489 7355/4662/1488
f 7358/4663/1489 7360/4665/1490 7359/4666/1490 7357/4664/1489
f 7360/4665/1490 7362/4667/1491 7361/4668/1491 7359/4666/1490
f 7362/4667/1491 7364/4669/1492 7363/4670/1492 7361/4668/1491
f 7364/4669/1492 7366/4671/1493 7365/4672/1493 7363/4670/1492
f 7366/4671/1493 7368/4673/1494 7367/4674/1494 7365/4672/1493
f 7368/4673/1494 7370/4675/1495 7369/4676/1495 7367/4674/1494
f 7370/4675/1495 7372/4677/1496 7371/4678/1496 7369/4676/1495
f 7372/4677/1496 7374/4679/1497 7373/4680/1497 7371/4678/1496
f 7374/4679/1497 7376/4681/1498 7375/4682/1498 7373/4680/1497
f 7376/4681/1498 7378/4683/1499 7377/4684/1499 7375/4682/1498
f 7378/4683/1499 7380/4685/1500 7379/4686/1500 7377/4684/1499
f 7380/4685/1500 7382/4687/1501 7381/4688/1501 7379/4686/1500
f 7382/4687/1501 7384/4689/1502 7383/4690/1502 7381/4688/1501
f 7384/4689/1502 7386/4691/1503 7385/4692/1503 7383/4690/1502
f 7386/4691/1503 7388/4693/1504 7387/4694/1504 7385/4692/1503
f 7388/4693/1504 7390/4695/1505 7389/4696/1505 7387/4694/1504
f 7390/4695/1505 7392/4697/1506 7391/4698/1506 7389/4696/1505
f 7392/4697/1506 7394/4699/1507 7393/4700/1507 7391/4698/1506
f 7394/4699/1507 7396/4701/1508 7395/4702/1508 7393/4700/1507
f 7396/4701/1508 7398/4703/1509 7397/4704/1509 7395/4702/1508
f 7398/4703/1509 7400/4705/1510 7399/4706/1510 7397/4704/1509
f 7400/4705/1510 7402/4707/1511 7401/4708/1511 7399/4706/1510
f 7402/4707/1511 7404/4709/1512 7403/4710/1512 7401/4708/1511
f 7404/4709/1512 7406/4711/1513 7405/4712/1513 7403/4710/1512
f 7406/4711/1513 7408/4713/1514 7407/4714/1514 7405/4712/1513
f 7408/4713/1514 7410/4715/1515 7409/4716/1515 7407/4714/1514
f 7410/4715/1515 7412/4717/1516 7411/4718/1516 7409/4716/1515
f 7412/4717/1516 7414/4719/1517 7413/4720/1517 7411/4718/1516
f 7414/4719/1517 7416/4721/1518 7415/4722/1518 7413/4720/1517
f 7416/4721/1518 7418/4723/1519 7417/4724/1519 7415/4722/1518
f 7418/4723/1519 7420/4725/1520 7419/4726/1520 7417/4724/1519
f 7420/4725/1520 7422/4727/1521 7421/4728/1521 7419/4726/1520
f 7422/4727/1521 7424/4729/1522 7423/4730/1522 7421/4728/1521
f 7424/4729/1522 7426/4731/1523 7425/4732/1523 7423/4730/1522
f 7426/4731/1523 7428/4733/1524 7427/4734/1524 7425/4732/1523
f 7428/4733/1524 7430/4735/1525 7429/4736/1525 7427/4734/1524
f 7430/4735/1525 7432/4737/1526 7431/4738/1526 7429/4736/1525
f 7432/4737/1526 7434/4739/1527 7433/4740/1527 7431/4738/1526
f 7434/4739/1527 7436/4741/1528 7435/4742/1528 7433/4740/1527
f 7436/4741/1528 7438/4743/1529 7437/4744/1529 7435/4742/1528
f 7438/4743/1529 7440/4745/1530 7439/4746/1530 7437/4744/1529
f 7440/4745/1530 7442/4747/1531 7441/4748/1531 7439/4746/1530
f 7442/4747/1531 7444/4749/1532 7443/4750/1532 7441/4748/1531
f 7444/4749/1532 7446/4751/1533 7445/4752/1533 7443/4750/1532
f 7446/4751/1533 7448/4753/1534 7447/4754/1534 7445/4752/1533
f 7448/4753/1534 7450/4755/1535 7449/4756/1535 7447/4754/1534
f 7450/4755/1535 7452/4757/1536 7451/4758/1536 7449/4756/1535
f 7452/4757/1536 7454/4759/1537 7453/4760/1537 7451/4758/1536
f 7454/4759/1537 7456/4761/1538 7455/4762/1538 7453/4760/1537
f 7456/4761/1538 7458/4763/1539 7457/4764/1539 7455/4762/1538
f 7458/4763/1539 7460/4765/1540 7459/4766/1540 7457/4764/1539
f 7460/4765/1540 7462/4767/1541 7461/4768/1541 7459/4766/1540
f 7462/4767/1541 7464/4769/1542 7463/4770/1542 7461/4768/1541
f 7464/4769/1542 7466/4771/1543 7465/4772/1543 7463/4770/1542
f 7466/4771/1543 7468/4773/1544 7467/4774/1544 7465/4772/1543
f 7468/4773/1544 7470/4775/1545 7469/4776/1545 7467/4774/1544
f 7470/4775/1545 7472/4777/1546 7471/4778/1546 7469/4776/1545
f 7472/4777/1546 7474/4779/1547 7473/4780/1547 7471/4778/1546
f 7474/4779/1547 7476/4781/1548 7475/4782/1548 7473/4780/1547
f 7476/4781/1548 7478/4783/1549 7477/4784/1549 7475/4782/1548
f 7478/4783/1549 7480/4785/1550 7479/4786/1550 7477/4784/1549
f 7480/4785/1550 7482/4787/1551 7481/4788/1551 7479/4786/1550
f 7482/4787/1551 7484/4789/1552 7483/4790/1552 7481/4788/1551
f 7484/4789/1552 7486/4791/1553 7485/4792/1553 7483/4790/1552
f 7486/4791/1553 7488/4793/1554 7487/4794/1554 7485/4792/1553
f 7488/4793/1554 7490/4795/1555 7489/4796/1555 7487/4794/1554
f 7490/4795/1555 7492/4797/1556 7491/4798/1556 7489/4796/1555
f 7492/4797/1556 7494/4799/1557 7493/4800/1557 7491/4798/1556
f 7494/4799/1557 7496/4801/1558 7495/4802/1558 7493/4800/1557
f 7496/4801/1558 7498/4803/1559 7497/4804/1559 7495/4802/1558
f 7498/4803/1559 7500/4805/1560 7499/4806/1560 7497/4804/1559
f 7500/4805/1560 7502/4807/1561 7501/4808/1561 7499/4806/1560
f 7502/4807/1561 7504/4809/1562 7503/4810/1562 7501/4808/1561
f 7504/4809/1562 7506/4811/1563 7505/4812/1563 7503/4810/1562
f 7506/4811/1563 7508/4813/1564 7507/4814/1564 7505/4812/1563
f 7508/4813/1564 7510/4815/1565 7509/4816/1565 7507/4814/1564
f 7510/4815/1565 7512/4817/1566 7511/4818/1566 7509/4816/1565
f 7512/4817/1566 7514/4819/1567 7513/4820/1567 7511/4818/1566
f 7514/4819/1567 7516/4821/1568 7515/4822/1568 7513/4820/1567
f 7516/4821/1568 7518/4823/1569 7517/4824/1569 7515/4822/1568
f 7518/4823/1569 7520/4825/1570 7519/4826/1570 7517/4824/1569
f 7520/4825/1570 7522/4827/1571 7521/4828/1571 7519/4826/1570
f 7522/4827/1571 7524/4829/1572 7523/4830/1572 7521/4828/1571
f 7524/4829/1572 7526/4831/1573 7525/4832/1573 7523/4830/1572
f 7526/4831/1573 7528/4833/1574 7527/4834/1574 7525/4832/1573
f 7528/4833/1574 7530/4835/1575 7529/4836/1575 7527/4834/1574
f 7530/4835/1575 7532/4837/1576 7531/4838/1576 7529/4836/1575
f 7532/4837/1576 7534/4839/1577 7533/4840/1577 7531/4838/1576
f 7534/4839/1577 7536/4841/1578 7535/4842/1578 7533/4840/1577
f 7536/4841/1578 7538/4843/1579 7537/4844/1579 7535/4842/1578
f 7538/4843/1579 7540/4845/1580 7539/4846/1580 7537/4844/1579
f 7540/4845/1580 7542/4847/1581 7541/4848/1581 7539/4846/1580
f 7542/4847/1581 7544/4849/1582 7543/4850/1582 7541/4848/1581
f 7544/4849/1582 7546/4851/1583 7545/4852/1583 7543/4850/1582
f 7546/4851/1583 7548/4853/1584 7547/4854/1584 7545/4852/1583
f 7548/4853/1584 7550/4855/1585 7549/4856/1585 7547/4854/1584
f 7550/4855/1585 7552/4857/1586 7551/4858/1586 7549/4856/1585
f 7552/4857/1586 7554/4859/1587 7553/4860/1587 7551/4858/1586
f 7554/4859/1587 7556/4861/1588 7555/4862/1588 7553/4860/1587
f 7556/4861/1588 7558/4863/1589 7557/4864/1589 7555/4862/1588
f 7558/4863/1589 7560/4865/1590 7559/4866/1590 7557/4864/1589
f 7560/4865/1590 7562/4867/1591 7561/4868/1591 7559/4866/1590
f 7562/4867/1591 7564/4869/1592 7563/4870/1592 7561/4868/1591
f 7564/4869/1592 7566/4871/1593 7565/4872/1593 7563/4870/1592
f 7566/4871/1593 7568/4873/1594 7567/4874/1594 7565/4872/1593
f 7568/4873/1594 7570/4875/1595 7569/4876/1595 7567/4874/1594
f 7570/4875/1595 7572/4877/1596 7571/4878/1596 7569/4876/1595
f 7572/4877/1596 7574/4879/1597 7573/4880/1597 7571/4878/1596
f 7574/4879/1597 7576/4881/1598 7575/4882/1598 7573/4880/1597
f 7576/4881/1598 7578/4883/1599 7577/4884/1599 7575/4882/1598
f 7578/4883/1599 7580/4885/1600 7579/4886/1600 7577/4884/1599
f 7580/4885/1600 7582/4887/1601 7581/4888/1601 7579/4886/1600
f 7582/4887/1601 7584/4889/1602 7583/4890/1602 7581/4888/1601
f 7584/4889/1602 7586/4891/1603 7585/4892/1603 7583/4890/1602
f 7586/4891/1603 7588/4893/1604 7587/4894/1604 7585/4892/1603
f 7588/4893/1604 7590/4895/1605 7589/4896/1605 7587/4894/1604
f 7590/4895/1605 7592/4897/1606 7591/4898/1606 7589/4896/1605
f 7592/4897/1606 7594/4899/1607 7593/4900/1607 7591/4898/1606
f 7594/4899/1607 7596/4901/1608 7595/4902/1608 7593/4900/1607
f 7596/4901/1608 7598/4903/1609 7597/4904/1609 7595/4902/1608
f 7598/4903/1609 7600/4905/1610 7599/4906/1610 7597/4904/1609
f 7600/4905/1610 7602/4907/1611 7601/4908/1611 7599/4906/1610
f 7602/4907/1611 7604/4909/1612 7603/4910/1612 7601/4908/1611
f 7604/4909/1612 7606/4911/1613 7605/4912/1613 7603/4910/1612
f 7606/4911/1613 7608/4913/1614 7607/4914/1614 7605/4912/1613
f 7608/4913/1614 7610/4915/1615 7609/4916/1615 7607/4914/1614
f 7610/4915/1615 7612/4917/1616 7611/4918/1616 7609/4916/1615
f 7612/4917/1616 7614/4919/1617 7613/4920/1617 7611/4918/1616
f 7614/4919/1617 7616/4921/1618 7615/4922/1618 7613/4920/1617
f 7616/4921/1618 7618/4923/1619 7617/4924/1619 7615/4922/1618
f 7618/4923/1619 7620/4925/1620 7619/4926/1620 7617/4924/1619
f 7620/4925/1620 7622/4927/1119 7621/4928/1119 7619/4926/1620
f 7622/4927/1119 7624/4929/1621 7623/4930/1621 7621/4928/1119
f 7624/4929/1621 7626/4931/1622 7625/4932/1622 7623/4930/1621
f 7626/4931/1622 7628/4933/1623 7627/4934/1623 7625/4932/1622
f 7628/4933/1623 7630/4935/1624 7629/4936/1624 7627/4934/1623
f 7630/4935/1624 7632/4937/1625 7631/4938/1625 7629/4936/1624
f 7632/4937/1625 7634/4939/1626 7633/4940/1626 7631/4938/1625
f 7634/4939/1626 7636/4941/1627 7635/4942/1627 7633/4940/1626
f 7636/4941/1627 7638/4943/1089 7637/4944/1089 7635/4942/1627
f 7638/4943/1089 7640/4945/1628 7639/4946/1628 7637/4944/1089
f 7640/4945/1628 7642/4947/1629 7641/4948/1629 7639/4946/1628
f 7642/4947/1629 7644/4949/1630 7643/4950/1630 7641/4948/1629
f 7644/4949/1630 7646/4951/1631 7645/4952/1631 7643/4950/1630
f 7646/4951/1631 7648/4953/1632 7647/4954/1632 7645/4952/1631
f 7648/4953/1632 7650/4955/1633 7649/4956/1633 7647/4954/1632
f 7650/4955/1633 7652/4957/1634 7651/4958/1634 7649/4956/1633
f 7652/4957/1634 7654/4959/1635 7653/4960/1635 7651/4958/1634
f 7654/4959/1635 7656/4961/1636 7655/4962/1636 7653/4960/1635
f 7656/4961/1636 7658/4963/1637 7657/4964/1637 7655/4962/1636
f 7658/4963/1637 7660/4965/1638 7659/4966/1638 7657/4964/1637
f 7660/4965/1638 7662/4967/1639 7661/4968/1639 7659/4966/1638
f 7662/4967/1639 7664/4969/1640 7663/4970/1640 7661/4968/1639
f 7664/4969/1640 7666/4971/1641 7665/4972/1641 7663/4970/1640
f 7666/4971/1641 7668/4973/1642 7667/4974/1642 7665/4972/1641
f 7668/4973/1642 7272/1876/1447 7271/14/1447 7667/4974/1642
f 7670/1850/1643 7672/1851/1644 7671/1598/1644 7669/102/1643
f 7672/1851/1644 7674/1852/1645 7673/1090/1645 7671/1598/1644
f 7674/1852/1645 7676/1853/1646 7675/1587/1646 7673/1090/1645
f 7676/1853/1646 7678/1854/1647 7677/1322/1647 7675/1587/1646
f 7678/1854/1647 7680/1855/1648 7679/1538/1648 7677/1322/1647
f 7680/1855/1648 7682/1856/1649 7681/1290/1649 7679/1538/1648
f 7682/1856/1649 7684/1857/1650 7683/1545/1650 7681/1290/1649
f 7684/1857/1650 7686/1858/1651 7685/1266/1651 7683/1545/1650
f 7686/1858/1651 7688/1859/1652 7687/1615/1652 7685/1266/1651
f 7688/1859/1652 7690/1860/1653 7689/1219/1653 7687/1615/1652
f 7690/1860/1653 7692/1861/1654 7691/1601/1654 7689/1219/1653
f 7692/1861/1654 7694/1862/1655 7693/1224/1655 7691/1601/1654
f 7694/1862/1655 7696/1863/1656 7695/476/1656 7693/1224/1655
f 7696/1863/1656 7698/1864/1657 7697/1242/1657 7695/476/1656
f 7698/1864/1657 7700/1865/1658 7699/1526/1658 7697/1242/1657
f 7700/1865/1658 7702/1866/1659 7701/1099/1659 7699/1526/1658
f 7702/1866/1659 7704/1867/1660 7703/1620/1660 7701/1099/1659
f 7704/1867/1660 7706/1868/1661 7705/1146/1661 7703/1620/1660
f 7706/1868/1661 7708/1869/1662 7707/1633/1662 7705/1146/1661
f 7708/1869/1662 7710/1870/1663 7709/1078/1663 7707/1633/1662
f 7710/1870/1663 7712/1871/1664 7711/1599/1664 7709/1078/1663
f 7712/1871/1664 7714/1872/1665 7713/1206/1665 7711/1599/1664
f 7714/1872/1665 7716/1873/1666 7715/1533/1666 7713/1206/1665
f 7716/1873/1666 7718/1874/1667 7717/1179/1667 7715/1533/1666
f 7718/1874/1667 7720/1875/1668 7719/1543/1668 7717/1179/1667
f 7720/1875/1668 7670/1876/1643 7669/14/1643 7719/1543/1668
f 7722/1850/1669 7724/4975/1670 7723/4976/1670 7721/102/1669
f 7724/4975/1670 7726/4977/1671 7725/4978/1671 7723/4976/1670
f 7726/4977/1671 7728/4979/1672 7727/4980/1672 7725/4978/1671
f 7728/4979/1672 7730/4981/1673 7729/4982/1673 7727/4980/1672
f 7730/4981/1673 7732/4983/1674 7731/4984/1674 7729/4982/1673
f 7732/4983/1674 7734/4985/1675 7733/4986/1675 7731/4984/1674
f 7734/4985/1675 7736/4987/1676 7735/4988/1676 7733/4986/1675
f 7736/4987/1676 7738/4989/1677 7737/4990/1677 7735/4988/1676
f 7738/4989/1677 7740/4991/1678 7739/4992/1678 7737/4990/1677
f 7740/4991/1678 7742/4993/1679 7741/4994/1679 7739/4992/1678
f 7742/4993/1679 7744/4995/1680 7743/4996/1680 7741/4994/1679
f 7744/4995/1680 7746/4997/1681 7745/4998/1681 7743/4996/1680
f 7746/4997/1681 7748/4999/1682 7747/5000/1682 7745/4998/1681
f 7748/4999/1682 7750/5001/1683 7749/5002/1683 7747/5000/1682
f 7750/5001/1683 7752/5003/1684 7751/5004/1684 7749/5002/1683
f 7752/5003/1684 7754/5005/1685 7753/5006/1685 7751/5004/1684
f 7754/5005/1685 7756/5007/1686 7755/5008/1686 7753/5006/1685
f 7756/5007/1686 7758/5009/1687 7757/5010/1687 7755/5008/1686
f 7758/5009/1687 7760/5011/1688 7759/5012/1688 7757/5010/1687
f 7760/5011/1688 7762/5013/1689 7761/5014/1689 7759/5012/1688
f 7762/5013/1689 7764/5015/1690 7763/5016/1690 7761/5014/1689
f 7764/5015/1690 7766/5017/1691 7765/5018/1691 7763/5016/1690
f 7766/5017/1691 7768/5019/1692 7767/5020/1692 7765/5018/1691
f 7768/5019/1692 7770/5021/1693 7769/5022/1693 7767/5020/1692
f 7770/5021/1693 7772/5023/1694 7771/5024/1694 7769/5022/1693
f 7772/5023/1694 7774/5025/1695 7773/5026/1695 7771/5024/1694
f 7774/5025/1695 7776/5027/1696 7775/5028/1696 7773/5026/1695
f 7776/5027/1696 7778/5029/1277 7777/5030/1277 7775/5028/1696
f 7778/5029/1277 7780/5031/1697 7779/5032/1697 7777/5030/1277
f 7780/5031/1697 7782/5033/1698 7781/5034/1698 7779/5032/1697
f 7782/5033/1698 7784/5035/1699 7783/5036/1699 7781/5034/1698
f 7784/5035/1699 7786/5037/1700 7785/5038/1700 7783/5036/1699
f 7786/5037/1700 7788/5039/1701 7787/5040/1701 7785/5038/1700
f 7788/5039/1701 7790/5041/1702 7789/5042/1702 7787/5040/1701
f 7790/5041/1702 7792/5043/1703 7791/5044/1703 7789/5042/1702
f 7792/5043/1703 7794/5045/1704 7793/5046/1704 7791/5044/1703
f 7794/5045/1704 7796/5047/1705 7795/5048/1705 7793/5046/1704
f 7796/5047/1705 7798/5049/1706 7797/5050/1706 7795/5048/1705
f 7798/5049/1706 7800/5051/1707 7799/5052/1707 7797/5050/1706
f 7800/5051/1707 7802/5053/1708 7801/5054/1708 7799/5052/1707
f 7802/5053/1708 7804/5055/1709 7803/5056/1709 7801/5054/1708
f 7804/5055/1709 7806/5057/1709 7805/5058/1709 7803/5056/1709
f 7806/5057/1709 7808/5059/1710 7807/5060/1710 7805/5058/1709
f 7808/5059/1710 7810/5061/1707 7809/5062/1707 7807/5060/1710
f 7810/5061/1707 7812/5063/1711 7811/5064/1711 7809/5062/1707
f 7812/5063/1711 7814/5065/1705 7813/5066/1705 7811/5064/1711
f 7814/5065/1705 7816/5067/1712 7815/5068/1712 7813/5066/1705
f 7816/5067/1712 7818/5069/1713 7817/5070/1713 7815/5068/1712
f 7818/5069/1713 7820/5071/1714 7819/5072/1714 7817/5070/1713
f 7820/5071/1714 7822/5073/1715 7821/5074/1715 7819/5072/1714
f 7822/5073/1715 7824/5075/1716 7823/5076/1716 7821/5074/1715
f 7824/5075/1716 7826/5077/1717 7825/5078/1717 7823/5076/1716
f 7826/5077/1717 7828/5079/1718 7827/5080/1718 7825/5078/1717
f 7828/5079/1718 7830/5081/1719 7829/5082/1719 7827/5080/1718
f 7830/5081/1719 7832/5083/1720 7831/5084/1720 7829/5082/1719
f 7832/5083/1720 7834/5085/1721 7833/5086/1721 7831/5084/1720
f 7834/5085/1721 7836/5087/1722 7835/5088/1722 7833/5086/1721
f 7836/5087/1722 7838/5089/1723 7837/5090/1723 7835/5088/1722
f 7838/5089/1723 7840/5091/1724 7839/5092/1724 7837/5090/1723
f 7840/5091/1724 7842/5093/1725 7841/5094/1725 7839/5092/1724
f 7842/5093/1725 7844/2017/1726 7843/315/1726 7841/5094/1725
f 7844/2017/1726 7846/5095/1727 7845/5096/1727 7843/315/1726
f 7846/5095/1727 7848/5097/1728 7847/5098/1728 7845/5096/1727
f 7848/5097/1728 7850/5099/1729 7849/5100/1729 7847/5098/1728
f 7850/5099/1729 7852/5101/1730 7851/5102/1730 7849/5100/1729
f 7852/5101/1730 7854/5103/1731 7853/5104/1731 7851/5102/1730
f 7854/5103/1731 7856/5105/1732 7855/5106/1732 7853/5104/1731
f 7856/5105/1732 7858/5107/1733 7857/5108/1733 7855/5106/1732
f 7858/5107/1733 7860/5109/1734 7859/5110/1734 7857/5108/1733
f 7860/5109/1734 7862/5111/1735 7861/5112/1735 7859/5110/1734
f 7862/5111/1735 7864/5113/1736 7863/5114/1736 7861/5112/1735
f 7864/5113/1736 7866/5115/1737 7865/5116/1737 7863/5114/1736
f 7866/5115/1737 7868/5117/1738 7867/5118/1738 7865/5116/1737
f 7868/5117/1738 7870/5119/1739 7869/5120/1739 7867/5118/1738
f 7870/5119/1739 7872/5121/1740 7871/5122/1740 7869/5120/1739
f 7872/5121/1740 7874/5123/1741 7873/5124/1741 7871/5122/1740
f 7874/5123/1741 7876/5125/1742 7875/5126/1742 7873/5124/1741
f 7876/5125/1742 7878/5127/1743 7877/5128/1743 7875/5126/1742
f 7878/5127/1743 7880/5129/1744 7879/5130/1744 7877/5128/1743
f 7880/5129/1744 7882/5131/1745 7881/5132/1745 7879/5130/1744
f 7882/5131/1745 7884/5133/1746 7883/5134/1746 7881/5132/1745
f 7884/5133/1746 7886/5135/1747 7885/5136/1747 7883/5134/1746
f 7886/5135/1747 7888/5137/1748 7887/5138/1748 7885/5136/1747
f 7888/5137/1748 7890/5139/1749 7889/5140/1749 7887/5138/1748
f 7890/5139/1749 7892/5141/1750 7891/5142/1750 7889/5140/1749
f 7892/5141/1750 7894/5143/1751 7893/5144/1751 7891/5142/1750
f 7894/5143/1751 7896/5145/1752 7895/5146/1752 7893/5144/1751
f 7896/5145/1752 7898/5147/1753 7897/5148/1753 7895/5146/1752
f 7898/5147/1753 7900/5149/1754 7899/5150/1754 7897/5148/1753
f 7900/5149/1754 7902/5151/1755 7901/5152/1755 7899/5150/1754
f 7902/5151/1755 7904/5153/1756 7903/5154/1756 7901/5152/1755
f 7904/5153/1756 7906/5155/1757 7905/5156/1757 7903/5154/1756
f 7906/5155/1757 7908/5157/1758 7907/5158/1758 7905/5156/1757
f 7908/5157/1758 7910/5159/1759 7909/5160/1759 7907/5158/1758
f 7910/5159/1759 7912/5161/1760 7911/5162/1760 7909/5160/1759
f 7912/5161/1760 7914/5163/1761 7913/5164/1761 7911/5162/1760
f 7914/5163/1761 7916/5165/1762 7915/5166/1762 7913/5164/1761
f 7916/5165/1762 7918/5167/1763 7917/5168/1763 7915/5166/1762
f 7918/5167/1763 7920/5169/1764 7919/5170/1764 7917/5168/1763
f 7920/5169/1764 7922/5171/1765 7921/5172/1765 7919/5170/1764
f 7922/5171/1765 7924/5173/1766 7923/5174/1766 7921/5172/1765
f 7924/5173/1766 7926/5175/1767 7925/5176/1767 7923/5174/1766
f 7926/5175/1767 7928/5177/1768 7927/5178/1768 7925/5176/1767
f 7928/5177/1768 7930/5179/1769 7929/5180/1769 7927/5178/1768
f 7930/5179/1769 7932/5181/1770 7931/5182/1770 7929/5180/1769
f 7932/5181/1770 7934/5183/1771 7933/5184/1771 7931/5182/1770
f 7934/5183/1771 7936/5185/1772 7935/5186/1772 7933/5184/1771
f 7936/5185/1772 7938/5187/1773 7937/5188/1773 7935/5186/1772
f 7938/5187/1773 7940/5189/1774 7939/5190/1774 7937/5188/1773
f 7940/5189/1774 7942/5191/1775 7941/5192/1775 7939/5190/1774
f 7942/5191/1775 7944/5193/1776 7943/5194/1776 7941/5192/1775
f 7944/5193/1776 7946/5195/1777 7945/5196/1777 7943/5194/1776
f 7946/5195/1777 7948/5197/1778 7947/5198/1778 7945/5196/1777
f 7948/5197/1778 7950/5199/1779 7949/5200/1779 7947/5198/1778
f 7950/5199/1779 7952/5201/1780 7951/5202/1780 7949/5200/1779
f 7952/5201/1780 7954/5203/1781 7953/5204/1781 7951/5202/1780
f 7954/5203/1781 7956/5205/1782 7955/5206/1782 7953/5204/1781
f 7956/5205/1782 7958/5207/1783 7957/5208/1783 7955/5206/1782
f 7958/5207/1783 7960/5209/1784 7959/5210/1784 7957/5208/1783
f 7960/5209/1784 7962/5211/1785 7961/5212/1785 7959/5210/1784
f 7962/5211/1785 7964/5213/1786 7963/5214/1786 7961/5212/1785
f 7964/5213/1786 7966/1863/1787 7965/476/1787 7963/5214/1786
f 7966/1863/1787 7968/5215/1788 7967/5216/1788 7965/476/1787
f 7968/5215/1788 7970/5217/1789 7969/5218/1789 7967/5216/1788
f 7970/5217/1789 7972/5219/1790 7971/5220/1790 7969/5218/1789
f 7972/5219/1790 7974/5221/1791 7973/5222/1791 7971/5220/1790
f 7974/5221/1791 7976/5223/414 7975/5224/414 7973/5222/1791
f 7976/5223/414 7978/5225/1792 7977/5226/1792 7975/5224/414
f 7978/5225/1792 7980/5227/1793 7979/5228/1793 7977/5226/1792
f 7980/5227/1793 7982/5229/1794 7981/5230/1794 7979/5228/1793
f 7982/5229/1794 7984/5231/1795 7983/5232/1795 7981/5230/1794
f 7984/5231/1795 7986/5233/1796 7985/5234/1796 7983/5232/1795
f 7986/5233/1796 7988/5235/1797 7987/5236/1797 7985/5234/1796
f 7988/5235/1797 7990/5237/1798 7989/5238/1798 7987/5236/1797
f 7990/5237/1798 7992/5239/1799 7991/5240/1799 7989/5238/1798
f 7992/5239/1799 7994/5241/1800 7993/5242/1800 7991/5240/1799
f 7994/5241/1800 7996/5243/1801 7995/5244/1801 7993/5242/1800
f 7996/5243/1801 7998/5245/1802 7997/5246/1802 7995/5244/1801
f 7998/5245/1802 8000/5247/1803 7999/5248/1803 7997/5246/1802
f 8000/5247/1803 8002/5249/1804 8001/5250/1804 7999/5248/1803
f 8002/5249/1804 8004/5251/1805 8003/5252/1805 8001/5250/1804
f 8004/5251/1805 8006/5253/1806 8005/5254/1806 8003/5252/1805
f 8006/5253/1806 8008/5255/1807 8007/5256/1807 8005/5254/1806
f 8008/5255/1807 8010/5257/1808 8009/5258/1808 8007/5256/1807
f 8010/5257/1808 8012/5259/1809 8011/5260/1809 8009/5258/1808
f 8012/5259/1809 8014/5261/1810 8013/5262/1810 8011/5260/1809
f 8014/5261/1810 8016/5263/1811 8015/5264/1811 8013/5262/1810
f 8016/5263/1811 8018/5265/1812 8017/5266/1812 8015/5264/1811
f 8018/5265/1812 8020/5267/1813 8019/5268/1813 8017/5266/1812
f 8020/5267/1813 8022/5269/1814 8021/5270/1814 8019/5268/1813
f 8022/5269/1814 8024/5271/1815 8023/5272/1815 8021/5270/1814
f 8024/5271/1815 8026/5273/1816 8025/5274/1816 8023/5272/1815
f 8026/5273/1816 8028/5275/92 8027/5276/92 8025/5274/1816
f 8028/5275/92 8030/5277/1817 8029/5278/1817 8027/5276/92
f 8030/5277/1817 8032/5279/1818 8031/5280/1818 8029/5278/1817
f 8032/5279/1818 8034/5281/1819 8033/5282/1819 8031/5280/1818
f 8034/5281/1819 8036/5283/1820 8035/5284/1820 8033/5282/1819
f 8036/5283/1820 8038/5285/1821 8037/5286/1821 8035/5284/1820
f 8038/5285/1821 8040/5287/1822 8039/5288/1822 8037/5286/1821
f 8040/5287/1822 8042/5289/1823 8041/5290/1823 8039/5288/1822
f 8042/5289/1823 8044/5291/1824 8043/5292/1824 8041/5290/1823
f 8044/5291/1824 8046/5293/1825 8045/5294/1825 8043/5292/1824
f 8046/5293/1825 8048/5295/1826 8047/5296/1826 8045/5294/1825
f 8048/5295/1826 8050/5297/1827 8049/5298/1827 8047/5296/1826
f 8050/5297/1827 8052/5299/1828 8051/5300/1828 8049/5298/1827
f 8052/5299/1828 8054/5301/1829 8053/5302/1829 8051/5300/1828
f 8054/5301/1829 8056/5303/1829 8055/5304/1829 8053/5302/1829
f 8056/5303/1829 8058/5305/101 8057/5306/101 8055/5304/1829
f 8058/5305/101 8060/5307/1830 8059/5308/1830 8057/5306/101
f 8060/5307/1830 8062/5309/1831 8061/5310/1831 8059/5308/1830
f 8062/5309/1831 8064/5311/1832 8063/5312/1832 8061/5310/1831
f 8064/5311/1832 8066/5313/1833 8065/5314/1833 8063/5312/1832
f 8066/5313/1833 8068/5315/1834 8067/5316/1834 8065/5314/1833
f 8068/5315/1834 8070/5317/1835 8069/5318/1835 8067/5316/1834
f 8070/5317/1835 8072/5319/1836 8071/5320/1836 8069/5318/1835
f 8072/5319/1836 8074/5321/1837 8073/5322/1837 8071/5320/1836
f 8074/5321/1837 8076/5323/1838 8075/5324/1838 8073/5322/1837
f 8076/5323/1838 8078/5325/1839 8077/5326/1839 8075/5324/1838
f 8078/5325/1839 8080/5327/291 8079/5328/291 8077/5326/1839
f 8080/5327/291 8082/5329/291 8081/5330/291 8079/5328/291
f 8082/5329/291 8084/5331/1840 8083/5332/1840 8081/5330/291
f 8084/5331/1840 8086/5333/1841 8085/5334/1841 8083/5332/1840
f 8086/5333/1841 8088/2018/1842 8087/371/1842 8085/5334/1841
f 8088/2018/1842 8090/5335/1843 8089/5336/1843 8087/371/1842
f 8090/5335/1843 8092/5337/1844 8091/5338/1844 8089/5336/1843
f 8092/5337/1844 8094/5339/1845 8093/5340/1845 8091/5338/1844
f 8094/5339/1845 8096/5341/1846 8095/5342/1846 8093/5340/1845
f 8096/5341/1846 8098/5343/1847 8097/5344/1847 8095/5342/1846
f 8098/5343/1847 8100/5345/1848 8099/5346/1848 8097/5344/1847
f 8100/5345/1848 8102/5347/1849 8101/5348/1849 8099/5346/1848
f 8102/5347/1849 8104/5349/1850 8103/5350/1850 8101/5348/1849
f 8104/5349/1850 8106/5351/1851 8105/5352/1851 8103/5350/1850
f 8106/5351/1851 8108/5353/1852 8107/5354/1852 8105/5352/1851
f 8108/5353/1852 8110/5355/1853 8109/5356/1853 8107/5354/1852
f 8110/5355/1853 8112/5357/1854 8111/5358/1854 8109/5356/1853
f 8112/5357/1854 8114/5359/1855 8113/5360/1855 8111/5358/1854
f 8114/5359/1855 8116/5361/1856 8115/5362/1856 8113/5360/1855
f 8116/5361/1856 8118/5363/1857 8117/5364/1857 8115/5362/1856
f 8118/5363/1857 8120/5365/1858 8119/5366/1858 8117/5364/1857
f 8120/5365/1858 8122/5367/1859 8121/5368/1859 8119/5366/1858
f 8122/5367/1859 8124/5369/1860 8123/5370/1860 8121/5368/1859
f 8124/5369/1860 8126/5371/1861 8125/5372/1861 8123/5370/1860
f 8126/5371/1861 8128/5373/1862 8127/5374/1862 8125/5372/1861
f 8128/5373/1862 8130/5375/1863 8129/5376/1863 8127/5374/1862
f 8130/5375/1863 8132/5377/1864 8131/5378/1864 8129/5376/1863
f 8132/5377/1864 8134/5379/1865 8133/5380/1865 8131/5378/1864
f 8134/5379/1865 8136/5381/1866 8135/5382/1866 8133/5380/1865
f 8136/5381/1866 8138/5383/1867 8137/5384/1867 8135/5382/1866
f 8138/5383/1867 8140/5385/87 8139/5386/87 8137/5384/1867
f 8140/5385/87 8142/5387/1868 8141/5388/1868 8139/5386/87
f 8142/5387/1868 8144/5389/1869 8143/5390/1869 8141/5388/1868
f 8144/5389/1869 8146/5391/1870 8145/5392/1870 8143/5390/1869
f 8146/5391/1870 8148/5393/1871 8147/5394/1871 8145/5392/1870
f 8148/5393/1871 8150/5395/1872 8149/5396/1872 8147/5394/1871
f 8150/5395/1872 8152/5397/1311 8151/5398/1311 8149/5396/1872
f 8152/5397/1311 8154/5399/1873 8153/5400/1873 8151/5398/1311
f 8154/5399/1873 8156/5401/1874 8155/5402/1874 8153/5400/1873
f 8156/5401/1874 8158/5403/1875 8157/5404/1875 8155/5402/1874
f 8158/5403/1875 8160/5405/1876 8159/5406/1876 8157/5404/1875
f 8160/5405/1876 8162/5407/1877 8161/5408/1877 8159/5406/1876
f 8162/5407/1877 8164/5409/1878 8163/5410/1878 8161/5408/1877
f 8164/5409/1878 8166/5411/1879 8165/5412/1879 8163/5410/1878
f 8166/5411/1879 8168/5413/1880 8167/5414/1880 8165/5412/1879
f 8168/5413/1880 8170/5415/1881 8169/5416/1881 8167/5414/1880
f 8170/5415/1881 8172/5417/1882 8171/5418/1882 8169/5416/1881
f 8172/5417/1882 8174/5419/1883 8173/5420/1883 8171/5418/1882
f 8174/5419/1883 8176/5421/1884 8175/5422/1884 8173/5420/1883
f 8176/5421/1884 8178/5423/1885 8177/5424/1885 8175/5422/1884
f 8178/5423/1885 8180/5425/1886 8179/5426/1886 8177/5424/1885
f 8180/5425/1886 8182/5427/1887 8181/5428/1887 8179/5426/1886
f 8182/5427/1887 8184/5429/1888 8183/5430/1888 8181/5428/1887
f 8184/5429/1888 8186/5431/1889 8185/5432/1889 8183/5430/1888
f 8186/5431/1889 8188/5433/1185 8187/5434/1185 8185/5432/1889
f 8188/5433/1185 8190/5435/979 8189/5436/979 8187/5434/1185
f 8190/5435/979 8192/5437/1890 8191/5438/1890 8189/5436/979
f 8192/5437/1890 8194/5439/1891 8193/5440/1891 8191/5438/1890
f 8194/5439/1891 8196/5441/1892 8195/5442/1892 8193/5440/1891
f 8196/5441/1892 8198/5443/1893 8197/5444/1893 8195/5442/1892
f 8198/5443/1893 8200/5445/1894 8199/5446/1894 8197/5444/1893
f 8200/5445/1894 8202/5447/1895 8201/5448/1895 8199/5446/1894
f 8202/5447/1895 8204/5449/1896 8203/5450/1896 8201/5448/1895
f 8204/5449/1896 8206/5451/1897 8205/5452/1897 8203/5450/1896
f 8206/5451/1897 8208/5453/1898 8207/5454/1898 8205/5452/1897
f 8208/5453/1898 7722/1876/1669 7721/14/1669 8207/5454/1898
