# Blender 4.4.1
# www.blender.org
mtllib kama.mtl
o Cube
v 12.411107 -0.317183 26.009499
v 12.588052 -1.409622 26.026369
v 13.315691 -1.722748 25.881628
v 12.588052 -2.667331 26.026369
v 12.411107 -3.072543 26.062733
v 12.059226 -4.175367 26.132727
v 11.585670 -5.345418 26.226927
v 11.008642 -5.467917 26.341700
v 10.350320 -5.558938 26.472652
v 9.635995 -5.614989 26.614740
v 9.592894 -5.614989 26.472652
v 10.265774 -5.558938 26.193935
v 10.885899 -5.467917 25.937067
v 11.429447 -5.345418 25.711926
v 11.875523 -4.175367 25.527155
v 12.206990 -3.072543 25.389853
v 12.373813 -2.667331 25.320120
v 13.059238 -1.722748 25.036207
v 12.373813 -1.409622 25.320120
v 12.206990 -0.317183 25.285435
v 11.875523 -0.204079 25.433178
v 11.429447 -0.104939 25.632002
v 10.850410 -0.022575 25.884392
v 10.240530 0.036883 26.156231
v 9.578771 0.073497 26.451191
v 9.509931 0.073497 26.312609
v 10.105502 0.036883 25.884392
v 10.654381 -0.022575 25.489742
v 11.175756 -0.104939 25.121273
v 11.577216 -0.204079 24.832623
v 11.875523 -0.317183 24.618134
v 12.025911 -1.409622 24.669243
v 12.642779 -1.722748 24.257065
v 12.025911 -2.667332 24.669243
v 11.875523 -3.072543 24.769728
v 11.577216 -4.175367 24.969053
v 11.175756 -5.345418 25.237297
v 10.686574 -5.467917 25.564157
v 10.128472 -5.558938 25.937067
v 9.522901 -5.614989 26.341700
v 9.428700 -5.614989 26.226927
v 9.943701 -5.558938 25.711926
v 10.418330 -5.467917 25.237297
v 10.834343 -5.345418 24.821283
v 11.175756 -4.175367 24.479876
v 11.429447 -3.072543 24.226179
v 11.557716 -2.667332 24.098740
v 12.082313 -1.722748 23.574139
v 11.557716 -1.409622 24.098740
v 11.429447 -0.317183 24.033236
v 11.175756 -0.204079 24.306229
v 10.834343 -0.104939 24.673615
v 10.390568 -0.022575 25.143835
v 9.923781 0.036883 25.646126
v 9.417293 0.073497 26.191141
v 9.304411 0.073497 26.091457
v 9.702358 0.036883 25.450584
v 10.069106 -0.022575 24.859947
v 10.418330 -0.104939 24.306229
v 10.686574 -0.204079 23.874229
v 10.885899 -0.317183 23.553225
v 10.987213 -1.409622 23.630543
v 11.399389 -1.722748 23.013676
v 10.987213 -2.667332 23.630545
v 10.885899 -3.072543 23.780104
v 10.686574 -4.175367 24.078415
v 10.418330 -5.345418 24.479870
v 10.091470 -5.467917 24.969053
v 9.718559 -5.558938 25.527155
v 9.313928 -5.614989 26.132727
v 9.182975 -5.614989 26.062733
v 9.461691 -5.558938 25.389853
v 9.718559 -5.467917 24.769728
v 9.943701 -5.345418 24.226179
v 10.128472 -4.175367 23.780104
v 10.265774 -3.072543 23.448637
v 10.350320 -2.672320 23.244520
v 10.620248 -1.722749 22.597218
v 10.336335 -1.409622 23.282637
v 10.265774 -0.317183 23.196545
v 10.128472 -0.204079 23.553225
v 9.943701 -0.104939 24.033236
v 9.702358 -0.022575 24.649004
v 9.449736 0.036883 25.305281
v 9.175627 0.073497 26.017384
v 9.035886 0.073497 25.971769
v 9.175627 0.036883 25.215803
v 9.304411 -0.022575 24.519108
v 9.428706 -0.104939 23.865128
v 9.522901 -0.204079 23.355553
v 9.592894 -0.317183 22.976902
v 9.630087 -1.409622 23.068403
v 9.774827 -1.722749 22.340759
v 9.635995 -2.672320 23.027832
v 9.592894 -3.072543 23.244520
v 9.522901 -4.175367 23.596401
v 9.428706 -5.345418 24.069958
v 9.313928 -5.467917 24.646984
v 9.182975 -5.558938 25.305307
v 9.040891 -5.614989 26.019632
v 8.893122 -5.467917 24.605536
v 8.893122 -3.072543 23.175600
v 8.893122 -2.672320 22.954666
v 8.895619 -1.722749 22.254166
v 8.895619 -1.409622 22.996063
v 8.893122 -0.317183 22.902733
v 8.893122 -0.204080 23.288805
v 8.893122 -0.104939 23.808365
v 8.890566 -0.022575 24.475246
v 8.890566 0.036883 25.185593
v 8.890566 0.073497 25.956366
v 12.059226 -0.204079 26.084820
v 11.585670 -0.104939 26.186184
v 10.971125 -0.022575 26.312609
v 10.323679 0.036883 26.451191
v 9.621161 0.073497 26.601564
v 12.480026 -0.317183 26.762505
v 12.660393 -1.409622 26.760836
v 13.402288 -1.722748 26.760836
v 12.700960 -2.672320 26.762505
v 12.480026 -3.072543 26.762505
v 12.121254 -4.175367 26.762505
v 11.638421 -5.345418 26.762505
v 11.050091 -5.467917 26.762505
v 10.378868 -5.558938 26.762505
v 9.650548 -5.614989 26.762505
v 12.121254 -0.204079 26.762505
v 11.638421 -0.104939 26.762505
v 11.050091 -0.023583 26.762505
v 10.351754 0.036883 26.757940
v 9.635474 0.073497 26.757940
v 12.411107 -0.317183 27.515511
v 12.588052 -1.409622 27.495310
v 13.315691 -1.722748 27.640045
v 12.627795 -2.672320 27.505379
v 12.411107 -3.072543 27.462276
v 12.059226 -4.175367 27.392284
v 11.585670 -5.345418 27.298084
v 11.008642 -5.467917 27.183310
v 10.350320 -5.558938 27.052359
v 9.635995 -5.614989 26.910275
v 12.059226 -0.204079 27.440189
v 11.585670 -0.104939 27.338825
v 11.008642 -0.023583 27.215317
v 10.323679 0.036883 27.064690
v 9.621161 0.073497 26.914322
v 12.206990 -0.317183 28.239574
v 12.373813 -1.409622 28.201551
v 13.059238 -1.722748 28.485464
v 12.411107 -2.672320 28.219704
v 12.206990 -3.072543 28.135151
v 11.875523 -4.175367 27.997856
v 11.429447 -5.345418 27.813084
v 10.885899 -5.467917 27.587942
v 10.265774 -5.558938 27.331074
v 9.592894 -5.614989 27.052359
v 11.875523 -0.204079 28.091831
v 11.429447 -0.104939 27.893007
v 10.885899 -0.023583 27.650734
v 10.240530 0.036883 27.359653
v 9.578771 0.073497 27.064690
v 11.875523 -0.317183 28.906876
v 12.025911 -1.409622 28.852436
v 12.642774 -1.722748 29.264606
v 12.059226 -2.672320 28.878025
v 11.875523 -3.072543 28.755281
v 11.577211 -4.175367 28.555958
v 11.175756 -5.345418 28.287714
v 10.686574 -5.467917 27.960854
v 10.128472 -5.558938 27.587942
v 9.522901 -5.614989 27.183310
v 11.577211 -0.204079 28.692387
v 11.175756 -0.104939 28.403736
v 10.686574 -0.023583 28.052013
v 10.128472 0.036876 27.650734
v 9.509931 0.073497 27.203272
v 11.429447 -0.317183 29.491774
v 11.557716 -1.409622 29.422934
v 12.082313 -1.722748 29.947535
v 11.585670 -2.672320 29.455053
v 11.429447 -3.072543 29.298830
v 11.175752 -4.175367 29.045139
v 10.834343 -5.345418 28.703726
v 10.418325 -5.467917 28.287714
v 9.943701 -5.558938 27.813084
v 9.428700 -5.614989 27.298084
v 11.175752 -0.204079 29.218781
v 10.834343 -0.104939 28.851395
v 10.418325 -0.023583 28.403736
v 9.943701 0.036876 27.893007
v 9.417293 0.073497 27.324739
v 10.885899 -0.317183 29.971785
v 10.987213 -1.409622 29.891134
v 11.399389 -1.722748 30.507996
v 11.008642 -2.672320 29.928610
v 10.885899 -3.072543 29.744905
v 10.686574 -4.175367 29.446594
v 10.418330 -5.345418 29.045139
v 10.091470 -5.467917 28.555958
v 9.718559 -5.558938 27.997856
v 9.313928 -5.614989 27.392284
v 10.686574 -0.204079 29.650780
v 10.418330 -0.104939 29.218781
v 10.091470 -0.023583 28.692387
v 9.718559 0.036876 28.091831
v 9.304411 0.073497 27.424429
v 10.265774 -0.317183 30.328465
v 10.336335 -1.409622 30.239035
v 10.620242 -1.722748 30.924456
v 10.350320 -2.672320 30.280491
v 10.265774 -3.072543 30.076374
v 10.128472 -4.175367 29.744905
v 9.943701 -5.345418 29.298830
v 9.718559 -5.467917 28.755281
v 9.461691 -5.558938 28.135151
v 9.182975 -5.614989 27.462276
v 10.128472 -0.204079 29.971785
v 9.943701 -0.104939 29.491774
v 9.718559 -0.023583 28.906876
v 9.449736 0.036883 28.210600
v 9.175627 0.073497 27.498503
v 9.592894 -0.317183 30.548107
v 9.630087 -1.409622 30.453268
v 9.774822 -1.722748 31.180908
v 9.635995 -2.672320 30.497179
v 9.592894 -3.072543 30.280491
v 9.522901 -4.175366 29.928604
v 9.428700 -5.345418 29.455053
v 9.313928 -5.467917 28.878025
v 9.182975 -5.558938 28.219704
v 9.040891 -5.614989 27.505379
v 9.522901 -0.204079 30.169456
v 9.428700 -0.104939 29.659882
v 9.313928 -0.023583 29.038956
v 9.175627 0.036883 28.300077
v 9.035886 0.073497 27.544117
v 8.893122 -0.317183 30.622271
v 8.895619 -1.409622 30.525610
v 8.895614 -1.722748 31.267506
v 8.893122 -2.672320 30.570343
v 8.893122 -3.072543 30.349409
v 8.893122 -4.175366 29.990631
v 8.893122 -5.345418 29.507805
v 8.893122 -5.467917 28.919470
v 8.893122 -5.558938 28.248251
v 8.893122 -5.614989 27.519932
v 8.893122 -0.204079 30.236204
v 8.893122 -0.104939 29.716644
v 8.893122 -0.023583 29.083555
v 8.890561 0.036883 28.330288
v 8.890566 0.073497 27.559515
v 8.193350 -0.317183 30.548107
v 8.161146 -1.409622 30.453268
v 8.016411 -1.722748 31.180908
v 8.150249 -2.672320 30.497179
v 8.193350 -3.072543 30.280491
v 8.263343 -4.175366 29.928604
v 8.357543 -5.345418 29.455053
v 8.472316 -5.467917 28.878025
v 8.603269 -5.558938 28.219704
v 8.745358 -5.614989 27.505379
v 8.263343 -0.204079 30.169456
v 8.357543 -0.104939 29.659882
v 8.472316 -0.023583 29.038956
v 8.605500 0.036883 28.300077
v 8.745241 0.073497 27.544117
v 7.520475 -0.317183 30.328465
v 7.454903 -1.409622 30.239035
v 7.170990 -1.722748 30.924456
v 7.435924 -2.672320 30.280491
v 7.520475 -3.072543 30.076374
v 7.657772 -4.175367 29.744905
v 7.842543 -5.345418 29.298830
v 8.067684 -5.467917 28.755281
v 8.324553 -5.558938 28.135151
v 8.603269 -5.614989 27.462276
v 7.657772 -0.204079 29.971785
v 7.842543 -0.104939 29.491774
v 8.067684 -0.023583 28.906876
v 8.331390 0.036883 28.210600
v 8.605500 0.073497 27.498503
v 6.900345 -0.317183 29.971785
v 6.804020 -1.409622 29.891129
v 6.391843 -1.722748 30.507992
v 6.777602 -2.672320 29.928604
v 6.900345 -3.072543 29.744905
v 7.099669 -4.175367 29.446594
v 7.367913 -5.345418 29.045139
v 7.694774 -5.467917 28.555958
v 8.067684 -5.558938 27.997856
v 8.472316 -5.614989 27.392284
v 7.099669 -0.204079 29.650780
v 7.367913 -0.104939 29.218781
v 7.694774 -0.023583 28.692387
v 8.078768 0.036883 28.065302
v 8.476716 0.073497 27.424429
v 6.356796 -0.317183 29.491774
v 6.233521 -1.409622 29.422934
v 5.708920 -1.722748 29.947531
v 6.200573 -2.672320 29.455053
v 6.356796 -3.072543 29.298830
v 6.610492 -4.175367 29.045135
v 6.951900 -5.345418 28.703726
v 7.367918 -5.467917 28.287708
v 7.842543 -5.558938 27.813084
v 8.357543 -5.614989 27.298084
v 6.610492 -0.204079 29.218781
v 6.951900 -0.104939 28.851395
v 7.390564 -0.022575 28.372051
v 7.857346 0.036883 27.869761
v 8.363834 0.073497 27.324739
v 5.910721 -0.317183 28.906876
v 5.765321 -1.409622 28.852430
v 5.148459 -1.722748 29.264606
v 5.727023 -2.672320 28.878025
v 5.910721 -3.072543 28.755281
v 6.209033 -4.175367 28.555958
v 6.610492 -5.345418 28.287714
v 7.099669 -5.467917 27.960854
v 7.657772 -5.558938 27.587942
v 8.263343 -5.614989 27.183310
v 6.209033 -0.204079 28.692387
v 6.610492 -0.104939 28.403736
v 7.126746 -0.022575 28.026138
v 7.675624 0.036883 27.631489
v 8.271196 0.073497 27.203272
v 5.579253 -0.317183 28.239574
v 5.417419 -1.409622 28.201551
v 4.732000 -1.722748 28.485460
v 5.375136 -2.672320 28.219704
v 5.579253 -3.072543 28.135151
v 5.910721 -4.175367 27.997856
v 6.356796 -5.345418 27.813084
v 6.900345 -5.467917 27.587942
v 7.520475 -5.558938 27.331074
v 8.193350 -5.614989 27.052359
v 5.910721 -0.204079 28.091831
v 6.356796 -0.104939 27.893007
v 6.930716 -0.022575 27.631489
v 7.540596 0.036883 27.359653
v 8.202356 0.073497 27.064690
v 5.375136 -0.317183 27.515511
v 5.203186 -1.409622 27.495310
v 4.475546 -1.722748 27.640045
v 5.158448 -2.672320 27.505379
v 5.375136 -3.072543 27.462276
v 5.727023 -4.175367 27.392279
v 6.200573 -5.345418 27.298084
v 6.777602 -5.467917 27.183306
v 7.435924 -5.558938 27.052359
v 8.150249 -5.614989 26.910269
v 8.893122 -5.633915 26.762505
v 5.727023 -0.204079 27.440189
v 6.200573 -0.104939 27.338825
v 6.810002 -0.022575 27.203272
v 7.457448 0.036883 27.064690
v 8.159966 0.073497 26.914322
v 5.306217 -0.317183 26.762505
v 5.130845 -1.409622 26.760836
v 4.388949 -1.722748 26.760836
v 5.085283 -2.672320 26.762505
v 5.306217 -3.072543 26.762505
v 5.664995 -4.175367 26.762505
v 6.147822 -5.345418 26.762505
v 6.736157 -5.467917 26.762505
v 7.407375 -5.558938 26.762505
v 8.135695 -5.614989 26.762505
v 5.664995 -0.204079 26.762505
v 6.147822 -0.104939 26.762505
v 6.769244 -0.022575 26.757940
v 7.429373 0.036883 26.757940
v 8.145653 0.073497 26.757940
v 5.375136 -0.317183 26.009499
v 5.203186 -1.409622 26.026363
v 4.475546 -1.722748 25.881628
v 5.158453 -2.672320 26.019632
v 5.375136 -3.072543 26.062733
v 5.727023 -4.175367 26.132727
v 6.200573 -5.345418 26.226927
v 6.777602 -5.467917 26.341700
v 7.435924 -5.558938 26.472652
v 8.150249 -5.614989 26.614740
v 5.727023 -0.204079 26.084820
v 6.200573 -0.104939 26.186184
v 6.810002 -0.022575 26.312609
v 7.457448 0.036883 26.451191
v 8.159966 0.073497 26.601564
v 5.579253 -0.317183 25.285435
v 5.417419 -1.409622 25.320120
v 4.732000 -1.722748 25.036207
v 5.375142 -2.672320 25.305307
v 5.579253 -3.072543 25.389858
v 5.910721 -4.175367 25.527155
v 6.356796 -5.345418 25.711926
v 6.900345 -5.467917 25.937067
v 7.520475 -5.558938 26.193935
v 8.193350 -5.614989 26.472652
v 5.910721 -0.204079 25.433178
v 6.356796 -0.104939 25.632002
v 6.930716 -0.022575 25.884392
v 7.540596 0.036883 26.156231
v 8.202356 0.073497 26.451191
v 8.890566 0.085860 26.757940
v 5.910721 -0.317183 24.618134
v 5.765326 -1.409622 24.669243
v 5.148464 -1.722748 24.257065
v 5.727023 -2.672320 24.646984
v 5.910721 -3.072543 24.769728
v 6.209033 -4.175367 24.969053
v 6.610492 -5.345418 25.237297
v 7.099669 -5.467917 25.564157
v 7.657772 -5.558938 25.937067
v 8.263348 -5.614989 26.341700
v 6.209033 -0.204079 24.832623
v 6.610492 -0.104939 25.121273
v 7.126751 -0.022575 25.489742
v 7.675624 0.036883 25.884392
v 8.271196 0.073497 26.312609
v 6.356796 -0.317183 24.033236
v 6.233521 -1.409622 24.098740
v 5.708925 -1.722748 23.574142
v 6.200573 -2.672320 24.069956
v 6.356796 -3.072543 24.226179
v 6.610492 -4.175367 24.479876
v 6.951900 -5.345418 24.821283
v 7.367918 -5.467917 25.237301
v 7.842543 -5.558938 25.711926
v 8.357543 -5.614989 26.226927
v 6.610492 -0.204079 24.306229
v 6.951900 -0.104939 24.673615
v 7.390564 -0.022575 25.143835
v 7.857346 0.036883 25.646126
v 8.363834 0.073497 26.191141
v 6.900345 -0.317183 23.553225
v 6.804025 -1.409622 23.630543
v 6.391849 -1.722748 23.013681
v 6.777602 -2.672320 23.596405
v 6.900345 -3.072543 23.780104
v 7.099669 -4.175367 24.078415
v 7.367918 -5.345418 24.479876
v 7.694779 -5.467917 24.969053
v 8.067684 -5.558938 25.527155
v 8.472316 -5.614989 26.132727
v 7.099669 -0.204079 23.874229
v 7.367918 -0.104939 24.306229
v 7.712021 -0.022575 24.859947
v 8.078768 0.036883 25.450584
v 8.476716 0.073497 26.091457
v 7.520475 -0.317183 23.196545
v 7.454903 -1.409622 23.282642
v 7.170990 -1.722749 22.597221
v 7.435929 -2.672320 23.244520
v 7.520475 -3.072543 23.448637
v 7.657772 -4.175367 23.780104
v 7.842543 -5.345418 24.226179
v 8.067690 -5.467917 24.769728
v 8.324553 -5.558938 25.389858
v 8.603269 -5.614989 26.062733
v 7.657772 -0.204079 23.553225
v 7.842543 -0.104939 24.033236
v 8.078768 -0.022575 24.649010
v 8.331390 0.036883 25.305281
v 8.605500 0.073497 26.017384
v 8.193350 -0.317183 22.976902
v 8.161146 -1.409622 23.068403
v 8.016411 -1.722749 22.340763
v 8.150249 -2.672320 23.027836
v 8.193350 -3.072543 23.244520
v 8.263348 -4.175367 23.596405
v 8.357543 -5.345418 24.069958
v 8.472322 -5.467917 24.646984
v 8.603269 -5.558938 25.305307
v 8.745358 -5.614989 26.019632
v 8.263348 -0.204079 23.355553
v 8.357543 -0.104939 23.865128
v 8.476716 -0.022575 24.519108
v 8.605500 0.036883 25.215803
v 8.745241 0.073497 25.971769
v 8.893122 -4.175367 23.534378
v 8.893122 -5.345418 24.017206
v 8.893122 -5.558938 25.276758
v 8.893122 -5.614989 26.005079
vn 0.0862 0.9960 -0.0242
vn 0.0911 0.9958 -0.0121
vn 0.0794 0.9961 -0.0396
vn 0.1292 -0.9908 -0.0392
vn 0.9468 -0.3080 -0.0933
vn 0.9468 -0.3080 -0.0932
vn 0.7769 -0.6174 -0.1233
vn 0.1344 -0.9908 -0.0132
vn 0.0163 0.9999 -0.0030
vn 0.0103 0.9999 0.0109
vn 0.0166 0.9999 -0.0000
vn 0.9104 -0.3080 -0.2762
vn 0.2667 0.9546 -0.1325
vn 0.1191 -0.9908 -0.0636
vn 0.0160 0.9999 -0.0045
vn 0.0245 -0.9997 -0.0000
vn 0.0240 -0.9997 -0.0073
vn 0.0245 -0.9997 -0.0049
vn 0.1783 0.9800 -0.0886
vn 0.0453 0.9987 -0.0223
vn 0.0452 0.9987 -0.0225
vn 0.0395 0.9988 -0.0303
vn 0.0738 -0.9970 -0.0225
vn 0.0753 -0.9971 -0.0150
vn 0.1256 0.9914 -0.0354
vn 0.1960 -0.9788 -0.0594
vn 0.0509 0.9987 -0.0046
vn 0.0511 0.9987 -0.0000
vn 0.0490 0.9987 -0.0138
vn 0.1293 0.9914 -0.0198
vn 0.1368 0.9905 -0.0129
vn 0.1370 0.9905 -0.0125
vn 0.1806 -0.9788 -0.0965
vn 0.1583 -0.9788 -0.1299
vn 0.7064 -0.4060 -0.5798
vn 0.1564 0.9805 -0.1193
vn 0.7707 0.0765 -0.6325
vn 0.2340 0.9557 -0.1785
vn 0.1044 -0.9908 -0.0857
vn 0.1044 -0.9908 -0.0856
vn 0.6090 -0.6158 -0.4998
vn 0.3443 0.9206 -0.1841
vn 0.0796 0.9961 -0.0392
vn 0.0694 0.9962 -0.0533
vn 0.9206 -0.3799 -0.0907
vn 0.2011 0.9794 -0.0184
vn 0.8390 -0.3080 -0.4485
vn 0.8757 0.1189 -0.4681
vn 0.2038 -0.9788 -0.0201
vn 0.0092 0.9999 -0.0129
vn 0.0044 0.9999 -0.0149
vn 0.0117 0.9999 -0.0110
vn 0.4998 -0.6158 -0.6090
vn 0.6341 0.0281 -0.7727
vn 0.0837 0.9920 -0.0948
vn 0.5868 -0.3799 -0.7151
vn 0.2891 0.9538 -0.0815
vn 0.0250 -0.9997 -0.0000
vn 0.8158 -0.3799 -0.4361
vn 0.0138 0.9999 -0.0086
vn 0.0147 0.9999 -0.0073
vn 0.9463 0.1488 -0.2871
vn 0.4361 -0.3799 -0.8158
vn 0.0636 -0.9908 -0.1191
vn 0.0063 0.9999 -0.0143
vn 0.0572 0.9963 -0.0648
vn 0.0326 0.9988 -0.0367
vn 0.0324 0.9988 -0.0368
vn 0.0241 0.9988 -0.0421
vn -0.0000 0.9989 -0.0475
vn 0.0050 0.9989 -0.0473
vn 0.4309 -0.4053 -0.8062
vn 0.0016 0.9999 -0.0154
vn 0.0032 0.9999 -0.0151
vn 0.4113 -0.6174 -0.6706
vn 0.0932 -0.3080 -0.9468
vn 0.0298 0.9592 -0.2810
vn 0.0262 0.9964 -0.0802
vn 0.4713 -0.0187 -0.8818
vn 0.0149 0.9989 -0.0455
vn 0.0148 0.9989 -0.0456
vn 0.2544 -0.4815 -0.8387
vn 0.0224 -0.9970 -0.0738
vn 0.0294 -0.9971 -0.0709
vn 0.0076 -0.9970 -0.0768
vn 0.1133 0.9206 -0.3736
vn 0.0623 0.9922 -0.1083
vn 0.0588 0.9819 -0.1802
vn 0.0384 0.9923 -0.1177
vn 0.2339 -0.5922 -0.7711
vn 0.1934 0.9796 -0.0545
vn 0.8852 -0.3799 -0.2685
vn 0.3736 0.9206 -0.1133
vn 0.7539 -0.6158 -0.2287
vn 0.0199 0.9821 -0.1874
vn 0.1430 0.9580 -0.2487
vn 0.0075 -0.9970 -0.0768
vn -0.0075 -0.9970 -0.0768
vn 0.0965 -0.9788 -0.1806
vn 0.0907 -0.3799 -0.9206
vn 0.0132 -0.9908 -0.1344
vn 0.2898 -0.0566 -0.9554
vn -0.0000 -0.9997 -0.0245
vn 0.0049 -0.9997 -0.0245
vn 0.0073 -0.9997 -0.0240
vn 0.0882 0.9588 -0.2701
vn 0.0425 0.9964 -0.0739
vn 0.2685 -0.3799 -0.8852
vn 0.3886 0.9206 -0.0383
vn 0.3006 0.9534 -0.0275
vn 0.3005 0.9534 -0.0275
vn 0.0767 -0.9971 -0.0000
vn 0.0491 0.9987 -0.0137
vn 0.8746 -0.4057 -0.2653
vn 0.0867 0.9962 -0.0124
vn 0.0863 0.9962 -0.0129
vn 0.6948 -0.6158 -0.3714
vn 0.7151 -0.3799 -0.5868
vn 0.9833 0.1581 -0.0905
vn 0.9821 0.1619 -0.0963
vn 0.9820 0.1623 -0.0967
vn 0.1284 0.9810 -0.1454
vn 0.9098 -0.4053 -0.0896
vn 0.4485 -0.3080 -0.8390
vn 0.0364 -0.9970 -0.0680
vn 0.0489 -0.9970 -0.0597
vn 0.0594 -0.9788 -0.1960
vn 0.0392 -0.9908 -0.1292
vn 0.2762 -0.3080 -0.9104
vn 0.8060 -0.4060 -0.4308
vn 0.2477 0.9206 -0.3018
vn 0.0201 -0.9788 -0.2038
vn 0.0859 -0.4815 -0.8722
vn 0.0088 0.9965 -0.0834
vn 0.0790 -0.5919 -0.8021
vn 0.1018 0.9918 -0.0776
vn 0.0173 -0.9997 -0.0173
vn 0.0177 -0.9997 -0.0177
vn 0.0208 -0.9997 -0.0139
vn 0.0396 0.9988 -0.0301
vn 0.0221 -0.9997 -0.0118
vn 0.0490 -0.9970 -0.0597
vn 0.0597 -0.9970 -0.0490
vn 0.1299 -0.9788 -0.1583
vn 0.1923 0.9569 -0.2177
vn 0.6035 -0.3080 -0.7354
vn 0.0857 -0.9908 -0.1044
vn 0.3018 0.9206 -0.2477
vn 0.5798 -0.4057 -0.7065
vn -0.0000 -0.9997 -0.0250
vn 0.0383 0.9206 -0.3886
vn 0.0130 0.9924 -0.1225
vn 0.1046 -0.0840 -0.9910
vn 0.0983 -0.0799 -0.9919
vn 0.0977 -0.0798 -0.9920
vn 0.1159 0.9916 -0.0576
vn 0.0680 -0.9970 -0.0364
vn 0.0680 -0.9970 -0.0363
vn 0.0697 0.9962 -0.0532
vn 0.7354 -0.3080 -0.6035
vn 0.7354 -0.3080 -0.6036
vn 0.0597 -0.9970 -0.0489
vn 0.1841 0.9206 -0.3443
vn 0.0243 0.9988 -0.0419
vn 0.0955 0.9815 -0.1660
vn 0.0118 -0.9997 -0.0221
vn 0.0139 -0.9997 -0.0208
vn 0.1344 -0.9908 0.0132
vn 0.8722 -0.4815 0.0859
vn 0.0753 -0.9971 0.0150
vn 0.2038 -0.9788 0.0201
vn 0.8019 -0.5922 0.0790
vn 0.3006 0.9534 0.0275
vn 0.3005 0.9534 0.0275
vn 0.2011 0.9794 0.0184
vn 0.1370 0.9905 0.0125
vn 0.9206 -0.3799 0.0907
vn 0.9821 0.1618 0.0962
vn 0.9833 0.1580 0.0904
vn 0.9820 0.1620 0.0967
vn 0.9468 -0.3080 0.0933
vn 0.9468 -0.3080 0.0932
vn 0.3886 0.9206 0.0383
vn 0.0163 0.9999 0.0030
vn 0.0245 -0.9997 0.0049
vn 0.0862 0.9962 0.0079
vn 0.0863 0.9962 0.0078
vn 0.0829 0.9963 0.0235
vn 0.0509 0.9987 0.0047
vn 0.0490 0.9987 0.0138
vn 0.1317 0.9906 0.0371
vn 0.8852 -0.3799 0.2685
vn 0.3736 0.9206 0.1133
vn 0.9464 0.1480 0.2871
vn 0.0153 0.9999 0.0059
vn 0.0240 -0.9997 0.0073
vn 0.1960 -0.9788 0.0594
vn 0.0491 0.9987 0.0137
vn 0.0460 0.9987 0.0203
vn 0.9104 -0.3080 0.2762
vn 0.1292 -0.9908 0.0392
vn 0.0829 0.9963 0.0233
vn 0.0772 0.9964 0.0360
vn 0.0709 -0.9971 0.0294
vn 0.8387 -0.4815 0.2544
vn 0.2891 0.9538 0.0815
vn 0.7713 -0.5919 0.2340
vn 0.1934 0.9796 0.0545
vn 0.1191 -0.9908 0.0636
vn 0.0794 0.9961 0.0383
vn 0.0795 0.9961 0.0395
vn 0.0680 -0.9970 0.0364
vn 0.0597 -0.9970 0.0489
vn 0.7730 -0.4815 0.4132
vn 0.2667 0.9546 0.1325
vn 0.7110 -0.5917 0.3800
vn 0.1783 0.9800 0.0886
vn 0.1214 0.9908 0.0603
vn 0.8158 -0.3799 0.4361
vn 0.3443 0.9206 0.1841
vn 0.8758 0.1175 0.4681
vn 0.0138 0.9999 0.0086
vn 0.0173 -0.9997 0.0173
vn 0.0221 -0.9997 0.0118
vn 0.0208 -0.9997 0.0139
vn 0.1806 -0.9788 0.0965
vn 0.0454 0.9988 0.0198
vn 0.0380 0.9988 0.0294
vn 0.8390 -0.3080 0.4485
vn 0.7151 -0.3799 0.5868
vn 0.3018 0.9206 0.2477
vn 0.7709 0.0746 0.6326
vn 0.0117 0.9999 0.0110
vn 0.0177 -0.9997 0.0177
vn 0.1583 -0.9788 0.1299
vn 0.0383 0.9988 0.0290
vn 0.0312 0.9989 0.0356
vn 0.7354 -0.3080 0.6035
vn 0.1044 -0.9908 0.0857
vn 0.0697 0.9962 0.0532
vn 0.0543 -0.9971 0.0543
vn 0.6775 -0.4815 0.5560
vn 0.2340 0.9557 0.1785
vn 0.6234 -0.5914 0.5116
vn 0.1564 0.9805 0.1193
vn 0.1064 0.9910 0.0812
vn 0.0426 -0.9971 0.0638
vn 0.5560 -0.4815 0.6775
vn 0.1923 0.9569 0.2177
vn 0.5117 -0.5910 0.6235
vn 0.1284 0.9810 0.1454
vn 0.0874 0.9912 0.0989
vn 0.5868 -0.3799 0.7151
vn 0.2477 0.9206 0.3018
vn 0.6342 0.0258 0.7728
vn 0.0092 0.9999 0.0129
vn 0.0139 -0.9997 0.0208
vn 0.1299 -0.9788 0.1583
vn 0.0212 0.9990 0.0406
vn 0.0251 0.9989 0.0392
vn 0.6035 -0.3080 0.7354
vn 0.0857 -0.9908 0.1044
vn 0.0572 0.9963 0.0648
vn 0.4713 -0.0214 0.8817
vn 0.0079 0.9999 0.0137
vn 0.0118 -0.9997 0.0221
vn 0.0965 -0.9788 0.1806
vn 0.0215 0.9988 0.0434
vn 0.4485 -0.3080 0.8390
vn 0.0636 -0.9908 0.1191
vn 0.0360 0.9964 0.0771
vn 0.0382 0.9965 0.0737
vn 0.0249 0.9967 0.0770
vn 0.0363 -0.9970 0.0680
vn 0.0225 -0.9970 0.0738
vn 0.4132 -0.4815 0.7730
vn 0.1430 0.9580 0.2487
vn 0.3804 -0.5907 0.7116
vn 0.0955 0.9815 0.1660
vn 0.0649 0.9915 0.1129
vn 0.4361 -0.3799 0.8158
vn 0.1841 0.9206 0.3443
vn 0.2544 -0.4815 0.8387
vn 0.0882 0.9588 0.2701
vn 0.2343 -0.5904 0.7724
vn 0.0588 0.9819 0.1802
vn 0.0400 0.9917 0.1225
vn 0.2685 -0.3799 0.8852
vn 0.1133 0.9206 0.3736
vn 0.2898 -0.0595 0.9552
vn 0.0048 0.9999 0.0148
vn -0.0032 0.9999 0.0143
vn 0.0032 0.9999 0.0151
vn -0.0000 -0.9997 0.0245
vn 0.0073 -0.9997 0.0240
vn 0.0049 -0.9997 0.0245
vn 0.0594 -0.9788 0.1960
vn 0.0149 0.9989 0.0455
vn 0.0050 0.9989 0.0473
vn 0.2762 -0.3080 0.9104
vn 0.0392 -0.9908 0.1292
vn 0.0251 0.9967 0.0769
vn 0.0084 0.9968 0.0800
vn 0.0150 -0.9971 0.0753
vn -0.0000 -0.9997 0.0250
vn 0.0201 -0.9788 0.2038
vn -0.0000 0.9989 0.0475
vn 0.0933 -0.3080 0.9468
vn 0.0932 -0.3080 0.9468
vn 0.0132 -0.9908 0.1344
vn 0.0085 0.9968 0.0800
vn 0.0075 -0.9970 0.0768
vn 0.0859 -0.4815 0.8722
vn 0.0298 0.9592 0.2810
vn 0.0791 -0.5901 0.8035
vn 0.0199 0.9821 0.1874
vn 0.0135 0.9918 0.1274
vn 0.0907 -0.3799 0.9206
vn 0.0383 0.9206 0.3886
vn 0.0981 -0.0832 0.9917
vn 0.1044 -0.0871 0.9907
vn 0.0977 -0.0828 0.9918
vn -0.0000 0.9999 0.0154
vn -0.0298 0.9592 0.2810
vn -0.0792 -0.5898 0.8036
vn -0.0199 0.9821 0.1874
vn -0.0135 0.9918 0.1274
vn -0.0907 -0.3799 0.9206
vn -0.0383 0.9206 0.3886
vn -0.1043 -0.0876 0.9907
vn -0.0981 -0.0836 0.9917
vn -0.0977 -0.0832 0.9917
vn -0.0032 0.9999 0.0151
vn -0.0049 -0.9997 0.0245
vn -0.0201 -0.9788 0.2038
vn -0.0050 0.9989 0.0473
vn -0.0933 -0.3080 0.9468
vn -0.0932 -0.3080 0.9468
vn -0.0132 -0.9908 0.1344
vn -0.0085 0.9968 0.0800
vn -0.0083 0.9968 0.0800
vn -0.0075 -0.9970 0.0768
vn -0.0076 -0.9970 0.0768
vn -0.0859 -0.4815 0.8722
vn -0.0594 -0.9788 0.1960
vn -0.0149 0.9989 0.0455
vn -0.0147 0.9989 0.0456
vn -0.2762 -0.3080 0.9104
vn -0.0392 -0.9908 0.1292
vn -0.0252 0.9967 0.0769
vn -0.0250 0.9967 0.0771
vn -0.0224 -0.9970 0.0738
vn -0.0225 -0.9970 0.0738
vn -0.2544 -0.4815 0.8387
vn -0.0882 0.9588 0.2701
vn -0.2345 -0.5896 0.7729
vn -0.0588 0.9819 0.1802
vn -0.0400 0.9917 0.1225
vn -0.2685 -0.3799 0.8852
vn -0.1133 0.9206 0.3736
vn -0.2897 -0.0608 0.9552
vn -0.0063 0.9999 0.0143
vn -0.0073 -0.9997 0.0240
vn -0.3808 -0.5894 0.7124
vn -0.0955 0.9815 0.1660
vn -0.0649 0.9915 0.1129
vn -0.4361 -0.3799 0.8158
vn -0.1841 0.9206 0.3443
vn -0.4713 -0.0235 0.8817
vn -0.0092 0.9999 0.0129
vn -0.0173 -0.9997 0.0173
vn -0.0118 -0.9997 0.0221
vn -0.0139 -0.9997 0.0208
vn -0.0965 -0.9788 0.1806
vn -0.0243 0.9988 0.0419
vn -0.0241 0.9988 0.0421
vn -0.4485 -0.3080 0.8390
vn -0.0636 -0.9908 0.1191
vn -0.0411 0.9966 0.0711
vn -0.0409 0.9966 0.0711
vn -0.0363 -0.9970 0.0680
vn -0.0426 -0.9971 0.0638
vn -0.4132 -0.4815 0.7730
vn -0.1430 0.9580 0.2487
vn -0.0326 0.9988 0.0367
vn -0.0323 0.9988 0.0369
vn -0.6035 -0.3080 0.7354
vn -0.6036 -0.3080 0.7354
vn -0.0857 -0.9908 0.1044
vn -0.0591 0.9964 0.0604
vn -0.0576 0.9963 0.0637
vn -0.0595 0.9964 0.0596
vn -0.0543 -0.9971 0.0543
vn -0.5560 -0.4815 0.6775
vn -0.1923 0.9569 0.2177
vn -0.5125 -0.5893 0.6245
vn -0.1284 0.9810 0.1454
vn -0.0874 0.9912 0.0989
vn -0.5868 -0.3799 0.7151
vn -0.2477 0.9206 0.3018
vn -0.6342 0.0229 0.7728
vn -0.0106 0.9999 0.0120
vn -0.0177 -0.9997 0.0177
vn -0.1299 -0.9788 0.1583
vn -0.1564 0.9805 0.1193
vn -0.1019 0.9918 0.0772
vn -0.1016 0.9918 0.0775
vn -0.0916 0.9920 0.0866
vn -0.7151 -0.3799 0.5868
vn -0.3018 0.9206 0.2477
vn -0.7711 0.0711 0.6328
vn -0.0129 0.9999 0.0098
vn -0.0155 0.9999 0.0028
vn -0.0138 0.9999 0.0086
vn -0.0208 -0.9997 0.0139
vn -0.1583 -0.9788 0.1299
vn -0.0396 0.9988 0.0301
vn -0.0395 0.9988 0.0303
vn -0.7354 -0.3080 0.6035
vn -0.7354 -0.3080 0.6036
vn -0.1044 -0.9908 0.0857
vn -0.0697 0.9962 0.0532
vn -0.0694 0.9962 0.0533
vn -0.0638 -0.9971 0.0426
vn -0.6775 -0.4815 0.5560
vn -0.2340 0.9557 0.1785
vn -0.6246 -0.5892 0.5126
vn -0.1191 -0.9908 0.0636
vn -0.0796 0.9961 0.0392
vn -0.0794 0.9961 0.0396
vn -0.0680 -0.9970 0.0363
vn -0.0738 -0.9970 0.0225
vn -0.7730 -0.4815 0.4132
vn -0.2667 0.9546 0.1325
vn -0.7126 -0.5892 0.3809
vn -0.1783 0.9800 0.0886
vn -0.1160 0.9916 0.0576
vn -0.8158 -0.3799 0.4361
vn -0.3443 0.9206 0.1841
vn -0.8762 0.1135 0.4684
vn -0.0153 0.9999 0.0059
vn -0.0221 -0.9997 0.0118
vn -0.1806 -0.9788 0.0965
vn -0.0453 0.9987 0.0223
vn -0.0452 0.9987 0.0225
vn -0.8390 -0.3080 0.4485
vn -0.8852 -0.3799 0.2685
vn -0.3736 0.9206 0.1133
vn -0.9470 0.1437 0.2873
vn -0.0163 0.9999 0.0030
vn -0.0245 -0.9997 -0.0000
vn -0.0240 -0.9997 0.0073
vn -0.0245 -0.9997 0.0049
vn -0.1960 -0.9788 0.0594
vn -0.0491 0.9987 0.0137
vn -0.0490 0.9987 0.0138
vn -0.9104 -0.3080 0.2762
vn -0.1292 -0.9908 0.0392
vn -0.0862 0.9960 0.0242
vn -0.0861 0.9960 0.0244
vn -0.0738 -0.9970 0.0224
vn -0.0768 -0.9970 0.0076
vn -0.8387 -0.4815 0.2544
vn -0.2891 0.9538 0.0815
vn -0.7731 -0.5893 0.2345
vn -0.1934 0.9796 0.0545
vn -0.1261 0.9914 0.0355
vn -0.0896 0.9959 0.0080
vn -0.0897 0.9960 -0.0000
vn -0.0768 -0.9970 0.0075
vn -0.0768 -0.9970 -0.0075
vn -0.8722 -0.4815 0.0859
vn -0.3005 0.9534 0.0275
vn -0.8039 -0.5894 0.0792
vn -0.2011 0.9794 0.0184
vn -0.1313 0.9913 0.0120
vn -0.9206 -0.3799 0.0907
vn -0.3886 0.9206 0.0383
vn -0.9840 0.1534 0.0905
vn -0.9828 0.1573 0.0964
vn -0.9827 0.1576 0.0968
vn -0.0166 0.9999 -0.0000
vn -0.0250 -0.9997 -0.0000
vn -0.2038 -0.9788 0.0201
vn -0.0509 0.9987 0.0047
vn -0.0511 0.9987 -0.0000
vn -0.9468 -0.3080 0.0933
vn -0.9468 -0.3080 0.0932
vn -0.1344 -0.9908 0.0132
vn -0.3886 0.9206 -0.0383
vn -0.9828 0.1574 -0.0965
vn -0.9840 0.1536 -0.0906
vn -0.9827 0.1579 -0.0968
vn -0.0163 0.9999 -0.0030
vn -0.0245 -0.9997 -0.0049
vn -0.2038 -0.9788 -0.0201
vn -0.0509 0.9987 -0.0046
vn -0.0490 0.9987 -0.0138
vn -0.9468 -0.3080 -0.0933
vn -0.9468 -0.3080 -0.0932
vn -0.1344 -0.9908 -0.0132
vn -0.0896 0.9959 -0.0080
vn -0.0861 0.9960 -0.0244
vn -0.0753 -0.9971 -0.0150
vn -0.8722 -0.4815 -0.0859
vn -0.3005 0.9534 -0.0275
vn -0.8038 -0.5896 -0.0792
vn -0.2011 0.9794 -0.0184
vn -0.1315 0.9912 -0.0120
vn -0.9206 -0.3799 -0.0907
vn -0.0709 -0.9971 -0.0294
vn -0.8387 -0.4815 -0.2544
vn -0.2891 0.9538 -0.0815
vn -0.7728 -0.5898 -0.2344
vn -0.1934 0.9796 -0.0545
vn -0.1266 0.9913 -0.0357
vn -0.8852 -0.3799 -0.2685
vn -0.3736 0.9206 -0.1133
vn -0.9469 0.1446 -0.2872
vn -0.0160 0.9999 -0.0045
vn -0.0240 -0.9997 -0.0073
vn -0.1960 -0.9788 -0.0594
vn -0.0491 0.9987 -0.0137
vn -0.0452 0.9987 -0.0225
vn -0.9104 -0.3080 -0.2762
vn -0.1292 -0.9908 -0.0392
vn -0.0862 0.9960 -0.0242
vn -0.0794 0.9961 -0.0396
vn -0.8761 0.1149 -0.4683
vn -0.0147 0.9999 -0.0073
vn -0.0044 0.9999 -0.0149
vn -0.0138 0.9999 -0.0086
vn -0.0173 -0.9997 -0.0173
vn -0.0221 -0.9997 -0.0118
vn -0.0208 -0.9997 -0.0139
vn -0.1806 -0.9788 -0.0965
vn -0.0453 0.9987 -0.0223
vn -0.0395 0.9988 -0.0303
vn -0.8390 -0.3080 -0.4485
vn -0.1191 -0.9908 -0.0636
vn -0.0796 0.9961 -0.0392
vn -0.0694 0.9962 -0.0533
vn -0.0680 -0.9970 -0.0364
vn -0.0597 -0.9970 -0.0489
vn -0.7730 -0.4815 -0.4132
vn -0.2667 0.9546 -0.1325
vn -0.7120 -0.5901 -0.3806
vn -0.1783 0.9800 -0.0886
vn -0.1168 0.9915 -0.0580
vn -0.8158 -0.3799 -0.4361
vn -0.3443 0.9206 -0.1841
vn -0.6775 -0.4815 -0.5560
vn -0.2340 0.9557 -0.1785
vn -0.6239 -0.5904 -0.5120
vn -0.1564 0.9805 -0.1193
vn -0.1024 0.9917 -0.0781
vn -0.7151 -0.3799 -0.5868
vn -0.3018 0.9206 -0.2477
vn -0.7710 0.0730 -0.6327
vn -0.0117 0.9999 -0.0110
vn -0.0177 -0.9997 -0.0177
vn -0.1583 -0.9788 -0.1299
vn -0.0397 0.9988 -0.0301
vn -0.0324 0.9988 -0.0369
vn -0.7354 -0.3080 -0.6035
vn -0.7354 -0.3080 -0.6036
vn -0.1044 -0.9908 -0.0857
vn -0.0697 0.9962 -0.0532
vn -0.0597 -0.9970 -0.0490
vn -0.0490 -0.9970 -0.0597
vn -0.0139 -0.9997 -0.0208
vn -0.1299 -0.9788 -0.1583
vn -0.0326 0.9988 -0.0367
vn -0.0240 0.9988 -0.0421
vn -0.6035 -0.3080 -0.7354
vn -0.6036 -0.3080 -0.7354
vn -0.0857 -0.9908 -0.1044
vn -0.0572 0.9963 -0.0648
vn -0.0489 -0.9970 -0.0597
vn -0.0364 -0.9970 -0.0680
vn -0.5560 -0.4815 -0.6775
vn -0.1923 0.9569 -0.2177
vn -0.5119 -0.5907 -0.6237
vn -0.1284 0.9810 -0.1454
vn -0.0841 0.9919 -0.0953
vn -0.5868 -0.3799 -0.7151
vn -0.2477 0.9206 -0.3018
vn -0.6342 0.0252 -0.7728
vn -0.0092 0.9999 -0.0129
vn -0.1430 0.9580 -0.2487
vn -0.3803 -0.5910 -0.7114
vn -0.0955 0.9815 -0.1660
vn -0.0625 0.9921 -0.1087
vn -0.4361 -0.3799 -0.8158
vn -0.1841 0.9206 -0.3443
vn -0.4713 -0.0209 -0.8817
vn -0.0063 0.9999 -0.0143
vn -0.0118 -0.9997 -0.0221
vn -0.0965 -0.9788 -0.1806
vn -0.0243 0.9988 -0.0419
vn -0.0148 0.9989 -0.0456
vn -0.4485 -0.3080 -0.8390
vn -0.0636 -0.9908 -0.1191
vn -0.0425 0.9964 -0.0739
vn -0.0294 -0.9971 -0.0709
vn -0.4132 -0.4815 -0.7730
vn -0.0149 0.9989 -0.0455
vn -0.0050 0.9989 -0.0473
vn -0.2762 -0.3080 -0.9104
vn -0.0392 -0.9908 -0.1292
vn -0.0262 0.9964 -0.0802
vn -0.0224 -0.9970 -0.0738
vn -0.2544 -0.4815 -0.8387
vn -0.0882 0.9588 -0.2701
vn -0.2341 -0.5914 -0.7717
vn -0.0588 0.9819 -0.1802
vn -0.0385 0.9923 -0.1180
vn -0.2685 -0.3799 -0.8852
vn -0.1133 0.9206 -0.3736
vn -0.2898 -0.0579 -0.9553
vn -0.0032 0.9999 -0.0151
vn -0.0073 -0.9997 -0.0240
vn -0.0049 -0.9997 -0.0245
vn -0.0594 -0.9788 -0.1960
vn -0.0199 0.9821 -0.1874
vn -0.0130 0.9924 -0.1226
vn -0.0907 -0.3799 -0.9206
vn -0.0383 0.9206 -0.3886
vn -0.0982 -0.0806 -0.9919
vn -0.1044 -0.0845 -0.9909
vn -0.0977 -0.0802 -0.9920
vn -0.0016 0.9999 -0.0154
vn -0.0201 -0.9788 -0.2038
vn -0.0933 -0.3080 -0.9468
vn -0.0132 -0.9908 -0.1344
vn -0.0088 0.9965 -0.0834
vn -0.0076 -0.9970 -0.0768
vn -0.0859 -0.4815 -0.8722
vn -0.0298 0.9592 -0.2810
vn -0.0790 -0.5917 -0.8023
vn 0.0880 0.9960 -0.0161
vn 0.8018 -0.5923 -0.0790
vn 0.1287 0.9915 -0.0204
vn 0.7939 0.0569 -0.6054
vn 0.8909 0.1019 -0.4425
vn 0.6619 0.0083 -0.7495
vn 0.9534 0.1371 -0.2688
vn 0.4578 -0.4788 -0.7491
vn 0.3798 -0.5923 -0.7106
vn 0.4983 -0.0361 -0.8663
vn 0.7540 -0.6158 -0.2287
vn 0.3096 -0.0689 -0.9484
vn 0.9833 0.1579 -0.0900
vn 0.8673 -0.4788 -0.1363
vn 0.0856 -0.9908 -0.1044
vn 0.1050 -0.0844 -0.9909
vn 0.9834 0.1576 0.0900
vn 0.9535 0.1363 0.2688
vn 0.8911 0.1006 0.4426
vn 0.7939 0.0551 0.6055
vn 0.6619 0.0061 0.7495
vn 0.4982 -0.0387 0.8662
vn 0.0197 0.9988 0.0438
vn 0.0348 0.9963 0.0787
vn 0.3095 -0.0718 0.9482
vn 0.1050 -0.0874 0.9906
vn -0.1050 -0.0879 0.9906
vn -0.3095 -0.0732 0.9481
vn -0.4982 -0.0410 0.8661
vn -0.0572 0.9963 0.0648
vn -0.0897 0.9920 0.0883
vn -0.6619 0.0030 0.7496
vn -0.7941 0.0514 0.6056
vn -0.8914 0.0966 0.4428
vn -0.9541 0.1320 0.2690
vn -0.9841 0.1532 0.0901
vn -0.9840 0.1535 -0.0901
vn -0.9540 0.1328 -0.2689
vn -0.8913 0.0979 -0.4427
vn -0.7940 0.0533 -0.6056
vn -0.6619 0.0053 -0.7495
vn -0.3802 -0.5910 -0.7114
vn -0.4982 -0.0384 -0.8662
vn -0.3095 -0.0703 -0.9483
vn -0.1050 -0.0849 -0.9908
vn -0.0932 -0.3080 -0.9468
vt 0.784414 0.124155
vt 0.797615 0.117555
vt 0.797615 0.124155
vt 0.929632 0.124155
vt 0.942834 0.117555
vt 0.942834 0.124155
vt 0.903229 0.117555
vt 0.890027 0.110954
vt 0.903229 0.110954
vt 0.863624 0.117555
vt 0.876826 0.110954
vt 0.876826 0.117555
vt 0.929632 0.117555
vt 0.942834 0.110954
vt 0.771212 0.117555
vt 0.758010 0.114254
vt 0.771212 0.110954
vt 0.903229 0.124155
vt 0.890027 0.117555
vt 0.824019 0.130756
vt 0.837220 0.124155
vt 0.837220 0.130756
vt 0.929632 0.130756
vt 0.942834 0.130756
vt 0.771212 0.124156
vt 0.758010 0.120855
vt 0.969238 0.120855
vt 0.956036 0.124155
vt 0.956036 0.117555
vt 0.810817 0.130756
vt 0.824019 0.124155
vt 0.771212 0.130756
vt 0.784414 0.130756
vt 0.810817 0.117555
vt 0.810817 0.124155
vt 0.916431 0.117555
vt 0.784414 0.110954
vt 0.784414 0.117555
vt 0.797615 0.110954
vt 0.810817 0.110954
vt 0.916431 0.124155
vt 0.929632 0.137357
vt 0.916431 0.130756
vt 0.876826 0.137357
vt 0.890027 0.130756
vt 0.890027 0.137357
vt 0.810817 0.137357
vt 0.824019 0.137357
vt 0.850422 0.137357
vt 0.850422 0.130756
vt 0.837220 0.137357
vt 0.942834 0.137357
vt 0.863624 0.130756
vt 0.876826 0.130756
vt 0.850422 0.124155
vt 0.863624 0.124155
vt 0.797615 0.130756
vt 0.916431 0.110954
vt 0.824019 0.110954
vt 0.824019 0.117555
vt 0.903229 0.130756
vt 0.890027 0.124155
vt 0.929632 0.110954
vt 0.771212 0.143958
vt 0.758010 0.140658
vt 0.771212 0.137357
vt 0.863624 0.143958
vt 0.876826 0.143958
vt 0.850422 0.143958
vt 0.797615 0.143958
vt 0.810817 0.143958
vt 0.916431 0.143958
vt 0.903229 0.137357
vt 0.916431 0.137357
vt 0.837220 0.117555
vt 0.969238 0.114254
vt 0.956036 0.110954
vt 0.758010 0.127456
vt 0.850422 0.117555
vt 0.916431 0.150559
vt 0.903229 0.143958
vt 0.942834 0.150559
vt 0.929632 0.143958
vt 0.942834 0.143958
vt 0.771212 0.150559
vt 0.758010 0.147259
vt 0.784414 0.143958
vt 0.797615 0.137357
vt 0.784414 0.137357
vt 0.771212 0.163761
vt 0.784414 0.157160
vt 0.784414 0.163761
vt 0.890027 0.150559
vt 0.890027 0.143958
vt 0.758010 0.160460
vt 0.771212 0.157160
vt 0.876826 0.150559
vt 0.890027 0.163761
vt 0.903229 0.157160
vt 0.903229 0.163761
vt 0.824019 0.163761
vt 0.837220 0.157160
vt 0.837220 0.163761
vt 0.797615 0.150559
vt 0.797615 0.157160
vt 0.850422 0.150559
vt 0.837220 0.143958
vt 0.784414 0.150559
vt 0.876826 0.157160
vt 0.890027 0.157160
vt 0.942834 0.157160
vt 0.956036 0.150559
vt 0.956036 0.157160
vt 0.850422 0.157160
vt 0.863624 0.150559
vt 0.863624 0.157160
vt 0.810817 0.150559
vt 0.810817 0.157160
vt 0.824019 0.150559
vt 0.824019 0.157160
vt 0.876826 0.124155
vt 0.810817 0.163761
vt 0.837220 0.150559
vt 0.942834 0.163761
vt 0.956036 0.163761
vt 0.929632 0.150559
vt 0.916431 0.157160
vt 0.916431 0.163761
vt 0.929632 0.163761
vt 0.969238 0.153859
vt 0.758010 0.153859
vt 0.903229 0.150559
vt 0.850422 0.110954
vt 0.863624 0.110954
vt 0.837220 0.110954
vt 0.824019 0.143958
vt 0.956036 0.143958
vt 0.929632 0.157160
vt 0.863624 0.137357
vt 0.797615 0.163761
vt 0.863624 0.163761
vt 0.876826 0.163761
vt 0.969238 0.134057
vt 0.956036 0.137357
vt 0.956036 0.130756
vt 0.758010 0.134057
vt 0.969238 0.127456
vt 0.969238 0.160460
vt 0.850422 0.163761
vt 0.969238 0.147258
vt 0.969238 0.140658
vt 0.942834 0.104353
vt 0.890027 0.104353
vt 0.956036 0.104353
vt 0.916431 0.104353
vt 0.929632 0.104353
vt 0.863624 0.104353
vt 0.876826 0.104353
vt 0.824019 0.104353
vt 0.837220 0.104353
vt 0.810817 0.104353
vt 0.797615 0.104353
vt 0.850422 0.104353
vt 0.903229 0.104353
vt 0.758010 0.107653
vt 0.771212 0.104353
vt 0.969238 0.107653
vt 0.784414 0.104353
vt 0.797615 0.097752
vt 0.810817 0.097752
vt 0.916431 0.097752
vt 0.850422 0.097752
vt 0.863624 0.097752
vt 0.758010 0.101053
vt 0.771212 0.097752
vt 0.969238 0.101052
vt 0.956036 0.097752
vt 0.929632 0.097752
vt 0.784414 0.097752
vt 0.890027 0.097752
vt 0.903229 0.097752
vt 0.942834 0.097752
vt 0.824019 0.097752
vt 0.837220 0.097752
vt 0.876826 0.097752
vt 0.929632 0.091151
vt 0.942834 0.091151
vt 0.784414 0.091151
vt 0.797615 0.091151
vt 0.956036 0.091151
vt 0.890027 0.091151
vt 0.824019 0.091151
vt 0.837220 0.091151
vt 0.863624 0.091151
vt 0.876826 0.091151
vt 0.810817 0.091151
vt 0.916431 0.091151
vt 0.850422 0.091151
vt 0.758010 0.094452
vt 0.771212 0.091151
vt 0.969238 0.094452
vt 0.903229 0.091151
vt 0.916431 0.084550
vt 0.850422 0.084550
vt 0.863624 0.084550
vt 0.758010 0.087851
vt 0.771212 0.084550
vt 0.969238 0.087851
vt 0.956036 0.084550
vt 0.929632 0.084550
vt 0.784414 0.084550
vt 0.890027 0.084550
vt 0.903229 0.084550
vt 0.942834 0.084550
vt 0.797615 0.084550
vt 0.824019 0.084550
vt 0.837220 0.084550
vt 0.876826 0.084550
vt 0.810817 0.084550
vt 0.956036 0.077949
vt 0.890027 0.077949
vt 0.824019 0.077949
vt 0.837220 0.077949
vt 0.863624 0.077949
vt 0.876826 0.077949
vt 0.810817 0.077949
vt 0.797615 0.077949
vt 0.916431 0.077949
vt 0.850422 0.077949
vt 0.758010 0.081250
vt 0.771212 0.077949
vt 0.969238 0.081250
vt 0.929632 0.077949
vt 0.784414 0.077949
vt 0.903229 0.077949
vt 0.942834 0.077949
vt 0.850422 0.071349
vt 0.758010 0.074649
vt 0.771212 0.071349
vt 0.969238 0.074649
vt 0.956036 0.071349
vt 0.916431 0.071349
vt 0.929632 0.071349
vt 0.784414 0.071349
vt 0.890027 0.071349
vt 0.903229 0.071349
vt 0.942834 0.071349
vt 0.797615 0.071349
vt 0.824019 0.071349
vt 0.837220 0.071349
vt 0.863624 0.071349
vt 0.876826 0.071349
vt 0.810817 0.071349
vt 0.890027 0.064748
vt 0.824019 0.064748
vt 0.837220 0.064748
vt 0.863624 0.064748
vt 0.876826 0.064748
vt 0.810817 0.064748
vt 0.797615 0.064748
vt 0.916431 0.064748
vt 0.850422 0.064748
vt 0.758010 0.068048
vt 0.771212 0.064748
vt 0.969238 0.068048
vt 0.956036 0.064748
vt 0.929632 0.064748
vt 0.784414 0.064748
vt 0.903229 0.064748
vt 0.942834 0.064748
vt 0.969238 0.061447
vt 0.956036 0.058147
vt 0.916431 0.058147
vt 0.929632 0.058147
vt 0.771212 0.058147
vt 0.784414 0.058147
vt 0.890027 0.058147
vt 0.903229 0.058147
vt 0.942834 0.058147
vt 0.797615 0.058147
vt 0.824019 0.058147
vt 0.837220 0.058147
vt 0.863624 0.058147
vt 0.876826 0.058147
vt 0.810817 0.058147
vt 0.850422 0.058147
vt 0.758010 0.061447
vt 0.837220 0.051546
vt 0.863624 0.051546
vt 0.876826 0.051546
vt 0.824019 0.051546
vt 0.810817 0.051546
vt 0.916431 0.051546
vt 0.850422 0.051546
vt 0.758010 0.054846
vt 0.771212 0.051546
vt 0.969238 0.054846
vt 0.956036 0.051546
vt 0.929632 0.051546
vt 0.784414 0.051546
vt 0.890027 0.051546
vt 0.903229 0.051546
vt 0.942834 0.051546
vt 0.797615 0.051546
vt 0.916431 0.044945
vt 0.929632 0.044945
vt 0.784414 0.044945
vt 0.890027 0.044945
vt 0.903229 0.044945
vt 0.942834 0.044945
vt 0.797615 0.044945
vt 0.956036 0.044945
vt 0.837220 0.044945
vt 0.863624 0.044945
vt 0.876826 0.044945
vt 0.824019 0.044945
vt 0.810817 0.044945
vt 0.850422 0.044945
vt 0.758010 0.048246
vt 0.771212 0.044945
vt 0.969238 0.048246
vt 0.863624 0.038344
vt 0.876826 0.038344
vt 0.824019 0.038344
vt 0.810817 0.038344
vt 0.916431 0.038344
vt 0.850422 0.038344
vt 0.837220 0.038344
vt 0.758010 0.041645
vt 0.771212 0.038344
vt 0.969238 0.041645
vt 0.956036 0.038344
vt 0.929632 0.038344
vt 0.784414 0.038344
vt 0.890027 0.038344
vt 0.903229 0.038344
vt 0.942834 0.038344
vt 0.797615 0.038344
vt 0.784414 0.031743
vt 0.890027 0.031743
vt 0.903229 0.031743
vt 0.942834 0.031743
vt 0.797615 0.031743
vt 0.956036 0.031743
vt 0.837220 0.031743
vt 0.863624 0.031743
vt 0.876826 0.031743
vt 0.824019 0.031743
vt 0.810817 0.031743
vt 0.916431 0.031743
vt 0.850422 0.031743
vt 0.758010 0.035044
vt 0.771212 0.031743
vt 0.969238 0.035044
vt 0.929632 0.031743
vt 0.824019 0.025143
vt 0.810817 0.025143
vt 0.916431 0.025143
vt 0.850422 0.025143
vt 0.863624 0.025143
vt 0.837220 0.025143
vt 0.758010 0.028443
vt 0.771212 0.025143
vt 0.969238 0.028443
vt 0.956036 0.025143
vt 0.929632 0.025143
vt 0.784414 0.025143
vt 0.890027 0.025143
vt 0.903229 0.025143
vt 0.942834 0.025143
vt 0.797615 0.025143
vt 0.876826 0.025143
vt 0.929632 0.018542
vt 0.942834 0.018542
vt 0.797615 0.018542
vt 0.956036 0.018542
vt 0.890027 0.018542
vt 0.837220 0.018542
vt 0.876826 0.018542
vt 0.824019 0.018542
vt 0.810817 0.018542
vt 0.916431 0.018542
vt 0.850422 0.018542
vt 0.863624 0.018542
vt 0.758010 0.021842
vt 0.771212 0.018542
vt 0.969238 0.021842
vt 0.784414 0.018542
vt 0.903229 0.018542
vt 0.916431 0.011941
vt 0.850422 0.011941
vt 0.863624 0.011941
vt 0.837220 0.011941
vt 0.758010 0.015241
vt 0.771212 0.011941
vt 0.969238 0.015241
vt 0.956036 0.011941
vt 0.929632 0.011941
vt 0.784414 0.011941
vt 0.890027 0.011941
vt 0.903229 0.011941
vt 0.942834 0.011941
vt 0.797615 0.011941
vt 0.876826 0.011941
vt 0.824019 0.011941
vt 0.810817 0.011941
vt 0.797615 0.005340
vt 0.942834 0.005340
vt 0.956036 0.005340
vt 0.890027 0.005340
vt 0.837220 0.005340
vt 0.876826 0.005340
vt 0.824019 0.005340
vt 0.810817 0.005340
vt 0.916431 0.005340
vt 0.850422 0.005340
vt 0.863624 0.005340
vt 0.758010 0.008640
vt 0.771212 0.005340
vt 0.969238 0.008640
vt 0.929632 0.005340
vt 0.784414 0.005340
vt 0.903229 0.005340
vt 0.863624 0.216568
vt 0.850422 0.209967
vt 0.863624 0.209967
vt 0.837220 0.216568
vt 0.850422 0.216568
vt 0.771212 0.216568
vt 0.758010 0.213267
vt 0.771212 0.209967
vt 0.969238 0.213267
vt 0.956036 0.216568
vt 0.956036 0.209967
vt 0.929632 0.216568
vt 0.916431 0.209967
vt 0.929632 0.209967
vt 0.784414 0.216568
vt 0.784414 0.209967
vt 0.903229 0.216568
vt 0.890027 0.209967
vt 0.903229 0.209967
vt 0.942834 0.209967
vt 0.942834 0.216568
vt 0.797615 0.216568
vt 0.797615 0.209967
vt 0.876826 0.216568
vt 0.890027 0.216568
vt 0.824019 0.209967
vt 0.837220 0.209967
vt 0.876826 0.209967
vt 0.824019 0.216568
vt 0.810817 0.209967
vt 0.810817 0.216568
vt 0.916431 0.216568
vt 0.956036 0.203366
vt 0.890027 0.203366
vt 0.824019 0.203366
vt 0.837220 0.203366
vt 0.876826 0.203366
vt 0.810817 0.203366
vt 0.797615 0.203366
vt 0.916431 0.203366
vt 0.850422 0.203366
vt 0.863624 0.203366
vt 0.758010 0.206666
vt 0.771212 0.203366
vt 0.969238 0.206666
vt 0.929632 0.203366
vt 0.784414 0.203366
vt 0.903229 0.203366
vt 0.942834 0.203366
vt 0.850422 0.196765
vt 0.758010 0.200065
vt 0.771212 0.196765
vt 0.969238 0.200065
vt 0.956036 0.196765
vt 0.916431 0.196765
vt 0.929632 0.196765
vt 0.784414 0.196765
vt 0.890027 0.196765
vt 0.903229 0.196765
vt 0.942834 0.196765
vt 0.797615 0.196765
vt 0.824019 0.196765
vt 0.837220 0.196765
vt 0.876826 0.196765
vt 0.810817 0.196765
vt 0.863624 0.196765
vt 0.890027 0.190164
vt 0.824019 0.190164
vt 0.837220 0.190164
vt 0.876826 0.190164
vt 0.810817 0.190164
vt 0.797615 0.190164
vt 0.916431 0.190164
vt 0.850422 0.190164
vt 0.863624 0.190164
vt 0.758010 0.193465
vt 0.771212 0.190164
vt 0.969238 0.193464
vt 0.956036 0.190164
vt 0.929632 0.190164
vt 0.784414 0.190164
vt 0.903229 0.190164
vt 0.942834 0.190164
vt 0.969238 0.186864
vt 0.956036 0.183563
vt 0.916431 0.183563
vt 0.929633 0.183563
vt 0.771212 0.183563
vt 0.784414 0.183563
vt 0.890027 0.183563
vt 0.903229 0.183563
vt 0.942834 0.183563
vt 0.797615 0.183563
vt 0.824019 0.183563
vt 0.837220 0.183563
vt 0.876826 0.183563
vt 0.810817 0.183563
vt 0.850422 0.183563
vt 0.863624 0.183563
vt 0.758010 0.186864
vt 0.824019 0.176962
vt 0.837220 0.176962
vt 0.876826 0.176962
vt 0.810817 0.176962
vt 0.797615 0.176962
vt 0.916431 0.176962
vt 0.850422 0.176962
vt 0.863624 0.176962
vt 0.758010 0.180263
vt 0.771212 0.176962
vt 0.969238 0.180263
vt 0.956036 0.176962
vt 0.929633 0.176962
vt 0.784414 0.176962
vt 0.890027 0.176962
vt 0.903229 0.176962
vt 0.942834 0.176962
vt 0.771212 0.170362
vt 0.784414 0.170362
vt 0.890027 0.170361
vt 0.903229 0.170361
vt 0.942834 0.170361
vt 0.797615 0.170362
vt 0.956036 0.170361
vt 0.824019 0.170362
vt 0.837220 0.170362
vt 0.876826 0.170361
vt 0.810817 0.170362
vt 0.916431 0.170361
vt 0.850422 0.170362
vt 0.863624 0.170362
vt 0.758010 0.173662
vt 0.969238 0.173662
vt 0.929633 0.170361
vt 0.758010 0.167061
vt 0.969238 0.167061
s 1
usemtl Material.001
f 24/1/1 114/2/2 23/3/3
f 13/4/4 9/5/4 12/6/4
f 6/7/5 121/8/6 122/9/5
f 3/10/7 120/11/7 4/12/7
f 8/13/8 125/14/8 9/5/8
f 116/15/9 403/16/10 131/17/11
f 15/18/12 5/19/12 6/7/12
f 30/20/13 20/21/13 31/22/13
f 38/23/14 12/6/14 39/24/14
f 25/25/15 403/26/10 116/15/9
f 352/27/16 11/28/17 10/29/18
f 29/30/19 21/31/19 30/20/19
f 26/32/20 24/1/21 27/33/22
f 11/28/23 9/5/24 10/29/24
f 23/3/25 113/34/25 22/35/25
f 13/4/26 7/36/26 8/13/26
f 116/15/27 130/37/28 115/38/29
f 113/34/30 129/39/31 128/40/32
f 38/23/33 14/41/33 13/4/33
f 43/42/34 37/43/34 38/23/34
f 47/44/35 35/45/35 46/46/35
f 52/47/36 30/20/36 51/48/36
f 49/49/37 31/22/37 32/50/37
f 51/48/38 31/22/38 50/51/38
f 43/42/39 39/24/39 42/52/40
f 47/44/41 33/53/41 34/54/41
f 33/53/42 19/55/42 18/56/42
f 27/33/43 23/3/3 28/57/44
f 6/7/45 123/58/45 7/36/45
f 113/34/46 127/59/46 112/60/46
f 36/61/47 16/62/47 15/18/47
f 32/50/48 20/21/48 19/55/48
f 8/13/49 123/58/49 124/63/49
f 56/64/50 403/65/51 55/66/52
f 63/67/53 47/44/53 64/68/53
f 62/69/54 50/51/54 49/49/54
f 58/70/55 52/47/55 59/71/55
f 67/72/56 45/73/56 44/74/56
f 21/31/57 1/75/57 20/21/57
f 352/76/16 10/29/18 126/77/58
f 36/61/59 14/41/59 37/43/59
f 26/32/60 403/78/51 25/25/61
f 19/55/62 1/75/62 2/79/62
f 74/80/63 66/81/63 67/72/63
f 72/82/64 68/83/64 69/84/64
f 85/85/65 403/86/51 56/64/50
f 57/87/66 53/88/66 58/70/66
f 56/64/67 54/89/68 57/87/69
f 111/90/70 87/91/71 110/92/70
f 76/93/72 64/68/72 65/94/72
f 111/90/73 403/95/51 86/96/74
f 77/97/75 63/67/75 64/68/75
f 102/98/76 96/99/76 479/100/76
f 107/101/77 91/102/77 106/103/77
f 87/91/78 83/104/78 88/105/78
f 79/106/79 61/107/79 62/69/79
f 86/96/80 84/108/81 87/91/71
f 94/109/82 76/93/82 95/110/82
f 99/111/83 71/112/84 100/113/85
f 92/114/86 78/115/86 93/116/86
f 83/104/87 59/71/87 82/117/87
f 89/118/88 81/119/88 90/120/88
f 88/105/89 82/117/89 89/118/89
f 93/116/90 77/97/90 94/109/90
f 22/35/91 112/60/91 21/31/91
f 15/18/92 7/36/92 14/41/92
f 18/56/93 2/79/93 3/10/93
f 18/56/94 4/12/94 17/121/94
f 108/122/95 90/120/95 107/101/95
f 81/119/96 61/107/96 80/123/96
f 481/124/97 100/113/85 482/125/98
f 73/126/99 67/72/99 68/83/99
f 479/100/100 97/127/100 480/128/100
f 101/129/101 99/111/101 481/124/101
f 92/114/102 80/123/102 79/106/102
f 352/130/103 100/113/104 71/112/105
f 90/120/106 80/123/106 91/102/106
f 84/108/107 58/70/107 83/104/107
f 86/96/74 403/131/51 85/85/65
f 97/127/108 75/132/108 74/80/108
f 3/10/109 118/133/109 119/134/109
f 112/60/110 117/135/110 1/75/111
f 9/5/24 126/77/112 10/29/24
f 25/25/113 115/38/29 24/1/21
f 16/62/114 4/12/114 5/19/114
f 114/2/2 130/37/115 129/39/116
f 33/53/117 17/121/117 34/54/117
f 45/73/118 37/43/118 44/74/118
f 2/79/119 117/135/120 118/133/121
f 59/71/122 51/48/122 60/136/122
f 4/12/123 121/8/123 5/19/123
f 75/132/124 65/94/124 66/81/124
f 71/112/84 69/84/125 70/137/126
f 98/138/127 74/80/127 73/126/127
f 98/138/128 72/82/128 99/111/128
f 96/99/129 76/93/129 75/132/129
f 35/45/130 17/121/130 16/62/130
f 63/67/131 49/49/131 48/139/131
f 480/128/132 98/138/132 101/129/132
f 102/98/133 94/109/133 95/110/133
f 110/92/134 88/105/134 109/140/134
f 104/141/135 94/109/135 103/142/135
f 53/88/136 29/30/136 52/47/136
f 352/143/137 41/144/138 40/145/139
f 55/66/52 403/146/51 26/32/60
f 55/66/140 27/33/22 54/89/68
f 352/147/137 40/145/139 11/28/141
f 70/137/126 42/52/142 41/144/143
f 67/72/144 43/42/144 68/83/144
f 60/136/145 50/51/145 61/107/145
f 66/81/146 46/46/146 45/73/146
f 69/84/147 43/42/147 42/52/147
f 49/49/148 33/53/148 48/139/148
f 64/68/149 46/46/149 65/94/149
f 352/148/103 482/125/150 100/113/104
f 105/149/151 93/116/151 104/141/151
f 109/140/152 89/118/152 108/122/152
f 105/149/153 91/102/154 92/114/155
f 28/57/156 22/35/156 29/30/156
f 40/145/157 12/6/158 11/28/23
f 54/89/159 28/57/44 53/88/159
f 45/73/160 35/45/160 36/61/161
f 41/144/143 39/24/162 40/145/157
f 79/106/163 63/67/163 78/115/163
f 85/85/164 57/87/69 84/108/81
f 82/117/165 60/136/165 81/119/165
f 352/150/137 71/112/166 70/137/167
f 352/151/137 70/137/167 41/144/138
f 124/63/168 140/152/168 125/14/168
f 120/11/169 136/153/169 121/8/169
f 126/77/112 140/152/170 141/154/170
f 124/63/171 138/155/171 139/156/171
f 120/11/172 134/157/172 135/158/172
f 117/135/173 142/159/173 132/160/174
f 127/59/175 143/161/175 142/159/175
f 128/40/176 144/162/176 143/161/176
f 122/9/177 138/155/177 123/58/177
f 117/135/178 133/163/179 118/133/180
f 122/9/181 136/153/182 137/164/181
f 119/134/183 133/163/183 134/157/183
f 131/17/11 403/165/10 146/166/184
f 352/167/16 126/77/58 141/154/185
f 129/39/186 145/168/187 144/162/188
f 130/37/28 146/166/189 145/168/190
f 143/161/191 159/169/191 158/170/191
f 137/164/192 153/171/192 138/155/192
f 134/157/193 148/172/193 149/173/193
f 132/160/194 148/172/194 133/163/194
f 146/166/184 403/174/10 161/175/195
f 352/176/16 141/154/185 156/177/196
f 139/156/197 153/171/197 154/178/197
f 145/168/190 161/175/198 160/179/199
f 137/164/200 151/180/200 152/181/200
f 140/152/201 154/178/201 155/182/201
f 144/162/188 160/179/202 159/169/203
f 140/152/170 156/177/204 141/154/170
f 135/158/205 151/180/205 136/153/205
f 132/160/206 157/183/206 147/184/206
f 135/158/207 149/173/207 150/185/207
f 142/159/208 158/170/208 157/183/208
f 155/182/209 169/186/209 170/187/209
f 159/169/203 175/188/210 174/189/211
f 156/177/204 170/187/212 171/190/213
f 150/185/214 166/191/214 151/180/214
f 147/184/215 172/192/215 162/193/215
f 150/185/216 164/194/216 165/195/216
f 157/183/217 173/196/217 172/192/217
f 158/170/218 174/189/218 173/196/218
f 152/181/219 168/197/219 153/171/219
f 149/173/220 163/198/220 164/194/220
f 147/184/221 163/198/221 148/172/221
f 161/175/195 403/199/10 176/200/222
f 352/201/223 156/177/224 171/190/225
f 154/178/226 168/197/226 169/186/226
f 160/179/199 176/200/227 175/188/228
f 152/181/229 166/191/229 167/202/229
f 167/202/230 183/203/230 168/197/230
f 164/194/231 178/204/231 179/205/231
f 162/193/232 178/204/232 163/198/232
f 176/200/222 403/206/10 191/207/233
f 352/208/223 171/190/225 186/209/234
f 169/186/235 183/203/235 184/210/235
f 175/188/228 191/207/236 190/211/237
f 167/202/238 181/212/238 182/213/238
f 170/187/239 184/210/239 185/214/239
f 174/189/240 190/211/240 189/215/240
f 171/190/213 185/214/241 186/209/241
f 165/195/242 181/212/242 166/191/242
f 162/193/243 187/216/243 177/217/243
f 165/195/244 179/205/244 180/218/244
f 172/192/245 188/219/245 187/216/245
f 173/196/246 189/215/246 188/219/246
f 185/214/241 201/220/247 186/209/241
f 180/218/248 196/221/248 181/212/248
f 177/217/249 202/222/249 192/223/249
f 180/218/250 194/224/250 195/225/250
f 187/216/251 203/226/251 202/222/251
f 188/219/252 204/227/252 203/226/252
f 182/213/253 198/228/253 183/203/253
f 179/205/254 193/229/254 194/224/254
f 177/217/255 193/229/255 178/204/255
f 191/207/233 403/230/10 206/231/256
f 352/232/223 186/209/234 201/220/257
f 184/210/258 198/228/258 199/233/258
f 190/211/237 206/231/259 205/234/260
f 182/213/261 196/221/261 197/235/261
f 184/210/262 200/236/262 185/214/262
f 189/215/263 205/234/263 204/227/263
f 192/223/264 208/237/264 193/229/264
f 206/231/256 403/238/10 221/239/265
f 352/240/223 201/220/257 216/241/266
f 199/233/267 213/242/267 214/243/267
f 206/231/259 220/244/268 205/234/260
f 197/235/269 211/245/269 212/246/269
f 199/233/270 215/247/270 200/236/270
f 204/227/271 220/244/272 219/248/273
f 201/220/247 215/247/274 216/241/275
f 195/225/276 211/245/276 196/221/276
f 192/223/277 217/249/277 207/250/277
f 195/225/278 209/251/278 210/252/278
f 202/222/279 218/253/279 217/249/279
f 203/226/280 219/248/280 218/253/280
f 197/235/281 213/242/281 198/228/281
f 194/224/282 208/237/282 209/251/282
f 210/252/283 226/254/283 211/245/283
f 207/250/284 232/255/284 222/256/284
f 210/252/285 224/257/285 225/258/285
f 217/249/286 233/259/286 232/255/286
f 218/253/287 234/260/287 233/259/287
f 212/246/288 228/261/288 213/242/288
f 209/251/289 223/262/289 224/257/289
f 207/250/290 223/262/290 208/237/290
f 221/239/291 403/263/292 236/264/293
f 352/265/294 216/241/295 231/266/296
f 214/243/297 228/261/297 229/267/297
f 220/244/268 236/264/298 235/268/299
f 212/246/300 226/254/300 227/269/300
f 214/243/301 230/270/301 215/247/301
f 219/248/273 235/268/302 234/260/303
f 216/241/275 230/270/304 231/266/304
f 352/271/294 231/266/296 246/272/305
f 229/267/306 243/273/306 244/274/306
f 235/268/299 251/275/307 250/276/307
f 227/269/308 241/277/309 242/278/308
f 230/270/310 244/274/310 245/279/310
f 234/260/303 250/276/311 249/280/311
f 230/270/304 246/272/312 231/266/304
f 225/258/313 241/277/313 226/254/313
f 222/256/314 247/281/314 237/282/314
f 225/258/315 239/283/315 240/284/315
f 232/255/316 248/285/316 247/281/316
f 233/259/317 249/280/317 248/285/317
f 227/269/318 243/273/318 228/261/318
f 224/257/319 238/286/319 239/283/319
f 222/256/320 238/286/321 223/262/322
f 236/264/293 403/287/292 251/275/323
f 247/281/324 252/288/324 237/282/324
f 240/284/325 254/289/325 255/290/325
f 248/285/326 262/291/326 247/281/326
f 249/280/327 263/292/327 248/285/327
f 242/278/328 258/293/328 243/273/328
f 239/283/329 253/294/329 254/289/329
f 238/286/330 252/288/331 253/294/332
f 251/275/323 403/295/292 266/296/333
f 352/297/294 246/272/305 261/298/334
f 244/274/335 258/293/335 259/299/335
f 251/275/307 265/300/336 250/276/307
f 242/278/337 256/301/338 257/302/337
f 244/274/339 260/303/339 245/279/339
f 250/276/340 264/304/341 249/280/340
f 245/279/342 261/298/343 246/272/312
f 240/284/344 256/301/344 241/277/344
f 259/299/345 273/305/345 274/306/345
f 266/296/346 280/307/347 265/300/336
f 257/302/348 271/308/348 272/309/348
f 260/303/349 274/306/349 275/310/349
f 265/300/350 279/311/351 264/304/341
f 260/303/352 276/312/353 261/298/343
f 255/290/354 271/308/354 256/301/354
f 262/291/355 267/313/355 252/288/355
f 255/290/356 269/314/356 270/315/356
f 263/292/357 277/316/357 262/291/357
f 264/304/358 278/317/358 263/292/358
f 257/302/359 273/305/359 258/293/359
f 254/289/360 268/318/360 269/314/360
f 253/294/361 267/313/361 268/318/361
f 266/296/333 403/319/292 281/320/362
f 352/321/294 261/298/334 276/312/363
f 270/315/364 284/322/364 285/323/364
f 278/317/365 292/324/365 277/316/365
f 279/311/366 293/325/366 278/317/366
f 272/309/367 288/326/367 273/305/367
f 269/314/368 283/327/368 284/322/368
f 268/318/369 282/328/369 283/327/369
f 281/320/362 403/329/292 296/330/370
f 352/331/371 276/312/372 291/332/373
f 274/306/374 288/326/374 289/333/374
f 281/320/375 295/334/376 280/307/347
f 272/309/377 286/335/377 287/336/377
f 274/306/378 290/337/378 275/310/378
f 280/307/379 294/338/380 279/311/351
f 275/310/381 291/332/382 276/312/353
f 270/315/383 286/335/383 271/308/383
f 277/316/384 282/328/384 267/313/384
f 296/330/385 310/339/386 295/334/376
f 287/336/387 301/340/387 302/341/388
f 289/333/389 305/342/389 290/337/389
f 295/334/390 309/343/391 294/338/392
f 291/332/382 305/342/393 306/344/393
f 285/323/394 301/340/394 286/335/394
f 292/324/395 297/345/395 282/328/395
f 285/323/396 299/346/396 300/347/396
f 293/325/397 307/348/397 292/324/397
f 294/338/398 308/349/398 293/325/398
f 287/336/399 303/350/399 288/326/399
f 284/322/400 298/351/400 299/346/400
f 283/327/401 297/345/401 298/351/401
f 296/330/370 403/352/292 311/353/402
f 352/354/371 291/332/373 306/344/403
f 289/333/404 303/350/404 304/355/404
f 308/349/405 322/356/405 307/348/405
f 309/343/406 323/357/407 308/349/408
f 302/341/409 318/358/409 303/350/409
f 299/346/410 313/359/410 314/360/410
f 298/351/411 312/361/411 313/359/411
f 311/353/412 403/362/413 326/363/414
f 352/364/371 306/344/403 321/365/415
f 304/355/416 318/358/416 319/366/416
f 311/353/417 325/367/418 310/339/386
f 302/341/419 316/368/419 317/369/420
f 305/342/421 319/366/421 320/370/421
f 310/339/422 324/371/423 309/343/422
f 305/342/393 321/365/424 306/344/393
f 300/347/425 316/368/425 301/340/425
f 307/348/426 312/361/426 297/345/426
f 300/347/427 314/360/427 315/372/427
f 320/370/428 334/373/428 335/374/428
f 325/367/429 339/375/430 324/371/423
f 321/365/424 335/374/431 336/376/432
f 315/372/433 331/377/433 316/368/433
f 322/356/434 327/378/434 312/361/434
f 314/360/435 330/379/435 315/372/435
f 323/357/436 337/380/436 322/356/436
f 324/371/437 338/381/437 323/357/437
f 317/369/438 333/382/438 318/358/438
f 314/360/439 328/383/439 329/384/439
f 313/359/440 327/378/440 328/383/440
f 326/363/414 403/385/413 341/386/441
f 352/387/371 321/365/415 336/376/442
f 319/366/443 333/382/443 334/373/443
f 326/363/444 340/388/445 325/367/418
f 317/369/446 331/377/446 332/389/446
f 332/389/447 348/390/447 333/382/447
f 329/384/448 343/391/448 344/392/448
f 328/383/449 342/393/449 343/391/449
f 341/386/441 403/394/413 357/395/450
f 352/396/451 336/376/452 351/397/453
f 334/373/454 348/390/454 349/398/454
f 341/386/455 356/399/456 340/388/445
f 332/389/457 346/400/457 347/401/457
f 334/373/458 350/402/458 335/374/458
f 340/388/459 355/403/460 339/375/430
f 336/376/432 350/402/461 351/397/462
f 330/379/463 346/400/463 331/377/463
f 337/380/464 342/393/464 327/378/464
f 329/384/465 345/404/465 330/379/465
f 338/381/466 353/405/466 337/380/466
f 339/375/467 354/406/467 338/381/467
f 356/399/468 370/407/469 355/403/460
f 351/397/462 366/408/470 367/409/471
f 345/404/472 362/410/472 346/400/472
f 353/405/473 358/411/473 342/393/473
f 344/392/474 361/412/474 345/404/474
f 354/406/475 368/413/475 353/405/475
f 355/403/476 369/414/476 354/406/476
f 347/401/477 364/415/477 348/390/477
f 344/392/478 359/416/478 360/417/478
f 343/391/479 358/411/480 359/416/481
f 357/395/450 403/418/413 372/419/482
f 352/420/451 351/397/453 367/409/483
f 349/398/484 364/415/484 365/421/484
f 357/395/485 371/422/486 356/399/456
f 347/401/487 362/410/488 363/423/487
f 349/398/489 366/408/489 350/402/489
f 360/424/490 374/425/490 375/426/490
f 358/427/491 374/425/492 359/428/493
f 372/429/482 403/430/413 387/431/494
f 352/432/451 367/433/483 382/434/495
f 365/435/496 379/436/496 380/437/496
f 371/438/486 387/431/497 386/439/498
f 363/440/499 377/441/500 378/442/499
f 365/435/501 381/443/501 366/444/501
f 370/445/469 386/439/502 385/446/503
f 367/433/471 381/443/504 382/434/504
f 361/447/505 377/441/505 362/448/505
f 358/427/506 383/449/506 373/450/506
f 360/424/507 376/451/507 361/447/507
f 368/452/508 384/453/508 383/449/508
f 369/454/509 385/446/509 384/453/509
f 363/440/510 379/436/510 364/455/510
f 381/443/504 397/456/511 382/434/504
f 376/451/512 392/457/512 377/441/512
f 373/450/513 398/458/513 388/459/513
f 375/426/514 391/460/514 376/451/514
f 383/449/515 399/461/515 398/458/515
f 384/453/516 400/462/516 399/461/516
f 378/442/517 394/463/517 379/436/517
f 375/426/518 389/464/518 390/465/518
f 373/450/519 389/464/519 374/425/519
f 387/431/494 403/466/413 402/467/520
f 352/468/451 382/434/495 397/456/521
f 380/437/522 394/463/522 395/469/522
f 386/439/498 402/467/523 401/470/524
f 378/442/525 392/457/525 393/471/525
f 380/437/526 396/472/526 381/443/526
f 385/446/503 401/470/527 400/462/528
f 388/459/529 405/473/529 389/464/529
f 402/467/530 403/474/531 418/475/532
f 352/476/533 397/456/534 413/477/535
f 395/469/536 410/478/536 411/479/536
f 401/470/524 418/475/537 417/480/538
f 393/471/539 408/481/539 409/482/539
f 395/469/540 412/483/540 396/472/540
f 400/462/528 417/480/541 416/484/542
f 397/456/511 412/483/543 413/477/544
f 391/460/545 408/481/545 392/457/545
f 388/459/546 414/485/546 404/486/546
f 390/465/547 407/487/547 391/460/547
f 398/458/548 415/488/548 414/485/548
f 399/461/549 416/484/549 415/488/549
f 393/471/550 410/478/550 394/463/550
f 390/465/551 405/473/551 406/489/551
f 407/487/552 423/490/552 408/481/552
f 404/486/553 429/491/553 419/492/553
f 406/489/554 422/493/554 407/487/554
f 414/485/555 430/494/555 429/491/555
f 415/488/556 431/495/556 430/494/556
f 409/482/557 425/496/557 410/478/557
f 406/489/558 420/497/558 421/498/558
f 404/486/559 420/497/559 405/473/559
f 418/475/532 403/499/531 433/500/560
f 352/501/533 413/477/535 428/502/561
f 411/479/562 425/496/562 426/503/562
f 417/480/538 433/500/563 432/504/564
f 409/482/565 423/490/565 424/505/566
f 411/479/567 427/506/567 412/483/567
f 416/484/542 432/504/568 431/495/568
f 413/477/544 427/506/569 428/502/570
f 352/507/533 428/502/561 443/508/571
f 426/503/572 440/509/572 441/510/572
f 432/504/564 448/511/573 447/512/574
f 424/505/575 438/513/575 439/514/576
f 426/503/577 442/515/577 427/506/577
f 431/495/578 447/512/578 446/516/578
f 428/502/570 442/515/579 443/508/580
f 422/493/581 438/513/581 423/490/581
f 419/492/582 444/517/582 434/518/582
f 421/498/583 437/519/583 422/493/583
f 429/491/584 445/520/584 444/517/584
f 430/494/585 446/516/585 445/520/585
f 424/505/586 440/509/586 425/496/586
f 421/498/587 435/521/587 436/522/587
f 419/492/588 435/521/588 420/497/588
f 433/500/560 403/523/531 448/511/589
f 434/518/590 459/524/590 449/525/590
f 436/522/591 452/526/591 437/519/591
f 444/517/592 460/527/592 459/524/592
f 445/520/593 461/528/593 460/527/593
f 439/514/594 455/529/594 440/509/594
f 436/522/595 450/530/595 451/531/595
f 434/518/596 450/530/596 435/521/596
f 448/511/589 403/532/531 463/533/597
f 352/534/533 443/508/571 458/535/598
f 441/510/599 455/529/599 456/536/599
f 447/512/574 463/533/600 462/537/601
f 439/514/602 453/538/602 454/539/602
f 441/510/603 457/540/603 442/515/603
f 446/516/604 462/537/604 461/528/604
f 443/508/580 457/540/605 458/535/605
f 437/519/606 453/538/606 438/513/606
f 462/537/601 478/541/607 477/542/608
f 454/539/609 468/543/609 469/544/609
f 456/536/610 472/545/610 457/540/610
f 461/528/611 477/542/611 476/546/611
f 457/540/605 473/547/612 458/535/605
f 452/526/613 468/543/613 453/538/613
f 449/525/614 474/548/614 464/549/614
f 451/531/615 467/550/615 452/526/615
f 459/524/616 475/551/616 474/548/616
f 460/527/617 476/546/617 475/551/617
f 454/539/618 470/552/618 455/529/618
f 451/531/619 465/553/619 466/554/619
f 449/525/620 465/553/620 450/530/620
f 463/533/597 403/555/531 478/541/621
f 352/556/103 458/535/622 473/547/623
f 456/536/624 470/552/624 471/557/624
f 474/548/625 108/122/625 107/101/625
f 475/551/626 109/140/626 108/122/626
f 469/544/627 480/128/627 470/552/627
f 466/554/628 105/149/628 104/141/628
f 464/549/629 105/149/630 465/553/631
f 478/541/621 403/558/531 111/90/632
f 352/559/103 473/547/623 482/125/150
f 470/552/633 101/129/633 471/557/633
f 477/542/608 111/90/70 110/92/70
f 469/544/634 102/98/634 479/100/634
f 471/557/635 481/124/635 472/545/635
f 476/546/636 110/92/636 109/140/636
f 472/545/637 482/125/98 473/547/612
f 467/550/638 102/98/638 468/543/638
f 464/549/639 107/101/639 106/103/639
f 466/554/640 103/142/640 467/550/640
f 24/1/1 115/38/641 114/2/2
f 13/4/4 8/13/4 9/5/4
f 6/7/5 5/19/6 121/8/6
f 3/10/642 119/134/642 120/11/642
f 8/13/8 124/63/8 125/14/8
f 15/18/12 16/62/12 5/19/12
f 30/20/13 21/31/13 20/21/13
f 38/23/14 13/4/14 12/6/14
f 29/30/19 22/35/19 21/31/19
f 26/32/20 25/25/113 24/1/21
f 11/28/23 12/6/158 9/5/24
f 23/3/25 114/2/25 113/34/25
f 13/4/26 14/41/26 7/36/26
f 116/15/27 131/17/28 130/37/28
f 113/34/30 114/2/643 129/39/31
f 38/23/33 37/43/33 14/41/33
f 43/42/34 44/74/34 37/43/34
f 47/44/35 34/54/35 35/45/35
f 52/47/36 29/30/36 30/20/36
f 49/49/644 50/51/644 31/22/644
f 51/48/38 30/20/38 31/22/38
f 43/42/39 38/23/39 39/24/39
f 47/44/41 48/139/41 33/53/41
f 33/53/42 32/50/42 19/55/42
f 27/33/43 24/1/1 23/3/3
f 6/7/45 122/9/45 123/58/45
f 113/34/46 128/40/46 127/59/46
f 36/61/47 35/45/47 16/62/47
f 32/50/645 31/22/645 20/21/645
f 8/13/49 7/36/49 123/58/49
f 63/67/53 48/139/53 47/44/53
f 62/69/646 61/107/646 50/51/646
f 58/70/55 53/88/55 52/47/55
f 67/72/56 66/81/56 45/73/56
f 21/31/57 112/60/57 1/75/57
f 36/61/59 15/18/59 14/41/59
f 19/55/647 20/21/647 1/75/647
f 74/80/63 75/132/63 66/81/63
f 72/82/64 73/126/64 68/83/64
f 57/87/66 54/89/66 53/88/66
f 56/64/67 55/66/140 54/89/68
f 111/90/70 86/96/80 87/91/71
f 76/93/648 77/97/648 64/68/648
f 77/97/649 78/115/649 63/67/649
f 102/98/76 95/110/76 96/99/76
f 107/101/77 90/120/77 91/102/77
f 87/91/78 84/108/78 83/104/78
f 79/106/650 80/123/650 61/107/650
f 86/96/80 85/85/164 84/108/81
f 94/109/82 77/97/82 76/93/82
f 99/111/83 72/82/84 71/112/84
f 92/114/86 79/106/86 78/115/86
f 83/104/87 58/70/87 59/71/87
f 89/118/88 82/117/88 81/119/88
f 88/105/89 83/104/89 82/117/89
f 93/116/90 78/115/90 77/97/90
f 22/35/91 113/34/91 112/60/91
f 15/18/92 6/7/92 7/36/92
f 18/56/93 19/55/93 2/79/93
f 18/56/94 3/10/651 4/12/94
f 108/122/95 89/118/95 90/120/95
f 81/119/96 60/136/96 61/107/96
f 481/124/97 99/111/83 100/113/85
f 73/126/99 74/80/99 67/72/99
f 479/100/100 96/99/100 97/127/100
f 101/129/101 98/138/101 99/111/101
f 92/114/652 91/102/652 80/123/652
f 90/120/106 81/119/106 80/123/106
f 84/108/107 57/87/107 58/70/107
f 97/127/108 96/99/108 75/132/108
f 3/10/109 2/79/109 118/133/109
f 112/60/110 127/59/110 117/135/110
f 9/5/24 125/14/112 126/77/112
f 25/25/113 116/15/27 115/38/29
f 16/62/114 17/121/114 4/12/114
f 114/2/2 115/38/641 130/37/115
f 33/53/117 18/56/117 17/121/117
f 45/73/118 36/61/118 37/43/118
f 2/79/119 1/75/653 117/135/120
f 59/71/122 52/47/122 51/48/122
f 4/12/654 120/11/654 121/8/654
f 75/132/124 76/93/124 65/94/124
f 71/112/84 72/82/84 69/84/125
f 98/138/127 97/127/127 74/80/127
f 98/138/128 73/126/128 72/82/128
f 96/99/129 95/110/129 76/93/129
f 35/45/130 34/54/130 17/121/130
f 63/67/131 62/69/131 49/49/131
f 480/128/132 97/127/132 98/138/132
f 102/98/133 103/142/133 94/109/133
f 110/92/134 87/91/134 88/105/134
f 104/141/135 93/116/135 94/109/135
f 53/88/136 28/57/136 29/30/136
f 55/66/140 26/32/20 27/33/22
f 70/137/126 69/84/125 42/52/142
f 67/72/144 44/74/144 43/42/144
f 60/136/145 51/48/145 50/51/145
f 66/81/146 65/94/146 46/46/146
f 69/84/147 68/83/655 43/42/147
f 49/49/148 32/50/148 33/53/148
f 64/68/149 47/44/149 46/46/149
f 105/149/151 92/114/151 93/116/151
f 109/140/152 88/105/152 89/118/152
f 105/149/153 106/103/656 91/102/154
f 28/57/156 23/3/156 22/35/156
f 40/145/157 39/24/162 12/6/158
f 54/89/159 27/33/43 28/57/44
f 45/73/160 46/46/160 35/45/160
f 41/144/143 42/52/142 39/24/162
f 79/106/163 62/69/163 63/67/163
f 85/85/164 56/64/67 57/87/69
f 82/117/165 59/71/165 60/136/165
f 124/63/168 139/156/168 140/152/168
f 120/11/169 135/158/169 136/153/169
f 126/77/112 125/14/112 140/152/170
f 124/63/171 123/58/171 138/155/171
f 120/11/172 119/134/172 134/157/172
f 117/135/173 127/59/173 142/159/173
f 127/59/175 128/40/175 143/161/175
f 128/40/176 129/39/176 144/162/176
f 122/9/177 137/164/177 138/155/177
f 117/135/178 132/160/657 133/163/179
f 122/9/181 121/8/182 136/153/182
f 119/134/183 118/133/183 133/163/183
f 129/39/186 130/37/186 145/168/187
f 130/37/28 131/17/28 146/166/189
f 143/161/191 144/162/191 159/169/191
f 137/164/192 152/181/192 153/171/192
f 134/157/193 133/163/193 148/172/193
f 132/160/658 147/184/658 148/172/658
f 139/156/197 138/155/197 153/171/197
f 145/168/190 146/166/189 161/175/198
f 137/164/200 136/153/200 151/180/200
f 140/152/201 139/156/201 154/178/201
f 144/162/188 145/168/187 160/179/202
f 140/152/170 155/182/204 156/177/204
f 135/158/205 150/185/205 151/180/205
f 132/160/206 142/159/206 157/183/206
f 135/158/207 134/157/207 149/173/207
f 142/159/208 143/161/208 158/170/208
f 155/182/209 154/178/209 169/186/209
f 159/169/203 160/179/202 175/188/210
f 156/177/204 155/182/204 170/187/212
f 150/185/214 165/195/214 166/191/214
f 147/184/215 157/183/215 172/192/215
f 150/185/216 149/173/216 164/194/216
f 157/183/217 158/170/217 173/196/217
f 158/170/218 159/169/218 174/189/218
f 152/181/219 167/202/219 168/197/219
f 149/173/220 148/172/220 163/198/220
f 147/184/659 162/193/659 163/198/659
f 154/178/226 153/171/226 168/197/226
f 160/179/199 161/175/198 176/200/227
f 152/181/229 151/180/229 166/191/229
f 167/202/230 182/213/230 183/203/230
f 164/194/231 163/198/231 178/204/231
f 162/193/660 177/217/660 178/204/660
f 169/186/235 168/197/235 183/203/235
f 175/188/228 176/200/227 191/207/236
f 167/202/238 166/191/238 181/212/238
f 170/187/239 169/186/239 184/210/239
f 174/189/240 175/188/240 190/211/240
f 171/190/213 170/187/212 185/214/241
f 165/195/242 180/218/242 181/212/242
f 162/193/243 172/192/243 187/216/243
f 165/195/244 164/194/244 179/205/244
f 172/192/245 173/196/245 188/219/245
f 173/196/246 174/189/246 189/215/246
f 185/214/241 200/236/247 201/220/247
f 180/218/248 195/225/248 196/221/248
f 177/217/249 187/216/249 202/222/249
f 180/218/250 179/205/250 194/224/250
f 187/216/251 188/219/251 203/226/251
f 188/219/252 189/215/252 204/227/252
f 182/213/253 197/235/253 198/228/253
f 179/205/254 178/204/254 193/229/254
f 177/217/661 192/223/661 193/229/661
f 184/210/258 183/203/258 198/228/258
f 190/211/237 191/207/236 206/231/259
f 182/213/261 181/212/261 196/221/261
f 184/210/262 199/233/262 200/236/262
f 189/215/263 190/211/263 205/234/263
f 192/223/662 207/250/662 208/237/662
f 199/233/267 198/228/267 213/242/267
f 206/231/259 221/239/663 220/244/268
f 197/235/269 196/221/269 211/245/269
f 199/233/270 214/243/270 215/247/270
f 204/227/271 205/234/664 220/244/272
f 201/220/247 200/236/247 215/247/274
f 195/225/276 210/252/276 211/245/276
f 192/223/277 202/222/277 217/249/277
f 195/225/278 194/224/278 209/251/278
f 202/222/279 203/226/279 218/253/279
f 203/226/280 204/227/280 219/248/280
f 197/235/281 212/246/281 213/242/281
f 194/224/282 193/229/282 208/237/282
f 210/252/283 225/258/283 226/254/283
f 207/250/284 217/249/284 232/255/284
f 210/252/285 209/251/285 224/257/285
f 217/249/286 218/253/286 233/259/286
f 218/253/287 219/248/287 234/260/287
f 212/246/288 227/269/288 228/261/288
f 209/251/289 208/237/289 223/262/289
f 207/250/665 222/256/665 223/262/665
f 214/243/297 213/242/297 228/261/297
f 220/244/268 221/239/663 236/264/298
f 212/246/300 211/245/300 226/254/300
f 214/243/301 229/267/301 230/270/301
f 219/248/273 220/244/272 235/268/302
f 216/241/275 215/247/274 230/270/304
f 229/267/306 228/261/306 243/273/306
f 235/268/299 236/264/298 251/275/307
f 227/269/308 226/254/309 241/277/309
f 230/270/310 229/267/310 244/274/310
f 234/260/303 235/268/302 250/276/311
f 230/270/304 245/279/342 246/272/312
f 225/258/313 240/284/313 241/277/313
f 222/256/314 232/255/314 247/281/314
f 225/258/315 224/257/315 239/283/315
f 232/255/316 233/259/316 248/285/316
f 233/259/317 234/260/317 249/280/317
f 227/269/318 242/278/318 243/273/318
f 224/257/319 223/262/319 238/286/319
f 222/256/320 237/282/666 238/286/321
f 247/281/324 262/291/324 252/288/324
f 240/284/325 239/283/325 254/289/325
f 248/285/326 263/292/326 262/291/326
f 249/280/327 264/304/327 263/292/327
f 242/278/328 257/302/328 258/293/328
f 239/283/329 238/286/329 253/294/329
f 238/286/330 237/282/667 252/288/331
f 244/274/335 243/273/335 258/293/335
f 251/275/307 266/296/346 265/300/336
f 242/278/337 241/277/338 256/301/338
f 244/274/339 259/299/339 260/303/339
f 250/276/340 265/300/350 264/304/341
f 245/279/342 260/303/352 261/298/343
f 240/284/344 255/290/344 256/301/344
f 259/299/345 258/293/345 273/305/345
f 266/296/346 281/320/375 280/307/347
f 257/302/348 256/301/348 271/308/348
f 260/303/349 259/299/349 274/306/349
f 265/300/350 280/307/379 279/311/351
f 260/303/352 275/310/381 276/312/353
f 255/290/354 270/315/354 271/308/354
f 262/291/355 277/316/355 267/313/355
f 255/290/356 254/289/356 269/314/356
f 263/292/357 278/317/357 277/316/357
f 264/304/358 279/311/358 278/317/358
f 257/302/359 272/309/359 273/305/359
f 254/289/360 253/294/360 268/318/360
f 253/294/668 252/288/668 267/313/668
f 270/315/364 269/314/364 284/322/364
f 278/317/365 293/325/365 292/324/365
f 279/311/366 294/338/366 293/325/366
f 272/309/367 287/336/367 288/326/367
f 269/314/368 268/318/368 283/327/368
f 268/318/669 267/313/669 282/328/669
f 274/306/374 273/305/374 288/326/374
f 281/320/375 296/330/385 295/334/376
f 272/309/377 271/308/377 286/335/377
f 274/306/378 289/333/378 290/337/378
f 280/307/379 295/334/380 294/338/380
f 275/310/381 290/337/382 291/332/382
f 270/315/383 285/323/383 286/335/383
f 277/316/384 292/324/384 282/328/384
f 296/330/385 311/353/417 310/339/386
f 287/336/387 286/335/387 301/340/387
f 289/333/389 304/355/389 305/342/389
f 295/334/390 310/339/670 309/343/391
f 291/332/382 290/337/382 305/342/393
f 285/323/394 300/347/394 301/340/394
f 292/324/395 307/348/395 297/345/395
f 285/323/396 284/322/396 299/346/396
f 293/325/397 308/349/397 307/348/397
f 294/338/671 309/343/406 308/349/408
f 287/336/399 302/341/399 303/350/399
f 284/322/400 283/327/400 298/351/400
f 283/327/672 282/328/672 297/345/672
f 289/333/404 288/326/404 303/350/404
f 308/349/405 323/357/405 322/356/405
f 309/343/406 324/371/407 323/357/407
f 302/341/409 317/369/409 318/358/409
f 299/346/410 298/351/410 313/359/410
f 298/351/673 297/345/673 312/361/673
f 304/355/416 303/350/416 318/358/416
f 311/353/417 326/363/444 325/367/418
f 302/341/419 301/340/419 316/368/419
f 305/342/421 304/355/421 319/366/421
f 310/339/422 325/367/429 324/371/423
f 305/342/393 320/370/424 321/365/424
f 300/347/425 315/372/425 316/368/425
f 307/348/426 322/356/426 312/361/426
f 300/347/427 299/346/427 314/360/427
f 320/370/428 319/366/428 334/373/428
f 325/367/429 340/388/459 339/375/430
f 321/365/424 320/370/424 335/374/431
f 315/372/433 330/379/433 331/377/433
f 322/356/434 337/380/434 327/378/434
f 314/360/435 329/384/435 330/379/435
f 323/357/436 338/381/436 337/380/436
f 324/371/437 339/375/437 338/381/437
f 317/369/438 332/389/438 333/382/438
f 314/360/439 313/359/439 328/383/439
f 313/359/674 312/361/674 327/378/674
f 319/366/443 318/358/443 333/382/443
f 326/363/444 341/386/455 340/388/445
f 317/369/446 316/368/446 331/377/446
f 332/389/447 347/401/447 348/390/447
f 329/384/448 328/383/448 343/391/448
f 328/383/675 327/378/675 342/393/675
f 334/373/454 333/382/454 348/390/454
f 341/386/455 357/395/485 356/399/456
f 332/389/457 331/377/457 346/400/457
f 334/373/458 349/398/458 350/402/458
f 340/388/459 356/399/468 355/403/460
f 336/376/432 335/374/431 350/402/461
f 330/379/463 345/404/463 346/400/463
f 337/380/464 353/405/464 342/393/464
f 329/384/465 344/392/465 345/404/465
f 338/381/466 354/406/466 353/405/466
f 339/375/467 355/403/467 354/406/467
f 356/399/468 371/422/469 370/407/469
f 351/397/462 350/402/461 366/408/470
f 345/404/472 361/412/472 362/410/472
f 353/405/473 368/413/473 358/411/473
f 344/392/474 360/417/474 361/412/474
f 354/406/475 369/414/475 368/413/475
f 355/403/476 370/407/476 369/414/476
f 347/401/477 363/423/477 364/415/477
f 344/392/478 343/391/478 359/416/478
f 343/391/479 342/393/676 358/411/480
f 349/398/484 348/390/484 364/415/484
f 357/395/485 372/419/486 371/422/486
f 347/401/487 346/400/488 362/410/488
f 349/398/489 365/421/489 366/408/489
f 360/424/490 359/428/490 374/425/490
f 358/427/491 373/450/677 374/425/492
f 365/435/496 364/455/496 379/436/496
f 371/438/486 372/429/486 387/431/497
f 363/440/499 362/448/500 377/441/500
f 365/435/501 380/437/501 381/443/501
f 370/445/469 371/438/469 386/439/502
f 367/433/471 366/444/470 381/443/504
f 361/447/505 376/451/505 377/441/505
f 358/427/506 368/452/506 383/449/506
f 360/424/507 375/426/507 376/451/507
f 368/452/508 369/454/508 384/453/508
f 369/454/509 370/445/509 385/446/509
f 363/440/510 378/442/510 379/436/510
f 381/443/504 396/472/511 397/456/511
f 376/451/512 391/460/512 392/457/512
f 373/450/513 383/449/513 398/458/513
f 375/426/514 390/465/514 391/460/514
f 383/449/515 384/453/515 399/461/515
f 384/453/516 385/446/516 400/462/516
f 378/442/517 393/471/517 394/463/517
f 375/426/518 374/425/518 389/464/518
f 373/450/678 388/459/678 389/464/678
f 380/437/522 379/436/522 394/463/522
f 386/439/498 387/431/497 402/467/523
f 378/442/525 377/441/525 392/457/525
f 380/437/526 395/469/526 396/472/526
f 385/446/503 386/439/502 401/470/527
f 388/459/679 404/486/679 405/473/679
f 395/469/536 394/463/536 410/478/536
f 401/470/524 402/467/523 418/475/537
f 393/471/539 392/457/539 408/481/539
f 395/469/540 411/479/540 412/483/540
f 400/462/528 401/470/527 417/480/541
f 397/456/511 396/472/511 412/483/543
f 391/460/545 407/487/545 408/481/545
f 388/459/546 398/458/546 414/485/546
f 390/465/547 406/489/547 407/487/547
f 398/458/548 399/461/548 415/488/548
f 399/461/549 400/462/549 416/484/549
f 393/471/550 409/482/550 410/478/550
f 390/465/551 389/464/551 405/473/551
f 407/487/552 422/493/552 423/490/552
f 404/486/553 414/485/553 429/491/553
f 406/489/554 421/498/554 422/493/554
f 414/485/555 415/488/555 430/494/555
f 415/488/556 416/484/556 431/495/556
f 409/482/557 424/505/557 425/496/557
f 406/489/558 405/473/558 420/497/558
f 404/486/680 419/492/680 420/497/680
f 411/479/562 410/478/562 425/496/562
f 417/480/538 418/475/537 433/500/563
f 409/482/565 408/481/565 423/490/565
f 411/479/567 426/503/567 427/506/567
f 416/484/542 417/480/541 432/504/568
f 413/477/544 412/483/543 427/506/569
f 426/503/572 425/496/572 440/509/572
f 432/504/564 433/500/563 448/511/573
f 424/505/575 423/490/575 438/513/575
f 426/503/577 441/510/577 442/515/577
f 431/495/578 432/504/578 447/512/578
f 428/502/570 427/506/569 442/515/579
f 422/493/581 437/519/581 438/513/581
f 419/492/582 429/491/582 444/517/582
f 421/498/583 436/522/583 437/519/583
f 429/491/584 430/494/584 445/520/584
f 430/494/585 431/495/585 446/516/585
f 424/505/586 439/514/586 440/509/586
f 421/498/587 420/497/587 435/521/587
f 419/492/681 434/518/681 435/521/681
f 434/518/590 444/517/590 459/524/590
f 436/522/591 451/531/682 452/526/591
f 444/517/592 445/520/592 460/527/592
f 445/520/593 446/516/593 461/528/593
f 439/514/594 454/539/594 455/529/594
f 436/522/595 435/521/595 450/530/595
f 434/518/683 449/525/683 450/530/683
f 441/510/599 440/509/599 455/529/599
f 447/512/574 448/511/573 463/533/600
f 439/514/602 438/513/602 453/538/602
f 441/510/603 456/536/603 457/540/603
f 446/516/604 447/512/604 462/537/604
f 443/508/580 442/515/579 457/540/605
f 437/519/606 452/526/606 453/538/606
f 462/537/601 463/533/600 478/541/607
f 454/539/609 453/538/609 468/543/609
f 456/536/610 471/557/610 472/545/610
f 461/528/611 462/537/611 477/542/611
f 457/540/605 472/545/637 473/547/612
f 452/526/613 467/550/613 468/543/613
f 449/525/614 459/524/614 474/548/614
f 451/531/615 466/554/615 467/550/615
f 459/524/616 460/527/616 475/551/616
f 460/527/617 461/528/617 476/546/617
f 454/539/618 469/544/618 470/552/618
f 451/531/619 450/530/619 465/553/619
f 449/525/684 464/549/684 465/553/684
f 456/536/624 455/529/624 470/552/624
f 474/548/625 475/551/625 108/122/625
f 475/551/626 476/546/626 109/140/626
f 469/544/627 479/100/627 480/128/627
f 466/554/628 465/553/628 105/149/628
f 464/549/629 106/103/685 105/149/630
f 470/552/633 480/128/633 101/129/633
f 477/542/608 478/541/607 111/90/70
f 469/544/634 468/543/686 102/98/634
f 471/557/635 101/129/635 481/124/635
f 476/546/636 477/542/636 110/92/636
f 472/545/637 481/124/97 482/125/98
f 467/550/638 103/142/638 102/98/638
f 464/549/639 474/548/639 107/101/639
f 466/554/640 104/141/640 103/142/640
o 立方体
v 5.411782 -0.320136 30.733330
v 5.411782 0.219319 30.733330
v 5.411782 -0.320137 22.791679
v 5.411782 0.219318 22.791679
v 12.374461 -0.320136 30.733330
v 12.374461 0.219319 30.733330
v 12.374461 -0.320137 22.791679
v 12.374461 0.219318 22.791679
v 4.319829 -0.320136 26.762505
v 4.319829 0.219318 26.762505
v 13.466415 -0.320136 26.762505
v 13.466415 0.219318 26.762505
v 4.319829 -0.320136 29.049150
v 13.466415 0.219319 29.049150
v 4.319829 0.219319 29.049150
v 13.466415 -0.320136 29.049150
v 4.319829 0.219318 24.475859
v 13.466415 -0.320137 24.475859
v 4.319829 -0.320137 24.475859
v 13.466415 0.219318 24.475859
v 4.364227 -0.320136 30.192474
v 13.422016 0.219319 30.192474
v 4.364227 0.219319 30.192474
v 13.422016 -0.320136 30.192474
v 4.319829 0.219318 27.905828
v 13.466415 -0.320136 27.905828
v 4.319829 -0.320136 27.905828
v 13.466415 0.219318 27.905828
v 4.319829 -0.320136 28.477489
v 13.466415 0.219318 28.477489
v 4.319829 0.219318 28.477489
v 13.466415 -0.320136 28.477489
v 4.364227 0.219319 29.626530
v 13.422016 -0.320136 29.626530
v 4.364227 -0.320136 29.626530
v 13.422016 0.219319 29.626530
v 4.319829 -0.320137 25.619181
v 13.466415 0.219318 25.619181
v 4.319829 0.219318 25.619181
v 13.466415 -0.320137 25.619181
v 4.364227 0.219318 23.332535
v 13.422016 -0.320137 23.332535
v 4.364227 -0.320137 23.332535
v 13.422016 0.219318 23.332535
v 4.319829 0.219318 25.047520
v 13.466415 -0.320137 25.047520
v 4.319829 -0.320137 25.047520
v 13.466415 0.219318 25.047520
v 4.364227 -0.320137 23.904196
v 13.422016 0.219318 23.904196
v 4.364227 0.219318 23.904196
v 13.422016 -0.320137 23.904196
v 13.466415 1.310941 28.477489
v 13.466415 1.310941 29.049150
v 4.319829 1.310941 29.626530
v 4.319829 1.310941 29.049150
v 4.319829 1.310941 25.047520
v 4.319829 1.310941 24.475859
v 13.466415 1.310941 23.904196
v 13.466415 1.310941 24.475859
v 4.319829 1.310941 28.477489
v 13.466415 1.310941 29.626530
v 13.466415 1.310941 25.047520
v 4.319829 1.310941 23.904196
v 8.893122 -0.320137 22.189211
v 8.893122 0.219318 22.189211
v 8.893122 -0.320136 31.335798
v 8.893122 0.219319 31.335798
v 8.893122 0.219318 26.762505
v 8.893122 -0.320136 26.762505
v 8.893122 -0.320136 29.049150
v 8.893122 -0.320137 24.475859
v 8.893122 0.219319 30.192474
v 8.893122 -0.320136 30.192474
v 8.893122 -0.320136 27.905828
v 8.893122 0.219318 27.905828
v 8.893122 -0.320136 28.477489
v 8.893122 0.219318 28.477489
v 8.893122 -0.320136 29.626530
v 8.893122 0.219319 29.626530
v 8.893122 -0.320137 25.619181
v 8.893122 0.219318 25.619181
v 8.893122 0.219318 23.332535
v 8.893122 -0.320137 23.332535
v 8.893122 0.219318 25.047520
v 8.893122 -0.320137 25.047520
v 8.893122 0.219318 23.904196
v 8.893122 -0.320137 23.904196
v 8.893122 1.310941 29.049150
v 8.893122 1.310941 24.475859
v 8.893122 1.310941 28.477489
v 8.893122 1.310941 29.626530
v 8.893122 1.310941 25.047520
v 8.893122 1.310941 23.904196
v 6.606475 -0.320137 22.189211
v 6.606475 0.219319 31.335798
v 6.606475 -0.320136 26.762505
v 6.606475 -0.320136 29.049150
v 6.606475 -0.320137 24.475859
v 6.606475 -0.320136 30.192474
v 6.606475 -0.320136 27.905828
v 6.606475 -0.320136 28.477489
v 6.606475 -0.320136 29.626530
v 6.606475 -0.320137 25.619181
v 6.606475 -0.320137 23.332535
v 6.606475 -0.320137 25.047520
v 6.606475 -0.320137 23.904196
v 6.606475 0.219318 22.189211
v 6.606475 -0.320136 31.335798
v 6.606475 0.219318 26.762505
v 6.606475 0.219319 30.192474
v 6.606475 0.219318 27.905828
v 6.606475 0.219318 28.477489
v 6.606475 0.219319 29.626530
v 6.606475 0.219318 25.619181
v 6.606475 0.219318 23.332535
v 6.606475 0.219318 25.047520
v 6.606475 0.219318 23.904196
v 6.606475 1.310941 29.049150
v 6.606475 1.310941 24.475859
v 6.606475 1.310941 28.477489
v 6.606475 1.310941 29.626530
v 6.606475 1.310941 25.047520
v 6.606475 1.310941 23.904196
v 11.179769 0.219318 22.189211
v 11.179769 -0.320136 31.335798
v 11.179769 0.219318 26.762505
v 11.179769 0.219319 30.192474
v 11.179769 0.219318 27.905828
v 11.179769 0.219318 28.477489
v 11.179769 0.219319 29.626530
v 11.179769 0.219318 25.619181
v 11.179769 0.219318 23.332535
v 11.179769 0.219318 25.047520
v 11.179769 0.219318 23.904196
v 11.179769 1.310941 29.049150
v 11.179769 1.310941 24.475859
v 11.179769 1.310941 28.477489
v 11.179769 1.310941 29.626530
v 11.179769 1.310941 25.047520
v 11.179769 1.310941 23.904196
v 11.179769 -0.320137 22.189211
v 11.179769 0.219319 31.335798
v 11.179769 -0.320136 26.762505
v 11.179769 -0.320136 29.049150
v 11.179769 -0.320137 24.475859
v 11.179769 -0.320136 30.192474
v 11.179769 -0.320136 27.905828
v 11.179769 -0.320136 28.477489
v 11.179769 -0.320136 29.626530
v 11.179769 -0.320137 25.619181
v 11.179769 -0.320137 23.332535
v 11.179769 -0.320137 25.047520
v 11.179769 -0.320137 23.904196
v 5.463152 -0.320137 22.791679
v 5.463152 0.219319 30.733330
v 5.463152 -0.320136 26.762505
v 5.463152 -0.320136 29.049150
v 5.463152 -0.320137 24.475859
v 5.463152 -0.320136 30.192474
v 5.463152 -0.320136 27.905828
v 5.463152 -0.320136 28.477489
v 5.463152 -0.320136 29.626530
v 5.463152 -0.320137 25.619181
v 5.463152 -0.320137 23.332535
v 5.463152 -0.320137 25.047520
v 5.463152 -0.320137 23.904196
v 5.463152 0.219318 22.791679
v 5.463152 -0.320136 30.733330
v 5.463152 0.219318 26.762505
v 5.463152 0.219319 30.192474
v 5.463152 0.219318 27.905828
v 5.463152 0.219318 28.477489
v 5.463152 0.219319 29.626530
v 5.463152 0.219318 25.619181
v 5.463152 0.219318 23.332535
v 5.463152 0.219318 25.047520
v 5.463152 0.219318 23.904196
v 5.463152 1.310941 29.049150
v 5.463152 1.310941 24.475859
v 5.463152 1.310941 28.477489
v 5.463152 1.310941 29.626530
v 5.463152 1.310941 25.047520
v 5.463152 1.310941 23.904196
v 7.749798 0.219318 22.189211
v 7.749798 -0.320136 31.335798
v 7.749798 0.219318 26.762505
v 7.749798 0.219319 30.192474
v 7.749798 0.219318 27.905828
v 7.749798 0.219318 28.477489
v 7.749798 0.219319 29.626530
v 7.749798 0.219318 25.619181
v 7.749798 0.219318 23.332535
v 7.749798 0.219318 25.047520
v 7.749798 0.219318 23.904196
v 7.749798 1.310941 29.049150
v 7.749798 1.310941 24.475859
v 7.749798 1.310941 28.477489
v 7.749798 1.310941 29.626530
v 7.749798 1.310941 25.047520
v 7.749798 1.310941 23.904196
v 7.749798 -0.320137 22.189211
v 7.749798 0.219319 31.335798
v 7.749798 -0.320136 26.762505
v 7.749798 -0.320136 29.049150
v 7.749798 -0.320137 24.475859
v 7.749798 -0.320136 30.192474
v 7.749798 -0.320136 27.905828
v 7.749798 -0.320136 28.477489
v 7.749798 -0.320136 29.626530
v 7.749798 -0.320137 25.619181
v 7.749798 -0.320137 23.332535
v 7.749798 -0.320137 25.047520
v 7.749798 -0.320137 23.904196
v 10.036445 -0.320137 22.189211
v 10.036445 0.219319 31.335798
v 10.036445 -0.320136 26.762505
v 10.036445 -0.320136 29.049150
v 10.036445 -0.320137 24.475859
v 10.036445 -0.320136 30.192474
v 10.036445 -0.320136 27.905828
v 10.036445 -0.320136 28.477489
v 10.036445 -0.320136 29.626530
v 10.036445 -0.320137 25.619181
v 10.036445 -0.320137 23.332535
v 10.036445 -0.320137 25.047520
v 10.036445 -0.320137 23.904196
v 10.036445 0.219318 22.189211
v 10.036445 -0.320136 31.335798
v 10.036445 0.219318 26.762505
v 10.036445 0.219319 30.192474
v 10.036445 0.219318 27.905828
v 10.036445 0.219318 28.477489
v 10.036445 0.219319 29.626530
v 10.036445 0.219318 25.619181
v 10.036445 0.219318 23.332535
v 10.036445 0.219318 25.047520
v 10.036445 0.219318 23.904196
v 10.036445 1.310941 29.049150
v 10.036445 1.310941 24.475859
v 10.036445 1.310941 28.477489
v 10.036445 1.310941 29.626530
v 10.036445 1.310941 25.047520
v 10.036445 1.310941 23.904196
v 12.323092 0.219318 22.791679
v 12.323092 -0.320136 30.733330
v 12.323092 0.219318 26.762505
v 12.323092 0.219319 30.192474
v 12.323092 0.219318 27.905828
v 12.323092 0.219318 28.477489
v 12.323092 0.219319 29.626530
v 12.323092 0.219318 25.619181
v 12.323092 0.219318 23.332535
v 12.323092 0.219318 25.047520
v 12.323092 0.219318 23.904196
v 12.323092 1.310941 29.049150
v 12.323092 1.310941 24.475859
v 12.323092 1.310941 28.477489
v 12.323092 1.310941 29.626530
v 12.323092 1.310941 25.047520
v 12.323092 1.310941 23.904196
v 12.323092 -0.320137 22.791679
v 12.323092 0.219319 30.733330
v 12.323092 -0.320136 26.762505
v 12.323092 -0.320136 29.049150
v 12.323092 -0.320137 24.475859
v 12.323092 -0.320136 30.192474
v 12.323092 -0.320136 27.905828
v 12.323092 -0.320136 28.477489
v 12.323092 -0.320136 29.626530
v 12.323092 -0.320137 25.619181
v 12.323092 -0.320137 23.332535
v 12.323092 -0.320137 25.047520
v 12.323092 -0.320137 23.904196
vn -0.4588 -0.0000 -0.8886
vn -0.0000 -0.0000 -1.0000
vn 0.4588 -0.0000 0.8886
vn -0.0000 -0.0000 1.0000
vn -0.0000 -1.0000 -0.0000
vn -0.0000 1.0000 -0.0000
vn 1.0000 -0.0000 -0.0000
vn -1.0000 -0.0000 -0.0000
vn -0.9971 -0.0000 0.0767
vn 0.9970 -0.0000 -0.0774
vn 0.9962 -0.0405 0.0766
vn -0.4588 -0.0000 0.8886
vn 0.9971 -0.0000 0.0767
vn 0.4588 -0.0000 -0.8886
vn -0.9970 -0.0000 -0.0774
vn -0.9962 -0.0405 -0.0774
vn -0.4662 -0.0000 -0.8847
vn 0.4662 -0.0000 0.8847
vn -0.4662 -0.0000 0.8847
vn 0.4662 -0.0000 -0.8847
vn -0.9962 -0.0405 0.0766
vn 0.9962 -0.0405 -0.0774
vt 0.500000 0.221754
vt 0.252670 0.252670
vt 0.252670 0.221754
vt 0.500000 0.469084
vt 0.252670 0.500000
vt 0.252670 0.469084
vt 0.500000 0.716414
vt 0.252670 0.747330
vt 0.252670 0.716414
vt 0.500000 0.963744
vt 0.252670 0.994660
vt 0.252670 0.963744
vt 0.221754 0.716414
vt 0.221754 0.747330
vt 0.716414 0.716414
vt 0.747330 0.747330
vt 0.716414 0.747330
vt 0.747330 0.592749
vt 0.716414 0.623665
vt 0.716414 0.592749
vt 0.252670 0.592749
vt 0.221754 0.623665
vt 0.221754 0.592749
vt 0.500000 0.592749
vt 0.252670 0.623665
vt 0.500000 0.098089
vt 0.252670 0.129005
vt 0.252670 0.098089
vt 0.500000 0.051560
vt 0.252670 0.067173
vt 0.252670 0.051560
vt 0.500000 0.561833
vt 0.500000 0.577291
vt 0.252670 0.670039
vt 0.221754 0.685497
vt 0.221754 0.670039
vt 0.500000 0.670039
vt 0.252670 0.685498
vt 0.500000 0.546374
vt 0.252670 0.561833
vt 0.252670 0.546374
vt 0.221754 0.561833
vt 0.221754 0.546374
vt 0.500000 0.685498
vt 0.500000 0.701110
vt 0.500000 0.175379
vt 0.252670 0.190838
vt 0.252670 0.175379
vt 0.500000 0.005340
vt 0.252670 0.036256
vt 0.252670 0.005340
vt 0.747330 0.701110
vt 0.716414 0.701110
vt 0.252670 0.701110
vt 0.221754 0.701110
vt 0.500000 0.623665
vt 0.252670 0.654581
vt 0.221754 0.654581
vt 0.747330 0.623665
vt 0.716414 0.654581
vt 0.500000 0.082631
vt 0.252670 0.082631
vt 0.500000 0.067172
vt 0.500000 0.654581
vt 0.747330 0.654581
vt 0.716414 0.670039
vt 0.747330 0.546374
vt 0.716414 0.546374
vt 0.500000 0.036256
vt 0.500000 0.129005
vt 0.252670 0.159921
vt 0.252670 0.577291
vt 0.221754 0.577291
vt 0.747330 0.577291
vt 0.716414 0.577291
vt 0.747330 0.500000
vt 0.716414 0.530916
vt 0.716414 0.500000
vt 0.221754 0.530916
vt 0.221754 0.500000
vt 0.500000 0.500000
vt 0.252670 0.530916
vt 0.500000 0.206296
vt 0.252670 0.206296
vt 0.500000 0.067173
vt 0.500000 0.159921
vt 0.500000 0.190838
vt 0.747330 0.530916
vt 0.500000 0.530916
vt 0.747330 0.670039
vt 0.716414 0.685498
vt 0.716414 0.561833
vt 0.747330 0.685498
vt 0.747330 0.561832
vt 0.530916 0.577291
vt 0.500000 0.561832
vt 0.530916 0.701110
vt 0.623665 0.701110
vt 0.654581 0.701110
vt 0.623665 0.670039
vt 0.592749 0.670039
vt 0.623665 0.577291
vt 0.654581 0.577291
vt 0.623665 0.561833
vt 0.592749 0.577291
vt 0.592749 0.561833
vt 0.623665 0.685498
vt 0.592749 0.701110
vt 0.592749 0.685498
vt 0.623665 0.546374
vt 0.592749 0.546374
vt 0.129005 0.530916
vt 0.098089 0.546374
vt 0.098089 0.530916
vt 0.623665 0.530916
vt 0.592749 0.530916
vt 0.129005 0.561833
vt 0.098089 0.577291
vt 0.098089 0.561833
vt 0.129005 0.500000
vt 0.098089 0.500000
vt 0.623665 0.500000
vt 0.592749 0.500000
vt 0.592749 0.592749
vt 0.129005 0.577291
vt 0.098089 0.592749
vt 0.129005 0.685498
vt 0.098089 0.701110
vt 0.098089 0.685498
vt 0.623665 0.654581
vt 0.592749 0.654581
vt 0.129005 0.654581
vt 0.098089 0.670039
vt 0.098089 0.654581
vt 0.623665 0.623665
vt 0.592749 0.623665
vt 0.129005 0.623665
vt 0.098089 0.623665
vt 0.129005 0.701110
vt 0.098089 0.716414
vt 0.592749 0.716414
vt 0.129005 0.546374
vt 0.129005 0.670039
vt 0.129005 0.592749
vt 0.623665 0.592749
vt 0.623665 0.716414
vt 0.592749 0.747330
vt 0.129005 0.716414
vt 0.098089 0.747330
vt 0.500000 0.840079
vt 0.252670 0.870995
vt 0.252670 0.840079
vt 0.500000 0.345419
vt 0.252670 0.376335
vt 0.252670 0.345419
vt 0.500000 0.283586
vt 0.252670 0.314503
vt 0.252670 0.283586
vt 0.067172 0.716414
vt 0.036256 0.747330
vt 0.036256 0.716414
vt 0.067172 0.592749
vt 0.036256 0.623665
vt 0.036256 0.592749
vt 0.067172 0.670039
vt 0.036256 0.685498
vt 0.036256 0.670039
vt 0.067172 0.546374
vt 0.036256 0.561833
vt 0.036256 0.546374
vt 0.067172 0.701110
vt 0.036256 0.701110
vt 0.067172 0.623665
vt 0.036256 0.654581
vt 0.067172 0.654581
vt 0.067172 0.685498
vt 0.067172 0.577291
vt 0.036256 0.577291
vt 0.036256 0.500000
vt 0.067172 0.530916
vt 0.036256 0.530916
vt 0.067172 0.561833
vt 0.685498 0.577291
vt 0.685498 0.701110
vt 0.685498 0.670039
vt 0.654581 0.670039
vt 0.685498 0.561833
vt 0.654581 0.561833
vt 0.685498 0.685498
vt 0.654581 0.685498
vt 0.685498 0.546374
vt 0.654581 0.546374
vt 0.685498 0.530916
vt 0.654581 0.530916
vt 0.685498 0.500000
vt 0.654581 0.500000
vt 0.654581 0.592749
vt 0.685498 0.654581
vt 0.654581 0.654581
vt 0.685498 0.623665
vt 0.654581 0.623665
vt 0.654581 0.716414
vt 0.685498 0.592749
vt 0.685498 0.716414
vt 0.654581 0.747330
vt 0.500000 0.901911
vt 0.252670 0.932828
vt 0.252670 0.901911
vt 0.500000 0.778246
vt 0.252670 0.809163
vt 0.252670 0.778246
vt 0.561832 0.716414
vt 0.530916 0.747330
vt 0.530916 0.716414
vt 0.561832 0.592749
vt 0.530916 0.623665
vt 0.530916 0.592749
vt 0.561832 0.701110
vt 0.561832 0.623665
vt 0.530916 0.654581
vt 0.561832 0.654581
vt 0.530916 0.670039
vt 0.561832 0.546374
vt 0.530916 0.546374
vt 0.561832 0.577291
vt 0.530916 0.500000
vt 0.561832 0.530916
vt 0.530916 0.530916
vt 0.561832 0.670039
vt 0.530916 0.685498
vt 0.530916 0.561833
vt 0.561832 0.685498
vt 0.561832 0.561833
vt 0.190838 0.530916
vt 0.159921 0.546374
vt 0.159921 0.530916
vt 0.190838 0.561833
vt 0.159921 0.577291
vt 0.159921 0.561833
vt 0.190838 0.500000
vt 0.159921 0.500000
vt 0.190838 0.577291
vt 0.159921 0.592749
vt 0.190838 0.685498
vt 0.159921 0.701110
vt 0.159921 0.685498
vt 0.190838 0.654581
vt 0.159921 0.670039
vt 0.159921 0.654581
vt 0.190838 0.623665
vt 0.159921 0.623665
vt 0.190838 0.701110
vt 0.159921 0.716414
vt 0.190838 0.546374
vt 0.190838 0.670039
vt 0.190838 0.592749
vt 0.190838 0.716414
vt 0.159921 0.747330
vt 0.500000 0.407251
vt 0.252670 0.438168
vt 0.252670 0.407251
vt 0.005340 0.546374
vt 0.005340 0.530916
vt 0.005340 0.577291
vt 0.005340 0.561832
vt 0.005340 0.500000
vt 0.005340 0.592749
vt 0.005340 0.701110
vt 0.005340 0.685498
vt 0.005340 0.670039
vt 0.005340 0.654581
vt 0.005340 0.623665
vt 0.005340 0.716414
vt 0.005340 0.747330
vt 0.500000 0.252670
vt 0.685498 0.747330
vt 0.500000 0.932828
vt 0.500000 0.870995
vt 0.623665 0.747330
vt 0.500000 0.314503
vt 0.067172 0.747330
vt 0.067172 0.500000
vt 0.500000 0.376335
vt 0.129005 0.747330
vt 0.500000 0.809163
vt 0.561832 0.747330
vt 0.561832 0.500000
vt 0.500000 0.747330
vt 0.190838 0.747330
vt 0.500000 0.438168
vt 0.500000 0.994660
vt 0.747330 0.716414
s 1
usemtl マテリアル
f 523/560/687 485/561/687 525/562/687
f 727/563/688 489/564/688 744/565/688
f 504/566/689 487/567/689 506/568/689
f 638/569/690 483/570/690 651/571/690
f 749/572/691 487/567/691 728/573/691
f 653/574/692 484/575/692 638/576/692
f 521/577/692 652/578/692 657/579/692
f 522/580/691 746/581/691 753/582/691
f 520/583/693 493/584/693 522/580/693
f 507/585/694 491/586/694 509/587/694
f 515/588/695 495/589/695 517/590/695
f 502/591/693 545/592/693 530/592/693
f 514/593/691 747/594/691 751/595/691
f 512/596/693 498/597/693 514/593/693
f 532/598/696 500/599/696 534/600/696
f 534/600/691 748/601/691 756/602/691
f 496/603/697 544/604/697 518/604/697
f 527/605/694 501/606/694 529/607/694
f 484/608/698 503/609/698 483/610/698
f 515/611/692 653/574/692 656/612/692
f 516/613/691 749/572/691 752/614/691
f 518/604/693 506/568/693 516/613/693
f 494/615/693 508/616/693 493/584/693
f 493/584/691 750/617/691 746/581/691
f 492/618/692 654/619/692 652/578/692
f 513/620/694 509/587/694 511/621/694
f 497/622/694 511/621/694 495/589/694
f 510/623/693 514/593/693 508/616/693
f 508/616/691 751/595/691 750/617/691
f 507/624/692 655/625/692 654/619/692
f 496/603/699 516/613/699 498/597/699
f 747/594/691 516/613/691 752/614/691
f 533/626/688 666/627/688 660/627/688
f 505/628/694 517/590/694 503/609/694
f 492/629/694 519/630/694 491/586/694
f 530/592/693 522/580/693 528/631/693
f 528/631/691 753/582/691 755/632/691
f 527/633/692 657/579/692 659/634/692
f 486/635/692 658/636/692 650/637/692
f 489/564/691 754/638/691 744/639/691
f 490/640/700 524/641/700 489/564/700
f 533/642/694 525/562/694 531/643/694
f 497/622/694 537/588/694 538/644/694
f 500/599/691 755/632/691 748/601/691
f 502/591/693 528/631/693 500/599/693
f 521/645/694 529/607/694 519/630/694
f 499/646/701 531/643/701 501/606/701
f 523/647/692 660/627/692 658/636/692
f 524/641/691 756/602/691 754/638/691
f 526/648/693 534/600/693 524/641/693
f 543/649/692 661/650/692 663/625/692
f 546/626/692 662/651/692 666/627/692
f 538/652/692 664/612/692 661/650/692
f 540/653/692 665/634/692 662/651/692
f 499/646/702 546/642/702 533/642/702
f 530/592/690 742/654/690 736/654/690
f 497/622/694 543/620/694 513/620/694
f 502/591/693 541/598/693 542/655/693
f 512/596/693 536/603/693 496/603/693
f 527/605/694 540/646/694 499/646/694
f 513/649/688 663/625/688 655/625/688
f 518/604/690 741/656/690 733/656/690
f 562/657/690 681/658/690 673/658/690
f 560/659/688 723/660/688 715/660/688
f 567/661/690 682/662/690 676/662/690
f 572/663/692 725/664/692 722/665/692
f 571/666/692 724/667/692 721/668/692
f 576/669/692 722/665/692 726/670/692
f 573/659/692 721/668/692 723/660/692
f 566/671/691 696/672/691 694/673/691
f 565/674/692 720/670/692 718/675/692
f 554/676/691 695/677/691 688/678/691
f 547/679/691 694/673/691 684/680/691
f 548/681/692 718/675/692 710/682/692
f 567/661/692 717/683/692 719/664/692
f 568/684/691 693/685/691 695/677/691
f 569/669/688 726/670/688 720/670/688
f 553/686/691 692/687/691 687/688/691
f 558/689/692 715/660/692 714/690/692
f 557/691/691 691/692/691 690/693/691
f 551/694/692 714/690/692 712/695/692
f 552/696/691 690/693/691 686/697/691
f 561/698/691 689/699/691 692/687/691
f 562/657/692 713/700/692 716/667/692
f 570/701/691 688/678/691 696/672/691
f 559/702/691 687/688/691 691/692/691
f 563/703/691 686/697/691 693/685/691
f 564/704/692 712/695/692 717/683/692
f 555/705/692 698/706/692 713/700/692
f 556/707/691 668/708/691 689/699/691
f 698/709/690 549/710/690 711/711/690
f 667/712/688 547/713/688 684/714/688
f 650/715/703 577/716/703 637/717/703
f 582/718/691 651/719/691 642/720/691
f 586/721/691 639/722/691 646/723/691
f 584/724/691 640/725/691 644/726/691
f 589/727/691 641/728/691 649/729/691
f 585/730/691 642/720/691 645/731/691
f 579/732/691 643/733/691 639/722/691
f 583/734/691 644/726/691 643/733/691
f 580/735/691 645/731/691 640/725/691
f 588/736/691 646/723/691 648/737/691
f 637/738/691 587/739/691 647/740/691
f 581/741/691 648/737/691 641/728/691
f 587/739/691 649/729/691 647/740/691
f 599/742/690 665/634/690 659/634/690
f 596/743/690 664/612/690 656/612/690
f 595/744/688 680/745/688 672/745/688
f 602/746/692 682/662/692 679/747/692
f 601/748/692 681/658/692 678/749/692
f 606/750/692 679/747/692 683/751/692
f 603/744/692 678/749/692 680/745/692
f 598/752/692 677/751/692 675/753/692
f 590/754/692 675/753/692 667/755/692
f 599/742/692 674/756/692 676/662/692
f 600/750/688 683/751/688 677/751/688
f 594/757/692 672/745/692 671/758/692
f 592/759/692 671/758/692 669/760/692
f 596/743/692 670/761/692 673/658/692
f 597/762/692 669/760/692 674/756/692
f 593/763/692 685/764/692 670/761/692
f 685/765/690 591/766/690 668/767/690
f 745/768/704 608/769/704 728/770/704
f 610/771/692 745/772/692 730/773/692
f 614/774/692 729/775/692 734/776/692
f 613/777/692 730/773/692 733/656/692
f 609/778/692 731/779/692 729/775/692
f 611/780/692 732/781/692 731/779/692
f 617/782/688 743/783/688 737/783/688
f 616/784/692 734/776/692 736/654/692
f 727/785/692 615/786/692 735/787/692
f 615/786/692 737/783/692 735/787/692
f 620/788/692 738/789/692 740/781/692
f 623/782/692 739/790/692 743/783/692
f 618/791/692 741/656/692 738/789/692
f 619/792/692 742/654/692 739/790/692
f 612/788/688 740/781/688 732/781/688
f 613/777/690 724/667/690 716/667/690
f 616/784/690 725/664/690 719/664/690
f 634/793/691 709/794/691 707/795/691
f 628/796/691 708/797/691 701/798/691
f 624/799/691 707/795/691 697/800/691
f 635/801/691 706/802/691 708/797/691
f 627/803/691 705/804/691 700/805/691
f 630/806/691 704/807/691 703/808/691
f 626/809/691 703/808/691 699/810/691
f 632/811/691 702/812/691 705/804/691
f 636/813/691 701/798/691 709/794/691
f 631/814/691 700/805/691 704/807/691
f 633/815/691 699/810/691 706/802/691
f 629/816/691 711/817/691 702/812/691
f 710/818/688 624/819/688 697/820/688
f 515/611/690 664/612/690 537/611/690
f 659/634/690 539/633/690 527/633/690
f 647/740/691 531/821/691 525/822/691
f 641/728/691 529/823/691 501/824/691
f 485/825/691 647/740/691 525/822/691
f 648/737/691 519/826/691 529/823/691
f 640/725/691 517/827/691 495/828/691
f 643/733/691 511/829/691 509/830/691
f 639/722/691 509/830/691 491/831/691
f 645/731/691 503/832/691 517/827/691
f 531/821/691 641/728/691 501/824/691
f 644/726/691 495/828/691 511/829/691
f 646/723/691 491/831/691 519/826/691
f 642/720/691 483/833/691 503/832/691
f 486/834/688 637/717/688 485/561/688
f 655/625/688 603/744/688 595/744/688
f 662/651/692 605/742/692 602/746/692
f 661/650/692 604/743/692 601/748/692
f 666/627/692 602/746/692 606/750/692
f 663/625/692 601/748/692 603/744/692
f 658/636/692 600/750/692 598/752/692
f 650/637/692 598/752/692 590/754/692
f 659/634/692 597/762/692 599/742/692
f 660/627/688 606/750/688 600/750/688
f 654/619/692 595/744/692 594/757/692
f 652/578/692 594/757/692 592/759/692
f 656/612/692 593/763/692 596/743/692
f 657/579/692 592/759/692 597/762/692
f 593/763/692 638/576/692 578/835/692
f 578/836/705 651/571/705 591/766/705
f 550/837/690 668/767/690 549/710/690
f 670/761/692 550/838/692 555/705/692
f 674/756/692 551/694/692 564/704/692
f 673/658/692 555/705/692 562/657/692
f 669/760/692 558/689/692 551/694/692
f 671/758/692 560/659/692 558/689/692
f 677/751/688 576/669/688 569/669/688
f 676/662/692 564/704/692 567/661/692
f 667/755/692 565/674/692 548/681/692
f 675/753/692 569/669/692 565/674/692
f 680/745/692 571/666/692 573/659/692
f 683/751/692 572/663/692 576/669/692
f 678/749/692 574/657/692 571/666/692
f 679/747/692 575/661/692 572/663/692
f 672/745/688 573/659/688 560/659/688
f 590/839/688 684/714/688 577/716/688
f 689/699/691 591/840/691 582/718/691
f 693/685/691 579/732/691 586/721/691
f 691/692/691 580/735/691 584/724/691
f 696/672/691 581/741/691 589/727/691
f 692/687/691 582/718/691 585/730/691
f 686/697/691 583/734/691 579/732/691
f 690/693/691 584/724/691 583/734/691
f 687/688/691 585/730/691 580/735/691
f 695/677/691 586/721/691 588/736/691
f 684/680/691 587/739/691 577/841/691
f 688/678/691 588/736/691 581/741/691
f 694/673/691 589/727/691 587/739/691
f 676/662/690 605/742/690 599/742/690
f 673/658/690 604/743/690 596/743/690
f 548/842/688 697/820/688 547/713/688
f 702/812/691 549/843/691 556/707/691
f 706/802/691 552/696/691 563/703/691
f 704/807/691 553/686/691 559/702/691
f 709/794/691 554/676/691 570/701/691
f 705/804/691 556/707/691 561/698/691
f 699/810/691 557/691/691 552/696/691
f 703/808/691 559/702/691 557/691/691
f 700/805/691 561/698/691 553/686/691
f 708/797/691 563/703/691 568/684/691
f 697/800/691 566/671/691 547/679/691
f 701/798/691 568/684/691 554/676/691
f 707/795/691 570/701/691 566/671/691
f 719/664/690 575/661/690 567/661/690
f 716/667/690 574/657/690 562/657/690
f 625/844/690 711/711/690 608/769/690
f 713/700/692 625/845/692 610/771/692
f 717/683/692 609/778/692 614/774/692
f 716/667/692 610/771/692 613/777/692
f 712/695/692 611/780/692 609/778/692
f 714/690/692 612/788/692 611/780/692
f 720/670/688 623/782/688 617/782/688
f 719/664/692 614/774/692 616/784/692
f 710/682/692 615/786/692 607/846/692
f 718/675/692 617/782/692 615/786/692
f 723/660/692 618/791/692 620/788/692
f 726/670/692 619/792/692 623/782/692
f 721/668/692 621/777/692 618/791/692
f 722/665/692 622/784/692 619/792/692
f 715/660/688 620/788/688 612/788/688
f 732/781/688 535/596/688 512/596/688
f 739/790/692 545/592/692 542/655/692
f 738/789/692 544/604/692 536/603/692
f 743/783/692 542/655/692 541/598/692
f 740/781/692 536/603/692 535/596/692
f 735/787/692 532/598/692 526/648/692
f 490/640/692 735/787/692 526/648/692
f 736/654/692 520/583/692 530/592/692
f 532/598/688 743/783/688 541/598/688
f 731/779/692 512/596/692 510/623/692
f 729/775/692 510/623/692 494/615/692
f 733/656/692 504/566/692 518/604/692
f 734/776/692 494/615/692 520/583/692
f 730/773/692 488/847/692 504/566/692
f 488/847/690 728/770/690 487/567/690
f 733/656/690 621/777/690 613/777/690
f 736/654/690 622/784/690 616/784/690
f 754/638/691 636/813/691 634/793/691
f 748/601/691 635/801/691 628/796/691
f 744/639/691 634/793/691 624/799/691
f 755/632/691 633/815/691 635/801/691
f 747/594/691 632/811/691 627/803/691
f 750/617/691 631/814/691 630/806/691
f 746/581/691 630/806/691 626/809/691
f 752/614/691 629/816/691 632/811/691
f 756/602/691 628/796/691 636/813/691
f 751/595/691 627/803/691 631/814/691
f 753/582/691 626/809/691 633/815/691
f 629/816/691 728/573/691 608/848/691
f 607/849/706 744/565/706 624/819/706
f 523/560/687 486/834/687 485/561/687
f 727/563/688 490/640/688 489/564/688
f 504/566/689 488/847/689 487/567/689
f 638/569/690 484/850/690 483/570/690
f 749/572/691 506/568/691 487/567/691
f 653/574/692 505/851/692 484/575/692
f 521/577/692 492/618/692 652/578/692
f 522/580/691 493/584/691 746/581/691
f 520/583/693 494/615/693 493/584/693
f 507/585/694 492/629/694 491/586/694
f 515/588/695 497/622/695 495/589/695
f 502/591/693 542/655/693 545/592/693
f 514/593/691 498/597/691 747/594/691
f 512/596/693 496/603/693 498/597/693
f 532/598/696 502/591/696 500/599/696
f 534/600/691 500/599/691 748/601/691
f 496/603/693 536/603/693 544/604/693
f 527/605/694 499/646/694 501/606/694
f 484/608/698 505/628/698 503/609/698
f 515/611/692 505/851/692 653/574/692
f 516/613/691 506/568/691 749/572/691
f 518/604/693 504/566/693 506/568/693
f 494/615/693 510/623/693 508/616/693
f 493/584/691 508/616/691 750/617/691
f 492/618/692 507/624/692 654/619/692
f 513/620/694 507/585/694 509/587/694
f 497/622/694 513/620/694 511/621/694
f 510/623/693 512/596/693 514/593/693
f 508/616/691 514/593/691 751/595/691
f 507/624/692 513/649/692 655/625/692
f 496/603/699 518/604/699 516/613/699
f 747/594/691 498/597/691 516/613/691
f 533/626/688 546/626/688 666/627/688
f 505/628/694 515/588/694 517/590/694
f 492/629/694 521/645/694 519/630/694
f 530/592/693 520/583/693 522/580/693
f 528/631/691 522/580/691 753/582/691
f 527/633/692 521/577/692 657/579/692
f 486/635/692 523/647/692 658/636/692
f 489/564/691 524/641/691 754/638/691
f 490/640/700 526/648/700 524/641/700
f 533/642/694 523/560/694 525/562/694
f 497/622/707 515/588/707 537/588/707
f 500/599/691 528/631/691 755/632/691
f 502/591/693 530/592/693 528/631/693
f 521/645/694 527/605/694 529/607/694
f 499/646/701 533/642/701 531/643/701
f 523/647/692 533/626/692 660/627/692
f 524/641/691 534/600/691 756/602/691
f 526/648/693 532/598/693 534/600/693
f 543/649/692 538/652/692 661/650/692
f 546/626/692 540/653/692 662/651/692
f 538/652/692 537/611/692 664/612/692
f 540/653/692 539/633/692 665/634/692
f 499/646/694 540/646/694 546/642/694
f 530/592/690 545/592/690 742/654/690
f 497/622/694 538/644/694 543/620/694
f 502/591/708 532/598/708 541/598/708
f 512/596/693 535/596/693 536/603/693
f 527/605/694 539/605/694 540/646/694
f 513/649/688 543/649/688 663/625/688
f 518/604/690 544/604/690 741/656/690
f 562/657/690 574/657/690 681/658/690
f 560/659/688 573/659/688 723/660/688
f 567/661/690 575/661/690 682/662/690
f 572/663/692 575/661/692 725/664/692
f 571/666/692 574/657/692 724/667/692
f 576/669/692 572/663/692 722/665/692
f 573/659/692 571/666/692 721/668/692
f 566/671/691 570/701/691 696/672/691
f 565/674/692 569/669/692 720/670/692
f 554/676/691 568/684/691 695/677/691
f 547/679/691 566/671/691 694/673/691
f 548/681/692 565/674/692 718/675/692
f 567/661/692 564/704/692 717/683/692
f 568/684/691 563/703/691 693/685/691
f 569/669/688 576/669/688 726/670/688
f 553/686/691 561/698/691 692/687/691
f 558/689/692 560/659/692 715/660/692
f 557/691/691 559/702/691 691/692/691
f 551/694/692 558/689/692 714/690/692
f 552/696/691 557/691/691 690/693/691
f 561/698/691 556/707/691 689/699/691
f 562/657/692 555/705/692 713/700/692
f 570/701/691 554/676/691 688/678/691
f 559/702/691 553/686/691 687/688/691
f 563/703/691 552/696/691 686/697/691
f 564/704/692 551/694/692 712/695/692
f 555/705/692 550/838/692 698/706/692
f 556/707/691 549/843/691 668/708/691
f 698/709/690 550/837/690 549/710/690
f 667/712/688 548/842/688 547/713/688
f 650/715/703 590/839/703 577/716/703
f 582/718/691 591/840/691 651/719/691
f 586/721/691 579/732/691 639/722/691
f 584/724/691 580/735/691 640/725/691
f 589/727/691 581/741/691 641/728/691
f 585/730/691 582/718/691 642/720/691
f 579/732/691 583/734/691 643/733/691
f 583/734/691 584/724/691 644/726/691
f 580/735/691 585/730/691 645/731/691
f 588/736/691 586/721/691 646/723/691
f 637/738/691 577/841/691 587/739/691
f 581/741/691 588/736/691 648/737/691
f 587/739/691 589/727/691 649/729/691
f 599/742/690 605/742/690 665/634/690
f 596/743/690 604/743/690 664/612/690
f 595/744/688 603/744/688 680/745/688
f 602/746/692 605/742/692 682/662/692
f 601/748/692 604/743/692 681/658/692
f 606/750/692 602/746/692 679/747/692
f 603/744/692 601/748/692 678/749/692
f 598/752/692 600/750/692 677/751/692
f 590/754/692 598/752/692 675/753/692
f 599/742/692 597/762/692 674/756/692
f 600/750/688 606/750/688 683/751/688
f 594/757/692 595/744/692 672/745/692
f 592/759/692 594/757/692 671/758/692
f 596/743/692 593/763/692 670/761/692
f 597/762/692 592/759/692 669/760/692
f 593/763/692 578/835/692 685/764/692
f 685/765/690 578/836/690 591/766/690
f 745/768/704 625/844/704 608/769/704
f 610/771/692 625/845/692 745/772/692
f 614/774/692 609/778/692 729/775/692
f 613/777/692 610/771/692 730/773/692
f 609/778/692 611/780/692 731/779/692
f 611/780/692 612/788/692 732/781/692
f 617/782/688 623/782/688 743/783/688
f 616/784/692 614/774/692 734/776/692
f 727/785/692 607/846/692 615/786/692
f 615/786/692 617/782/692 737/783/692
f 620/788/692 618/791/692 738/789/692
f 623/782/692 619/792/692 739/790/692
f 618/791/692 621/777/692 741/656/692
f 619/792/692 622/784/692 742/654/692
f 612/788/688 620/788/688 740/781/688
f 613/777/690 621/777/690 724/667/690
f 616/784/690 622/784/690 725/664/690
f 634/793/691 636/813/691 709/794/691
f 628/796/691 635/801/691 708/797/691
f 624/799/691 634/793/691 707/795/691
f 635/801/691 633/815/691 706/802/691
f 627/803/691 632/811/691 705/804/691
f 630/806/691 631/814/691 704/807/691
f 626/809/691 630/806/691 703/808/691
f 632/811/691 629/816/691 702/812/691
f 636/813/691 628/796/691 701/798/691
f 631/814/691 627/803/691 700/805/691
f 633/815/691 626/809/691 699/810/691
f 629/816/691 608/848/691 711/817/691
f 710/818/688 607/849/688 624/819/688
f 515/611/690 656/612/690 664/612/690
f 659/634/690 665/634/690 539/633/690
f 647/740/691 649/729/691 531/821/691
f 641/728/691 648/737/691 529/823/691
f 485/825/691 637/738/691 647/740/691
f 648/737/691 646/723/691 519/826/691
f 640/725/691 645/731/691 517/827/691
f 643/733/691 644/726/691 511/829/691
f 639/722/691 643/733/691 509/830/691
f 645/731/691 642/720/691 503/832/691
f 531/821/691 649/729/691 641/728/691
f 644/726/691 640/725/691 495/828/691
f 646/723/691 639/722/691 491/831/691
f 642/720/691 651/719/691 483/833/691
f 486/834/688 650/715/688 637/717/688
f 655/625/688 663/625/688 603/744/688
f 662/651/692 665/634/692 605/742/692
f 661/650/692 664/612/692 604/743/692
f 666/627/692 662/651/692 602/746/692
f 663/625/692 661/650/692 601/748/692
f 658/636/692 660/627/692 600/750/692
f 650/637/692 658/636/692 598/752/692
f 659/634/692 657/579/692 597/762/692
f 660/627/688 666/627/688 606/750/688
f 654/619/692 655/625/692 595/744/692
f 652/578/692 654/619/692 594/757/692
f 656/612/692 653/574/692 593/763/692
f 657/579/692 652/578/692 592/759/692
f 593/763/692 653/574/692 638/576/692
f 578/836/705 638/569/705 651/571/705
f 550/837/690 685/765/690 668/767/690
f 670/761/692 685/764/692 550/838/692
f 674/756/692 669/760/692 551/694/692
f 673/658/692 670/761/692 555/705/692
f 669/760/692 671/758/692 558/689/692
f 671/758/692 672/745/692 560/659/692
f 677/751/688 683/751/688 576/669/688
f 676/662/692 674/756/692 564/704/692
f 667/755/692 675/753/692 565/674/692
f 675/753/692 677/751/692 569/669/692
f 680/745/692 678/749/692 571/666/692
f 683/751/692 679/747/692 572/663/692
f 678/749/692 681/658/692 574/657/692
f 679/747/692 682/662/692 575/661/692
f 672/745/688 680/745/688 573/659/688
f 590/839/688 667/712/688 684/714/688
f 689/699/691 668/708/691 591/840/691
f 693/685/691 686/697/691 579/732/691
f 691/692/691 687/688/691 580/735/691
f 696/672/691 688/678/691 581/741/691
f 692/687/691 689/699/691 582/718/691
f 686/697/691 690/693/691 583/734/691
f 690/693/691 691/692/691 584/724/691
f 687/688/691 692/687/691 585/730/691
f 695/677/691 693/685/691 586/721/691
f 684/680/691 694/673/691 587/739/691
f 688/678/691 695/677/691 588/736/691
f 694/673/691 696/672/691 589/727/691
f 676/662/690 682/662/690 605/742/690
f 673/658/690 681/658/690 604/743/690
f 548/842/688 710/818/688 697/820/688
f 702/812/691 711/817/691 549/843/691
f 706/802/691 699/810/691 552/696/691
f 704/807/691 700/805/691 553/686/691
f 709/794/691 701/798/691 554/676/691
f 705/804/691 702/812/691 556/707/691
f 699/810/691 703/808/691 557/691/691
f 703/808/691 704/807/691 559/702/691
f 700/805/691 705/804/691 561/698/691
f 708/797/691 706/802/691 563/703/691
f 697/800/691 707/795/691 566/671/691
f 701/798/691 708/797/691 568/684/691
f 707/795/691 709/794/691 570/701/691
f 719/664/690 725/664/690 575/661/690
f 716/667/690 724/667/690 574/657/690
f 625/844/690 698/709/690 711/711/690
f 713/700/692 698/706/692 625/845/692
f 717/683/692 712/695/692 609/778/692
f 716/667/692 713/700/692 610/771/692
f 712/695/692 714/690/692 611/780/692
f 714/690/692 715/660/692 612/788/692
f 720/670/688 726/670/688 623/782/688
f 719/664/692 717/683/692 614/774/692
f 710/682/692 718/675/692 615/786/692
f 718/675/692 720/670/692 617/782/692
f 723/660/692 721/668/692 618/791/692
f 726/670/692 722/665/692 619/792/692
f 721/668/692 724/667/692 621/777/692
f 722/665/692 725/664/692 622/784/692
f 715/660/688 723/660/688 620/788/688
f 732/781/688 740/781/688 535/596/688
f 739/790/692 742/654/692 545/592/692
f 738/789/692 741/656/692 544/604/692
f 743/783/692 739/790/692 542/655/692
f 740/781/692 738/789/692 536/603/692
f 735/787/692 737/783/692 532/598/692
f 490/640/692 727/785/692 735/787/692
f 736/654/692 734/776/692 520/583/692
f 532/598/688 737/783/688 743/783/688
f 731/779/692 732/781/692 512/596/692
f 729/775/692 731/779/692 510/623/692
f 733/656/692 730/773/692 504/566/692
f 734/776/692 729/775/692 494/615/692
f 730/773/692 745/772/692 488/847/692
f 488/847/690 745/768/690 728/770/690
f 733/656/690 741/656/690 621/777/690
f 736/654/690 742/654/690 622/784/690
f 754/638/691 756/602/691 636/813/691
f 748/601/691 755/632/691 635/801/691
f 744/639/691 754/638/691 634/793/691
f 755/632/691 753/582/691 633/815/691
f 747/594/691 752/614/691 632/811/691
f 750/617/691 751/595/691 631/814/691
f 746/581/691 750/617/691 630/806/691
f 752/614/691 749/572/691 629/816/691
f 756/602/691 748/601/691 628/796/691
f 751/595/691 747/594/691 627/803/691
f 753/582/691 746/581/691 626/809/691
f 629/816/691 749/572/691 728/573/691
f 607/849/706 727/563/706 744/565/706
o 立方体.001
v 30.066799 39.412037 14.057588
v 30.066799 39.008293 14.415361
v 30.066799 44.679047 20.001356
v 30.066799 44.275303 20.359131
v 37.029476 39.412037 14.057588
v 37.029476 39.008293 14.415361
v 37.029476 44.679047 20.001356
v 37.029476 44.275303 20.359131
v 28.974844 42.045544 17.029472
v 28.974844 41.641800 17.387245
v 38.121429 42.045544 17.029472
v 38.121429 41.641800 17.387245
v 28.974844 40.529007 15.318077
v 38.121429 40.125263 15.675851
v 28.974844 40.125263 15.675851
v 38.121429 40.529007 15.318077
v 28.974844 43.158333 19.098640
v 38.121429 43.562077 18.740866
v 28.974844 43.562077 18.740866
v 38.121429 43.158333 19.098640
v 29.019243 39.770737 14.462379
v 38.077034 39.366993 14.820154
v 29.019243 39.366993 14.820154
v 38.077034 39.770737 14.462379
v 28.974844 40.883530 16.531548
v 38.121429 41.287273 16.173775
v 28.974844 41.287273 16.173775
v 38.121429 40.883530 16.531548
v 28.974844 40.908142 15.745926
v 38.121429 40.504395 16.103701
v 28.974844 40.504395 16.103701
v 38.121429 40.908142 15.745926
v 29.019243 39.742336 15.243724
v 38.077034 40.146080 14.885950
v 29.019243 40.146080 14.885950
v 38.077034 39.742336 15.243724
v 28.974844 42.803810 17.885170
v 38.121429 42.400066 18.242943
v 28.974844 42.400066 18.242943
v 38.121429 42.803810 17.885170
v 29.019243 43.916603 19.954338
v 38.077034 44.320347 19.596563
v 29.019243 44.320347 19.596563
v 38.077034 43.916603 19.954338
v 28.974844 42.779202 18.670792
v 38.121429 43.182945 18.313019
v 28.974844 43.182945 18.313019
v 38.121429 42.779202 18.670792
v 29.019243 43.941212 19.168715
v 38.077034 43.537468 19.526489
v 29.019243 43.537468 19.526489
v 38.077034 43.941212 19.168715
v 38.121429 39.687393 16.827679
v 38.121429 39.308258 16.399830
v 28.974844 38.925335 15.967703
v 28.974844 39.308258 16.399830
v 28.974844 41.962196 19.394772
v 28.974844 42.341331 19.822620
v 38.121429 42.720467 20.250469
v 38.121429 42.341331 19.822620
v 28.974844 39.687393 16.827679
v 38.121429 38.925335 15.967703
v 38.121429 41.962196 19.394772
v 28.974844 42.720467 20.250469
v 33.548138 45.078613 20.452261
v 33.548138 44.674870 20.810036
v 33.548138 39.012470 13.606683
v 33.548138 38.608727 13.964457
v 33.548138 41.641800 17.387245
v 33.548138 42.045544 17.029472
v 33.548138 40.529007 15.318077
v 33.548138 43.562077 18.740866
v 33.548138 39.366993 14.820154
v 33.548138 39.770737 14.462379
v 33.548138 41.287273 16.173775
v 33.548138 40.883530 16.531548
v 33.548138 40.908142 15.745926
v 33.548138 40.504395 16.103701
v 33.548138 40.146080 14.885950
v 33.548138 39.742336 15.243724
v 33.548138 42.803810 17.885170
v 33.548138 42.400066 18.242943
v 33.548138 43.916603 19.954338
v 33.548138 44.320347 19.596563
v 33.548138 42.779202 18.670792
v 33.548138 43.182945 18.313019
v 33.548138 43.537468 19.526489
v 33.548138 43.941212 19.168715
v 33.548138 39.308258 16.399830
v 33.548138 42.341331 19.822620
v 33.548138 39.687393 16.827679
v 33.548138 38.925335 15.967703
v 33.548138 41.962196 19.394772
v 33.548138 42.720467 20.250469
v 31.261492 45.078613 20.452261
v 31.261492 38.608727 13.964457
v 31.261492 42.045544 17.029472
v 31.261492 40.529007 15.318077
v 31.261492 43.562077 18.740866
v 31.261492 39.770737 14.462379
v 31.261492 41.287273 16.173775
v 31.261492 40.908142 15.745926
v 31.261492 40.146080 14.885950
v 31.261492 42.803810 17.885170
v 31.261492 44.320347 19.596563
v 31.261492 43.182945 18.313019
v 31.261492 43.941212 19.168715
v 31.261492 44.674870 20.810036
v 31.261492 39.012470 13.606683
v 31.261492 41.641800 17.387245
v 31.261492 39.366993 14.820154
v 31.261492 40.883530 16.531548
v 31.261492 40.504395 16.103701
v 31.261492 39.742336 15.243724
v 31.261492 42.400066 18.242943
v 31.261492 43.916603 19.954338
v 31.261492 42.779202 18.670792
v 31.261492 43.537468 19.526489
v 31.261492 39.308258 16.399830
v 31.261492 42.341331 19.822620
v 31.261492 39.687393 16.827679
v 31.261492 38.925335 15.967703
v 31.261492 41.962196 19.394772
v 31.261492 42.720467 20.250469
v 35.834785 44.674870 20.810036
v 35.834785 39.012470 13.606683
v 35.834785 41.641800 17.387245
v 35.834785 39.366993 14.820154
v 35.834785 40.883530 16.531548
v 35.834785 40.504395 16.103701
v 35.834785 39.742336 15.243724
v 35.834785 42.400066 18.242943
v 35.834785 43.916603 19.954338
v 35.834785 42.779202 18.670792
v 35.834785 43.537468 19.526489
v 35.834785 39.308258 16.399830
v 35.834785 42.341331 19.822620
v 35.834785 39.687393 16.827679
v 35.834785 38.925335 15.967703
v 35.834785 41.962196 19.394772
v 35.834785 42.720467 20.250469
v 35.834785 45.078613 20.452261
v 35.834785 38.608727 13.964457
v 35.834785 42.045544 17.029472
v 35.834785 40.529007 15.318077
v 35.834785 43.562077 18.740866
v 35.834785 39.770737 14.462379
v 35.834785 41.287273 16.173775
v 35.834785 40.908142 15.745926
v 35.834785 40.146080 14.885950
v 35.834785 42.803810 17.885170
v 35.834785 44.320347 19.596563
v 35.834785 43.182945 18.313019
v 35.834785 43.941212 19.168715
v 30.118168 44.679047 20.001356
v 30.118168 39.008293 14.415361
v 30.118168 42.045544 17.029472
v 30.118168 40.529007 15.318077
v 30.118168 43.562077 18.740866
v 30.118168 39.770737 14.462379
v 30.118168 41.287273 16.173775
v 30.118168 40.908142 15.745926
v 30.118168 40.146080 14.885950
v 30.118168 42.803810 17.885170
v 30.118168 44.320347 19.596563
v 30.118168 43.182945 18.313019
v 30.118168 43.941212 19.168715
v 30.118168 44.275303 20.359131
v 30.118168 39.412037 14.057588
v 30.118168 41.641800 17.387245
v 30.118168 39.366993 14.820154
v 30.118168 40.883530 16.531548
v 30.118168 40.504395 16.103701
v 30.118168 39.742336 15.243724
v 30.118168 42.400066 18.242943
v 30.118168 43.916603 19.954338
v 30.118168 42.779202 18.670792
v 30.118168 43.537468 19.526489
v 30.118168 39.308258 16.399830
v 30.118168 42.341331 19.822620
v 30.118168 39.687393 16.827679
v 30.118168 38.925335 15.967703
v 30.118168 41.962196 19.394772
v 30.118168 42.720467 20.250469
v 32.404816 44.674870 20.810036
v 32.404816 39.012470 13.606683
v 32.404816 41.641800 17.387245
v 32.404816 39.366993 14.820154
v 32.404816 40.883530 16.531548
v 32.404816 40.504395 16.103701
v 32.404816 39.742336 15.243724
v 32.404816 42.400066 18.242943
v 32.404816 43.916603 19.954338
v 32.404816 42.779202 18.670792
v 32.404816 43.537468 19.526489
v 32.404816 39.308258 16.399830
v 32.404816 42.341331 19.822620
v 32.404816 39.687393 16.827679
v 32.404816 38.925335 15.967703
v 32.404816 41.962196 19.394772
v 32.404816 42.720467 20.250469
v 32.404816 45.078613 20.452261
v 32.404816 38.608727 13.964457
v 32.404816 42.045544 17.029472
v 32.404816 40.529007 15.318077
v 32.404816 43.562077 18.740866
v 32.404816 39.770737 14.462379
v 32.404816 41.287273 16.173775
v 32.404816 40.908142 15.745926
v 32.404816 40.146080 14.885950
v 32.404816 42.803810 17.885170
v 32.404816 44.320347 19.596563
v 32.404816 43.182945 18.313019
v 32.404816 43.941212 19.168715
v 34.691460 45.078613 20.452261
v 34.691460 38.608727 13.964457
v 34.691460 42.045544 17.029472
v 34.691460 40.529007 15.318077
v 34.691460 43.562077 18.740866
v 34.691460 39.770737 14.462379
v 34.691460 41.287273 16.173775
v 34.691460 40.908142 15.745926
v 34.691460 40.146080 14.885950
v 34.691460 42.803810 17.885170
v 34.691460 44.320347 19.596563
v 34.691460 43.182945 18.313019
v 34.691460 43.941212 19.168715
v 34.691460 44.674870 20.810036
v 34.691460 39.012470 13.606683
v 34.691460 41.641800 17.387245
v 34.691460 39.366993 14.820154
v 34.691460 40.883530 16.531548
v 34.691460 40.504395 16.103701
v 34.691460 39.742336 15.243724
v 34.691460 42.400066 18.242943
v 34.691460 43.916603 19.954338
v 34.691460 42.779202 18.670792
v 34.691460 43.537468 19.526489
v 34.691460 39.308258 16.399830
v 34.691460 42.341331 19.822620
v 34.691460 39.687393 16.827679
v 34.691460 38.925335 15.967703
v 34.691460 41.962196 19.394772
v 34.691460 42.720467 20.250469
v 36.978107 44.275303 20.359131
v 36.978107 39.412037 14.057588
v 36.978107 41.641800 17.387245
v 36.978107 39.366993 14.820154
v 36.978107 40.883530 16.531548
v 36.978107 40.504395 16.103701
v 36.978107 39.742336 15.243724
v 36.978107 42.400066 18.242943
v 36.978107 43.916603 19.954338
v 36.978107 42.779202 18.670792
v 36.978107 43.537468 19.526489
v 36.978107 39.308258 16.399830
v 36.978107 42.341331 19.822620
v 36.978107 39.687393 16.827679
v 36.978107 38.925335 15.967703
v 36.978107 41.962196 19.394772
v 36.978107 42.720467 20.250469
v 36.978107 44.679047 20.001356
v 36.978107 39.008293 14.415361
v 36.978107 42.045544 17.029472
v 36.978107 40.529007 15.318077
v 36.978107 43.562077 18.740866
v 36.978107 39.770737 14.462379
v 36.978107 41.287273 16.173775
v 36.978107 40.908142 15.745926
v 36.978107 40.146080 14.885950
v 36.978107 42.803810 17.885170
v 36.978107 44.320347 19.596563
v 36.978107 43.182945 18.313019
v 36.978107 43.941212 19.168715
vn -0.4588 0.5893 0.6650
vn -0.0000 0.6632 0.7484
vn 0.4588 -0.5893 -0.6650
vn -0.0000 -0.6632 -0.7484
vn -0.0000 0.7484 -0.6632
vn -0.0000 -0.7484 0.6632
vn 1.0000 -0.0000 -0.0000
vn -1.0000 -0.0000 -0.0000
vn -0.9971 -0.0508 -0.0574
vn 0.9970 0.0514 0.0580
vn 0.9962 -0.0205 -0.0842
vn -0.4588 -0.5893 -0.6650
vn 0.9971 -0.0508 -0.0574
vn 0.4588 0.5893 0.6650
vn -0.9970 0.0514 0.0580
vn -0.9962 0.0816 0.0310
vn -0.4662 0.5867 0.6621
vn 0.4662 -0.5867 -0.6621
vn -0.4662 -0.5867 -0.6621
vn 0.4662 0.5867 0.6621
vn -0.9962 -0.0205 -0.0842
vn 0.9962 0.0816 0.0310
vt 0.500000 0.221754
vt 0.252670 0.252670
vt 0.252670 0.221754
vt 0.500000 0.469084
vt 0.252670 0.500000
vt 0.252670 0.469084
vt 0.500000 0.716414
vt 0.252670 0.747330
vt 0.252670 0.716414
vt 0.500000 0.963744
vt 0.252670 0.994660
vt 0.252670 0.963744
vt 0.221754 0.716414
vt 0.221754 0.747330
vt 0.716414 0.716414
vt 0.747330 0.747330
vt 0.716414 0.747330
vt 0.747330 0.592749
vt 0.716414 0.623665
vt 0.716414 0.592749
vt 0.252670 0.592749
vt 0.221754 0.623665
vt 0.221754 0.592749
vt 0.500000 0.592749
vt 0.252670 0.623665
vt 0.500000 0.098089
vt 0.252670 0.129005
vt 0.252670 0.098089
vt 0.500000 0.051560
vt 0.252670 0.067173
vt 0.252670 0.051560
vt 0.500000 0.561833
vt 0.500000 0.577291
vt 0.252670 0.670039
vt 0.221754 0.685497
vt 0.221754 0.670039
vt 0.500000 0.670039
vt 0.252670 0.685498
vt 0.500000 0.546374
vt 0.252670 0.561833
vt 0.252670 0.546374
vt 0.221754 0.561833
vt 0.221754 0.546374
vt 0.500000 0.685498
vt 0.500000 0.701110
vt 0.500000 0.175379
vt 0.252670 0.190838
vt 0.252670 0.175379
vt 0.500000 0.005340
vt 0.252670 0.036256
vt 0.252670 0.005340
vt 0.747330 0.701110
vt 0.716414 0.701110
vt 0.252670 0.701110
vt 0.221754 0.701110
vt 0.500000 0.623665
vt 0.252670 0.654581
vt 0.221754 0.654581
vt 0.747330 0.623665
vt 0.716414 0.654581
vt 0.500000 0.082631
vt 0.252670 0.082631
vt 0.500000 0.067172
vt 0.500000 0.654581
vt 0.747330 0.654581
vt 0.716414 0.670039
vt 0.747330 0.546374
vt 0.716414 0.546374
vt 0.500000 0.036256
vt 0.500000 0.129005
vt 0.252670 0.159921
vt 0.252670 0.577291
vt 0.221754 0.577291
vt 0.747330 0.577291
vt 0.716414 0.577291
vt 0.747330 0.500000
vt 0.716414 0.530916
vt 0.716414 0.500000
vt 0.221754 0.530916
vt 0.221754 0.500000
vt 0.500000 0.500000
vt 0.252670 0.530916
vt 0.500000 0.206296
vt 0.252670 0.206296
vt 0.500000 0.067173
vt 0.500000 0.159921
vt 0.500000 0.190838
vt 0.747330 0.530916
vt 0.500000 0.530916
vt 0.747330 0.670039
vt 0.716414 0.685498
vt 0.716414 0.561833
vt 0.747330 0.685498
vt 0.747330 0.561832
vt 0.530916 0.577291
vt 0.500000 0.561832
vt 0.530916 0.701110
vt 0.623665 0.701110
vt 0.654581 0.701110
vt 0.623665 0.670039
vt 0.592749 0.670039
vt 0.623665 0.577291
vt 0.654581 0.577291
vt 0.623665 0.561833
vt 0.592749 0.577291
vt 0.592749 0.561833
vt 0.623665 0.685498
vt 0.592749 0.701110
vt 0.592749 0.685498
vt 0.623665 0.546374
vt 0.592749 0.546374
vt 0.129005 0.530916
vt 0.098089 0.546374
vt 0.098089 0.530916
vt 0.623665 0.530916
vt 0.592749 0.530916
vt 0.129005 0.561833
vt 0.098089 0.577291
vt 0.098089 0.561833
vt 0.129005 0.500000
vt 0.098089 0.500000
vt 0.623665 0.500000
vt 0.592749 0.500000
vt 0.592749 0.592749
vt 0.129005 0.577291
vt 0.098089 0.592749
vt 0.129005 0.685498
vt 0.098089 0.701110
vt 0.098089 0.685498
vt 0.623665 0.654581
vt 0.592749 0.654581
vt 0.129005 0.654581
vt 0.098089 0.670039
vt 0.098089 0.654581
vt 0.623665 0.623665
vt 0.592749 0.623665
vt 0.129005 0.623665
vt 0.098089 0.623665
vt 0.129005 0.701110
vt 0.098089 0.716414
vt 0.592749 0.716414
vt 0.129005 0.546374
vt 0.129005 0.670039
vt 0.129005 0.592749
vt 0.623665 0.592749
vt 0.623665 0.716414
vt 0.592749 0.747330
vt 0.129005 0.716414
vt 0.098089 0.747330
vt 0.500000 0.840079
vt 0.252670 0.870995
vt 0.252670 0.840079
vt 0.500000 0.345419
vt 0.252670 0.376335
vt 0.252670 0.345419
vt 0.500000 0.283586
vt 0.252670 0.314503
vt 0.252670 0.283586
vt 0.067172 0.716414
vt 0.036256 0.747330
vt 0.036256 0.716414
vt 0.067172 0.592749
vt 0.036256 0.623665
vt 0.036256 0.592749
vt 0.067172 0.670039
vt 0.036256 0.685498
vt 0.036256 0.670039
vt 0.067172 0.546374
vt 0.036256 0.561833
vt 0.036256 0.546374
vt 0.067172 0.701110
vt 0.036256 0.701110
vt 0.067172 0.623665
vt 0.036256 0.654581
vt 0.067172 0.654581
vt 0.067172 0.685498
vt 0.067172 0.577291
vt 0.036256 0.577291
vt 0.036256 0.500000
vt 0.067172 0.530916
vt 0.036256 0.530916
vt 0.067172 0.561833
vt 0.685498 0.577291
vt 0.685498 0.701110
vt 0.685498 0.670039
vt 0.654581 0.670039
vt 0.685498 0.561833
vt 0.654581 0.561833
vt 0.685498 0.685498
vt 0.654581 0.685498
vt 0.685498 0.546374
vt 0.654581 0.546374
vt 0.685498 0.530916
vt 0.654581 0.530916
vt 0.685498 0.500000
vt 0.654581 0.500000
vt 0.654581 0.592749
vt 0.685498 0.654581
vt 0.654581 0.654581
vt 0.685498 0.623665
vt 0.654581 0.623665
vt 0.654581 0.716414
vt 0.685498 0.592749
vt 0.685498 0.716414
vt 0.654581 0.747330
vt 0.500000 0.901911
vt 0.252670 0.932828
vt 0.252670 0.901911
vt 0.500000 0.778246
vt 0.252670 0.809163
vt 0.252670 0.778246
vt 0.561832 0.716414
vt 0.530916 0.747330
vt 0.530916 0.716414
vt 0.561832 0.592749
vt 0.530916 0.623665
vt 0.530916 0.592749
vt 0.561832 0.701110
vt 0.561832 0.623665
vt 0.530916 0.654581
vt 0.561832 0.654581
vt 0.530916 0.670039
vt 0.561832 0.546374
vt 0.530916 0.546374
vt 0.561832 0.577291
vt 0.530916 0.500000
vt 0.561832 0.530916
vt 0.530916 0.530916
vt 0.561832 0.670039
vt 0.530916 0.685498
vt 0.530916 0.561833
vt 0.561832 0.685498
vt 0.561832 0.561833
vt 0.190838 0.530916
vt 0.159921 0.546374
vt 0.159921 0.530916
vt 0.190838 0.561833
vt 0.159921 0.577291
vt 0.159921 0.561833
vt 0.190838 0.500000
vt 0.159921 0.500000
vt 0.190838 0.577291
vt 0.159921 0.592749
vt 0.190838 0.685498
vt 0.159921 0.701110
vt 0.159921 0.685498
vt 0.190838 0.654581
vt 0.159921 0.670039
vt 0.159921 0.654581
vt 0.190838 0.623665
vt 0.159921 0.623665
vt 0.190838 0.701110
vt 0.159921 0.716414
vt 0.190838 0.546374
vt 0.190838 0.670039
vt 0.190838 0.592749
vt 0.190838 0.716414
vt 0.159921 0.747330
vt 0.500000 0.407251
vt 0.252670 0.438168
vt 0.252670 0.407251
vt 0.005340 0.546374
vt 0.005340 0.530916
vt 0.005340 0.577291
vt 0.005340 0.561832
vt 0.005340 0.500000
vt 0.005340 0.592749
vt 0.005340 0.701110
vt 0.005340 0.685498
vt 0.005340 0.670039
vt 0.005340 0.654581
vt 0.005340 0.623665
vt 0.005340 0.716414
vt 0.005340 0.747330
vt 0.500000 0.252670
vt 0.685498 0.747330
vt 0.500000 0.932828
vt 0.500000 0.870995
vt 0.623665 0.747330
vt 0.500000 0.314503
vt 0.067172 0.747330
vt 0.067172 0.500000
vt 0.500000 0.376335
vt 0.129005 0.747330
vt 0.500000 0.809163
vt 0.561832 0.747330
vt 0.561832 0.500000
vt 0.500000 0.747330
vt 0.190838 0.747330
vt 0.500000 0.438168
vt 0.500000 0.994660
vt 0.747330 0.716414
s 1
usemtl マテリアル.001
f 797/852/709 759/853/709 799/854/709
f 1001/855/710 763/856/710 1018/857/710
f 778/858/711 761/859/711 780/860/711
f 912/861/712 757/862/712 925/863/712
f 1023/864/713 761/859/713 1002/865/713
f 927/866/714 758/867/714 912/868/714
f 795/869/714 926/870/714 931/871/714
f 796/872/713 1020/873/713 1027/874/713
f 794/875/715 767/876/715 796/872/715
f 781/877/716 765/878/716 783/879/716
f 789/880/717 769/881/717 791/882/717
f 776/883/715 819/884/715 804/884/715
f 788/885/713 1021/886/713 1025/887/713
f 786/888/715 772/889/715 788/885/715
f 806/890/718 774/891/718 808/892/718
f 808/892/713 1022/893/713 1030/894/713
f 770/895/719 818/896/719 792/896/719
f 801/897/716 775/898/716 803/899/716
f 758/900/720 777/901/720 757/902/720
f 789/903/714 927/866/714 930/904/714
f 790/905/713 1023/864/713 1026/906/713
f 792/896/715 780/860/715 790/905/715
f 768/907/715 782/908/715 767/876/715
f 767/876/713 1024/909/713 1020/873/713
f 766/910/714 928/911/714 926/870/714
f 787/912/716 783/879/716 785/913/716
f 771/914/716 785/913/716 769/881/716
f 784/915/715 788/885/715 782/908/715
f 782/908/713 1025/887/713 1024/909/713
f 781/916/714 929/917/714 928/911/714
f 770/895/721 790/905/721 772/889/721
f 1021/886/713 790/905/713 1026/906/713
f 807/918/710 940/919/710 934/919/710
f 779/920/716 791/882/716 777/901/716
f 766/921/716 793/922/716 765/878/716
f 804/884/715 796/872/715 802/923/715
f 802/923/713 1027/874/713 1029/924/713
f 801/925/714 931/871/714 933/926/714
f 760/927/714 932/928/714 924/929/714
f 763/856/713 1028/930/713 1018/931/713
f 764/932/722 798/933/722 763/856/722
f 807/934/716 799/854/716 805/935/716
f 771/914/716 811/880/716 812/936/716
f 774/891/713 1029/924/713 1022/893/713
f 776/883/715 802/923/715 774/891/715
f 795/937/716 803/899/716 793/922/716
f 773/938/723 805/935/723 775/898/723
f 797/939/714 934/919/714 932/928/714
f 798/933/713 1030/894/713 1028/930/713
f 800/940/715 808/892/715 798/933/715
f 817/941/714 935/942/714 937/917/714
f 820/918/714 936/943/714 940/919/714
f 812/944/714 938/904/714 935/942/714
f 814/945/714 939/926/714 936/943/714
f 773/938/724 820/934/724 807/934/724
f 804/884/712 1016/946/712 1010/946/712
f 771/914/716 817/912/716 787/912/716
f 776/883/715 815/890/715 816/947/715
f 786/888/715 810/895/715 770/895/715
f 801/897/716 814/938/716 773/938/716
f 787/941/710 937/917/710 929/917/710
f 792/896/712 1015/948/712 1007/948/712
f 836/949/712 955/950/712 947/950/712
f 834/951/710 997/952/710 989/952/710
f 841/953/712 956/954/712 950/954/712
f 846/955/714 999/956/714 996/957/714
f 845/958/714 998/959/714 995/960/714
f 850/961/714 996/957/714 1000/962/714
f 847/951/714 995/960/714 997/952/714
f 840/963/713 970/964/713 968/965/713
f 839/966/714 994/962/714 992/967/714
f 828/968/713 969/969/713 962/970/713
f 821/971/713 968/965/713 958/972/713
f 822/973/714 992/967/714 984/974/714
f 841/953/714 991/975/714 993/956/714
f 842/976/713 967/977/713 969/969/713
f 843/961/710 1000/962/710 994/962/710
f 827/978/713 966/979/713 961/980/713
f 832/981/714 989/952/714 988/982/714
f 831/983/713 965/984/713 964/985/713
f 825/986/714 988/982/714 986/987/714
f 826/988/713 964/985/713 960/989/713
f 835/990/713 963/991/713 966/979/713
f 836/949/714 987/992/714 990/959/714
f 844/993/713 962/970/713 970/964/713
f 833/994/713 961/980/713 965/984/713
f 837/995/713 960/989/713 967/977/713
f 838/996/714 986/987/714 991/975/714
f 829/997/714 972/998/714 987/992/714
f 830/999/713 942/1000/713 963/991/713
f 972/1001/712 823/1002/712 985/1003/712
f 941/1004/710 821/1005/710 958/1006/710
f 924/1007/725 851/1008/725 911/1009/725
f 856/1010/713 925/1011/713 916/1012/713
f 860/1013/713 913/1014/713 920/1015/713
f 858/1016/713 914/1017/713 918/1018/713
f 863/1019/713 915/1020/713 923/1021/713
f 859/1022/713 916/1012/713 919/1023/713
f 853/1024/713 917/1025/713 913/1014/713
f 857/1026/713 918/1018/713 917/1025/713
f 854/1027/713 919/1023/713 914/1017/713
f 862/1028/713 920/1015/713 922/1029/713
f 911/1030/713 861/1031/713 921/1032/713
f 855/1033/713 922/1029/713 915/1020/713
f 861/1031/713 923/1021/713 921/1032/713
f 873/1034/712 939/926/712 933/926/712
f 870/1035/712 938/904/712 930/904/712
f 869/1036/710 954/1037/710 946/1037/710
f 876/1038/714 956/954/714 953/1039/714
f 875/1040/714 955/950/714 952/1041/714
f 880/1042/714 953/1039/714 957/1043/714
f 877/1036/714 952/1041/714 954/1037/714
f 872/1044/714 951/1043/714 949/1045/714
f 864/1046/714 949/1045/714 941/1047/714
f 873/1034/714 948/1048/714 950/954/714
f 874/1042/710 957/1043/710 951/1043/710
f 868/1049/714 946/1037/714 945/1050/714
f 866/1051/714 945/1050/714 943/1052/714
f 870/1035/714 944/1053/714 947/950/714
f 871/1054/714 943/1052/714 948/1048/714
f 867/1055/714 959/1056/714 944/1053/714
f 959/1057/712 865/1058/712 942/1059/712
f 1019/1060/726 882/1061/726 1002/1062/726
f 884/1063/714 1019/1064/714 1004/1065/714
f 888/1066/714 1003/1067/714 1008/1068/714
f 887/1069/714 1004/1065/714 1007/948/714
f 883/1070/714 1005/1071/714 1003/1067/714
f 885/1072/714 1006/1073/714 1005/1071/714
f 891/1074/710 1017/1075/710 1011/1075/710
f 890/1076/714 1008/1068/714 1010/946/714
f 1001/1077/714 889/1078/714 1009/1079/714
f 889/1078/714 1011/1075/714 1009/1079/714
f 894/1080/714 1012/1081/714 1014/1073/714
f 897/1074/714 1013/1082/714 1017/1075/714
f 892/1083/714 1015/948/714 1012/1081/714
f 893/1084/714 1016/946/714 1013/1082/714
f 886/1080/710 1014/1073/710 1006/1073/710
f 887/1069/712 998/959/712 990/959/712
f 890/1076/712 999/956/712 993/956/712
f 908/1085/713 983/1086/713 981/1087/713
f 902/1088/713 982/1089/713 975/1090/713
f 898/1091/713 981/1087/713 971/1092/713
f 909/1093/713 980/1094/713 982/1089/713
f 901/1095/713 979/1096/713 974/1097/713
f 904/1098/713 978/1099/713 977/1100/713
f 900/1101/713 977/1100/713 973/1102/713
f 906/1103/713 976/1104/713 979/1096/713
f 910/1105/713 975/1090/713 983/1086/713
f 905/1106/713 974/1097/713 978/1099/713
f 907/1107/713 973/1102/713 980/1094/713
f 903/1108/713 985/1109/713 976/1104/713
f 984/1110/710 898/1111/710 971/1112/710
f 789/903/712 938/904/712 811/903/712
f 933/926/712 813/925/712 801/925/712
f 921/1032/713 805/1113/713 799/1114/713
f 915/1020/713 803/1115/713 775/1116/713
f 759/1117/713 921/1032/713 799/1114/713
f 922/1029/713 793/1118/713 803/1115/713
f 914/1017/713 791/1119/713 769/1120/713
f 917/1025/713 785/1121/713 783/1122/713
f 913/1014/713 783/1122/713 765/1123/713
f 919/1023/713 777/1124/713 791/1119/713
f 805/1113/713 915/1020/713 775/1116/713
f 918/1018/713 769/1120/713 785/1121/713
f 920/1015/713 765/1123/713 793/1118/713
f 916/1012/713 757/1125/713 777/1124/713
f 760/1126/710 911/1009/710 759/853/710
f 929/917/710 877/1036/710 869/1036/710
f 936/943/714 879/1034/714 876/1038/714
f 935/942/714 878/1035/714 875/1040/714
f 940/919/714 876/1038/714 880/1042/714
f 937/917/714 875/1040/714 877/1036/714
f 932/928/714 874/1042/714 872/1044/714
f 924/929/714 872/1044/714 864/1046/714
f 933/926/714 871/1054/714 873/1034/714
f 934/919/710 880/1042/710 874/1042/710
f 928/911/714 869/1036/714 868/1049/714
f 926/870/714 868/1049/714 866/1051/714
f 930/904/714 867/1055/714 870/1035/714
f 931/871/714 866/1051/714 871/1054/714
f 867/1055/714 912/868/714 852/1127/714
f 852/1128/727 925/863/727 865/1058/727
f 824/1129/712 942/1059/712 823/1002/712
f 944/1053/714 824/1130/714 829/997/714
f 948/1048/714 825/986/714 838/996/714
f 947/950/714 829/997/714 836/949/714
f 943/1052/714 832/981/714 825/986/714
f 945/1050/714 834/951/714 832/981/714
f 951/1043/710 850/961/710 843/961/710
f 950/954/714 838/996/714 841/953/714
f 941/1047/714 839/966/714 822/973/714
f 949/1045/714 843/961/714 839/966/714
f 954/1037/714 845/958/714 847/951/714
f 957/1043/714 846/955/714 850/961/714
f 952/1041/714 848/949/714 845/958/714
f 953/1039/714 849/953/714 846/955/714
f 946/1037/710 847/951/710 834/951/710
f 864/1131/710 958/1006/710 851/1008/710
f 963/991/713 865/1132/713 856/1010/713
f 967/977/713 853/1024/713 860/1013/713
f 965/984/713 854/1027/713 858/1016/713
f 970/964/713 855/1033/713 863/1019/713
f 966/979/713 856/1010/713 859/1022/713
f 960/989/713 857/1026/713 853/1024/713
f 964/985/713 858/1016/713 857/1026/713
f 961/980/713 859/1022/713 854/1027/713
f 969/969/713 860/1013/713 862/1028/713
f 958/972/713 861/1031/713 851/1133/713
f 962/970/713 862/1028/713 855/1033/713
f 968/965/713 863/1019/713 861/1031/713
f 950/954/712 879/1034/712 873/1034/712
f 947/950/712 878/1035/712 870/1035/712
f 822/1134/710 971/1112/710 821/1005/710
f 976/1104/713 823/1135/713 830/999/713
f 980/1094/713 826/988/713 837/995/713
f 978/1099/713 827/978/713 833/994/713
f 983/1086/713 828/968/713 844/993/713
f 979/1096/713 830/999/713 835/990/713
f 973/1102/713 831/983/713 826/988/713
f 977/1100/713 833/994/713 831/983/713
f 974/1097/713 835/990/713 827/978/713
f 982/1089/713 837/995/713 842/976/713
f 971/1092/713 840/963/713 821/971/713
f 975/1090/713 842/976/713 828/968/713
f 981/1087/713 844/993/713 840/963/713
f 993/956/712 849/953/712 841/953/712
f 990/959/712 848/949/712 836/949/712
f 899/1136/712 985/1003/712 882/1061/712
f 987/992/714 899/1137/714 884/1063/714
f 991/975/714 883/1070/714 888/1066/714
f 990/959/714 884/1063/714 887/1069/714
f 986/987/714 885/1072/714 883/1070/714
f 988/982/714 886/1080/714 885/1072/714
f 994/962/710 897/1074/710 891/1074/710
f 993/956/714 888/1066/714 890/1076/714
f 984/974/714 889/1078/714 881/1138/714
f 992/967/714 891/1074/714 889/1078/714
f 997/952/714 892/1083/714 894/1080/714
f 1000/962/714 893/1084/714 897/1074/714
f 995/960/714 895/1069/714 892/1083/714
f 996/957/714 896/1076/714 893/1084/714
f 989/952/710 894/1080/710 886/1080/710
f 1006/1073/710 809/888/710 786/888/710
f 1013/1082/714 819/884/714 816/947/714
f 1012/1081/714 818/896/714 810/895/714
f 1017/1075/714 816/947/714 815/890/714
f 1014/1073/714 810/895/714 809/888/714
f 1009/1079/714 806/890/714 800/940/714
f 764/932/714 1009/1079/714 800/940/714
f 1010/946/714 794/875/714 804/884/714
f 806/890/710 1017/1075/710 815/890/710
f 1005/1071/714 786/888/714 784/915/714
f 1003/1067/714 784/915/714 768/907/714
f 1007/948/714 778/858/714 792/896/714
f 1008/1068/714 768/907/714 794/875/714
f 1004/1065/714 762/1139/714 778/858/714
f 762/1139/712 1002/1062/712 761/859/712
f 1007/948/712 895/1069/712 887/1069/712
f 1010/946/712 896/1076/712 890/1076/712
f 1028/930/713 910/1105/713 908/1085/713
f 1022/893/713 909/1093/713 902/1088/713
f 1018/931/713 908/1085/713 898/1091/713
f 1029/924/713 907/1107/713 909/1093/713
f 1021/886/713 906/1103/713 901/1095/713
f 1024/909/713 905/1106/713 904/1098/713
f 1020/873/713 904/1098/713 900/1101/713
f 1026/906/713 903/1108/713 906/1103/713
f 1030/894/713 902/1088/713 910/1105/713
f 1025/887/713 901/1095/713 905/1106/713
f 1027/874/713 900/1101/713 907/1107/713
f 903/1108/713 1002/865/713 882/1140/713
f 881/1141/728 1018/857/728 898/1111/728
f 797/852/709 760/1126/709 759/853/709
f 1001/855/710 764/932/710 763/856/710
f 778/858/711 762/1139/711 761/859/711
f 912/861/712 758/1142/712 757/862/712
f 1023/864/713 780/860/713 761/859/713
f 927/866/714 779/1143/714 758/867/714
f 795/869/714 766/910/714 926/870/714
f 796/872/713 767/876/713 1020/873/713
f 794/875/715 768/907/715 767/876/715
f 781/877/716 766/921/716 765/878/716
f 789/880/717 771/914/717 769/881/717
f 776/883/715 816/947/715 819/884/715
f 788/885/713 772/889/713 1021/886/713
f 786/888/715 770/895/715 772/889/715
f 806/890/718 776/883/718 774/891/718
f 808/892/713 774/891/713 1022/893/713
f 770/895/715 810/895/715 818/896/715
f 801/897/716 773/938/716 775/898/716
f 758/900/720 779/920/720 777/901/720
f 789/903/714 779/1143/714 927/866/714
f 790/905/713 780/860/713 1023/864/713
f 792/896/715 778/858/715 780/860/715
f 768/907/715 784/915/715 782/908/715
f 767/876/713 782/908/713 1024/909/713
f 766/910/714 781/916/714 928/911/714
f 787/912/716 781/877/716 783/879/716
f 771/914/716 787/912/716 785/913/716
f 784/915/715 786/888/715 788/885/715
f 782/908/713 788/885/713 1025/887/713
f 781/916/714 787/941/714 929/917/714
f 770/895/721 792/896/721 790/905/721
f 1021/886/713 772/889/713 790/905/713
f 807/918/710 820/918/710 940/919/710
f 779/920/716 789/880/716 791/882/716
f 766/921/716 795/937/716 793/922/716
f 804/884/715 794/875/715 796/872/715
f 802/923/713 796/872/713 1027/874/713
f 801/925/714 795/869/714 931/871/714
f 760/927/714 797/939/714 932/928/714
f 763/856/713 798/933/713 1028/930/713
f 764/932/722 800/940/722 798/933/722
f 807/934/716 797/852/716 799/854/716
f 771/914/729 789/880/729 811/880/729
f 774/891/713 802/923/713 1029/924/713
f 776/883/715 804/884/715 802/923/715
f 795/937/716 801/897/716 803/899/716
f 773/938/723 807/934/723 805/935/723
f 797/939/714 807/918/714 934/919/714
f 798/933/713 808/892/713 1030/894/713
f 800/940/715 806/890/715 808/892/715
f 817/941/714 812/944/714 935/942/714
f 820/918/714 814/945/714 936/943/714
f 812/944/714 811/903/714 938/904/714
f 814/945/714 813/925/714 939/926/714
f 773/938/716 814/938/716 820/934/716
f 804/884/712 819/884/712 1016/946/712
f 771/914/716 812/936/716 817/912/716
f 776/883/730 806/890/730 815/890/730
f 786/888/715 809/888/715 810/895/715
f 801/897/716 813/897/716 814/938/716
f 787/941/710 817/941/710 937/917/710
f 792/896/712 818/896/712 1015/948/712
f 836/949/712 848/949/712 955/950/712
f 834/951/710 847/951/710 997/952/710
f 841/953/712 849/953/712 956/954/712
f 846/955/714 849/953/714 999/956/714
f 845/958/714 848/949/714 998/959/714
f 850/961/714 846/955/714 996/957/714
f 847/951/714 845/958/714 995/960/714
f 840/963/713 844/993/713 970/964/713
f 839/966/714 843/961/714 994/962/714
f 828/968/713 842/976/713 969/969/713
f 821/971/713 840/963/713 968/965/713
f 822/973/714 839/966/714 992/967/714
f 841/953/714 838/996/714 991/975/714
f 842/976/713 837/995/713 967/977/713
f 843/961/710 850/961/710 1000/962/710
f 827/978/713 835/990/713 966/979/713
f 832/981/714 834/951/714 989/952/714
f 831/983/713 833/994/713 965/984/713
f 825/986/714 832/981/714 988/982/714
f 826/988/713 831/983/713 964/985/713
f 835/990/713 830/999/713 963/991/713
f 836/949/714 829/997/714 987/992/714
f 844/993/713 828/968/713 962/970/713
f 833/994/713 827/978/713 961/980/713
f 837/995/713 826/988/713 960/989/713
f 838/996/714 825/986/714 986/987/714
f 829/997/714 824/1130/714 972/998/714
f 830/999/713 823/1135/713 942/1000/713
f 972/1001/712 824/1129/712 823/1002/712
f 941/1004/710 822/1134/710 821/1005/710
f 924/1007/725 864/1131/725 851/1008/725
f 856/1010/713 865/1132/713 925/1011/713
f 860/1013/713 853/1024/713 913/1014/713
f 858/1016/713 854/1027/713 914/1017/713
f 863/1019/713 855/1033/713 915/1020/713
f 859/1022/713 856/1010/713 916/1012/713
f 853/1024/713 857/1026/713 917/1025/713
f 857/1026/713 858/1016/713 918/1018/713
f 854/1027/713 859/1022/713 919/1023/713
f 862/1028/713 860/1013/713 920/1015/713
f 911/1030/713 851/1133/713 861/1031/713
f 855/1033/713 862/1028/713 922/1029/713
f 861/1031/713 863/1019/713 923/1021/713
f 873/1034/712 879/1034/712 939/926/712
f 870/1035/712 878/1035/712 938/904/712
f 869/1036/710 877/1036/710 954/1037/710
f 876/1038/714 879/1034/714 956/954/714
f 875/1040/714 878/1035/714 955/950/714
f 880/1042/714 876/1038/714 953/1039/714
f 877/1036/714 875/1040/714 952/1041/714
f 872/1044/714 874/1042/714 951/1043/714
f 864/1046/714 872/1044/714 949/1045/714
f 873/1034/714 871/1054/714 948/1048/714
f 874/1042/710 880/1042/710 957/1043/710
f 868/1049/714 869/1036/714 946/1037/714
f 866/1051/714 868/1049/714 945/1050/714
f 870/1035/714 867/1055/714 944/1053/714
f 871/1054/714 866/1051/714 943/1052/714
f 867/1055/714 852/1127/714 959/1056/714
f 959/1057/712 852/1128/712 865/1058/712
f 1019/1060/726 899/1136/726 882/1061/726
f 884/1063/714 899/1137/714 1019/1064/714
f 888/1066/714 883/1070/714 1003/1067/714
f 887/1069/714 884/1063/714 1004/1065/714
f 883/1070/714 885/1072/714 1005/1071/714
f 885/1072/714 886/1080/714 1006/1073/714
f 891/1074/710 897/1074/710 1017/1075/710
f 890/1076/714 888/1066/714 1008/1068/714
f 1001/1077/714 881/1138/714 889/1078/714
f 889/1078/714 891/1074/714 1011/1075/714
f 894/1080/714 892/1083/714 1012/1081/714
f 897/1074/714 893/1084/714 1013/1082/714
f 892/1083/714 895/1069/714 1015/948/714
f 893/1084/714 896/1076/714 1016/946/714
f 886/1080/710 894/1080/710 1014/1073/710
f 887/1069/712 895/1069/712 998/959/712
f 890/1076/712 896/1076/712 999/956/712
f 908/1085/713 910/1105/713 983/1086/713
f 902/1088/713 909/1093/713 982/1089/713
f 898/1091/713 908/1085/713 981/1087/713
f 909/1093/713 907/1107/713 980/1094/713
f 901/1095/713 906/1103/713 979/1096/713
f 904/1098/713 905/1106/713 978/1099/713
f 900/1101/713 904/1098/713 977/1100/713
f 906/1103/713 903/1108/713 976/1104/713
f 910/1105/713 902/1088/713 975/1090/713
f 905/1106/713 901/1095/713 974/1097/713
f 907/1107/713 900/1101/713 973/1102/713
f 903/1108/713 882/1140/713 985/1109/713
f 984/1110/710 881/1141/710 898/1111/710
f 789/903/712 930/904/712 938/904/712
f 933/926/712 939/926/712 813/925/712
f 921/1032/713 923/1021/713 805/1113/713
f 915/1020/713 922/1029/713 803/1115/713
f 759/1117/713 911/1030/713 921/1032/713
f 922/1029/713 920/1015/713 793/1118/713
f 914/1017/713 919/1023/713 791/1119/713
f 917/1025/713 918/1018/713 785/1121/713
f 913/1014/713 917/1025/713 783/1122/713
f 919/1023/713 916/1012/713 777/1124/713
f 805/1113/713 923/1021/713 915/1020/713
f 918/1018/713 914/1017/713 769/1120/713
f 920/1015/713 913/1014/713 765/1123/713
f 916/1012/713 925/1011/713 757/1125/713
f 760/1126/710 924/1007/710 911/1009/710
f 929/917/710 937/917/710 877/1036/710
f 936/943/714 939/926/714 879/1034/714
f 935/942/714 938/904/714 878/1035/714
f 940/919/714 936/943/714 876/1038/714
f 937/917/714 935/942/714 875/1040/714
f 932/928/714 934/919/714 874/1042/714
f 924/929/714 932/928/714 872/1044/714
f 933/926/714 931/871/714 871/1054/714
f 934/919/710 940/919/710 880/1042/710
f 928/911/714 929/917/714 869/1036/714
f 926/870/714 928/911/714 868/1049/714
f 930/904/714 927/866/714 867/1055/714
f 931/871/714 926/870/714 866/1051/714
f 867/1055/714 927/866/714 912/868/714
f 852/1128/727 912/861/727 925/863/727
f 824/1129/712 959/1057/712 942/1059/712
f 944/1053/714 959/1056/714 824/1130/714
f 948/1048/714 943/1052/714 825/986/714
f 947/950/714 944/1053/714 829/997/714
f 943/1052/714 945/1050/714 832/981/714
f 945/1050/714 946/1037/714 834/951/714
f 951/1043/710 957/1043/710 850/961/710
f 950/954/714 948/1048/714 838/996/714
f 941/1047/714 949/1045/714 839/966/714
f 949/1045/714 951/1043/714 843/961/714
f 954/1037/714 952/1041/714 845/958/714
f 957/1043/714 953/1039/714 846/955/714
f 952/1041/714 955/950/714 848/949/714
f 953/1039/714 956/954/714 849/953/714
f 946/1037/710 954/1037/710 847/951/710
f 864/1131/710 941/1004/710 958/1006/710
f 963/991/713 942/1000/713 865/1132/713
f 967/977/713 960/989/713 853/1024/713
f 965/984/713 961/980/713 854/1027/713
f 970/964/713 962/970/713 855/1033/713
f 966/979/713 963/991/713 856/1010/713
f 960/989/713 964/985/713 857/1026/713
f 964/985/713 965/984/713 858/1016/713
f 961/980/713 966/979/713 859/1022/713
f 969/969/713 967/977/713 860/1013/713
f 958/972/713 968/965/713 861/1031/713
f 962/970/713 969/969/713 862/1028/713
f 968/965/713 970/964/713 863/1019/713
f 950/954/712 956/954/712 879/1034/712
f 947/950/712 955/950/712 878/1035/712
f 822/1134/710 984/1110/710 971/1112/710
f 976/1104/713 985/1109/713 823/1135/713
f 980/1094/713 973/1102/713 826/988/713
f 978/1099/713 974/1097/713 827/978/713
f 983/1086/713 975/1090/713 828/968/713
f 979/1096/713 976/1104/713 830/999/713
f 973/1102/713 977/1100/713 831/983/713
f 977/1100/713 978/1099/713 833/994/713
f 974/1097/713 979/1096/713 835/990/713
f 982/1089/713 980/1094/713 837/995/713
f 971/1092/713 981/1087/713 840/963/713
f 975/1090/713 982/1089/713 842/976/713
f 981/1087/713 983/1086/713 844/993/713
f 993/956/712 999/956/712 849/953/712
f 990/959/712 998/959/712 848/949/712
f 899/1136/712 972/1001/712 985/1003/712
f 987/992/714 972/998/714 899/1137/714
f 991/975/714 986/987/714 883/1070/714
f 990/959/714 987/992/714 884/1063/714
f 986/987/714 988/982/714 885/1072/714
f 988/982/714 989/952/714 886/1080/714
f 994/962/710 1000/962/710 897/1074/710
f 993/956/714 991/975/714 888/1066/714
f 984/974/714 992/967/714 889/1078/714
f 992/967/714 994/962/714 891/1074/714
f 997/952/714 995/960/714 892/1083/714
f 1000/962/714 996/957/714 893/1084/714
f 995/960/714 998/959/714 895/1069/714
f 996/957/714 999/956/714 896/1076/714
f 989/952/710 997/952/710 894/1080/710
f 1006/1073/710 1014/1073/710 809/888/710
f 1013/1082/714 1016/946/714 819/884/714
f 1012/1081/714 1015/948/714 818/896/714
f 1017/1075/714 1013/1082/714 816/947/714
f 1014/1073/714 1012/1081/714 810/895/714
f 1009/1079/714 1011/1075/714 806/890/714
f 764/932/714 1001/1077/714 1009/1079/714
f 1010/946/714 1008/1068/714 794/875/714
f 806/890/710 1011/1075/710 1017/1075/710
f 1005/1071/714 1006/1073/714 786/888/714
f 1003/1067/714 1005/1071/714 784/915/714
f 1007/948/714 1004/1065/714 778/858/714
f 1008/1068/714 1003/1067/714 768/907/714
f 1004/1065/714 1019/1064/714 762/1139/714
f 762/1139/712 1019/1060/712 1002/1062/712
f 1007/948/712 1015/948/712 895/1069/712
f 1010/946/712 1016/946/712 896/1076/712
f 1028/930/713 1030/894/713 910/1105/713
f 1022/893/713 1029/924/713 909/1093/713
f 1018/931/713 1028/930/713 908/1085/713
f 1029/924/713 1027/874/713 907/1107/713
f 1021/886/713 1026/906/713 906/1103/713
f 1024/909/713 1025/887/713 905/1106/713
f 1020/873/713 1024/909/713 904/1098/713
f 1026/906/713 1023/864/713 903/1108/713
f 1030/894/713 1022/893/713 902/1088/713
f 1025/887/713 1021/886/713 901/1095/713
f 1027/874/713 1020/873/713 900/1101/713
f 903/1108/713 1023/864/713 1002/865/713
f 881/1141/728 1001/855/728 1018/857/728
o Cube.001
v 37.066124 42.542736 17.595003
v 37.243069 43.349163 16.857857
v 37.970707 43.679508 16.758514
v 37.243069 44.290470 16.023726
v 37.066124 44.569622 15.727767
v 36.714241 45.348591 14.943974
v 36.240685 46.161816 14.097478
v 35.663658 46.177380 13.930335
v 35.005337 46.158653 13.771960
v 34.291012 46.106369 13.628443
v 34.247910 46.200603 13.734787
v 34.920792 46.343502 13.980560
v 35.540913 46.445736 14.233173
v 36.084465 46.503372 14.482920
v 36.530540 45.750214 15.397202
v 36.862007 45.015888 16.231371
v 37.028828 44.758862 16.552303
v 37.714256 44.240204 17.391253
v 37.028828 43.817554 17.386433
v 36.862007 43.022945 18.136913
v 36.530540 42.840309 18.101351
v 36.084465 42.634247 18.018295
v 35.505428 42.405216 17.884026
v 34.895546 42.180428 17.720005
v 34.233788 41.957401 17.523531
v 34.164948 42.049313 17.627251
v 34.760517 42.360714 17.923458
v 35.309395 42.666950 18.179392
v 35.830772 42.972969 18.400539
v 36.232231 43.238605 18.550825
v 36.530540 43.465508 18.636343
v 36.680927 44.249226 17.873569
v 37.297794 44.756943 17.974386
v 36.680927 45.190533 17.039440
v 36.530540 45.427162 16.695492
v 36.232231 46.120354 15.814902
v 35.830772 46.818153 14.838146
v 35.341591 46.693058 14.512272
v 34.783489 46.513859 14.172808
v 34.177917 46.287453 13.832795
v 34.083717 46.363571 13.918695
v 34.598717 46.663177 14.341311
v 35.073345 46.909836 14.756904
v 35.489361 47.094059 15.149504
v 35.830772 46.444782 16.181017
v 36.084465 45.787651 17.102299
v 36.212734 45.568901 17.466421
v 36.737328 45.209869 18.485510
v 36.212734 44.627594 18.300552
v 36.084465 43.853420 19.074097
v 35.830772 43.587719 18.944792
v 35.489361 43.269863 18.735580
v 35.045586 42.896362 18.438280
v 34.578796 42.518738 18.101784
v 34.072308 42.129871 17.718161
v 33.959427 42.195984 17.792767
v 34.357376 42.648422 18.248133
v 34.724121 43.084641 18.650749
v 35.073345 43.513519 19.010544
v 35.341591 43.874226 19.268114
v 35.540913 44.171772 19.433352
v 35.642227 44.938107 18.650963
v 36.054405 45.581573 18.904976
v 35.642227 45.879414 17.816832
v 35.540913 46.083496 17.436155
v 35.341591 46.711037 16.481482
v 35.073345 47.320488 15.405027
v 34.746487 47.087738 14.957664
v 34.373573 46.785721 14.479599
v 33.968945 46.426048 13.989197
v 33.837990 46.472466 14.041582
v 34.116707 46.876778 14.582359
v 34.373573 47.219933 15.106846
v 34.598717 47.488739 15.594897
v 34.783489 46.908882 16.704748
v 34.920792 46.303329 17.684235
v 35.005337 46.139164 18.102436
v 35.275265 45.857777 19.216665
v 34.991352 45.168842 18.911346
v 34.920792 44.408325 19.700302
v 34.783489 44.087120 19.508364
v 34.598717 43.694572 19.214861
v 34.357376 43.224541 18.808626
v 34.104752 42.744789 18.356882
v 33.830643 42.245110 17.848206
v 33.690903 42.275360 17.882345
v 33.830643 42.804131 18.423849
v 33.959427 43.310688 18.905844
v 34.083721 43.806061 19.340677
v 34.177917 44.218220 19.656307
v 34.247910 44.553997 19.864689
v 34.285103 45.310925 19.071686
v 34.429844 46.027863 19.408607
v 34.291012 46.282875 18.264612
v 34.247910 46.438702 17.837004
v 34.177917 47.030716 16.842236
v 34.083721 47.592350 15.711819
v 33.968945 47.301338 15.198710
v 33.837990 46.932850 14.645637
v 33.695908 46.501053 14.073840
v 33.548138 47.328827 15.229733
v 33.548138 46.484409 17.888584
v 33.548138 46.331398 18.319370
v 33.550636 46.085289 19.473415
v 33.550636 45.358902 19.125828
v 33.548138 44.603188 19.920198
v 33.548138 44.262486 19.706263
v 33.548138 43.843708 19.383160
v 33.545582 43.339779 18.938671
v 33.545582 42.824169 18.446461
v 33.545582 42.285576 17.893873
v 36.714241 42.408131 17.613642
v 36.240685 42.266705 17.603531
v 35.626141 42.121216 17.563534
v 34.978695 41.984806 17.499249
v 34.276176 41.857674 17.410988
v 37.135040 42.043331 17.031431
v 37.315407 42.862053 16.308159
v 38.057304 43.096405 16.100489
v 37.355976 43.805984 15.469471
v 37.135040 44.105526 15.204038
v 36.776268 44.930912 14.472630
v 36.293438 45.806614 13.696635
v 35.705109 45.898296 13.615392
v 35.033886 45.966415 13.555026
v 34.305565 46.008369 13.517852
v 36.776268 41.958683 17.106443
v 36.293438 41.884483 17.172194
v 35.705109 41.823593 17.226151
v 35.006771 41.781364 17.269669
v 34.290489 41.753963 17.293951
v 37.066124 41.543926 16.467859
v 37.243069 42.374939 15.758457
v 37.970707 42.513302 15.442463
v 37.282810 43.313301 14.913483
v 37.066124 43.641426 14.680307
v 36.714241 44.513233 14.001284
v 36.240685 45.451408 13.295792
v 35.663658 45.619213 13.300448
v 35.005337 45.774181 13.338091
v 34.291012 45.910366 13.407257
v 36.714241 41.509232 16.599243
v 36.240685 41.502258 16.740858
v 35.663658 41.523281 16.887251
v 34.978695 41.577927 17.040087
v 34.276176 41.650246 17.176910
v 36.862007 41.063717 15.925947
v 37.028828 41.906548 15.229883
v 37.714256 41.952606 14.809725
v 37.066124 42.839554 14.378860
v 36.862007 43.195168 14.176707
v 36.530540 44.111610 13.548056
v 36.084465 45.109856 12.910351
v 35.540913 45.350853 12.997610
v 34.920792 45.589333 13.129492
v 34.247910 45.816132 13.300917
v 36.530540 41.077053 16.111534
v 36.084465 41.134716 16.326092
v 35.540913 41.234505 16.561373
v 34.895546 41.382301 16.819326
v 34.233788 41.550522 17.064371
v 36.530540 40.621155 15.426519
v 36.680927 41.474873 14.742743
v 37.297791 41.435871 14.226592
v 36.714241 42.402943 13.886152
v 36.530540 42.783890 13.712584
v 36.232227 43.741470 13.130356
v 35.830772 44.795074 12.555123
v 35.341591 45.103535 12.718512
v 34.783489 45.418976 12.937244
v 34.177917 45.729282 13.202909
v 36.232227 40.678757 15.662061
v 35.830772 40.795994 15.943848
v 35.341591 40.968372 16.261044
v 34.783489 41.189255 16.601469
v 34.164948 41.458611 16.960651
v 36.084465 40.233242 14.988764
v 36.212734 41.096512 14.315765
v 36.737328 40.982941 13.715467
v 36.240685 42.020252 13.454288
v 36.084465 42.423401 13.305776
v 35.830769 43.417038 12.764236
v 35.489361 44.519169 12.243767
v 35.073341 44.886757 12.473880
v 34.598717 45.269657 12.768742
v 34.083717 45.653164 13.117008
v 35.830769 40.329647 15.268093
v 35.489361 40.499100 15.608807
v 35.073341 40.735107 15.997805
v 34.598717 41.028580 16.420145
v 34.072308 41.378052 16.869741
v 35.540913 39.914894 14.629509
v 35.642227 40.785995 13.965350
v 36.054405 40.611237 13.296002
v 35.663658 41.706181 13.099864
v 35.540913 42.127556 12.971919
v 35.341591 43.150787 12.463777
v 35.073345 44.292736 11.988243
v 34.746487 44.708855 12.273119
v 34.373573 45.147118 12.630453
v 33.968945 45.590691 13.046507
v 35.341591 40.043137 14.944771
v 35.073345 40.255447 15.333844
v 34.746487 40.543667 15.781769
v 34.373573 40.896713 16.271339
v 33.959427 41.311935 16.795132
v 34.920792 39.678337 14.362560
v 34.991352 40.555264 13.704970
v 35.275257 40.335033 12.984312
v 35.005337 41.472809 12.836506
v 34.920792 41.907722 12.723839
v 34.783489 42.952942 12.240511
v 34.598717 44.124485 11.798373
v 34.373573 44.576660 12.123938
v 34.116707 45.056061 12.527696
v 33.837990 45.544270 12.994122
v 34.783489 39.830242 14.704521
v 34.598717 40.074394 15.129528
v 34.373573 40.401417 15.621239
v 34.104752 40.817940 16.182453
v 33.830643 41.262810 16.739693
v 34.247910 39.532669 14.198173
v 34.285103 40.413181 13.544632
v 34.429836 40.164951 12.792374
v 34.291012 41.329098 12.674330
v 34.247910 41.772350 12.571072
v 34.177917 42.831112 12.103026
v 34.083717 44.020878 11.681452
v 33.968945 44.495255 12.032073
v 33.837990 44.999985 12.464416
v 33.695908 45.515686 12.961864
v 34.177917 39.699142 14.556578
v 34.083717 39.962902 15.003710
v 33.968945 40.313820 15.522387
v 33.830643 40.758598 16.115486
v 33.690903 41.232559 16.705553
v 33.548138 39.483482 14.142667
v 33.550636 40.365200 13.490489
v 33.550629 40.107521 12.727563
v 33.548138 41.280575 12.619571
v 33.548138 41.726639 12.519491
v 33.548138 42.789974 12.056602
v 33.548138 43.985893 11.641972
v 33.548138 44.467766 12.001055
v 33.548138 44.981049 12.443048
v 33.548138 45.506031 12.950972
v 33.548138 39.654877 14.506622
v 33.548138 39.925255 14.961227
v 33.548138 40.284241 15.489007
v 33.545578 40.738564 16.092875
v 33.545582 41.222347 16.694029
v 32.848366 39.532669 14.198173
v 32.816162 40.413181 13.544632
v 32.671429 40.164951 12.792374
v 32.805264 41.329098 12.674330
v 32.848366 41.772350 12.571072
v 32.918358 42.831112 12.103026
v 33.012558 44.020878 11.681452
v 33.127331 44.495255 12.032073
v 33.258286 44.999985 12.464416
v 33.400375 45.515686 12.961864
v 32.918358 39.699142 14.556578
v 33.012558 39.962902 15.003710
v 33.127331 40.313820 15.522387
v 33.260517 40.758598 16.115486
v 33.400257 41.232559 16.705553
v 32.175491 39.678337 14.362560
v 32.109921 40.555264 13.704970
v 31.826006 40.335033 12.984312
v 32.090939 41.472809 12.836506
v 32.175491 41.907722 12.723839
v 32.312786 42.952942 12.240511
v 32.497559 44.124485 11.798373
v 32.722702 44.576660 12.123938
v 32.979568 45.056061 12.527696
v 33.258286 45.544270 12.994122
v 32.312786 39.830242 14.704521
v 32.497559 40.074394 15.129528
v 32.722702 40.401417 15.621239
v 32.986408 40.817940 16.182453
v 33.260517 41.262810 16.739693
v 31.555361 39.914894 14.629509
v 31.459036 40.785999 13.965354
v 31.046860 40.611240 13.296006
v 31.432617 41.706184 13.099868
v 31.555361 42.127556 12.971919
v 31.754684 43.150787 12.463777
v 32.022930 44.292736 11.988243
v 32.349789 44.708855 12.273119
v 32.722702 45.147118 12.630453
v 33.127331 45.590691 13.046507
v 31.754684 40.043137 14.944771
v 32.022930 40.255447 15.333844
v 32.349789 40.543667 15.781769
v 32.733784 40.914307 16.291199
v 33.131733 41.311935 16.795132
v 31.011812 40.233242 14.988764
v 30.888538 41.096512 14.315765
v 30.363935 40.982944 13.715472
v 30.855589 42.020252 13.454288
v 31.011812 42.423401 13.305776
v 31.265509 43.417042 12.764241
v 31.606916 44.519169 12.243767
v 32.022934 44.886761 12.473885
v 32.497559 45.269657 12.768742
v 33.012558 45.653164 13.117008
v 31.265509 40.329647 15.268093
v 31.606916 40.499100 15.608807
v 32.045578 40.755363 16.022186
v 32.512360 41.043991 16.437548
v 33.018848 41.378052 16.869741
v 30.565737 40.621155 15.426519
v 30.420338 41.474876 14.742746
v 29.803474 41.435871 14.226592
v 30.382038 42.402943 13.886152
v 30.565737 42.783890 13.712584
v 30.864048 43.741470 13.130356
v 31.265509 44.795074 12.555123
v 31.754684 45.103535 12.718512
v 32.312786 45.418976 12.937244
v 32.918358 45.729282 13.202909
v 30.864048 40.678757 15.662061
v 31.265509 40.795994 15.943848
v 31.781763 40.984779 16.281078
v 32.330639 41.202015 16.615877
v 32.926212 41.458611 16.960651
v 30.234270 41.063717 15.925947
v 30.072435 41.906548 15.229883
v 29.387016 41.952610 14.809729
v 30.030151 42.839554 14.378860
v 30.234270 43.195168 14.176707
v 30.565737 44.111610 13.548056
v 31.011812 45.109856 12.910351
v 31.555361 45.350853 12.997610
v 32.175491 45.589333 13.129492
v 32.848366 45.816132 13.300917
v 30.565737 41.077053 16.111534
v 31.011812 41.134716 16.326092
v 31.585732 41.246513 16.576445
v 32.195614 41.382301 16.819326
v 32.857372 41.550522 17.064371
v 30.030151 41.543926 16.467859
v 29.858202 42.374939 15.758457
v 29.130562 42.513302 15.442463
v 29.813463 43.313301 14.913483
v 30.030151 43.641426 14.680307
v 30.382038 44.513237 14.001287
v 30.855589 45.451408 13.295792
v 31.432617 45.619217 13.300452
v 32.090939 45.774181 13.338091
v 32.805264 45.910370 13.407261
v 33.548138 46.022533 13.505300
v 30.382038 41.509232 16.599243
v 30.855589 41.502258 16.740858
v 31.465019 41.530514 16.896935
v 32.112465 41.577927 17.040087
v 32.814983 41.650246 17.176910
v 29.961233 42.043331 17.031431
v 29.785862 42.862053 16.308159
v 29.043964 43.096405 16.100489
v 29.740299 43.805984 15.469471
v 29.961233 44.105526 15.204038
v 30.320011 44.930912 14.472630
v 30.802839 45.806614 13.696635
v 31.391174 45.898296 13.615392
v 32.062389 45.966415 13.555026
v 32.790710 46.008369 13.517852
v 30.320011 41.958683 17.106443
v 30.802839 41.884483 17.172194
v 31.424259 41.825867 17.230234
v 32.084389 41.781364 17.269669
v 32.800667 41.753963 17.293951
v 30.030151 42.542736 17.595003
v 29.858202 43.349167 16.857861
v 29.130562 43.679508 16.758514
v 29.813469 44.298672 16.025459
v 30.030151 44.569622 15.727767
v 30.382038 45.348591 14.943974
v 30.855589 46.161816 14.097478
v 31.432617 46.177380 13.930335
v 32.090939 46.158653 13.771960
v 32.805264 46.106369 13.628443
v 30.382038 42.408131 17.613642
v 30.855589 42.266705 17.603531
v 31.465019 42.121216 17.563534
v 32.112465 41.984806 17.499249
v 32.814983 41.857674 17.410988
v 30.234270 43.022945 18.136913
v 30.072435 43.817554 17.386433
v 29.387016 44.240204 17.391253
v 30.030157 44.772419 16.560081
v 30.234270 45.015884 16.231367
v 30.565737 45.750214 15.397202
v 31.011812 46.503372 14.482920
v 31.555361 46.445736 14.233173
v 32.175491 46.343502 13.980560
v 32.848366 46.200603 13.734787
v 30.565737 42.840309 18.101351
v 31.011812 42.634247 18.018295
v 31.585732 42.405216 17.884026
v 32.195614 42.180428 17.720005
v 32.857372 41.957401 17.523531
v 33.545582 41.744709 17.302151
v 30.565737 43.465508 18.636343
v 30.420341 44.249226 17.873569
v 29.803480 44.756943 17.974386
v 30.382038 45.209030 17.052790
v 30.565737 45.427162 16.695492
v 30.864048 46.120354 15.814902
v 31.265509 46.818153 14.838146
v 31.754684 46.693058 14.512272
v 32.312786 46.513859 14.172808
v 32.918365 46.287453 13.832795
v 30.864048 43.238605 18.550825
v 31.265509 42.972969 18.400539
v 31.781767 42.666950 18.179392
v 32.330639 42.360714 17.923458
v 32.926212 42.049313 17.627251
v 31.011812 43.853420 19.074097
v 30.888538 44.627594 18.300552
v 30.363941 45.209866 18.485506
v 30.855589 45.591721 17.484655
v 31.011812 45.787651 17.102299
v 31.265509 46.444782 16.181017
v 31.606916 47.094059 15.149504
v 32.022934 46.909832 14.756899
v 32.497559 46.663177 14.341311
v 33.012558 46.363571 13.918695
v 31.265509 43.587719 18.944792
v 31.606916 43.269863 18.735580
v 32.045578 42.896362 18.438280
v 32.512360 42.518738 18.101784
v 33.018848 42.129871 17.718161
v 31.555361 44.171772 19.433352
v 31.459042 44.938107 18.650963
v 31.046864 45.581570 18.904972
v 31.432617 45.905788 17.839073
v 31.555361 46.083496 17.436155
v 31.754684 46.711037 16.481482
v 32.022934 47.320484 15.405024
v 32.349796 47.087738 14.957664
v 32.722702 46.785721 14.479599
v 33.127331 46.426048 13.989197
v 31.754684 43.874226 19.268114
v 32.022934 43.513519 19.010544
v 32.367035 43.084641 18.650749
v 32.733784 42.648422 18.248133
v 33.131733 42.195984 17.792767
v 32.175491 44.408325 19.700302
v 32.109921 45.168839 18.911343
v 31.826006 45.857773 19.216661
v 32.090946 46.139164 18.102436
v 32.175491 46.303329 17.684235
v 32.312786 46.908882 16.704748
v 32.497559 47.488739 15.594897
v 32.722706 47.219933 15.106846
v 32.979568 46.876778 14.582355
v 33.258286 46.472466 14.041582
v 32.312786 44.087120 19.508364
v 32.497559 43.694572 19.214861
v 32.733784 43.224537 18.808622
v 32.986408 42.744789 18.356882
v 33.260517 42.245110 17.848206
v 32.848366 44.553997 19.864689
v 32.816162 45.310925 19.071686
v 32.671429 46.027859 19.408604
v 32.805264 46.282871 18.264608
v 32.848366 46.438702 17.837004
v 32.918365 47.030712 16.842232
v 33.012558 47.592350 15.711819
v 33.127338 47.301338 15.198710
v 33.258286 46.932850 14.645637
v 33.400375 46.501053 14.073840
v 32.918365 44.218220 19.656307
v 33.012558 43.806061 19.340677
v 33.131733 43.310688 18.905844
v 33.260517 42.804131 18.423849
v 33.400257 42.275360 17.882345
v 33.548138 47.071850 16.888657
v 33.548138 47.627335 15.751299
v 33.548138 46.951786 14.667003
v 33.548138 46.510704 14.084732
vn 0.0862 -0.7294 0.6786
vn 0.0911 -0.7372 0.6695
vn 0.0794 -0.7192 0.6902
vn 0.1292 0.7676 -0.6278
vn 0.9468 0.2924 -0.1345
vn 0.7769 0.5439 -0.3171
vn 0.1344 0.7504 -0.6472
vn 0.0163 -0.7463 0.6654
vn 0.0103 -0.7555 0.6550
vn 0.0166 -0.7483 0.6631
vn 0.9104 0.4137 0.0024
vn 0.2667 -0.6266 0.7323
vn 0.1191 0.7838 -0.6095
vn 0.0160 -0.7453 0.6665
vn 0.0245 0.7482 -0.6630
vn 0.0240 0.7530 -0.6576
vn 0.0245 0.7514 -0.6594
vn 0.1783 -0.6747 0.7162
vn 0.0453 -0.7327 0.6790
vn 0.0452 -0.7325 0.6792
vn 0.0395 -0.7274 0.6851
vn 0.0738 0.7611 -0.6444
vn 0.0753 0.7562 -0.6501
vn 0.1256 -0.7185 0.6840
vn 0.1960 0.7720 -0.6047
vn 0.0509 -0.7444 0.6658
vn 0.0511 -0.7475 0.6623
vn 0.0490 -0.7383 0.6727
vn 0.1293 -0.7289 0.6723
vn 0.1368 -0.7328 0.6666
vn 0.1370 -0.7330 0.6663
vn 0.1806 0.7966 -0.5769
vn 0.1583 0.8187 -0.5519
vn 0.7064 0.6883 0.1647
vn 0.1564 -0.6547 0.7395
vn 0.7707 0.3622 0.5241
vn 0.2340 -0.5969 0.7674
vn 0.1044 0.7984 -0.5930
vn 0.6090 0.7924 -0.0343
vn 0.6090 0.7924 -0.0344
vn 0.3443 -0.5670 0.7483
vn 0.0796 -0.7195 0.6900
vn 0.0694 -0.7102 0.7006
vn 0.9206 0.3445 -0.1841
vn 0.2011 -0.7208 0.6633
vn 0.8390 0.5280 0.1314
vn 0.8757 0.2215 0.4291
vn 0.2038 0.7459 -0.6341
vn 0.0092 -0.7398 0.6728
vn 0.0044 -0.7385 0.6743
vn 0.0117 -0.7411 0.6713
vn 0.4998 0.8648 0.0474
vn 0.6341 0.4914 0.5970
vn 0.0837 -0.6796 0.7288
vn 0.5868 0.7586 0.2832
vn 0.2891 -0.6598 0.6936
vn 0.0250 0.7482 -0.6630
vn 0.8158 0.5735 0.0744
vn 0.0138 -0.7426 0.6696
vn 0.0147 -0.7435 0.6686
vn 0.9463 0.0790 0.3136
vn 0.4361 0.8254 0.3586
vn 0.0636 0.8205 -0.5680
vn 0.0063 -0.7389 0.6738
vn 0.0572 -0.7027 0.7092
vn 0.0326 -0.7232 0.6899
vn 0.0324 -0.7231 0.6900
vn 0.0241 -0.7197 0.6939
vn -0.0000 -0.7161 0.6980
vn 0.0050 -0.7162 0.6979
vn 0.4309 0.8381 0.3346
vn 0.0016 -0.7381 0.6747
vn 0.0032 -0.7383 0.6745
vn 0.4113 0.9068 0.0924
vn 0.0932 0.8585 0.5043
vn 0.0298 -0.5315 0.8465
vn 0.0262 -0.6926 0.7209
vn 0.4713 0.5988 0.6475
vn 0.0149 -0.7174 0.6965
vn 0.0148 -0.7173 0.6966
vn 0.2544 0.9166 0.3084
vn 0.0224 0.7951 -0.6060
vn 0.0294 0.7932 -0.6082
vn 0.0076 0.7971 -0.6038
vn 0.1133 -0.4412 0.8902
vn 0.0623 -0.6707 0.7391
vn 0.0588 -0.6154 0.7860
vn 0.0384 -0.6646 0.7462
vn 0.2339 0.9546 0.1844
vn 0.1934 -0.6970 0.6905
vn 0.8852 0.4624 -0.0510
vn 0.3736 -0.6139 0.6954
vn 0.7539 0.6126 -0.2373
vn 0.0199 -0.6107 0.7916
vn 0.1430 -0.5520 0.8215
vn 0.0075 0.7972 -0.6037
vn -0.0075 0.7972 -0.6037
vn 0.0965 0.8523 -0.5140
vn 0.0907 0.8949 0.4370
vn 0.0132 0.8307 -0.5566
vn 0.2898 0.6760 0.6775
vn -0.0000 0.7645 -0.6447
vn 0.0049 0.7644 -0.6447
vn 0.0073 0.7641 -0.6450
vn 0.0882 -0.5385 0.8380
vn 0.0425 -0.6967 0.7161
vn 0.2685 0.8714 0.4106
vn 0.3886 -0.6636 0.6392
vn 0.3006 -0.6953 0.6529
vn 0.3005 -0.6953 0.6529
vn 0.0767 0.7462 -0.6613
vn 0.0491 -0.7383 0.6726
vn 0.8746 0.4796 -0.0705
vn 0.0867 -0.7373 0.6699
vn 0.0863 -0.7370 0.6704
vn 0.6948 0.7072 -0.1305
vn 0.7151 0.6735 0.1873
vn 0.9833 -0.0583 0.1725
vn 0.9821 -0.0573 0.1795
vn 0.9820 -0.0573 0.1800
vn 0.1284 -0.6378 0.7594
vn 0.9098 0.3628 -0.2017
vn 0.4485 0.7870 0.4237
vn 0.0364 0.7913 -0.6103
vn 0.0489 0.7858 -0.6166
vn 0.0594 0.8625 -0.5025
vn 0.0392 0.8273 -0.5604
vn 0.2762 0.8343 0.4771
vn 0.8060 0.5895 0.0532
vn 0.2477 -0.4889 0.8365
vn 0.0201 0.8677 -0.4966
vn 0.0859 0.9388 0.3335
vn 0.0088 -0.6905 0.7233
vn 0.0790 0.9750 0.2078
vn 0.1018 -0.6908 0.7159
vn 0.0173 0.7597 -0.6500
vn 0.0177 0.7599 -0.6498
vn 0.0208 0.7574 -0.6526
vn 0.0396 -0.7275 0.6849
vn 0.0221 0.7560 -0.6542
vn 0.0490 0.7858 -0.6166
vn 0.0597 0.7787 -0.6246
vn 0.1299 0.8376 -0.5307
vn 0.1923 -0.5717 0.7976
vn 0.6035 0.7183 0.3461
vn 0.0857 0.8108 -0.5790
vn 0.3018 -0.5248 0.7960
vn 0.5798 0.7722 0.2597
vn -0.0000 0.7648 -0.6443
vn 0.0383 -0.4313 0.9014
vn 0.0130 -0.6615 0.7499
vn 0.1046 0.7201 0.6860
vn 0.0983 0.7177 0.6894
vn 0.0977 0.7176 0.6896
vn 0.1159 -0.7039 0.7007
vn 0.0680 0.7703 -0.6340
vn 0.0697 -0.7103 0.7004
vn 0.7354 0.6308 0.2474
vn 0.1841 -0.4607 0.8683
vn 0.0243 -0.7197 0.6938
vn 0.0955 -0.6245 0.7752
vn 0.0118 0.7629 -0.6464
vn 0.0139 0.7620 -0.6475
vn 0.1344 0.7328 -0.6670
vn 0.8722 0.3034 -0.3836
vn 0.0753 0.7363 -0.6725
vn 0.2038 0.7193 -0.6642
vn 0.8019 0.3908 -0.4518
vn 0.3006 -0.7318 0.6117
vn 0.3005 -0.7318 0.6117
vn 0.2011 -0.7452 0.6358
vn 0.1370 -0.7496 0.6475
vn 0.9206 0.2242 -0.3198
vn 0.9821 -0.1849 0.0353
vn 0.9833 -0.1782 0.0371
vn 0.9820 -0.1854 0.0350
vn 0.9468 0.1687 -0.2741
vn 0.3886 -0.7144 0.5819
vn 0.0163 -0.7503 0.6609
vn 0.0245 0.7450 -0.6667
vn 0.0862 -0.7509 0.6548
vn 0.0863 -0.7508 0.6549
vn 0.0829 -0.7612 0.6432
vn 0.0509 -0.7505 0.6589
vn 0.0490 -0.7566 0.6520
vn 0.1317 -0.7660 0.6292
vn 0.8852 0.1062 -0.4529
vn 0.3736 -0.7642 0.5257
vn 0.9464 -0.3012 -0.1167
vn 0.0153 -0.7523 0.6587
vn 0.0240 0.7434 -0.6685
vn 0.1960 0.6931 -0.6936
vn 0.1960 0.6931 -0.6937
vn 0.0491 -0.7566 0.6521
vn 0.0460 -0.7610 0.6472
vn 0.9104 0.0474 -0.4110
vn 0.1292 0.7156 -0.6865
vn 0.0829 -0.7611 0.6433
vn 0.0772 -0.7696 0.6339
vn 0.0709 0.7267 -0.6832
vn 0.8387 0.1916 -0.5098
vn 0.2891 -0.7679 0.5716
vn 0.7713 0.2878 -0.5677
vn 0.1934 -0.7693 0.6089
vn 0.1191 0.6994 -0.7048
vn 0.0794 -0.7709 0.6320
vn 0.0795 -0.7717 0.6310
vn 0.0680 0.7221 -0.6885
vn 0.0597 0.7137 -0.6979
vn 0.7730 0.0864 -0.6286
vn 0.2667 -0.8023 0.5340
vn 0.7110 0.1908 -0.6768
vn 0.1783 -0.7922 0.5836
vn 0.1214 -0.7815 0.6120
vn 0.8158 -0.0049 -0.5783
vn 0.3443 -0.8111 0.4728
vn 0.8758 -0.3984 -0.2725
vn 0.0138 -0.7541 0.6567
vn 0.0173 0.7367 -0.6760
vn 0.0221 0.7403 -0.6719
vn 0.0208 0.7390 -0.6734
vn 0.1806 0.6685 -0.7214
vn 0.0454 -0.7606 0.6476
vn 0.0380 -0.7670 0.6405
vn 0.8390 -0.0669 -0.5399
vn 0.7151 -0.1049 -0.6911
vn 0.3018 -0.8533 0.4252
vn 0.7709 -0.4754 -0.4240
vn 0.0117 -0.7556 0.6549
vn 0.0177 0.7365 -0.6762
vn 0.1583 0.6464 -0.7464
vn 0.0383 -0.7668 0.6407
vn 0.0312 -0.7712 0.6358
vn 0.7354 -0.1698 -0.6560
vn 0.1044 0.6848 -0.7212
vn 0.0697 -0.7808 0.6209
vn 0.0543 0.7102 -0.7019
vn 0.6775 -0.0084 -0.7355
vn 0.2340 -0.8337 0.5003
vn 0.6234 0.1033 -0.7751
vn 0.1564 -0.8129 0.5610
vn 0.1064 -0.7955 0.5965
vn 0.0426 0.7039 -0.7090
vn 0.5560 -0.0890 -0.8264
vn 0.1923 -0.8606 0.4716
vn 0.5117 0.0288 -0.8587
vn 0.1284 -0.8306 0.5418
vn 0.0874 -0.8075 0.5834
vn 0.5868 -0.1899 -0.7871
vn 0.2477 -0.8892 0.3847
vn 0.6342 -0.5318 -0.5613
vn 0.0092 -0.7569 0.6535
vn 0.0139 0.7344 -0.6786
vn 0.1299 0.6276 -0.7676
vn 0.0212 -0.7745 0.6322
vn 0.0251 -0.7736 0.6331
vn 0.6035 -0.2572 -0.7547
vn 0.0857 0.6724 -0.7353
vn 0.0572 -0.7886 0.6123
vn 0.4713 -0.5688 -0.6741
vn 0.0079 -0.7574 0.6529
vn 0.0118 0.7335 -0.6796
vn 0.0965 0.6128 -0.7843
vn 0.0215 -0.7763 0.6300
vn 0.4485 -0.3259 -0.8322
vn 0.0636 0.6626 -0.7463
vn 0.0360 -0.7969 0.6031
vn 0.0382 -0.7947 0.6057
vn 0.0249 -0.7970 0.6034
vn 0.0363 0.7011 -0.7122
vn 0.0225 0.6973 -0.7165
vn 0.4132 -0.1523 -0.8978
vn 0.1430 -0.8819 0.4492
vn 0.3804 -0.0298 -0.9244
vn 0.0955 -0.8447 0.5267
vn 0.0649 -0.8169 0.5731
vn 0.4361 -0.2567 -0.8625
vn 0.1841 -0.9174 0.3529
vn 0.2544 -0.1959 -0.9470
vn 0.0882 -0.8967 0.4337
vn 0.2343 -0.0704 -0.9696
vn 0.0588 -0.8544 0.5164
vn 0.0400 -0.8235 0.5660
vn 0.2685 -0.3028 -0.9145
vn 0.1133 -0.9368 0.3309
vn 0.2898 -0.5890 -0.7544
vn 0.0048 -0.7582 0.6520
vn -0.0032 -0.7579 0.6524
vn 0.0032 -0.7584 0.6518
vn -0.0000 0.7320 -0.6814
vn 0.0073 0.7323 -0.6810
vn 0.0049 0.7319 -0.6813
vn 0.0594 0.6026 -0.7958
vn 0.0149 -0.7778 0.6284
vn 0.0050 -0.7790 0.6270
vn 0.2762 -0.3733 -0.8857
vn 0.0392 0.6559 -0.7538
vn 0.0251 -0.7970 0.6035
vn 0.0084 -0.7991 0.6012
vn 0.0150 0.6963 -0.7176
vn -0.0000 0.7316 -0.6817
vn 0.0201 0.5974 -0.8017
vn -0.0000 -0.7791 0.6270
vn 0.0933 -0.3974 -0.9129
vn 0.0932 -0.3974 -0.9129
vn 0.0132 0.6525 -0.7577
vn 0.0085 -0.7991 0.6012
vn 0.0075 0.6952 -0.7187
vn 0.0859 -0.2181 -0.9721
vn 0.0298 -0.9043 0.4259
vn 0.0791 -0.0912 -0.9927
vn 0.0199 -0.8593 0.5111
vn 0.0135 -0.8268 0.5624
vn 0.0907 -0.3262 -0.9409
vn 0.0383 -0.9467 0.3198
vn 0.0981 -0.5955 -0.7974
vn 0.1044 -0.5918 -0.7993
vn 0.0977 -0.5958 -0.7972
vn -0.0000 -0.7586 0.6516
vn -0.0298 -0.9043 0.4259
vn -0.0792 -0.0916 -0.9926
vn -0.0199 -0.8593 0.5111
vn -0.0135 -0.8268 0.5624
vn -0.0907 -0.3262 -0.9409
vn -0.0383 -0.9467 0.3198
vn -0.1043 -0.5915 -0.7995
vn -0.0981 -0.5951 -0.7976
vn -0.0977 -0.5954 -0.7974
vn -0.0032 -0.7584 0.6518
vn -0.0049 0.7319 -0.6813
vn -0.0201 0.5974 -0.8017
vn -0.0050 -0.7790 0.6270
vn -0.0933 -0.3974 -0.9129
vn -0.0932 -0.3974 -0.9129
vn -0.0132 0.6525 -0.7577
vn -0.0085 -0.7991 0.6012
vn -0.0083 -0.7990 0.6012
vn -0.0075 0.6952 -0.7187
vn -0.0076 0.6953 -0.7187
vn -0.0859 -0.2181 -0.9721
vn -0.0594 0.6026 -0.7958
vn -0.0149 -0.7778 0.6284
vn -0.0147 -0.7778 0.6283
vn -0.2762 -0.3733 -0.8857
vn -0.0392 0.6559 -0.7538
vn -0.0252 -0.7970 0.6035
vn -0.0250 -0.7971 0.6033
vn -0.0224 0.6973 -0.7165
vn -0.0225 0.6973 -0.7165
vn -0.2544 -0.1959 -0.9470
vn -0.0882 -0.8967 0.4337
vn -0.2345 -0.0714 -0.9695
vn -0.0588 -0.8544 0.5164
vn -0.0400 -0.8235 0.5660
vn -0.2685 -0.3028 -0.9145
vn -0.1133 -0.9368 0.3309
vn -0.2897 -0.5880 -0.7552
vn -0.0063 -0.7578 0.6525
vn -0.0073 0.7323 -0.6810
vn -0.3808 -0.0314 -0.9241
vn -0.0955 -0.8447 0.5267
vn -0.0649 -0.8169 0.5731
vn -0.4361 -0.2567 -0.8625
vn -0.1841 -0.9174 0.3529
vn -0.4713 -0.5671 -0.6755
vn -0.0092 -0.7569 0.6535
vn -0.0173 0.7367 -0.6760
vn -0.0118 0.7335 -0.6796
vn -0.0139 0.7344 -0.6786
vn -0.0965 0.6128 -0.7843
vn -0.0243 -0.7754 0.6310
vn -0.0241 -0.7754 0.6310
vn -0.4485 -0.3259 -0.8322
vn -0.0636 0.6626 -0.7463
vn -0.0411 -0.7931 0.6078
vn -0.0409 -0.7930 0.6078
vn -0.0363 0.7011 -0.7122
vn -0.0426 0.7039 -0.7090
vn -0.4132 -0.1523 -0.8978
vn -0.1430 -0.8819 0.4492
vn -0.0326 -0.7719 0.6349
vn -0.0323 -0.7720 0.6348
vn -0.6035 -0.2572 -0.7547
vn -0.6036 -0.2572 -0.7547
vn -0.0857 0.6724 -0.7353
vn -0.0591 -0.7858 0.6157
vn -0.0576 -0.7879 0.6131
vn -0.0595 -0.7853 0.6162
vn -0.0543 0.7102 -0.7019
vn -0.5560 -0.0890 -0.8264
vn -0.1923 -0.8606 0.4716
vn -0.5125 0.0268 -0.8582
vn -0.1284 -0.8306 0.5418
vn -0.0874 -0.8075 0.5834
vn -0.5868 -0.1899 -0.7871
vn -0.2477 -0.8892 0.3847
vn -0.6342 -0.5297 -0.5632
vn -0.0106 -0.7563 0.6542
vn -0.0177 0.7365 -0.6762
vn -0.1299 0.6276 -0.7676
vn -0.1564 -0.8129 0.5610
vn -0.1019 -0.7935 0.6000
vn -0.1016 -0.7937 0.5998
vn -0.0916 -0.7999 0.5931
vn -0.7151 -0.1049 -0.6911
vn -0.3018 -0.8533 0.4252
vn -0.7711 -0.4729 -0.4265
vn -0.0129 -0.7549 0.6558
vn -0.0155 -0.7502 0.6611
vn -0.0138 -0.7541 0.6567
vn -0.0208 0.7390 -0.6734
vn -0.1583 0.6464 -0.7464
vn -0.0396 -0.7675 0.6399
vn -0.0395 -0.7676 0.6397
vn -0.7354 -0.1698 -0.6560
vn -0.1044 0.6848 -0.7212
vn -0.0697 -0.7808 0.6209
vn -0.0694 -0.7809 0.6208
vn -0.0638 0.7179 -0.6932
vn -0.6775 -0.0084 -0.7355
vn -0.2340 -0.8337 0.5003
vn -0.6246 0.1010 -0.7744
vn -0.1191 0.6994 -0.7048
vn -0.0796 -0.7715 0.6312
vn -0.0794 -0.7717 0.6310
vn -0.0680 0.7221 -0.6884
vn -0.0738 0.7313 -0.6780
vn -0.7730 0.0864 -0.6286
vn -0.2667 -0.8023 0.5340
vn -0.7126 0.1884 -0.6758
vn -0.1783 -0.7922 0.5836
vn -0.1160 -0.7803 0.6145
vn -0.8158 -0.0049 -0.5783
vn -0.3443 -0.8111 0.4728
vn -0.8762 -0.3956 -0.2753
vn -0.0153 -0.7523 0.6587
vn -0.0221 0.7403 -0.6719
vn -0.1806 0.6685 -0.7214
vn -0.0453 -0.7622 0.6457
vn -0.0452 -0.7624 0.6455
vn -0.8390 -0.0669 -0.5399
vn -0.8852 0.1062 -0.4529
vn -0.3736 -0.7642 0.5257
vn -0.9470 -0.2981 -0.1197
vn -0.0163 -0.7503 0.6609
vn -0.0245 0.7482 -0.6630
vn -0.0240 0.7434 -0.6685
vn -0.0245 0.7450 -0.6667
vn -0.1960 0.6931 -0.6936
vn -0.0491 -0.7566 0.6521
vn -0.0490 -0.7566 0.6520
vn -0.9104 0.0474 -0.4110
vn -0.1292 0.7156 -0.6865
vn -0.0862 -0.7614 0.6425
vn -0.0861 -0.7616 0.6423
vn -0.0768 0.7412 -0.6669
vn -0.8387 0.1916 -0.5098
vn -0.8387 0.1916 -0.5097
vn -0.2891 -0.7679 0.5716
vn -0.7731 0.2855 -0.5663
vn -0.1934 -0.7693 0.6089
vn -0.1261 -0.7656 0.6309
vn -0.0896 -0.7507 0.6545
vn -0.0897 -0.7454 0.6605
vn -0.0768 0.7512 -0.6556
vn -0.8722 0.3034 -0.3836
vn -0.3005 -0.7318 0.6117
vn -0.8039 0.3886 -0.4502
vn -0.2011 -0.7452 0.6358
vn -0.1313 -0.7499 0.6484
vn -0.9206 0.2242 -0.3198
vn -0.3886 -0.7144 0.5819
vn -0.9840 -0.1749 0.0340
vn -0.9828 -0.1816 0.0322
vn -0.9827 -0.1822 0.0321
vn -0.0166 -0.7483 0.6631
vn -0.0250 0.7482 -0.6630
vn -0.2038 0.7193 -0.6642
vn -0.0509 -0.7505 0.6589
vn -0.0511 -0.7475 0.6623
vn -0.9468 0.1687 -0.2741
vn -0.1344 0.7328 -0.6670
vn -0.3886 -0.6636 0.6392
vn -0.9828 -0.0538 0.1766
vn -0.9840 -0.0548 0.1697
vn -0.9827 -0.0540 0.1772
vn -0.0163 -0.7463 0.6654
vn -0.0245 0.7514 -0.6594
vn -0.2038 0.7459 -0.6341
vn -0.0509 -0.7444 0.6658
vn -0.0490 -0.7383 0.6727
vn -0.9468 0.2924 -0.1345
vn -0.1344 0.7504 -0.6472
vn -0.0896 -0.7401 0.6665
vn -0.0861 -0.7292 0.6788
vn -0.0753 0.7562 -0.6501
vn -0.8722 0.4173 -0.2550
vn -0.3005 -0.6953 0.6529
vn -0.8038 0.4938 -0.3318
vn -0.2011 -0.7208 0.6633
vn -0.1315 -0.7339 0.6664
vn -0.9206 0.3444 -0.1841
vn -0.0709 0.7657 -0.6393
vn -0.8387 0.5291 -0.1289
vn -0.2891 -0.6598 0.6936
vn -0.7728 0.5969 -0.2157
vn -0.1934 -0.6970 0.6905
vn -0.1266 -0.7183 0.6842
vn -0.8852 0.4624 -0.0510
vn -0.3736 -0.6139 0.6954
vn -0.9469 0.0823 0.3109
vn -0.0160 -0.7453 0.6665
vn -0.0240 0.7530 -0.6576
vn -0.1960 0.7720 -0.6047
vn -0.0491 -0.7383 0.6726
vn -0.0452 -0.7325 0.6792
vn -0.9104 0.4137 0.0024
vn -0.1292 0.7676 -0.6278
vn -0.0862 -0.7294 0.6786
vn -0.0794 -0.7192 0.6902
vn -0.8761 0.2246 0.4267
vn -0.0147 -0.7435 0.6686
vn -0.0044 -0.7385 0.6743
vn -0.0138 -0.7426 0.6696
vn -0.0173 0.7597 -0.6500
vn -0.0221 0.7560 -0.6542
vn -0.0208 0.7574 -0.6526
vn -0.1806 0.7966 -0.5769
vn -0.0453 -0.7327 0.6790
vn -0.0395 -0.7274 0.6851
vn -0.8390 0.5280 0.1314
vn -0.1191 0.7838 -0.6095
vn -0.0796 -0.7195 0.6900
vn -0.0694 -0.7102 0.7006
vn -0.0680 0.7703 -0.6340
vn -0.0597 0.7787 -0.6246
vn -0.7730 0.6344 -0.0101
vn -0.2667 -0.6266 0.7323
vn -0.7120 0.6940 -0.1065
vn -0.1783 -0.6747 0.7162
vn -0.1168 -0.7036 0.7010
vn -0.8158 0.5735 0.0744
vn -0.3443 -0.5670 0.7483
vn -0.6775 0.7291 0.0968
vn -0.2340 -0.5969 0.7674
vn -0.6239 0.7815 -0.0083
vn -0.6239 0.7814 -0.0083
vn -0.1564 -0.6547 0.7395
vn -0.1024 -0.6904 0.7162
vn -0.7151 0.6735 0.1873
vn -0.3018 -0.5248 0.7960
vn -0.3018 -0.5247 0.7960
vn -0.7710 0.3650 0.5219
vn -0.0117 -0.7411 0.6713
vn -0.0177 0.7599 -0.6498
vn -0.1583 0.8187 -0.5519
vn -0.0397 -0.7276 0.6849
vn -0.0324 -0.7231 0.6900
vn -0.7354 0.6308 0.2474
vn -0.1044 0.7984 -0.5930
vn -0.0697 -0.7103 0.7004
vn -0.0490 0.7858 -0.6166
vn -0.0139 0.7620 -0.6475
vn -0.1299 0.8376 -0.5307
vn -0.0326 -0.7232 0.6899
vn -0.0240 -0.7196 0.6939
vn -0.6035 0.7183 0.3461
vn -0.6036 0.7183 0.3461
vn -0.0857 0.8108 -0.5790
vn -0.0572 -0.7027 0.7092
vn -0.0489 0.7858 -0.6166
vn -0.0364 0.7913 -0.6103
vn -0.5560 0.8097 0.1877
vn -0.1923 -0.5717 0.7976
vn -0.5119 0.8558 0.0751
vn -0.1284 -0.6378 0.7594
vn -0.0841 -0.6792 0.7291
vn -0.5868 0.7586 0.2832
vn -0.2477 -0.4889 0.8365
vn -0.6342 0.4936 0.5951
vn -0.0092 -0.7398 0.6728
vn -0.1430 -0.5520 0.8215
vn -0.3803 0.9142 0.1404
vn -0.0955 -0.6245 0.7752
vn -0.0625 -0.6704 0.7393
vn -0.4361 0.8254 0.3586
vn -0.1841 -0.4607 0.8683
vn -0.4713 0.6004 0.6461
vn -0.0063 -0.7389 0.6738
vn -0.0118 0.7629 -0.6464
vn -0.0965 0.8523 -0.5140
vn -0.0243 -0.7197 0.6938
vn -0.0148 -0.7173 0.6966
vn -0.4485 0.7870 0.4237
vn -0.0636 0.8205 -0.5680
vn -0.0425 -0.6967 0.7161
vn -0.0294 0.7932 -0.6082
vn -0.4132 0.8730 0.2592
vn -0.0149 -0.7174 0.6965
vn -0.0050 -0.7162 0.6979
vn -0.2762 0.8343 0.4771
vn -0.0392 0.8273 -0.5604
vn -0.0262 -0.6926 0.7209
vn -0.0224 0.7951 -0.6060
vn -0.2544 0.9166 0.3084
vn -0.0882 -0.5385 0.8380
vn -0.2341 0.9544 0.1854
vn -0.0588 -0.6154 0.7860
vn -0.0385 -0.6644 0.7464
vn -0.2685 0.8714 0.4106
vn -0.1133 -0.4412 0.8902
vn -0.2898 0.6769 0.6766
vn -0.0032 -0.7383 0.6745
vn -0.0073 0.7641 -0.6450
vn -0.0049 0.7644 -0.6447
vn -0.0594 0.8625 -0.5025
vn -0.0199 -0.6107 0.7916
vn -0.0130 -0.6614 0.7499
vn -0.0907 0.8949 0.4370
vn -0.0383 -0.4313 0.9014
vn -0.0982 0.7181 0.6889
vn -0.1044 0.7205 0.6856
vn -0.0977 0.7179 0.6892
vn -0.0016 -0.7381 0.6747
vn -0.0201 0.8677 -0.4966
vn -0.0933 0.8585 0.5043
vn -0.0132 0.8307 -0.5566
vn -0.0088 -0.6905 0.7233
vn -0.0076 0.7971 -0.6038
vn -0.0859 0.9388 0.3335
vn -0.0298 -0.5315 0.8465
vn -0.0790 0.9749 0.2081
vn 0.0880 -0.7347 0.6726
vn 0.8018 0.4957 -0.3337
vn 0.1287 -0.7285 0.6728
vn 0.7939 0.3589 0.4909
vn 0.8909 0.2172 0.3988
vn 0.6619 0.4909 0.5665
vn 0.9534 0.0757 0.2921
vn 0.4578 0.8552 0.2431
vn 0.3798 0.9146 0.1390
vn 0.4983 0.6015 0.6244
vn 0.7540 0.6126 -0.2373
vn 0.3096 0.6805 0.6641
vn 0.9833 -0.0585 0.1721
vn 0.8673 0.4487 -0.2155
vn 0.0856 0.8108 -0.5790
vn 0.1050 0.7203 0.6856
vn 0.9834 -0.1777 0.0372
vn 0.9535 -0.2802 -0.1108
vn 0.8911 -0.3688 -0.2645
vn 0.7939 -0.4428 -0.4167
vn 0.6619 -0.5016 -0.5570
vn 0.4982 -0.5455 -0.6740
vn 0.0197 -0.7766 0.6297
vn 0.0348 -0.7978 0.6019
vn 0.3095 -0.5751 -0.7573
vn 0.1050 -0.5916 -0.7994
vn -0.1050 -0.5912 -0.7997
vn -0.3095 -0.5740 -0.7581
vn -0.4982 -0.5437 -0.6754
vn -0.0572 -0.7886 0.6123
vn -0.0897 -0.8011 0.5918
vn -0.6619 -0.4994 -0.5590
vn -0.7151 -0.1049 -0.6912
vn -0.7941 -0.4402 -0.4191
vn -0.7354 -0.1697 -0.6560
vn -0.0638 0.7180 -0.6932
vn -0.8914 -0.3659 -0.2673
vn -0.9541 -0.2771 -0.1138
vn -0.9841 -0.1744 0.0342
vn -0.9840 -0.0552 0.1692
vn -0.9540 0.0790 0.2893
vn -0.8913 0.2203 0.3963
vn -0.7940 0.3617 0.4886
vn -0.5119 0.8558 0.0750
vn -0.6619 0.4931 0.5645
vn -0.3802 0.9142 0.1405
vn -0.4982 0.6032 0.6229
vn -0.3095 0.6815 0.6631
vn -0.1050 0.7207 0.6853
vn -0.0932 0.8585 0.5043
vt 0.784414 0.124155
vt 0.797615 0.117555
vt 0.797615 0.124155
vt 0.929632 0.124155
vt 0.942834 0.117555
vt 0.942834 0.124155
vt 0.903229 0.117555
vt 0.890027 0.110954
vt 0.903229 0.110954
vt 0.863624 0.117555
vt 0.876826 0.110954
vt 0.876826 0.117555
vt 0.929632 0.117555
vt 0.942834 0.110954
vt 0.771212 0.117555
vt 0.758010 0.114254
vt 0.771212 0.110954
vt 0.903229 0.124155
vt 0.890027 0.117555
vt 0.824019 0.130756
vt 0.837220 0.124155
vt 0.837220 0.130756
vt 0.929632 0.130756
vt 0.942834 0.130756
vt 0.771212 0.124156
vt 0.758010 0.120855
vt 0.969238 0.120855
vt 0.956036 0.124155
vt 0.956036 0.117555
vt 0.810817 0.130756
vt 0.824019 0.124155
vt 0.771212 0.130756
vt 0.784414 0.130756
vt 0.810817 0.117555
vt 0.810817 0.124155
vt 0.916431 0.117555
vt 0.784414 0.110954
vt 0.784414 0.117555
vt 0.797615 0.110954
vt 0.810817 0.110954
vt 0.916431 0.124155
vt 0.929632 0.137357
vt 0.916431 0.130756
vt 0.876826 0.137357
vt 0.890027 0.130756
vt 0.890027 0.137357
vt 0.810817 0.137357
vt 0.824019 0.137357
vt 0.850422 0.137357
vt 0.850422 0.130756
vt 0.837220 0.137357
vt 0.942834 0.137357
vt 0.863624 0.130756
vt 0.876826 0.130756
vt 0.850422 0.124155
vt 0.863624 0.124155
vt 0.797615 0.130756
vt 0.916431 0.110954
vt 0.824019 0.110954
vt 0.824019 0.117555
vt 0.903229 0.130756
vt 0.890027 0.124155
vt 0.929632 0.110954
vt 0.771212 0.143958
vt 0.758010 0.140658
vt 0.771212 0.137357
vt 0.863624 0.143958
vt 0.876826 0.143958
vt 0.850422 0.143958
vt 0.797615 0.143958
vt 0.810817 0.143958
vt 0.916431 0.143958
vt 0.903229 0.137357
vt 0.916431 0.137357
vt 0.837220 0.117555
vt 0.969238 0.114254
vt 0.956036 0.110954
vt 0.758010 0.127456
vt 0.850422 0.117555
vt 0.916431 0.150559
vt 0.903229 0.143958
vt 0.942834 0.150559
vt 0.929632 0.143958
vt 0.942834 0.143958
vt 0.771212 0.150559
vt 0.758010 0.147259
vt 0.784414 0.143958
vt 0.797615 0.137357
vt 0.784414 0.137357
vt 0.771212 0.163761
vt 0.784414 0.157160
vt 0.784414 0.163761
vt 0.890027 0.150559
vt 0.890027 0.143958
vt 0.758010 0.160460
vt 0.771212 0.157160
vt 0.876826 0.150559
vt 0.890027 0.163761
vt 0.903229 0.157160
vt 0.903229 0.163761
vt 0.824019 0.163761
vt 0.837220 0.157160
vt 0.837220 0.163761
vt 0.797615 0.150559
vt 0.797615 0.157160
vt 0.850422 0.150559
vt 0.837220 0.143958
vt 0.784414 0.150559
vt 0.876826 0.157160
vt 0.890027 0.157160
vt 0.942834 0.157160
vt 0.956036 0.150559
vt 0.956036 0.157160
vt 0.850422 0.157160
vt 0.863624 0.150559
vt 0.863624 0.157160
vt 0.810817 0.150559
vt 0.810817 0.157160
vt 0.824019 0.150559
vt 0.824019 0.157160
vt 0.876826 0.124155
vt 0.810817 0.163761
vt 0.837220 0.150559
vt 0.942834 0.163761
vt 0.956036 0.163761
vt 0.929632 0.150559
vt 0.916431 0.157160
vt 0.916431 0.163761
vt 0.929632 0.163761
vt 0.969238 0.153859
vt 0.758010 0.153859
vt 0.903229 0.150559
vt 0.850422 0.110954
vt 0.863624 0.110954
vt 0.837220 0.110954
vt 0.824019 0.143958
vt 0.956036 0.143958
vt 0.929632 0.157160
vt 0.863624 0.137357
vt 0.797615 0.163761
vt 0.863624 0.163761
vt 0.876826 0.163761
vt 0.969238 0.134057
vt 0.956036 0.137357
vt 0.956036 0.130756
vt 0.758010 0.134057
vt 0.969238 0.127456
vt 0.969238 0.160460
vt 0.850422 0.163761
vt 0.969238 0.147258
vt 0.969238 0.140658
vt 0.942834 0.104353
vt 0.890027 0.104353
vt 0.956036 0.104353
vt 0.916431 0.104353
vt 0.929632 0.104353
vt 0.863624 0.104353
vt 0.876826 0.104353
vt 0.824019 0.104353
vt 0.837220 0.104353
vt 0.810817 0.104353
vt 0.797615 0.104353
vt 0.850422 0.104353
vt 0.903229 0.104353
vt 0.758010 0.107653
vt 0.771212 0.104353
vt 0.969238 0.107653
vt 0.784414 0.104353
vt 0.797615 0.097752
vt 0.810817 0.097752
vt 0.916431 0.097752
vt 0.850422 0.097752
vt 0.863624 0.097752
vt 0.758010 0.101053
vt 0.771212 0.097752
vt 0.969238 0.101052
vt 0.956036 0.097752
vt 0.929632 0.097752
vt 0.784414 0.097752
vt 0.890027 0.097752
vt 0.903229 0.097752
vt 0.942834 0.097752
vt 0.824019 0.097752
vt 0.837220 0.097752
vt 0.876826 0.097752
vt 0.929632 0.091151
vt 0.942834 0.091151
vt 0.784414 0.091151
vt 0.797615 0.091151
vt 0.956036 0.091151
vt 0.890027 0.091151
vt 0.824019 0.091151
vt 0.837220 0.091151
vt 0.863624 0.091151
vt 0.876826 0.091151
vt 0.810817 0.091151
vt 0.916431 0.091151
vt 0.850422 0.091151
vt 0.758010 0.094452
vt 0.771212 0.091151
vt 0.969238 0.094452
vt 0.903229 0.091151
vt 0.916431 0.084550
vt 0.850422 0.084550
vt 0.863624 0.084550
vt 0.758010 0.087851
vt 0.771212 0.084550
vt 0.969238 0.087851
vt 0.956036 0.084550
vt 0.929632 0.084550
vt 0.784414 0.084550
vt 0.890027 0.084550
vt 0.903229 0.084550
vt 0.942834 0.084550
vt 0.797615 0.084550
vt 0.824019 0.084550
vt 0.837220 0.084550
vt 0.876826 0.084550
vt 0.810817 0.084550
vt 0.956036 0.077949
vt 0.890027 0.077949
vt 0.824019 0.077949
vt 0.837220 0.077949
vt 0.863624 0.077949
vt 0.876826 0.077949
vt 0.810817 0.077949
vt 0.797615 0.077949
vt 0.916431 0.077949
vt 0.850422 0.077949
vt 0.758010 0.081250
vt 0.771212 0.077949
vt 0.969238 0.081250
vt 0.929632 0.077949
vt 0.784414 0.077949
vt 0.903229 0.077949
vt 0.942834 0.077949
vt 0.850422 0.071349
vt 0.758010 0.074649
vt 0.771212 0.071349
vt 0.969238 0.074649
vt 0.956036 0.071349
vt 0.916431 0.071349
vt 0.929632 0.071349
vt 0.784414 0.071349
vt 0.890027 0.071349
vt 0.903229 0.071349
vt 0.942834 0.071349
vt 0.797615 0.071349
vt 0.824019 0.071349
vt 0.837220 0.071349
vt 0.863624 0.071349
vt 0.876826 0.071349
vt 0.810817 0.071349
vt 0.890027 0.064748
vt 0.824019 0.064748
vt 0.837220 0.064748
vt 0.863624 0.064748
vt 0.876826 0.064748
vt 0.810817 0.064748
vt 0.797615 0.064748
vt 0.916431 0.064748
vt 0.850422 0.064748
vt 0.758010 0.068048
vt 0.771212 0.064748
vt 0.969238 0.068048
vt 0.956036 0.064748
vt 0.929632 0.064748
vt 0.784414 0.064748
vt 0.903229 0.064748
vt 0.942834 0.064748
vt 0.969238 0.061447
vt 0.956036 0.058147
vt 0.916431 0.058147
vt 0.929632 0.058147
vt 0.771212 0.058147
vt 0.784414 0.058147
vt 0.890027 0.058147
vt 0.903229 0.058147
vt 0.942834 0.058147
vt 0.797615 0.058147
vt 0.824019 0.058147
vt 0.837220 0.058147
vt 0.863624 0.058147
vt 0.876826 0.058147
vt 0.810817 0.058147
vt 0.850422 0.058147
vt 0.758010 0.061447
vt 0.837220 0.051546
vt 0.863624 0.051546
vt 0.876826 0.051546
vt 0.824019 0.051546
vt 0.810817 0.051546
vt 0.916431 0.051546
vt 0.850422 0.051546
vt 0.758010 0.054846
vt 0.771212 0.051546
vt 0.969238 0.054846
vt 0.956036 0.051546
vt 0.929632 0.051546
vt 0.784414 0.051546
vt 0.890027 0.051546
vt 0.903229 0.051546
vt 0.942834 0.051546
vt 0.797615 0.051546
vt 0.916431 0.044945
vt 0.929632 0.044945
vt 0.784414 0.044945
vt 0.890027 0.044945
vt 0.903229 0.044945
vt 0.942834 0.044945
vt 0.797615 0.044945
vt 0.956036 0.044945
vt 0.837220 0.044945
vt 0.863624 0.044945
vt 0.876826 0.044945
vt 0.824019 0.044945
vt 0.810817 0.044945
vt 0.850422 0.044945
vt 0.758010 0.048246
vt 0.771212 0.044945
vt 0.969238 0.048246
vt 0.863624 0.038344
vt 0.876826 0.038344
vt 0.824019 0.038344
vt 0.810817 0.038344
vt 0.916431 0.038344
vt 0.850422 0.038344
vt 0.837220 0.038344
vt 0.758010 0.041645
vt 0.771212 0.038344
vt 0.969238 0.041645
vt 0.956036 0.038344
vt 0.929632 0.038344
vt 0.784414 0.038344
vt 0.890027 0.038344
vt 0.903229 0.038344
vt 0.942834 0.038344
vt 0.797615 0.038344
vt 0.784414 0.031743
vt 0.890027 0.031743
vt 0.903229 0.031743
vt 0.942834 0.031743
vt 0.797615 0.031743
vt 0.956036 0.031743
vt 0.837220 0.031743
vt 0.863624 0.031743
vt 0.876826 0.031743
vt 0.824019 0.031743
vt 0.810817 0.031743
vt 0.916431 0.031743
vt 0.850422 0.031743
vt 0.758010 0.035044
vt 0.771212 0.031743
vt 0.969238 0.035044
vt 0.929632 0.031743
vt 0.824019 0.025143
vt 0.810817 0.025143
vt 0.916431 0.025143
vt 0.850422 0.025143
vt 0.863624 0.025143
vt 0.837220 0.025143
vt 0.758010 0.028443
vt 0.771212 0.025143
vt 0.969238 0.028443
vt 0.956036 0.025143
vt 0.929632 0.025143
vt 0.784414 0.025143
vt 0.890027 0.025143
vt 0.903229 0.025143
vt 0.942834 0.025143
vt 0.797615 0.025143
vt 0.876826 0.025143
vt 0.929632 0.018542
vt 0.942834 0.018542
vt 0.797615 0.018542
vt 0.956036 0.018542
vt 0.890027 0.018542
vt 0.837220 0.018542
vt 0.876826 0.018542
vt 0.824019 0.018542
vt 0.810817 0.018542
vt 0.916431 0.018542
vt 0.850422 0.018542
vt 0.863624 0.018542
vt 0.758010 0.021842
vt 0.771212 0.018542
vt 0.969238 0.021842
vt 0.784414 0.018542
vt 0.903229 0.018542
vt 0.916431 0.011941
vt 0.850422 0.011941
vt 0.863624 0.011941
vt 0.837220 0.011941
vt 0.758010 0.015241
vt 0.771212 0.011941
vt 0.969238 0.015241
vt 0.956036 0.011941
vt 0.929632 0.011941
vt 0.784414 0.011941
vt 0.890027 0.011941
vt 0.903229 0.011941
vt 0.942834 0.011941
vt 0.797615 0.011941
vt 0.876826 0.011941
vt 0.824019 0.011941
vt 0.810817 0.011941
vt 0.797615 0.005340
vt 0.942834 0.005340
vt 0.956036 0.005340
vt 0.890027 0.005340
vt 0.837220 0.005340
vt 0.876826 0.005340
vt 0.824019 0.005340
vt 0.810817 0.005340
vt 0.916431 0.005340
vt 0.850422 0.005340
vt 0.863624 0.005340
vt 0.758010 0.008640
vt 0.771212 0.005340
vt 0.969238 0.008640
vt 0.929632 0.005340
vt 0.784414 0.005340
vt 0.903229 0.005340
vt 0.863624 0.216568
vt 0.850422 0.209967
vt 0.863624 0.209967
vt 0.837220 0.216568
vt 0.850422 0.216568
vt 0.771212 0.216568
vt 0.758010 0.213267
vt 0.771212 0.209967
vt 0.969238 0.213267
vt 0.956036 0.216568
vt 0.956036 0.209967
vt 0.929632 0.216568
vt 0.916431 0.209967
vt 0.929632 0.209967
vt 0.784414 0.216568
vt 0.784414 0.209967
vt 0.903229 0.216568
vt 0.890027 0.209967
vt 0.903229 0.209967
vt 0.942834 0.209967
vt 0.942834 0.216568
vt 0.797615 0.216568
vt 0.797615 0.209967
vt 0.876826 0.216568
vt 0.890027 0.216568
vt 0.824019 0.209967
vt 0.837220 0.209967
vt 0.876826 0.209967
vt 0.824019 0.216568
vt 0.810817 0.209967
vt 0.810817 0.216568
vt 0.916431 0.216568
vt 0.956036 0.203366
vt 0.890027 0.203366
vt 0.824019 0.203366
vt 0.837220 0.203366
vt 0.876826 0.203366
vt 0.810817 0.203366
vt 0.797615 0.203366
vt 0.916431 0.203366
vt 0.850422 0.203366
vt 0.863624 0.203366
vt 0.758010 0.206666
vt 0.771212 0.203366
vt 0.969238 0.206666
vt 0.929632 0.203366
vt 0.784414 0.203366
vt 0.903229 0.203366
vt 0.942834 0.203366
vt 0.850422 0.196765
vt 0.758010 0.200065
vt 0.771212 0.196765
vt 0.969238 0.200065
vt 0.956036 0.196765
vt 0.916431 0.196765
vt 0.929632 0.196765
vt 0.784414 0.196765
vt 0.890027 0.196765
vt 0.903229 0.196765
vt 0.942834 0.196765
vt 0.797615 0.196765
vt 0.824019 0.196765
vt 0.837220 0.196765
vt 0.876826 0.196765
vt 0.810817 0.196765
vt 0.863624 0.196765
vt 0.890027 0.190164
vt 0.824019 0.190164
vt 0.837220 0.190164
vt 0.876826 0.190164
vt 0.810817 0.190164
vt 0.797615 0.190164
vt 0.916431 0.190164
vt 0.850422 0.190164
vt 0.863624 0.190164
vt 0.758010 0.193465
vt 0.771212 0.190164
vt 0.969238 0.193464
vt 0.956036 0.190164
vt 0.929632 0.190164
vt 0.784414 0.190164
vt 0.903229 0.190164
vt 0.942834 0.190164
vt 0.969238 0.186864
vt 0.956036 0.183563
vt 0.916431 0.183563
vt 0.929633 0.183563
vt 0.771212 0.183563
vt 0.784414 0.183563
vt 0.890027 0.183563
vt 0.903229 0.183563
vt 0.942834 0.183563
vt 0.797615 0.183563
vt 0.824019 0.183563
vt 0.837220 0.183563
vt 0.876826 0.183563
vt 0.810817 0.183563
vt 0.850422 0.183563
vt 0.863624 0.183563
vt 0.758010 0.186864
vt 0.824019 0.176962
vt 0.837220 0.176962
vt 0.876826 0.176962
vt 0.810817 0.176962
vt 0.797615 0.176962
vt 0.916431 0.176962
vt 0.850422 0.176962
vt 0.863624 0.176962
vt 0.758010 0.180263
vt 0.771212 0.176962
vt 0.969238 0.180263
vt 0.956036 0.176962
vt 0.929633 0.176962
vt 0.784414 0.176962
vt 0.890027 0.176962
vt 0.903229 0.176962
vt 0.942834 0.176962
vt 0.771212 0.170362
vt 0.784414 0.170362
vt 0.890027 0.170361
vt 0.903229 0.170361
vt 0.942834 0.170361
vt 0.797615 0.170362
vt 0.956036 0.170361
vt 0.824019 0.170362
vt 0.837220 0.170362
vt 0.876826 0.170361
vt 0.810817 0.170362
vt 0.916431 0.170361
vt 0.850422 0.170362
vt 0.863624 0.170362
vt 0.758010 0.173662
vt 0.969238 0.173662
vt 0.929633 0.170361
vt 0.758010 0.167061
vt 0.969238 0.167061
s 1
usemtl Material.002
f 1054/1144/731 1144/1145/732 1053/1146/733
f 1043/1147/734 1039/1148/734 1042/1149/734
f 1036/1150/735 1151/1151/735 1152/1152/735
f 1033/1153/736 1150/1154/736 1034/1155/736
f 1038/1156/737 1155/1157/737 1039/1148/737
f 1146/1158/738 1433/1159/739 1161/1160/740
f 1045/1161/741 1035/1162/741 1036/1150/741
f 1060/1163/742 1050/1164/742 1061/1165/742
f 1068/1166/743 1042/1149/743 1069/1167/743
f 1055/1168/744 1433/1169/739 1146/1158/738
f 1382/1170/745 1041/1171/746 1040/1172/747
f 1059/1173/748 1051/1174/748 1060/1163/748
f 1056/1175/749 1054/1144/750 1057/1176/751
f 1041/1171/752 1039/1148/753 1040/1172/753
f 1053/1146/754 1143/1177/754 1052/1178/754
f 1043/1147/755 1037/1179/755 1038/1156/755
f 1146/1158/756 1160/1180/757 1145/1181/758
f 1143/1177/759 1159/1182/760 1158/1183/761
f 1068/1166/762 1044/1184/762 1043/1147/762
f 1073/1185/763 1067/1186/763 1068/1166/763
f 1077/1187/764 1065/1188/764 1076/1189/764
f 1082/1190/765 1060/1163/765 1081/1191/765
f 1079/1192/766 1061/1165/766 1062/1193/766
f 1081/1191/767 1061/1165/767 1080/1194/767
f 1073/1185/768 1069/1167/768 1072/1195/768
f 1077/1187/769 1063/1196/769 1064/1197/770
f 1063/1196/771 1049/1198/771 1048/1199/771
f 1057/1176/772 1053/1146/733 1058/1200/773
f 1036/1150/774 1153/1201/774 1037/1179/774
f 1143/1177/775 1157/1202/775 1142/1203/775
f 1066/1204/776 1046/1205/776 1045/1161/776
f 1062/1193/777 1050/1164/777 1049/1198/777
f 1038/1156/778 1153/1201/778 1154/1206/778
f 1086/1207/779 1433/1208/780 1085/1209/781
f 1093/1210/782 1077/1187/782 1094/1211/782
f 1092/1212/783 1080/1194/783 1079/1192/783
f 1088/1213/784 1082/1190/784 1089/1214/784
f 1097/1215/785 1075/1216/785 1074/1217/785
f 1051/1174/786 1031/1218/786 1050/1164/786
f 1382/1219/745 1040/1172/747 1156/1220/787
f 1066/1204/788 1044/1184/788 1067/1186/788
f 1056/1175/789 1433/1221/780 1055/1168/790
f 1049/1198/791 1031/1218/791 1032/1222/791
f 1104/1223/792 1096/1224/792 1097/1215/792
f 1102/1225/793 1098/1226/793 1099/1227/793
f 1115/1228/794 1433/1229/780 1086/1207/779
f 1087/1230/795 1083/1231/795 1088/1213/795
f 1086/1207/796 1084/1232/797 1087/1230/798
f 1141/1233/799 1117/1234/800 1140/1235/799
f 1106/1236/801 1094/1211/801 1095/1237/801
f 1141/1233/802 1433/1238/780 1116/1239/803
f 1107/1240/804 1093/1210/804 1094/1211/804
f 1132/1241/805 1126/1242/805 1509/1243/805
f 1137/1244/806 1121/1245/806 1136/1246/806
f 1117/1234/807 1113/1247/807 1118/1248/807
f 1109/1249/808 1091/1250/808 1092/1212/808
f 1116/1239/809 1114/1251/810 1117/1234/800
f 1124/1252/811 1106/1236/811 1125/1253/811
f 1129/1254/812 1101/1255/813 1130/1256/814
f 1122/1257/815 1108/1258/815 1123/1259/815
f 1113/1247/816 1089/1214/816 1112/1260/816
f 1119/1261/817 1111/1262/817 1120/1263/817
f 1118/1248/818 1112/1260/818 1119/1261/818
f 1123/1259/819 1107/1240/819 1124/1252/819
f 1052/1178/820 1142/1203/820 1051/1174/820
f 1045/1161/821 1037/1179/821 1044/1184/821
f 1048/1199/822 1032/1222/822 1033/1153/822
f 1048/1199/823 1034/1155/823 1047/1264/823
f 1138/1265/824 1120/1263/824 1137/1244/824
f 1111/1262/825 1091/1250/825 1110/1266/825
f 1511/1267/826 1130/1256/814 1512/1268/827
f 1103/1269/828 1097/1215/828 1098/1226/828
f 1509/1243/829 1127/1270/829 1510/1271/829
f 1131/1272/830 1129/1254/830 1511/1267/830
f 1122/1257/831 1110/1266/831 1109/1249/831
f 1382/1273/832 1130/1256/833 1101/1255/834
f 1120/1263/835 1110/1266/835 1121/1245/835
f 1114/1251/836 1088/1213/836 1113/1247/836
f 1116/1239/803 1433/1274/780 1115/1228/794
f 1127/1270/837 1105/1275/837 1104/1223/837
f 1033/1153/838 1148/1276/838 1149/1277/838
f 1142/1203/839 1147/1278/839 1031/1218/840
f 1039/1148/753 1156/1220/841 1040/1172/753
f 1055/1168/842 1145/1181/758 1054/1144/750
f 1046/1205/843 1034/1155/843 1035/1162/843
f 1144/1145/732 1160/1180/844 1159/1182/845
f 1063/1196/846 1047/1264/846 1064/1197/846
f 1075/1216/847 1067/1186/847 1074/1217/847
f 1032/1222/848 1147/1278/849 1148/1276/850
f 1089/1214/851 1081/1191/851 1090/1279/851
f 1034/1155/852 1151/1151/852 1035/1162/852
f 1105/1275/853 1095/1237/853 1096/1224/853
f 1101/1255/813 1099/1227/854 1100/1280/855
f 1128/1281/856 1104/1223/856 1103/1269/856
f 1128/1281/857 1102/1225/857 1129/1254/857
f 1126/1242/858 1106/1236/858 1105/1275/858
f 1065/1188/859 1047/1264/859 1046/1205/859
f 1093/1210/860 1079/1192/860 1078/1282/860
f 1510/1271/861 1128/1281/861 1131/1272/861
f 1132/1241/862 1124/1252/862 1125/1253/862
f 1140/1235/863 1118/1248/863 1139/1283/863
f 1134/1284/864 1124/1252/864 1133/1285/864
f 1083/1231/865 1059/1173/865 1082/1190/865
f 1382/1286/866 1071/1287/867 1070/1288/868
f 1085/1209/781 1433/1289/780 1056/1175/789
f 1085/1209/869 1057/1176/751 1084/1232/797
f 1382/1290/866 1070/1288/868 1041/1171/870
f 1100/1280/855 1072/1195/871 1071/1287/872
f 1097/1215/873 1073/1185/873 1098/1226/873
f 1090/1279/874 1080/1194/874 1091/1250/874
f 1096/1224/875 1076/1189/875 1075/1216/875
f 1099/1227/876 1073/1185/876 1072/1195/876
f 1079/1192/877 1063/1196/877 1078/1282/877
f 1094/1211/878 1076/1189/878 1095/1237/878
f 1382/1291/832 1512/1268/879 1130/1256/833
f 1135/1292/880 1123/1259/880 1134/1284/880
f 1139/1283/881 1119/1261/881 1138/1265/881
f 1135/1292/882 1121/1245/883 1122/1257/884
f 1058/1200/885 1052/1178/885 1059/1173/885
f 1070/1288/886 1042/1149/886 1041/1171/752
f 1084/1232/887 1058/1200/773 1083/1231/887
f 1075/1216/888 1065/1188/888 1066/1204/888
f 1071/1287/872 1069/1167/872 1070/1288/886
f 1109/1249/889 1093/1210/889 1108/1258/889
f 1115/1228/890 1087/1230/798 1114/1251/810
f 1112/1260/891 1090/1279/891 1111/1262/891
f 1382/1293/866 1101/1255/892 1100/1280/893
f 1382/1294/866 1100/1280/893 1071/1287/867
f 1154/1206/894 1170/1295/894 1155/1157/894
f 1150/1154/895 1166/1296/895 1151/1151/895
f 1156/1220/841 1170/1295/896 1171/1297/896
f 1154/1206/897 1168/1298/897 1169/1299/897
f 1150/1154/898 1164/1300/898 1165/1301/898
f 1147/1278/899 1172/1302/899 1162/1303/900
f 1157/1202/901 1173/1304/901 1172/1302/901
f 1158/1183/902 1174/1305/902 1173/1304/902
f 1152/1152/903 1168/1298/903 1153/1201/903
f 1147/1278/904 1163/1306/905 1148/1276/906
f 1152/1152/907 1166/1296/907 1167/1307/907
f 1149/1277/908 1163/1306/908 1164/1300/908
f 1161/1160/740 1433/1308/739 1176/1309/909
f 1382/1310/745 1156/1220/787 1171/1297/910
f 1159/1182/911 1175/1311/912 1174/1305/913
f 1160/1180/757 1176/1309/914 1175/1311/915
f 1173/1304/916 1189/1312/916 1188/1313/916
f 1167/1307/917 1183/1314/917 1168/1298/917
f 1164/1300/918 1178/1315/918 1179/1316/918
f 1162/1303/919 1178/1315/919 1163/1306/919
f 1176/1309/909 1433/1317/739 1191/1318/920
f 1382/1319/745 1171/1297/910 1186/1320/921
f 1169/1299/922 1183/1314/922 1184/1321/923
f 1175/1311/915 1191/1318/924 1190/1322/925
f 1167/1307/926 1181/1323/926 1182/1324/926
f 1170/1295/927 1184/1321/927 1185/1325/927
f 1174/1305/913 1190/1322/928 1189/1312/929
f 1170/1295/896 1186/1320/930 1171/1297/896
f 1165/1301/931 1181/1323/931 1166/1296/931
f 1162/1303/932 1187/1326/932 1177/1327/932
f 1165/1301/933 1179/1316/933 1180/1328/933
f 1172/1302/934 1188/1313/934 1187/1326/934
f 1185/1325/935 1199/1329/935 1200/1330/935
f 1189/1312/929 1205/1331/936 1204/1332/937
f 1186/1320/930 1200/1330/938 1201/1333/939
f 1180/1328/940 1196/1334/940 1181/1323/940
f 1177/1327/941 1202/1335/941 1192/1336/941
f 1180/1328/942 1194/1337/942 1195/1338/942
f 1187/1326/943 1203/1339/943 1202/1335/943
f 1188/1313/944 1204/1332/944 1203/1339/944
f 1182/1324/945 1198/1340/945 1183/1314/945
f 1179/1316/946 1193/1341/946 1194/1337/946
f 1177/1327/947 1193/1341/947 1178/1315/947
f 1191/1318/920 1433/1342/739 1206/1343/948
f 1382/1344/949 1186/1320/950 1201/1333/951
f 1184/1321/952 1198/1340/952 1199/1329/952
f 1190/1322/925 1206/1343/953 1205/1331/954
f 1182/1324/955 1196/1334/955 1197/1345/955
f 1197/1345/956 1213/1346/956 1198/1340/956
f 1194/1337/957 1208/1347/957 1209/1348/957
f 1192/1336/958 1208/1347/958 1193/1341/958
f 1206/1343/948 1433/1349/739 1221/1350/959
f 1382/1351/949 1201/1333/951 1216/1352/960
f 1199/1329/961 1213/1346/961 1214/1353/961
f 1205/1331/954 1221/1350/962 1220/1354/963
f 1197/1345/964 1211/1355/964 1212/1356/964
f 1200/1330/965 1214/1353/965 1215/1357/965
f 1204/1332/966 1220/1354/966 1219/1358/966
f 1201/1333/939 1215/1357/967 1216/1352/967
f 1195/1338/968 1211/1355/968 1196/1334/968
f 1192/1336/969 1217/1359/969 1207/1360/969
f 1195/1338/970 1209/1348/970 1210/1361/970
f 1202/1335/971 1218/1362/971 1217/1359/971
f 1203/1339/972 1219/1358/972 1218/1362/972
f 1215/1357/967 1231/1363/973 1216/1352/967
f 1210/1361/974 1226/1364/974 1211/1355/974
f 1207/1360/975 1232/1365/975 1222/1366/975
f 1210/1361/976 1224/1367/976 1225/1368/976
f 1217/1359/977 1233/1369/977 1232/1365/977
f 1218/1362/978 1234/1370/978 1233/1369/978
f 1212/1356/979 1228/1371/979 1213/1346/979
f 1209/1348/980 1223/1372/980 1224/1367/980
f 1207/1360/981 1223/1372/981 1208/1347/981
f 1221/1350/959 1433/1373/739 1236/1374/982
f 1382/1375/949 1216/1352/960 1231/1363/983
f 1214/1353/984 1228/1371/984 1229/1376/984
f 1220/1354/963 1236/1374/985 1235/1377/986
f 1212/1356/987 1226/1364/987 1227/1378/987
f 1214/1353/988 1230/1379/988 1215/1357/988
f 1219/1358/989 1235/1377/989 1234/1370/989
f 1222/1366/990 1238/1380/990 1223/1372/990
f 1236/1374/982 1433/1381/739 1251/1382/991
f 1382/1383/949 1231/1363/983 1246/1384/992
f 1229/1376/993 1243/1385/993 1244/1386/993
f 1236/1374/985 1250/1387/994 1235/1377/986
f 1227/1378/995 1241/1388/995 1242/1389/995
f 1229/1376/996 1245/1390/996 1230/1379/996
f 1234/1370/997 1250/1387/998 1249/1391/999
f 1231/1363/973 1245/1390/1000 1246/1384/1001
f 1225/1368/1002 1241/1388/1002 1226/1364/1002
f 1222/1366/1003 1247/1392/1003 1237/1393/1003
f 1225/1368/1004 1239/1394/1004 1240/1395/1004
f 1232/1365/1005 1248/1396/1005 1247/1392/1005
f 1233/1369/1006 1249/1391/1006 1248/1396/1006
f 1227/1378/1007 1243/1385/1007 1228/1371/1007
f 1224/1367/1008 1238/1380/1008 1239/1394/1008
f 1240/1395/1009 1256/1397/1009 1241/1388/1009
f 1237/1393/1010 1262/1398/1010 1252/1399/1010
f 1240/1395/1011 1254/1400/1011 1255/1401/1011
f 1247/1392/1012 1263/1402/1012 1262/1398/1012
f 1248/1396/1013 1264/1403/1013 1263/1402/1013
f 1242/1389/1014 1258/1404/1014 1243/1385/1014
f 1239/1394/1015 1253/1405/1015 1254/1400/1015
f 1237/1393/1016 1253/1405/1016 1238/1380/1016
f 1251/1382/1017 1433/1406/1018 1266/1407/1019
f 1382/1408/1020 1246/1384/1021 1261/1409/1022
f 1244/1386/1023 1258/1404/1023 1259/1410/1023
f 1250/1387/994 1266/1407/1024 1265/1411/1025
f 1242/1389/1026 1256/1397/1026 1257/1412/1026
f 1244/1386/1027 1260/1413/1027 1245/1390/1027
f 1249/1391/999 1265/1411/1028 1264/1403/1029
f 1246/1384/1001 1260/1413/1030 1261/1409/1030
f 1382/1414/1020 1261/1409/1022 1276/1415/1031
f 1259/1410/1032 1273/1416/1032 1274/1417/1032
f 1265/1411/1025 1281/1418/1033 1280/1419/1033
f 1257/1412/1034 1271/1420/1035 1272/1421/1034
f 1260/1413/1036 1274/1417/1036 1275/1422/1036
f 1264/1403/1029 1280/1419/1037 1279/1423/1037
f 1260/1413/1030 1276/1415/1038 1261/1409/1030
f 1255/1401/1039 1271/1420/1039 1256/1397/1039
f 1252/1399/1040 1277/1424/1040 1267/1425/1040
f 1255/1401/1041 1269/1426/1041 1270/1427/1041
f 1262/1398/1042 1278/1428/1042 1277/1424/1042
f 1263/1402/1043 1279/1423/1043 1278/1428/1043
f 1257/1412/1044 1273/1416/1044 1258/1404/1044
f 1254/1400/1045 1268/1429/1045 1269/1426/1045
f 1252/1399/1046 1268/1429/1047 1253/1405/1048
f 1266/1407/1019 1433/1430/1018 1281/1418/1049
f 1277/1424/1050 1282/1431/1050 1267/1425/1050
f 1270/1427/1051 1284/1432/1051 1285/1433/1051
f 1278/1428/1052 1292/1434/1052 1277/1424/1052
f 1279/1423/1053 1293/1435/1053 1278/1428/1053
f 1272/1421/1054 1288/1436/1054 1273/1416/1054
f 1269/1426/1055 1283/1437/1055 1284/1432/1055
f 1268/1429/1056 1282/1431/1057 1283/1437/1058
f 1281/1418/1049 1433/1438/1018 1296/1439/1059
f 1382/1440/1020 1276/1415/1031 1291/1441/1060
f 1274/1417/1061 1288/1436/1061 1289/1442/1061
f 1281/1418/1033 1295/1443/1062 1280/1419/1033
f 1272/1421/1063 1286/1444/1064 1287/1445/1063
f 1274/1417/1065 1290/1446/1065 1275/1422/1065
f 1280/1419/1066 1294/1447/1067 1279/1423/1066
f 1275/1422/1068 1291/1441/1069 1276/1415/1038
f 1270/1427/1070 1286/1444/1070 1271/1420/1070
f 1289/1442/1071 1303/1448/1071 1304/1449/1071
f 1296/1439/1072 1310/1450/1073 1295/1443/1062
f 1287/1445/1074 1301/1451/1074 1302/1452/1074
f 1290/1446/1075 1304/1449/1075 1305/1453/1075
f 1295/1443/1076 1309/1454/1077 1294/1447/1067
f 1290/1446/1078 1306/1455/1079 1291/1441/1069
f 1285/1433/1080 1301/1451/1080 1286/1444/1080
f 1292/1434/1081 1297/1456/1081 1282/1431/1081
f 1285/1433/1082 1299/1457/1082 1300/1458/1082
f 1293/1435/1083 1307/1459/1083 1292/1434/1083
f 1294/1447/1084 1308/1460/1084 1293/1435/1084
f 1287/1445/1085 1303/1448/1085 1288/1436/1085
f 1284/1432/1086 1298/1461/1086 1299/1457/1086
f 1283/1437/1087 1297/1456/1087 1298/1461/1087
f 1296/1439/1059 1433/1462/1018 1311/1463/1088
f 1382/1464/1020 1291/1441/1060 1306/1455/1089
f 1300/1458/1090 1314/1465/1090 1315/1466/1090
f 1308/1460/1091 1322/1467/1091 1307/1459/1091
f 1309/1454/1092 1323/1468/1092 1308/1460/1092
f 1302/1452/1093 1318/1469/1093 1303/1448/1093
f 1299/1457/1094 1313/1470/1094 1314/1465/1094
f 1298/1461/1095 1312/1471/1095 1313/1470/1095
f 1311/1463/1088 1433/1472/1018 1326/1473/1096
f 1382/1474/1097 1306/1455/1098 1321/1475/1099
f 1304/1449/1100 1318/1469/1100 1319/1476/1100
f 1311/1463/1101 1325/1477/1102 1310/1450/1073
f 1302/1452/1103 1316/1478/1103 1317/1479/1103
f 1304/1449/1104 1320/1480/1104 1305/1453/1104
f 1310/1450/1105 1324/1481/1106 1309/1454/1077
f 1305/1453/1107 1321/1475/1108 1306/1455/1079
f 1300/1458/1109 1316/1478/1109 1301/1451/1109
f 1307/1459/1110 1312/1471/1110 1297/1456/1110
f 1326/1473/1111 1340/1482/1112 1325/1477/1102
f 1317/1479/1113 1331/1483/1113 1332/1484/1114
f 1319/1476/1115 1335/1485/1115 1320/1480/1115
f 1325/1477/1116 1339/1486/1117 1324/1481/1118
f 1321/1475/1108 1335/1485/1119 1336/1487/1119
f 1315/1466/1120 1331/1483/1120 1316/1478/1120
f 1322/1467/1121 1327/1488/1121 1312/1471/1121
f 1315/1466/1122 1329/1489/1122 1330/1490/1122
f 1323/1468/1123 1337/1491/1123 1322/1467/1123
f 1324/1481/1124 1338/1492/1124 1323/1468/1124
f 1317/1479/1125 1333/1493/1125 1318/1469/1125
f 1314/1465/1126 1328/1494/1126 1329/1489/1126
f 1313/1470/1127 1327/1488/1127 1328/1494/1127
f 1326/1473/1096 1433/1495/1018 1341/1496/1128
f 1382/1497/1097 1321/1475/1099 1336/1487/1129
f 1319/1476/1130 1333/1493/1130 1334/1498/1130
f 1338/1492/1131 1352/1499/1131 1337/1491/1131
f 1339/1486/1132 1353/1500/1133 1338/1492/1134
f 1332/1484/1135 1348/1501/1135 1333/1493/1135
f 1329/1489/1136 1343/1502/1136 1344/1503/1136
f 1328/1494/1137 1342/1504/1137 1343/1502/1137
f 1341/1496/1138 1433/1505/1139 1356/1506/1140
f 1382/1507/1097 1336/1487/1129 1351/1508/1141
f 1334/1498/1142 1348/1501/1142 1349/1509/1142
f 1341/1496/1143 1355/1510/1144 1340/1482/1112
f 1332/1484/1145 1346/1511/1145 1347/1512/1145
f 1335/1485/1146 1349/1509/1146 1350/1513/1146
f 1340/1482/1147 1354/1514/1148 1339/1486/1147
f 1335/1485/1119 1351/1508/1149 1336/1487/1119
f 1330/1490/1150 1346/1511/1150 1331/1483/1150
f 1337/1491/1151 1342/1504/1151 1327/1488/1151
f 1330/1490/1152 1344/1503/1152 1345/1515/1152
f 1350/1513/1153 1364/1516/1153 1365/1517/1153
f 1355/1510/1154 1369/1518/1155 1354/1514/1148
f 1351/1508/1149 1365/1517/1156 1366/1519/1157
f 1345/1515/1158 1361/1520/1158 1346/1511/1158
f 1352/1499/1159 1357/1521/1159 1342/1504/1159
f 1344/1503/1160 1360/1522/1160 1345/1515/1160
f 1353/1500/1161 1367/1523/1161 1352/1499/1161
f 1354/1514/1162 1368/1524/1162 1353/1500/1162
f 1347/1512/1163 1363/1525/1163 1348/1501/1163
f 1344/1503/1164 1358/1526/1164 1359/1527/1164
f 1343/1502/1165 1357/1521/1165 1358/1526/1165
f 1356/1506/1140 1433/1528/1139 1371/1529/1166
f 1382/1530/1097 1351/1508/1141 1366/1519/1167
f 1349/1509/1168 1363/1525/1168 1364/1516/1168
f 1356/1506/1169 1370/1531/1170 1355/1510/1144
f 1347/1512/1171 1361/1520/1171 1362/1532/1171
f 1362/1532/1172 1378/1533/1172 1363/1525/1172
f 1359/1527/1173 1373/1534/1173 1374/1535/1173
f 1358/1526/1174 1372/1536/1174 1373/1534/1174
f 1371/1529/1166 1433/1537/1139 1387/1538/1175
f 1382/1539/1176 1366/1519/1177 1381/1540/1178
f 1364/1516/1179 1378/1533/1179 1379/1541/1179
f 1371/1529/1180 1386/1542/1181 1370/1531/1170
f 1362/1532/1182 1376/1543/1182 1377/1544/1182
f 1364/1516/1183 1380/1545/1183 1365/1517/1183
f 1370/1531/1184 1385/1546/1185 1369/1518/1155
f 1366/1519/1157 1380/1545/1157 1381/1540/1186
f 1360/1522/1187 1376/1543/1188 1361/1520/1187
f 1367/1523/1189 1372/1536/1189 1357/1521/1189
f 1359/1527/1190 1375/1547/1190 1360/1522/1190
f 1368/1524/1191 1383/1548/1191 1367/1523/1191
f 1369/1518/1192 1384/1549/1192 1368/1524/1192
f 1386/1542/1193 1400/1550/1194 1385/1546/1185
f 1381/1540/1186 1396/1551/1186 1397/1552/1195
f 1375/1547/1196 1392/1553/1196 1376/1543/1196
f 1383/1548/1197 1388/1554/1197 1372/1536/1197
f 1374/1535/1198 1391/1555/1198 1375/1547/1198
f 1384/1549/1199 1398/1556/1199 1383/1548/1199
f 1385/1546/1200 1399/1557/1200 1384/1549/1200
f 1377/1544/1201 1394/1558/1201 1378/1533/1201
f 1374/1535/1202 1389/1559/1202 1390/1560/1202
f 1373/1534/1203 1388/1554/1204 1389/1559/1205
f 1387/1538/1175 1433/1561/1139 1402/1562/1206
f 1382/1563/1176 1381/1540/1178 1397/1552/1207
f 1379/1541/1208 1394/1558/1208 1395/1564/1208
f 1387/1538/1209 1401/1565/1210 1386/1542/1181
f 1377/1544/1211 1392/1553/1211 1393/1566/1211
f 1379/1541/1212 1396/1551/1212 1380/1545/1212
f 1390/1567/1213 1404/1568/1213 1405/1569/1213
f 1388/1570/1214 1404/1568/1215 1389/1571/1216
f 1402/1572/1206 1433/1573/1139 1417/1574/1217
f 1382/1575/1176 1397/1576/1207 1412/1577/1218
f 1395/1578/1219 1409/1579/1219 1410/1580/1219
f 1401/1581/1210 1417/1574/1220 1416/1582/1221
f 1393/1583/1222 1407/1584/1222 1408/1585/1222
f 1395/1578/1223 1411/1586/1223 1396/1587/1223
f 1400/1588/1194 1416/1582/1224 1415/1589/1225
f 1397/1576/1195 1411/1586/1226 1412/1577/1226
f 1391/1590/1227 1407/1584/1227 1392/1591/1227
f 1388/1570/1228 1413/1592/1228 1403/1593/1228
f 1390/1567/1229 1406/1594/1229 1391/1590/1229
f 1398/1595/1230 1414/1596/1230 1413/1592/1230
f 1399/1597/1231 1415/1589/1231 1414/1596/1231
f 1393/1583/1232 1409/1579/1232 1394/1598/1232
f 1411/1586/1226 1427/1599/1233 1412/1577/1226
f 1406/1594/1234 1422/1600/1234 1407/1584/1234
f 1403/1593/1235 1428/1601/1235 1418/1602/1235
f 1405/1569/1236 1421/1603/1236 1406/1594/1236
f 1413/1592/1237 1429/1604/1237 1428/1601/1237
f 1414/1596/1238 1430/1605/1238 1429/1604/1238
f 1408/1585/1239 1424/1606/1239 1409/1579/1239
f 1405/1569/1240 1419/1607/1240 1420/1608/1240
f 1403/1593/1241 1419/1607/1241 1404/1568/1241
f 1417/1574/1217 1433/1609/1139 1432/1610/1242
f 1382/1611/1176 1412/1577/1218 1427/1599/1243
f 1410/1580/1244 1424/1606/1244 1425/1612/1244
f 1416/1582/1221 1432/1610/1245 1431/1613/1246
f 1408/1585/1247 1422/1600/1247 1423/1614/1247
f 1410/1580/1248 1426/1615/1248 1411/1586/1248
f 1415/1589/1225 1431/1613/1249 1430/1605/1250
f 1418/1602/1251 1435/1616/1251 1419/1607/1251
f 1432/1610/1252 1433/1617/1253 1448/1618/1254
f 1382/1619/1255 1427/1599/1256 1443/1620/1257
f 1425/1612/1258 1440/1621/1258 1441/1622/1258
f 1431/1613/1246 1448/1618/1259 1447/1623/1260
f 1423/1614/1261 1438/1624/1261 1439/1625/1261
f 1425/1612/1262 1442/1626/1262 1426/1615/1262
f 1430/1605/1250 1447/1623/1263 1446/1627/1264
f 1427/1599/1233 1442/1626/1265 1443/1620/1266
f 1421/1603/1267 1438/1624/1267 1422/1600/1267
f 1418/1602/1268 1444/1628/1268 1434/1629/1268
f 1420/1608/1269 1437/1630/1269 1421/1603/1269
f 1428/1601/1270 1445/1631/1270 1444/1628/1270
f 1429/1604/1271 1446/1627/1271 1445/1631/1271
f 1423/1614/1272 1440/1621/1272 1424/1606/1272
f 1420/1608/1273 1435/1616/1273 1436/1632/1273
f 1437/1630/1274 1453/1633/1274 1438/1624/1274
f 1434/1629/1275 1459/1634/1275 1449/1635/1275
f 1436/1632/1276 1452/1636/1276 1437/1630/1277
f 1444/1628/1278 1460/1637/1278 1459/1634/1278
f 1445/1631/1279 1461/1638/1279 1460/1637/1279
f 1439/1625/1280 1455/1639/1280 1440/1621/1280
f 1436/1632/1281 1450/1640/1281 1451/1641/1282
f 1434/1629/1283 1450/1640/1283 1435/1616/1283
f 1448/1618/1254 1433/1642/1253 1463/1643/1284
f 1382/1644/1255 1443/1620/1257 1458/1645/1285
f 1441/1622/1286 1455/1639/1286 1456/1646/1286
f 1447/1623/1260 1463/1643/1287 1462/1647/1288
f 1439/1625/1289 1453/1633/1289 1454/1648/1289
f 1441/1622/1290 1457/1649/1290 1442/1626/1290
f 1446/1627/1264 1462/1647/1291 1461/1638/1291
f 1443/1620/1266 1457/1649/1266 1458/1645/1292
f 1382/1650/1255 1458/1645/1285 1473/1651/1293
f 1456/1646/1294 1470/1652/1294 1471/1653/1294
f 1462/1647/1288 1478/1654/1295 1477/1655/1296
f 1454/1648/1297 1468/1656/1297 1469/1657/1298
f 1456/1646/1299 1472/1658/1299 1457/1649/1299
f 1461/1638/1300 1477/1655/1300 1476/1659/1300
f 1458/1645/1292 1472/1658/1301 1473/1651/1302
f 1452/1636/1303 1468/1656/1303 1453/1633/1303
f 1449/1635/1304 1474/1660/1304 1464/1661/1304
f 1451/1641/1305 1467/1662/1305 1452/1636/1305
f 1459/1634/1306 1475/1663/1306 1474/1660/1306
f 1460/1637/1307 1476/1659/1307 1475/1663/1307
f 1454/1648/1308 1470/1652/1308 1455/1639/1308
f 1451/1641/1309 1465/1664/1309 1466/1665/1309
f 1449/1635/1310 1465/1664/1310 1450/1640/1310
f 1463/1643/1284 1433/1666/1253 1478/1654/1311
f 1464/1661/1312 1489/1667/1312 1479/1668/1312
f 1466/1665/1313 1482/1669/1313 1467/1662/1313
f 1474/1660/1314 1490/1670/1314 1489/1667/1314
f 1475/1663/1315 1491/1671/1315 1490/1670/1315
f 1469/1657/1316 1485/1672/1316 1470/1652/1316
f 1466/1665/1317 1480/1673/1317 1481/1674/1317
f 1464/1661/1318 1480/1673/1318 1465/1664/1318
f 1478/1654/1311 1433/1675/1253 1493/1676/1319
f 1382/1677/1255 1473/1651/1293 1488/1678/1320
f 1471/1653/1321 1485/1672/1321 1486/1679/1321
f 1477/1655/1296 1493/1676/1322 1492/1680/1323
f 1469/1657/1324 1483/1681/1324 1484/1682/1324
f 1471/1653/1325 1487/1683/1325 1472/1658/1325
f 1476/1659/1326 1492/1680/1326 1491/1671/1326
f 1473/1651/1302 1487/1683/1327 1488/1678/1327
f 1467/1662/1328 1483/1681/1328 1468/1656/1328
f 1492/1680/1323 1508/1684/1329 1507/1685/1330
f 1484/1682/1331 1498/1686/1331 1499/1687/1331
f 1486/1679/1332 1502/1688/1332 1487/1683/1332
f 1491/1671/1333 1507/1685/1333 1506/1689/1333
f 1487/1683/1327 1503/1690/1334 1488/1678/1327
f 1482/1669/1335 1498/1686/1335 1483/1681/1335
f 1479/1668/1336 1504/1691/1336 1494/1692/1336
f 1481/1674/1337 1497/1693/1337 1482/1669/1337
f 1489/1667/1338 1505/1694/1338 1504/1691/1338
f 1490/1670/1339 1506/1689/1339 1505/1694/1339
f 1484/1682/1340 1500/1695/1340 1485/1672/1340
f 1481/1674/1341 1495/1696/1341 1496/1697/1341
f 1479/1668/1342 1495/1696/1342 1480/1673/1342
f 1493/1676/1319 1433/1698/1253 1508/1684/1343
f 1382/1699/832 1488/1678/1344 1503/1690/1345
f 1486/1679/1346 1500/1695/1346 1501/1700/1346
f 1504/1691/1347 1138/1265/1347 1137/1244/1347
f 1505/1694/1348 1139/1283/1348 1138/1265/1348
f 1499/1687/1349 1510/1271/1349 1500/1695/1349
f 1496/1697/1350 1135/1292/1350 1134/1284/1350
f 1494/1692/1351 1135/1292/1352 1495/1696/1353
f 1508/1684/1343 1433/1701/1253 1141/1233/1354
f 1382/1702/832 1503/1690/1345 1512/1268/879
f 1500/1695/1355 1131/1272/1355 1501/1700/1355
f 1507/1685/1330 1141/1233/799 1140/1235/799
f 1499/1687/1356 1132/1241/1356 1509/1243/1356
f 1501/1700/1357 1511/1267/1357 1502/1688/1357
f 1506/1689/1358 1140/1235/1358 1139/1283/1358
f 1502/1688/1359 1512/1268/827 1503/1690/1334
f 1497/1693/1360 1132/1241/1360 1498/1686/1360
f 1494/1692/1361 1137/1244/1361 1136/1246/1361
f 1496/1697/1362 1133/1285/1362 1497/1693/1362
f 1054/1144/731 1145/1181/1363 1144/1145/732
f 1043/1147/734 1038/1156/734 1039/1148/734
f 1036/1150/735 1035/1162/735 1151/1151/735
f 1033/1153/1364 1149/1277/1364 1150/1154/1364
f 1038/1156/737 1154/1206/737 1155/1157/737
f 1045/1161/741 1046/1205/741 1035/1162/741
f 1060/1163/742 1051/1174/742 1050/1164/742
f 1068/1166/743 1043/1147/743 1042/1149/743
f 1059/1173/748 1052/1178/748 1051/1174/748
f 1056/1175/749 1055/1168/842 1054/1144/750
f 1041/1171/752 1042/1149/886 1039/1148/753
f 1053/1146/754 1144/1145/754 1143/1177/754
f 1043/1147/755 1044/1184/755 1037/1179/755
f 1146/1158/756 1161/1160/757 1160/1180/757
f 1143/1177/759 1144/1145/1365 1159/1182/760
f 1068/1166/762 1067/1186/762 1044/1184/762
f 1073/1185/763 1074/1217/763 1067/1186/763
f 1077/1187/764 1064/1197/764 1065/1188/764
f 1082/1190/765 1059/1173/765 1060/1163/765
f 1079/1192/1366 1080/1194/1366 1061/1165/1366
f 1081/1191/767 1060/1163/767 1061/1165/767
f 1073/1185/768 1068/1166/768 1069/1167/768
f 1077/1187/769 1078/1282/769 1063/1196/769
f 1063/1196/771 1062/1193/771 1049/1198/771
f 1057/1176/772 1054/1144/731 1053/1146/733
f 1036/1150/774 1152/1152/774 1153/1201/774
f 1143/1177/775 1158/1183/775 1157/1202/775
f 1066/1204/776 1065/1188/776 1046/1205/776
f 1062/1193/1367 1061/1165/1367 1050/1164/1367
f 1038/1156/778 1037/1179/778 1153/1201/778
f 1093/1210/782 1078/1282/782 1077/1187/782
f 1092/1212/1368 1091/1250/1368 1080/1194/1368
f 1088/1213/784 1083/1231/784 1082/1190/784
f 1097/1215/785 1096/1224/785 1075/1216/785
f 1051/1174/786 1142/1203/786 1031/1218/786
f 1066/1204/788 1045/1161/788 1044/1184/788
f 1049/1198/1369 1050/1164/1369 1031/1218/1369
f 1104/1223/792 1105/1275/792 1096/1224/792
f 1102/1225/793 1103/1269/793 1098/1226/793
f 1087/1230/795 1084/1232/795 1083/1231/795
f 1086/1207/796 1085/1209/869 1084/1232/797
f 1141/1233/799 1116/1239/809 1117/1234/800
f 1106/1236/1370 1107/1240/1370 1094/1211/1370
f 1107/1240/1371 1108/1258/1371 1093/1210/1371
f 1132/1241/805 1125/1253/805 1126/1242/805
f 1137/1244/806 1120/1263/806 1121/1245/806
f 1117/1234/807 1114/1251/807 1113/1247/807
f 1109/1249/1372 1110/1266/1372 1091/1250/1372
f 1116/1239/809 1115/1228/890 1114/1251/810
f 1124/1252/811 1107/1240/811 1106/1236/811
f 1129/1254/812 1102/1225/813 1101/1255/813
f 1122/1257/815 1109/1249/815 1108/1258/815
f 1113/1247/816 1088/1213/816 1089/1214/816
f 1119/1261/817 1112/1260/817 1111/1262/817
f 1118/1248/818 1113/1247/818 1112/1260/818
f 1123/1259/819 1108/1258/819 1107/1240/819
f 1052/1178/820 1143/1177/820 1142/1203/820
f 1045/1161/821 1036/1150/821 1037/1179/821
f 1048/1199/822 1049/1198/822 1032/1222/822
f 1048/1199/823 1033/1153/1373 1034/1155/823
f 1138/1265/824 1119/1261/824 1120/1263/824
f 1111/1262/825 1090/1279/825 1091/1250/825
f 1511/1267/826 1129/1254/812 1130/1256/814
f 1103/1269/828 1104/1223/828 1097/1215/828
f 1509/1243/829 1126/1242/829 1127/1270/829
f 1131/1272/830 1128/1281/830 1129/1254/830
f 1122/1257/1374 1121/1245/1374 1110/1266/1374
f 1120/1263/835 1111/1262/835 1110/1266/835
f 1114/1251/836 1087/1230/836 1088/1213/836
f 1127/1270/837 1126/1242/837 1105/1275/837
f 1033/1153/838 1032/1222/838 1148/1276/838
f 1142/1203/839 1157/1202/839 1147/1278/839
f 1039/1148/753 1155/1157/841 1156/1220/841
f 1055/1168/842 1146/1158/756 1145/1181/758
f 1046/1205/843 1047/1264/843 1034/1155/843
f 1144/1145/732 1145/1181/1363 1160/1180/844
f 1063/1196/846 1048/1199/846 1047/1264/846
f 1075/1216/847 1066/1204/847 1067/1186/847
f 1032/1222/848 1031/1218/1375 1147/1278/849
f 1089/1214/851 1082/1190/851 1081/1191/851
f 1034/1155/1376 1150/1154/1376 1151/1151/1376
f 1105/1275/853 1106/1236/853 1095/1237/853
f 1101/1255/813 1102/1225/813 1099/1227/854
f 1128/1281/856 1127/1270/856 1104/1223/856
f 1128/1281/857 1103/1269/857 1102/1225/857
f 1126/1242/858 1125/1253/858 1106/1236/858
f 1065/1188/859 1064/1197/859 1047/1264/859
f 1093/1210/860 1092/1212/860 1079/1192/860
f 1510/1271/861 1127/1270/861 1128/1281/861
f 1132/1241/862 1133/1285/862 1124/1252/862
f 1140/1235/863 1117/1234/863 1118/1248/863
f 1134/1284/864 1123/1259/864 1124/1252/864
f 1083/1231/865 1058/1200/865 1059/1173/865
f 1085/1209/869 1056/1175/749 1057/1176/751
f 1100/1280/855 1099/1227/854 1072/1195/871
f 1097/1215/873 1074/1217/873 1073/1185/873
f 1090/1279/874 1081/1191/874 1080/1194/874
f 1096/1224/875 1095/1237/875 1076/1189/875
f 1099/1227/876 1098/1226/1377 1073/1185/876
f 1079/1192/877 1062/1193/877 1063/1196/877
f 1094/1211/878 1077/1187/878 1076/1189/878
f 1135/1292/880 1122/1257/880 1123/1259/880
f 1139/1283/881 1118/1248/881 1119/1261/881
f 1135/1292/882 1136/1246/1378 1121/1245/883
f 1058/1200/885 1053/1146/885 1052/1178/885
f 1070/1288/886 1069/1167/872 1042/1149/886
f 1084/1232/887 1057/1176/772 1058/1200/773
f 1075/1216/888 1076/1189/888 1065/1188/888
f 1071/1287/872 1072/1195/871 1069/1167/872
f 1109/1249/889 1092/1212/889 1093/1210/889
f 1115/1228/890 1086/1207/796 1087/1230/798
f 1112/1260/891 1089/1214/891 1090/1279/891
f 1154/1206/894 1169/1299/894 1170/1295/894
f 1150/1154/895 1165/1301/895 1166/1296/895
f 1156/1220/841 1155/1157/841 1170/1295/896
f 1154/1206/897 1153/1201/897 1168/1298/897
f 1150/1154/898 1149/1277/898 1164/1300/898
f 1147/1278/899 1157/1202/899 1172/1302/899
f 1157/1202/901 1158/1183/901 1173/1304/901
f 1158/1183/902 1159/1182/902 1174/1305/902
f 1152/1152/903 1167/1307/903 1168/1298/903
f 1147/1278/904 1162/1303/1379 1163/1306/905
f 1152/1152/907 1151/1151/907 1166/1296/907
f 1149/1277/908 1148/1276/908 1163/1306/908
f 1159/1182/911 1160/1180/911 1175/1311/912
f 1160/1180/757 1161/1160/757 1176/1309/914
f 1173/1304/916 1174/1305/916 1189/1312/916
f 1167/1307/917 1182/1324/917 1183/1314/917
f 1164/1300/918 1163/1306/918 1178/1315/918
f 1162/1303/1380 1177/1327/1380 1178/1315/1380
f 1169/1299/922 1168/1298/922 1183/1314/922
f 1175/1311/915 1176/1309/914 1191/1318/924
f 1167/1307/926 1166/1296/926 1181/1323/926
f 1170/1295/927 1169/1299/927 1184/1321/927
f 1174/1305/913 1175/1311/912 1190/1322/928
f 1170/1295/896 1185/1325/930 1186/1320/930
f 1165/1301/931 1180/1328/931 1181/1323/931
f 1162/1303/932 1172/1302/932 1187/1326/932
f 1165/1301/933 1164/1300/933 1179/1316/933
f 1172/1302/934 1173/1304/934 1188/1313/934
f 1185/1325/935 1184/1321/935 1199/1329/935
f 1189/1312/929 1190/1322/928 1205/1331/936
f 1186/1320/930 1185/1325/930 1200/1330/938
f 1180/1328/940 1195/1338/940 1196/1334/940
f 1177/1327/941 1187/1326/941 1202/1335/941
f 1180/1328/942 1179/1316/942 1194/1337/942
f 1187/1326/943 1188/1313/943 1203/1339/943
f 1188/1313/944 1189/1312/944 1204/1332/944
f 1182/1324/945 1197/1345/945 1198/1340/945
f 1179/1316/946 1178/1315/946 1193/1341/946
f 1177/1327/1381 1192/1336/1381 1193/1341/1381
f 1184/1321/952 1183/1314/952 1198/1340/952
f 1190/1322/925 1191/1318/924 1206/1343/953
f 1182/1324/955 1181/1323/955 1196/1334/955
f 1197/1345/956 1212/1356/956 1213/1346/956
f 1194/1337/957 1193/1341/957 1208/1347/957
f 1192/1336/1382 1207/1360/1382 1208/1347/1382
f 1199/1329/961 1198/1340/961 1213/1346/961
f 1205/1331/954 1206/1343/953 1221/1350/962
f 1197/1345/964 1196/1334/964 1211/1355/964
f 1200/1330/965 1199/1329/965 1214/1353/965
f 1204/1332/966 1205/1331/966 1220/1354/966
f 1201/1333/939 1200/1330/938 1215/1357/967
f 1195/1338/968 1210/1361/968 1211/1355/968
f 1192/1336/969 1202/1335/969 1217/1359/969
f 1195/1338/970 1194/1337/970 1209/1348/970
f 1202/1335/971 1203/1339/971 1218/1362/971
f 1203/1339/972 1204/1332/972 1219/1358/972
f 1215/1357/967 1230/1379/973 1231/1363/973
f 1210/1361/974 1225/1368/974 1226/1364/974
f 1207/1360/975 1217/1359/975 1232/1365/975
f 1210/1361/976 1209/1348/976 1224/1367/976
f 1217/1359/977 1218/1362/977 1233/1369/977
f 1218/1362/978 1219/1358/978 1234/1370/978
f 1212/1356/979 1227/1378/979 1228/1371/979
f 1209/1348/980 1208/1347/980 1223/1372/980
f 1207/1360/1383 1222/1366/1383 1223/1372/1383
f 1214/1353/984 1213/1346/984 1228/1371/984
f 1220/1354/963 1221/1350/962 1236/1374/985
f 1212/1356/987 1211/1355/987 1226/1364/987
f 1214/1353/988 1229/1376/988 1230/1379/988
f 1219/1358/989 1220/1354/989 1235/1377/989
f 1222/1366/1384 1237/1393/1384 1238/1380/1384
f 1229/1376/993 1228/1371/993 1243/1385/993
f 1236/1374/985 1251/1382/1385 1250/1387/994
f 1227/1378/995 1226/1364/995 1241/1388/995
f 1229/1376/996 1244/1386/996 1245/1390/996
f 1234/1370/997 1235/1377/1386 1250/1387/998
f 1231/1363/973 1230/1379/973 1245/1390/1000
f 1225/1368/1002 1240/1395/1002 1241/1388/1002
f 1222/1366/1003 1232/1365/1003 1247/1392/1003
f 1225/1368/1004 1224/1367/1004 1239/1394/1004
f 1232/1365/1005 1233/1369/1005 1248/1396/1005
f 1233/1369/1006 1234/1370/1006 1249/1391/1006
f 1227/1378/1007 1242/1389/1007 1243/1385/1007
f 1224/1367/1008 1223/1372/1008 1238/1380/1008
f 1240/1395/1009 1255/1401/1009 1256/1397/1009
f 1237/1393/1010 1247/1392/1010 1262/1398/1010
f 1240/1395/1011 1239/1394/1011 1254/1400/1011
f 1247/1392/1012 1248/1396/1012 1263/1402/1012
f 1248/1396/1013 1249/1391/1013 1264/1403/1013
f 1242/1389/1014 1257/1412/1014 1258/1404/1014
f 1239/1394/1015 1238/1380/1015 1253/1405/1015
f 1237/1393/1387 1252/1399/1387 1253/1405/1387
f 1244/1386/1023 1243/1385/1023 1258/1404/1023
f 1250/1387/994 1251/1382/1385 1266/1407/1024
f 1242/1389/1026 1241/1388/1026 1256/1397/1026
f 1244/1386/1027 1259/1410/1027 1260/1413/1027
f 1249/1391/999 1250/1387/998 1265/1411/1028
f 1246/1384/1001 1245/1390/1000 1260/1413/1030
f 1259/1410/1032 1258/1404/1032 1273/1416/1032
f 1265/1411/1025 1266/1407/1024 1281/1418/1033
f 1257/1412/1034 1256/1397/1035 1271/1420/1035
f 1260/1413/1036 1259/1410/1036 1274/1417/1036
f 1264/1403/1029 1265/1411/1028 1280/1419/1037
f 1260/1413/1030 1275/1422/1068 1276/1415/1038
f 1255/1401/1039 1270/1427/1039 1271/1420/1039
f 1252/1399/1040 1262/1398/1040 1277/1424/1040
f 1255/1401/1041 1254/1400/1041 1269/1426/1041
f 1262/1398/1042 1263/1402/1042 1278/1428/1042
f 1263/1402/1043 1264/1403/1043 1279/1423/1043
f 1257/1412/1044 1272/1421/1044 1273/1416/1044
f 1254/1400/1045 1253/1405/1045 1268/1429/1045
f 1252/1399/1046 1267/1425/1388 1268/1429/1047
f 1277/1424/1050 1292/1434/1050 1282/1431/1050
f 1270/1427/1051 1269/1426/1051 1284/1432/1051
f 1278/1428/1052 1293/1435/1052 1292/1434/1052
f 1279/1423/1053 1294/1447/1053 1293/1435/1053
f 1272/1421/1054 1287/1445/1054 1288/1436/1054
f 1269/1426/1055 1268/1429/1055 1283/1437/1055
f 1268/1429/1056 1267/1425/1389 1282/1431/1057
f 1274/1417/1061 1273/1416/1061 1288/1436/1061
f 1281/1418/1033 1296/1439/1072 1295/1443/1062
f 1272/1421/1063 1271/1420/1064 1286/1444/1064
f 1274/1417/1065 1289/1442/1065 1290/1446/1065
f 1280/1419/1066 1295/1443/1076 1294/1447/1067
f 1275/1422/1068 1290/1446/1078 1291/1441/1069
f 1270/1427/1070 1285/1433/1070 1286/1444/1070
f 1289/1442/1071 1288/1436/1071 1303/1448/1071
f 1296/1439/1072 1311/1463/1101 1310/1450/1073
f 1287/1445/1074 1286/1444/1074 1301/1451/1074
f 1290/1446/1075 1289/1442/1075 1304/1449/1075
f 1295/1443/1076 1310/1450/1105 1309/1454/1077
f 1290/1446/1078 1305/1453/1107 1306/1455/1079
f 1285/1433/1080 1300/1458/1080 1301/1451/1080
f 1292/1434/1081 1307/1459/1081 1297/1456/1081
f 1285/1433/1082 1284/1432/1082 1299/1457/1082
f 1293/1435/1083 1308/1460/1083 1307/1459/1083
f 1294/1447/1084 1309/1454/1084 1308/1460/1084
f 1287/1445/1085 1302/1452/1085 1303/1448/1085
f 1284/1432/1086 1283/1437/1086 1298/1461/1086
f 1283/1437/1390 1282/1431/1390 1297/1456/1390
f 1300/1458/1090 1299/1457/1090 1314/1465/1090
f 1308/1460/1091 1323/1468/1091 1322/1467/1091
f 1309/1454/1092 1324/1481/1092 1323/1468/1092
f 1302/1452/1093 1317/1479/1093 1318/1469/1093
f 1299/1457/1094 1298/1461/1094 1313/1470/1094
f 1298/1461/1391 1297/1456/1391 1312/1471/1391
f 1304/1449/1100 1303/1448/1100 1318/1469/1100
f 1311/1463/1101 1326/1473/1111 1325/1477/1102
f 1302/1452/1103 1301/1451/1103 1316/1478/1103
f 1304/1449/1104 1319/1476/1104 1320/1480/1104
f 1310/1450/1105 1325/1477/1106 1324/1481/1106
f 1305/1453/1107 1320/1480/1108 1321/1475/1108
f 1300/1458/1109 1315/1466/1109 1316/1478/1109
f 1307/1459/1110 1322/1467/1110 1312/1471/1110
f 1326/1473/1111 1341/1496/1143 1340/1482/1112
f 1317/1479/1113 1316/1478/1113 1331/1483/1113
f 1319/1476/1115 1334/1498/1115 1335/1485/1115
f 1325/1477/1116 1340/1482/1392 1339/1486/1117
f 1321/1475/1108 1320/1480/1108 1335/1485/1119
f 1315/1466/1120 1330/1490/1120 1331/1483/1120
f 1322/1467/1121 1337/1491/1121 1327/1488/1121
f 1315/1466/1122 1314/1465/1122 1329/1489/1122
f 1323/1468/1123 1338/1492/1123 1337/1491/1123
f 1324/1481/1393 1339/1486/1132 1338/1492/1134
f 1317/1479/1125 1332/1484/1125 1333/1493/1125
f 1314/1465/1126 1313/1470/1126 1328/1494/1126
f 1313/1470/1394 1312/1471/1394 1327/1488/1394
f 1319/1476/1130 1318/1469/1130 1333/1493/1130
f 1338/1492/1131 1353/1500/1131 1352/1499/1131
f 1339/1486/1132 1354/1514/1133 1353/1500/1133
f 1332/1484/1135 1347/1512/1395 1348/1501/1135
f 1329/1489/1136 1328/1494/1136 1343/1502/1136
f 1328/1494/1396 1327/1488/1396 1342/1504/1396
f 1334/1498/1142 1333/1493/1142 1348/1501/1142
f 1341/1496/1143 1356/1506/1169 1355/1510/1144
f 1332/1484/1145 1331/1483/1397 1346/1511/1145
f 1335/1485/1146 1334/1498/1146 1349/1509/1146
f 1340/1482/1147 1355/1510/1154 1354/1514/1148
f 1335/1485/1119 1350/1513/1398 1351/1508/1149
f 1330/1490/1150 1345/1515/1150 1346/1511/1150
f 1337/1491/1151 1352/1499/1151 1342/1504/1151
f 1330/1490/1152 1329/1489/1152 1344/1503/1152
f 1350/1513/1153 1349/1509/1153 1364/1516/1153
f 1355/1510/1154 1370/1531/1184 1369/1518/1155
f 1351/1508/1149 1350/1513/1398 1365/1517/1156
f 1345/1515/1158 1360/1522/1158 1361/1520/1158
f 1352/1499/1159 1367/1523/1159 1357/1521/1159
f 1344/1503/1160 1359/1527/1160 1360/1522/1160
f 1353/1500/1161 1368/1524/1161 1367/1523/1161
f 1354/1514/1162 1369/1518/1162 1368/1524/1162
f 1347/1512/1163 1362/1532/1163 1363/1525/1163
f 1344/1503/1164 1343/1502/1164 1358/1526/1164
f 1343/1502/1399 1342/1504/1399 1357/1521/1399
f 1349/1509/1168 1348/1501/1168 1363/1525/1168
f 1356/1506/1169 1371/1529/1180 1370/1531/1170
f 1347/1512/1171 1346/1511/1171 1361/1520/1171
f 1362/1532/1172 1377/1544/1172 1378/1533/1172
f 1359/1527/1173 1358/1526/1173 1373/1534/1173
f 1358/1526/1400 1357/1521/1400 1372/1536/1400
f 1364/1516/1179 1363/1525/1179 1378/1533/1179
f 1371/1529/1180 1387/1538/1209 1386/1542/1181
f 1362/1532/1182 1361/1520/1182 1376/1543/1182
f 1364/1516/1183 1379/1541/1183 1380/1545/1183
f 1370/1531/1184 1386/1542/1193 1385/1546/1185
f 1366/1519/1157 1365/1517/1156 1380/1545/1157
f 1360/1522/1187 1375/1547/1188 1376/1543/1188
f 1367/1523/1189 1383/1548/1189 1372/1536/1189
f 1359/1527/1190 1374/1535/1190 1375/1547/1190
f 1368/1524/1191 1384/1549/1191 1383/1548/1191
f 1369/1518/1192 1385/1546/1192 1384/1549/1192
f 1386/1542/1193 1401/1565/1194 1400/1550/1194
f 1381/1540/1186 1380/1545/1157 1396/1551/1186
f 1375/1547/1196 1391/1555/1196 1392/1553/1196
f 1383/1548/1197 1398/1556/1197 1388/1554/1197
f 1374/1535/1198 1390/1560/1198 1391/1555/1198
f 1384/1549/1199 1399/1557/1199 1398/1556/1199
f 1385/1546/1200 1400/1550/1200 1399/1557/1200
f 1377/1544/1201 1393/1566/1201 1394/1558/1201
f 1374/1535/1202 1373/1534/1202 1389/1559/1202
f 1373/1534/1203 1372/1536/1401 1388/1554/1204
f 1379/1541/1208 1378/1533/1208 1394/1558/1208
f 1387/1538/1209 1402/1562/1210 1401/1565/1210
f 1377/1544/1211 1376/1543/1211 1392/1553/1211
f 1379/1541/1212 1395/1564/1212 1396/1551/1212
f 1390/1567/1213 1389/1571/1213 1404/1568/1213
f 1388/1570/1214 1403/1593/1402 1404/1568/1215
f 1395/1578/1219 1394/1598/1219 1409/1579/1219
f 1401/1581/1210 1402/1572/1210 1417/1574/1220
f 1393/1583/1222 1392/1591/1222 1407/1584/1222
f 1395/1578/1223 1410/1580/1223 1411/1586/1223
f 1400/1588/1194 1401/1581/1194 1416/1582/1224
f 1397/1576/1195 1396/1587/1186 1411/1586/1226
f 1391/1590/1227 1406/1594/1227 1407/1584/1227
f 1388/1570/1228 1398/1595/1228 1413/1592/1228
f 1390/1567/1229 1405/1569/1229 1406/1594/1229
f 1398/1595/1230 1399/1597/1230 1414/1596/1230
f 1399/1597/1231 1400/1588/1231 1415/1589/1231
f 1393/1583/1232 1408/1585/1232 1409/1579/1232
f 1411/1586/1226 1426/1615/1233 1427/1599/1233
f 1406/1594/1234 1421/1603/1234 1422/1600/1234
f 1403/1593/1235 1413/1592/1235 1428/1601/1235
f 1405/1569/1236 1420/1608/1236 1421/1603/1236
f 1413/1592/1237 1414/1596/1237 1429/1604/1237
f 1414/1596/1238 1415/1589/1238 1430/1605/1238
f 1408/1585/1239 1423/1614/1239 1424/1606/1239
f 1405/1569/1240 1404/1568/1240 1419/1607/1240
f 1403/1593/1403 1418/1602/1403 1419/1607/1403
f 1410/1580/1244 1409/1579/1244 1424/1606/1244
f 1416/1582/1221 1417/1574/1220 1432/1610/1245
f 1408/1585/1247 1407/1584/1247 1422/1600/1247
f 1410/1580/1248 1425/1612/1248 1426/1615/1248
f 1415/1589/1225 1416/1582/1224 1431/1613/1249
f 1418/1602/1404 1434/1629/1404 1435/1616/1404
f 1425/1612/1258 1424/1606/1258 1440/1621/1258
f 1431/1613/1246 1432/1610/1245 1448/1618/1259
f 1423/1614/1261 1422/1600/1261 1438/1624/1261
f 1425/1612/1262 1441/1622/1262 1442/1626/1262
f 1430/1605/1250 1431/1613/1249 1447/1623/1263
f 1427/1599/1233 1426/1615/1233 1442/1626/1265
f 1421/1603/1267 1437/1630/1267 1438/1624/1267
f 1418/1602/1268 1428/1601/1268 1444/1628/1268
f 1420/1608/1269 1436/1632/1269 1437/1630/1269
f 1428/1601/1270 1429/1604/1270 1445/1631/1270
f 1429/1604/1271 1430/1605/1271 1446/1627/1271
f 1423/1614/1272 1439/1625/1272 1440/1621/1272
f 1420/1608/1273 1419/1607/1273 1435/1616/1273
f 1437/1630/1274 1452/1636/1274 1453/1633/1274
f 1434/1629/1275 1444/1628/1275 1459/1634/1275
f 1436/1632/1276 1451/1641/1276 1452/1636/1276
f 1444/1628/1278 1445/1631/1278 1460/1637/1278
f 1445/1631/1279 1446/1627/1279 1461/1638/1279
f 1439/1625/1280 1454/1648/1280 1455/1639/1280
f 1436/1632/1281 1435/1616/1281 1450/1640/1281
f 1434/1629/1405 1449/1635/1405 1450/1640/1405
f 1441/1622/1286 1440/1621/1286 1455/1639/1286
f 1447/1623/1260 1448/1618/1259 1463/1643/1287
f 1439/1625/1289 1438/1624/1289 1453/1633/1289
f 1441/1622/1290 1456/1646/1290 1457/1649/1290
f 1446/1627/1264 1447/1623/1263 1462/1647/1291
f 1443/1620/1266 1442/1626/1265 1457/1649/1266
f 1456/1646/1294 1455/1639/1294 1470/1652/1294
f 1462/1647/1288 1463/1643/1287 1478/1654/1295
f 1454/1648/1297 1453/1633/1297 1468/1656/1297
f 1456/1646/1299 1471/1653/1299 1472/1658/1299
f 1461/1638/1300 1462/1647/1300 1477/1655/1300
f 1458/1645/1292 1457/1649/1266 1472/1658/1301
f 1452/1636/1303 1467/1662/1303 1468/1656/1303
f 1449/1635/1304 1459/1634/1304 1474/1660/1304
f 1451/1641/1305 1466/1665/1406 1467/1662/1305
f 1459/1634/1306 1460/1637/1306 1475/1663/1306
f 1460/1637/1307 1461/1638/1307 1476/1659/1307
f 1454/1648/1308 1469/1657/1308 1470/1652/1308
f 1451/1641/1309 1450/1640/1309 1465/1664/1309
f 1449/1635/1407 1464/1661/1407 1465/1664/1407
f 1464/1661/1312 1474/1660/1312 1489/1667/1312
f 1466/1665/1313 1481/1674/1408 1482/1669/1313
f 1474/1660/1314 1475/1663/1314 1490/1670/1314
f 1475/1663/1315 1476/1659/1315 1491/1671/1315
f 1469/1657/1316 1484/1682/1316 1485/1672/1316
f 1466/1665/1317 1465/1664/1317 1480/1673/1317
f 1464/1661/1409 1479/1668/1409 1480/1673/1409
f 1471/1653/1321 1470/1652/1321 1485/1672/1321
f 1477/1655/1296 1478/1654/1295 1493/1676/1322
f 1469/1657/1324 1468/1656/1324 1483/1681/1324
f 1471/1653/1325 1486/1679/1325 1487/1683/1325
f 1476/1659/1326 1477/1655/1326 1492/1680/1326
f 1473/1651/1302 1472/1658/1301 1487/1683/1327
f 1467/1662/1328 1482/1669/1328 1483/1681/1328
f 1492/1680/1323 1493/1676/1322 1508/1684/1329
f 1484/1682/1331 1483/1681/1331 1498/1686/1331
f 1486/1679/1332 1501/1700/1332 1502/1688/1332
f 1491/1671/1333 1492/1680/1333 1507/1685/1333
f 1487/1683/1327 1502/1688/1359 1503/1690/1334
f 1482/1669/1335 1497/1693/1335 1498/1686/1335
f 1479/1668/1336 1489/1667/1336 1504/1691/1336
f 1481/1674/1337 1496/1697/1337 1497/1693/1337
f 1489/1667/1338 1490/1670/1338 1505/1694/1338
f 1490/1670/1339 1491/1671/1339 1506/1689/1339
f 1484/1682/1340 1499/1687/1340 1500/1695/1340
f 1481/1674/1341 1480/1673/1341 1495/1696/1341
f 1479/1668/1410 1494/1692/1410 1495/1696/1410
f 1486/1679/1346 1485/1672/1346 1500/1695/1346
f 1504/1691/1347 1505/1694/1347 1138/1265/1347
f 1505/1694/1348 1506/1689/1348 1139/1283/1348
f 1499/1687/1349 1509/1243/1349 1510/1271/1349
f 1496/1697/1350 1495/1696/1350 1135/1292/1350
f 1494/1692/1351 1136/1246/1411 1135/1292/1352
f 1500/1695/1355 1510/1271/1355 1131/1272/1355
f 1507/1685/1330 1508/1684/1329 1141/1233/799
f 1499/1687/1356 1498/1686/1412 1132/1241/1356
f 1501/1700/1357 1131/1272/1357 1511/1267/1357
f 1506/1689/1358 1507/1685/1358 1140/1235/1358
f 1502/1688/1359 1511/1267/826 1512/1268/827
f 1497/1693/1360 1133/1285/1360 1132/1241/1360
f 1494/1692/1361 1504/1691/1361 1137/1244/1361
f 1496/1697/1362 1134/1284/1362 1133/1285/1362
o 立方体.002
v 25.654755 46.435154 72.265587
v 25.654755 46.766247 71.839691
v 25.654755 40.165237 67.391380
v 25.654755 40.496330 66.965477
v 32.617432 46.435154 72.265587
v 32.617432 46.766247 71.839691
v 32.617432 40.165237 67.391380
v 32.617432 40.496330 66.965477
v 24.562799 43.300198 69.828484
v 24.562799 43.631287 69.402588
v 33.709385 43.300198 69.828484
v 33.709385 43.631287 69.402588
v 24.562799 45.105499 71.231918
v 33.709385 45.436592 70.806023
v 24.562799 45.436592 70.806023
v 33.709385 45.105499 71.231918
v 24.562799 41.825985 67.999153
v 33.709385 41.494892 68.425049
v 24.562799 41.494892 68.425049
v 33.709385 41.825985 67.999153
v 24.607199 46.008152 71.933640
v 33.664989 46.339245 71.507736
v 24.607199 46.339245 71.507736
v 33.664989 46.008152 71.933640
v 24.562799 44.533939 70.104301
v 33.709385 44.202847 70.530205
v 24.562799 44.202847 70.530205
v 33.709385 44.533939 70.104301
v 24.562799 44.654175 70.881058
v 33.709385 44.985268 70.455162
v 24.562799 44.985268 70.455162
v 33.709385 44.654175 70.881058
v 24.607199 45.892433 71.160393
v 33.664989 45.561340 71.586288
v 24.607199 45.561340 71.586288
v 33.664989 45.892433 71.160393
v 24.562799 42.397545 69.126762
v 33.709385 42.728638 68.700867
v 24.562799 42.728638 68.700867
v 33.709385 42.397545 69.126762
v 24.607199 40.923332 67.297432
v 33.664989 40.592243 67.723328
v 24.607199 40.592243 67.723328
v 33.664989 40.923332 67.297432
v 24.562799 42.277309 68.350006
v 33.709385 41.946220 68.775909
v 24.562799 41.946220 68.775909
v 33.709385 42.277309 68.350006
v 24.607199 41.043568 68.074188
v 33.664989 41.374660 67.648293
v 24.607199 41.374660 67.648293
v 33.664989 41.043568 68.074188
v 33.709385 45.655251 69.593330
v 33.709385 46.106579 69.944191
v 24.562799 46.562416 70.298553
v 24.562799 46.106579 69.944191
v 24.562799 42.947296 67.488174
v 24.562799 42.495972 67.137314
v 33.709385 42.044647 66.786453
v 33.709385 42.495972 67.137314
v 24.562799 45.655251 69.593330
v 33.709385 46.562416 70.298553
v 33.709385 42.947296 67.488174
v 24.562799 42.044647 66.786453
v 29.136093 39.689590 67.021614
v 29.136093 40.020683 66.595711
v 29.136093 46.910805 72.635353
v 29.136093 47.241894 72.209457
v 29.136093 43.631287 69.402588
v 29.136093 43.300198 69.828484
v 29.136093 45.105499 71.231918
v 29.136093 41.494892 68.425049
v 29.136093 46.339245 71.507736
v 29.136093 46.008152 71.933640
v 29.136093 44.202847 70.530205
v 29.136093 44.533939 70.104301
v 29.136093 44.654175 70.881058
v 29.136093 44.985268 70.455162
v 29.136093 45.561340 71.586288
v 29.136093 45.892433 71.160393
v 29.136093 42.397545 69.126762
v 29.136093 42.728638 68.700867
v 29.136093 40.923332 67.297432
v 29.136093 40.592243 67.723328
v 29.136093 42.277309 68.350006
v 29.136093 41.946220 68.775909
v 29.136093 41.374660 67.648293
v 29.136093 41.043568 68.074188
v 29.136093 46.106579 69.944191
v 29.136093 42.495972 67.137314
v 29.136093 45.655251 69.593330
v 29.136093 46.562416 70.298553
v 29.136093 42.947296 67.488174
v 29.136093 42.044647 66.786453
v 26.849447 39.689590 67.021614
v 26.849447 47.241894 72.209457
v 26.849447 43.300198 69.828484
v 26.849447 45.105499 71.231918
v 26.849447 41.494892 68.425049
v 26.849447 46.008152 71.933640
v 26.849447 44.202847 70.530205
v 26.849447 44.654175 70.881058
v 26.849447 45.561340 71.586288
v 26.849447 42.397545 69.126762
v 26.849447 40.592243 67.723328
v 26.849447 41.946220 68.775909
v 26.849447 41.043568 68.074188
v 26.849447 40.020683 66.595711
v 26.849447 46.910805 72.635353
v 26.849447 43.631287 69.402588
v 26.849447 46.339245 71.507736
v 26.849447 44.533939 70.104301
v 26.849447 44.985268 70.455162
v 26.849447 45.892433 71.160393
v 26.849447 42.728638 68.700867
v 26.849447 40.923332 67.297432
v 26.849447 42.277309 68.350006
v 26.849447 41.374660 67.648293
v 26.849447 46.106579 69.944191
v 26.849447 42.495972 67.137314
v 26.849447 45.655251 69.593330
v 26.849447 46.562416 70.298553
v 26.849447 42.947296 67.488174
v 26.849447 42.044647 66.786453
v 31.422739 40.020683 66.595711
v 31.422739 46.910805 72.635353
v 31.422739 43.631287 69.402588
v 31.422739 46.339245 71.507736
v 31.422739 44.533939 70.104301
v 31.422739 44.985268 70.455162
v 31.422739 45.892433 71.160393
v 31.422739 42.728638 68.700867
v 31.422739 40.923332 67.297432
v 31.422739 42.277309 68.350006
v 31.422739 41.374660 67.648293
v 31.422739 46.106579 69.944191
v 31.422739 42.495972 67.137314
v 31.422739 45.655251 69.593330
v 31.422739 46.562416 70.298553
v 31.422739 42.947296 67.488174
v 31.422739 42.044647 66.786453
v 31.422739 39.689590 67.021614
v 31.422739 47.241894 72.209457
v 31.422739 43.300198 69.828484
v 31.422739 45.105499 71.231918
v 31.422739 41.494892 68.425049
v 31.422739 46.008152 71.933640
v 31.422739 44.202847 70.530205
v 31.422739 44.654175 70.881058
v 31.422739 45.561340 71.586288
v 31.422739 42.397545 69.126762
v 31.422739 40.592243 67.723328
v 31.422739 41.946220 68.775909
v 31.422739 41.043568 68.074188
v 25.706123 40.165237 67.391380
v 25.706123 46.766247 71.839691
v 25.706123 43.300198 69.828484
v 25.706123 45.105499 71.231918
v 25.706123 41.494892 68.425049
v 25.706123 46.008152 71.933640
v 25.706123 44.202847 70.530205
v 25.706123 44.654175 70.881058
v 25.706123 45.561340 71.586288
v 25.706123 42.397545 69.126762
v 25.706123 40.592243 67.723328
v 25.706123 41.946220 68.775909
v 25.706123 41.043568 68.074188
v 25.706123 40.496330 66.965477
v 25.706123 46.435154 72.265587
v 25.706123 43.631287 69.402588
v 25.706123 46.339245 71.507736
v 25.706123 44.533939 70.104301
v 25.706123 44.985268 70.455162
v 25.706123 45.892433 71.160393
v 25.706123 42.728638 68.700867
v 25.706123 40.923332 67.297432
v 25.706123 42.277309 68.350006
v 25.706123 41.374660 67.648293
v 25.706123 46.106579 69.944191
v 25.706123 42.495972 67.137314
v 25.706123 45.655251 69.593330
v 25.706123 46.562416 70.298553
v 25.706123 42.947296 67.488174
v 25.706123 42.044647 66.786453
v 27.992769 40.020683 66.595711
v 27.992769 46.910805 72.635353
v 27.992769 43.631287 69.402588
v 27.992769 46.339245 71.507736
v 27.992769 44.533939 70.104301
v 27.992769 44.985268 70.455162
v 27.992769 45.892433 71.160393
v 27.992769 42.728638 68.700867
v 27.992769 40.923332 67.297432
v 27.992769 42.277309 68.350006
v 27.992769 41.374660 67.648293
v 27.992769 46.106579 69.944191
v 27.992769 42.495972 67.137314
v 27.992769 45.655251 69.593330
v 27.992769 46.562416 70.298553
v 27.992769 42.947296 67.488174
v 27.992769 42.044647 66.786453
v 27.992769 39.689590 67.021614
v 27.992769 47.241894 72.209457
v 27.992769 43.300198 69.828484
v 27.992769 45.105499 71.231918
v 27.992769 41.494892 68.425049
v 27.992769 46.008152 71.933640
v 27.992769 44.202847 70.530205
v 27.992769 44.654175 70.881058
v 27.992769 45.561340 71.586288
v 27.992769 42.397545 69.126762
v 27.992769 40.592243 67.723328
v 27.992769 41.946220 68.775909
v 27.992769 41.043568 68.074188
v 30.279417 39.689590 67.021614
v 30.279417 47.241894 72.209457
v 30.279417 43.300198 69.828484
v 30.279417 45.105499 71.231918
v 30.279417 41.494892 68.425049
v 30.279417 46.008152 71.933640
v 30.279417 44.202847 70.530205
v 30.279417 44.654175 70.881058
v 30.279417 45.561340 71.586288
v 30.279417 42.397545 69.126762
v 30.279417 40.592243 67.723328
v 30.279417 41.946220 68.775909
v 30.279417 41.043568 68.074188
v 30.279417 40.020683 66.595711
v 30.279417 46.910805 72.635353
v 30.279417 43.631287 69.402588
v 30.279417 46.339245 71.507736
v 30.279417 44.533939 70.104301
v 30.279417 44.985268 70.455162
v 30.279417 45.892433 71.160393
v 30.279417 42.728638 68.700867
v 30.279417 40.923332 67.297432
v 30.279417 42.277309 68.350006
v 30.279417 41.374660 67.648293
v 30.279417 46.106579 69.944191
v 30.279417 42.495972 67.137314
v 30.279417 45.655251 69.593330
v 30.279417 46.562416 70.298553
v 30.279417 42.947296 67.488174
v 30.279417 42.044647 66.786453
v 32.566063 40.496330 66.965477
v 32.566063 46.435154 72.265587
v 32.566063 43.631287 69.402588
v 32.566063 46.339245 71.507736
v 32.566063 44.533939 70.104301
v 32.566063 44.985268 70.455162
v 32.566063 45.892433 71.160393
v 32.566063 42.728638 68.700867
v 32.566063 40.923332 67.297432
v 32.566063 42.277309 68.350006
v 32.566063 41.374660 67.648293
v 32.566063 46.106579 69.944191
v 32.566063 42.495972 67.137314
v 32.566063 45.655251 69.593330
v 32.566063 46.562416 70.298553
v 32.566063 42.947296 67.488174
v 32.566063 42.044647 66.786453
v 32.566063 40.165237 67.391380
v 32.566063 46.766247 71.839691
v 32.566063 43.300198 69.828484
v 32.566063 45.105499 71.231918
v 32.566063 41.494892 68.425049
v 32.566063 46.008152 71.933640
v 32.566063 44.202847 70.530205
v 32.566063 44.654175 70.881058
v 32.566063 45.561340 71.586288
v 32.566063 42.397545 69.126762
v 32.566063 40.592243 67.723328
v 32.566063 41.946220 68.775909
v 32.566063 41.043568 68.074188
vn -0.4588 -0.7015 -0.5454
vn -0.0000 -0.7895 -0.6138
vn 0.4588 0.7015 0.5454
vn -0.0000 0.7895 0.6138
vn -0.0000 -0.6138 0.7895
vn -0.0000 0.6138 -0.7895
vn 1.0000 -0.0000 -0.0000
vn -1.0000 -0.0000 -0.0000
vn -0.9971 0.0605 0.0471
vn 0.9970 -0.0611 -0.0475
vn 0.9962 0.0356 0.0790
vn -0.4588 0.7015 0.5454
vn 0.9971 0.0605 0.0471
vn 0.4588 -0.7015 -0.5454
vn -0.9970 -0.0611 -0.0475
vn -0.9962 -0.0859 -0.0155
vn -0.4662 -0.6985 -0.5430
vn 0.4662 0.6985 0.5430
vn -0.4662 0.6985 0.5430
vn 0.4662 -0.6985 -0.5430
vn -0.9962 0.0356 0.0790
vn 0.9962 -0.0859 -0.0155
vt 0.500000 0.221754
vt 0.252670 0.252670
vt 0.252670 0.221754
vt 0.500000 0.469084
vt 0.252670 0.500000
vt 0.252670 0.469084
vt 0.500000 0.716414
vt 0.252670 0.747330
vt 0.252670 0.716414
vt 0.500000 0.963744
vt 0.252670 0.994660
vt 0.252670 0.963744
vt 0.221754 0.716414
vt 0.221754 0.747330
vt 0.716414 0.716414
vt 0.747330 0.747330
vt 0.716414 0.747330
vt 0.747330 0.592749
vt 0.716414 0.623665
vt 0.716414 0.592749
vt 0.252670 0.592749
vt 0.221754 0.623665
vt 0.221754 0.592749
vt 0.500000 0.592749
vt 0.252670 0.623665
vt 0.500000 0.098089
vt 0.252670 0.129005
vt 0.252670 0.098089
vt 0.500000 0.051560
vt 0.252670 0.067173
vt 0.252670 0.051560
vt 0.500000 0.561833
vt 0.500000 0.577291
vt 0.252670 0.670039
vt 0.221754 0.685497
vt 0.221754 0.670039
vt 0.500000 0.670039
vt 0.252670 0.685498
vt 0.500000 0.546374
vt 0.252670 0.561833
vt 0.252670 0.546374
vt 0.221754 0.561833
vt 0.221754 0.546374
vt 0.500000 0.685498
vt 0.500000 0.701110
vt 0.500000 0.175379
vt 0.252670 0.190838
vt 0.252670 0.175379
vt 0.500000 0.005340
vt 0.252670 0.036256
vt 0.252670 0.005340
vt 0.747330 0.701110
vt 0.716414 0.701110
vt 0.252670 0.701110
vt 0.221754 0.701110
vt 0.500000 0.623665
vt 0.252670 0.654581
vt 0.221754 0.654581
vt 0.747330 0.623665
vt 0.716414 0.654581
vt 0.500000 0.082631
vt 0.252670 0.082631
vt 0.500000 0.067172
vt 0.500000 0.654581
vt 0.747330 0.654581
vt 0.716414 0.670039
vt 0.747330 0.546374
vt 0.716414 0.546374
vt 0.500000 0.036256
vt 0.500000 0.129005
vt 0.252670 0.159921
vt 0.252670 0.577291
vt 0.221754 0.577291
vt 0.747330 0.577291
vt 0.716414 0.577291
vt 0.747330 0.500000
vt 0.716414 0.530916
vt 0.716414 0.500000
vt 0.221754 0.530916
vt 0.221754 0.500000
vt 0.500000 0.500000
vt 0.252670 0.530916
vt 0.500000 0.206296
vt 0.252670 0.206296
vt 0.500000 0.067173
vt 0.500000 0.159921
vt 0.500000 0.190838
vt 0.747330 0.530916
vt 0.500000 0.530916
vt 0.747330 0.670039
vt 0.716414 0.685498
vt 0.716414 0.561833
vt 0.747330 0.685498
vt 0.747330 0.561832
vt 0.530916 0.577291
vt 0.500000 0.561832
vt 0.530916 0.701110
vt 0.623665 0.701110
vt 0.654581 0.701110
vt 0.623665 0.670039
vt 0.592749 0.670039
vt 0.623665 0.577291
vt 0.654581 0.577291
vt 0.623665 0.561833
vt 0.592749 0.577291
vt 0.592749 0.561833
vt 0.623665 0.685498
vt 0.592749 0.701110
vt 0.592749 0.685498
vt 0.623665 0.546374
vt 0.592749 0.546374
vt 0.129005 0.530916
vt 0.098089 0.546374
vt 0.098089 0.530916
vt 0.623665 0.530916
vt 0.592749 0.530916
vt 0.129005 0.561833
vt 0.098089 0.577291
vt 0.098089 0.561833
vt 0.129005 0.500000
vt 0.098089 0.500000
vt 0.623665 0.500000
vt 0.592749 0.500000
vt 0.592749 0.592749
vt 0.129005 0.577291
vt 0.098089 0.592749
vt 0.129005 0.685498
vt 0.098089 0.701110
vt 0.098089 0.685498
vt 0.623665 0.654581
vt 0.592749 0.654581
vt 0.129005 0.654581
vt 0.098089 0.670039
vt 0.098089 0.654581
vt 0.623665 0.623665
vt 0.592749 0.623665
vt 0.129005 0.623665
vt 0.098089 0.623665
vt 0.129005 0.701110
vt 0.098089 0.716414
vt 0.592749 0.716414
vt 0.129005 0.546374
vt 0.129005 0.670039
vt 0.129005 0.592749
vt 0.623665 0.592749
vt 0.623665 0.716414
vt 0.592749 0.747330
vt 0.129005 0.716414
vt 0.098089 0.747330
vt 0.500000 0.840079
vt 0.252670 0.870995
vt 0.252670 0.840079
vt 0.500000 0.345419
vt 0.252670 0.376335
vt 0.252670 0.345419
vt 0.500000 0.283586
vt 0.252670 0.314503
vt 0.252670 0.283586
vt 0.067172 0.716414
vt 0.036256 0.747330
vt 0.036256 0.716414
vt 0.067172 0.592749
vt 0.036256 0.623665
vt 0.036256 0.592749
vt 0.067172 0.670039
vt 0.036256 0.685498
vt 0.036256 0.670039
vt 0.067172 0.546374
vt 0.036256 0.561833
vt 0.036256 0.546374
vt 0.067172 0.701110
vt 0.036256 0.701110
vt 0.067172 0.623665
vt 0.036256 0.654581
vt 0.067172 0.654581
vt 0.067172 0.685498
vt 0.067172 0.577291
vt 0.036256 0.577291
vt 0.036256 0.500000
vt 0.067172 0.530916
vt 0.036256 0.530916
vt 0.067172 0.561833
vt 0.685498 0.577291
vt 0.685498 0.701110
vt 0.685498 0.670039
vt 0.654581 0.670039
vt 0.685498 0.561833
vt 0.654581 0.561833
vt 0.685498 0.685498
vt 0.654581 0.685498
vt 0.685498 0.546374
vt 0.654581 0.546374
vt 0.685498 0.530916
vt 0.654581 0.530916
vt 0.685498 0.500000
vt 0.654581 0.500000
vt 0.654581 0.592749
vt 0.685498 0.654581
vt 0.654581 0.654581
vt 0.685498 0.623665
vt 0.654581 0.623665
vt 0.654581 0.716414
vt 0.685498 0.592749
vt 0.685498 0.716414
vt 0.654581 0.747330
vt 0.500000 0.901911
vt 0.252670 0.932828
vt 0.252670 0.901911
vt 0.500000 0.778246
vt 0.252670 0.809163
vt 0.252670 0.778246
vt 0.561832 0.716414
vt 0.530916 0.747330
vt 0.530916 0.716414
vt 0.561832 0.592749
vt 0.530916 0.623665
vt 0.530916 0.592749
vt 0.561832 0.701110
vt 0.561832 0.623665
vt 0.530916 0.654581
vt 0.561832 0.654581
vt 0.530916 0.670039
vt 0.561832 0.546374
vt 0.530916 0.546374
vt 0.561832 0.577291
vt 0.530916 0.500000
vt 0.561832 0.530916
vt 0.530916 0.530916
vt 0.561832 0.670039
vt 0.530916 0.685498
vt 0.530916 0.561833
vt 0.561832 0.685498
vt 0.561832 0.561833
vt 0.190838 0.530916
vt 0.159921 0.546374
vt 0.159921 0.530916
vt 0.190838 0.561833
vt 0.159921 0.577291
vt 0.159921 0.561833
vt 0.190838 0.500000
vt 0.159921 0.500000
vt 0.190838 0.577291
vt 0.159921 0.592749
vt 0.190838 0.685498
vt 0.159921 0.701110
vt 0.159921 0.685498
vt 0.190838 0.654581
vt 0.159921 0.670039
vt 0.159921 0.654581
vt 0.190838 0.623665
vt 0.159921 0.623665
vt 0.190838 0.701110
vt 0.159921 0.716414
vt 0.190838 0.546374
vt 0.190838 0.670039
vt 0.190838 0.592749
vt 0.190838 0.716414
vt 0.159921 0.747330
vt 0.500000 0.407251
vt 0.252670 0.438168
vt 0.252670 0.407251
vt 0.005340 0.546374
vt 0.005340 0.530916
vt 0.005340 0.577291
vt 0.005340 0.561832
vt 0.005340 0.500000
vt 0.005340 0.592749
vt 0.005340 0.701110
vt 0.005340 0.685498
vt 0.005340 0.670039
vt 0.005340 0.654581
vt 0.005340 0.623665
vt 0.005340 0.716414
vt 0.005340 0.747330
vt 0.500000 0.252670
vt 0.685498 0.747330
vt 0.500000 0.932828
vt 0.500000 0.870995
vt 0.623665 0.747330
vt 0.500000 0.314503
vt 0.067172 0.747330
vt 0.067172 0.500000
vt 0.500000 0.376335
vt 0.129005 0.747330
vt 0.500000 0.809163
vt 0.561832 0.747330
vt 0.561832 0.500000
vt 0.500000 0.747330
vt 0.190838 0.747330
vt 0.500000 0.438168
vt 0.500000 0.994660
vt 0.747330 0.716414
s 1
usemtl マテリアル.002
f 1553/1703/1413 1515/1704/1413 1555/1705/1413
f 1757/1706/1414 1519/1707/1414 1774/1708/1414
f 1534/1709/1415 1517/1710/1415 1536/1711/1415
f 1668/1712/1416 1513/1713/1416 1681/1714/1416
f 1779/1715/1417 1517/1710/1417 1758/1716/1417
f 1683/1717/1418 1514/1718/1418 1668/1719/1418
f 1551/1720/1418 1682/1721/1418 1687/1722/1418
f 1552/1723/1417 1776/1724/1417 1783/1725/1417
f 1550/1726/1419 1523/1727/1419 1552/1723/1419
f 1537/1728/1420 1521/1729/1420 1539/1730/1420
f 1545/1731/1421 1525/1732/1421 1547/1733/1421
f 1532/1734/1419 1575/1735/1419 1560/1735/1419
f 1544/1736/1417 1777/1737/1417 1781/1738/1417
f 1542/1739/1419 1528/1740/1419 1544/1736/1419
f 1562/1741/1422 1530/1742/1422 1564/1743/1422
f 1564/1743/1417 1778/1744/1417 1786/1745/1417
f 1526/1746/1423 1574/1747/1423 1548/1747/1423
f 1557/1748/1420 1531/1749/1420 1559/1750/1420
f 1514/1751/1424 1533/1752/1424 1513/1753/1424
f 1545/1754/1418 1683/1717/1418 1686/1755/1418
f 1546/1756/1417 1779/1715/1417 1782/1757/1417
f 1548/1747/1419 1536/1711/1419 1546/1756/1419
f 1524/1758/1419 1538/1759/1419 1523/1727/1419
f 1523/1727/1417 1780/1760/1417 1776/1724/1417
f 1522/1761/1418 1684/1762/1418 1682/1721/1418
f 1543/1763/1420 1539/1730/1420 1541/1764/1420
f 1527/1765/1420 1541/1764/1420 1525/1732/1420
f 1540/1766/1419 1544/1736/1419 1538/1759/1419
f 1538/1759/1417 1781/1738/1417 1780/1760/1417
f 1537/1767/1418 1685/1768/1418 1684/1762/1418
f 1526/1746/1425 1546/1756/1425 1528/1740/1425
f 1777/1737/1417 1546/1756/1417 1782/1757/1417
f 1563/1769/1414 1696/1770/1414 1690/1770/1414
f 1535/1771/1420 1547/1733/1420 1533/1752/1420
f 1522/1772/1420 1549/1773/1420 1521/1729/1420
f 1560/1735/1419 1552/1723/1419 1558/1774/1419
f 1558/1774/1417 1783/1725/1417 1785/1775/1417
f 1557/1776/1418 1687/1722/1418 1689/1777/1418
f 1516/1778/1418 1688/1779/1418 1680/1780/1418
f 1519/1707/1417 1784/1781/1417 1774/1782/1417
f 1520/1783/1426 1554/1784/1426 1519/1707/1426
f 1563/1785/1420 1555/1705/1420 1561/1786/1420
f 1527/1765/1420 1567/1731/1420 1568/1787/1420
f 1530/1742/1417 1785/1775/1417 1778/1744/1417
f 1532/1734/1419 1558/1774/1419 1530/1742/1419
f 1551/1788/1420 1559/1750/1420 1549/1773/1420
f 1529/1789/1427 1561/1786/1427 1531/1749/1427
f 1553/1790/1418 1690/1770/1418 1688/1779/1418
f 1554/1784/1417 1786/1745/1417 1784/1781/1417
f 1556/1791/1419 1564/1743/1419 1554/1784/1419
f 1573/1792/1418 1691/1793/1418 1693/1768/1418
f 1576/1769/1418 1692/1794/1418 1696/1770/1418
f 1568/1795/1418 1694/1755/1418 1691/1793/1418
f 1570/1796/1418 1695/1777/1418 1692/1794/1418
f 1529/1789/1428 1576/1785/1428 1563/1785/1428
f 1560/1735/1416 1772/1797/1416 1766/1797/1416
f 1527/1765/1420 1573/1763/1420 1543/1763/1420
f 1532/1734/1419 1571/1741/1419 1572/1798/1419
f 1542/1739/1419 1566/1746/1419 1526/1746/1419
f 1557/1748/1420 1570/1789/1420 1529/1789/1420
f 1543/1792/1414 1693/1768/1414 1685/1768/1414
f 1548/1747/1416 1771/1799/1416 1763/1799/1416
f 1592/1800/1416 1711/1801/1416 1703/1801/1416
f 1590/1802/1414 1753/1803/1414 1745/1803/1414
f 1597/1804/1416 1712/1805/1416 1706/1805/1416
f 1602/1806/1418 1755/1807/1418 1752/1808/1418
f 1601/1809/1418 1754/1810/1418 1751/1811/1418
f 1606/1812/1418 1752/1808/1418 1756/1813/1418
f 1603/1802/1418 1751/1811/1418 1753/1803/1418
f 1596/1814/1417 1726/1815/1417 1724/1816/1417
f 1595/1817/1418 1750/1813/1418 1748/1818/1418
f 1584/1819/1417 1725/1820/1417 1718/1821/1417
f 1577/1822/1417 1724/1816/1417 1714/1823/1417
f 1578/1824/1418 1748/1818/1418 1740/1825/1418
f 1597/1804/1418 1747/1826/1418 1749/1807/1418
f 1598/1827/1417 1723/1828/1417 1725/1820/1417
f 1599/1812/1414 1756/1813/1414 1750/1813/1414
f 1583/1829/1417 1722/1830/1417 1717/1831/1417
f 1588/1832/1418 1745/1803/1418 1744/1833/1418
f 1587/1834/1417 1721/1835/1417 1720/1836/1417
f 1581/1837/1418 1744/1833/1418 1742/1838/1418
f 1582/1839/1417 1720/1836/1417 1716/1840/1417
f 1591/1841/1417 1719/1842/1417 1722/1830/1417
f 1592/1800/1418 1743/1843/1418 1746/1810/1418
f 1600/1844/1417 1718/1821/1417 1726/1815/1417
f 1589/1845/1417 1717/1831/1417 1721/1835/1417
f 1593/1846/1417 1716/1840/1417 1723/1828/1417
f 1594/1847/1418 1742/1838/1418 1747/1826/1418
f 1585/1848/1418 1728/1849/1418 1743/1843/1418
f 1586/1850/1417 1698/1851/1417 1719/1842/1417
f 1728/1852/1416 1579/1853/1416 1741/1854/1416
f 1697/1855/1414 1577/1856/1414 1714/1857/1414
f 1680/1858/1429 1607/1859/1429 1667/1860/1429
f 1612/1861/1417 1681/1862/1417 1672/1863/1417
f 1616/1864/1417 1669/1865/1417 1676/1866/1417
f 1614/1867/1417 1670/1868/1417 1674/1869/1417
f 1619/1870/1417 1671/1871/1417 1679/1872/1417
f 1615/1873/1417 1672/1863/1417 1675/1874/1417
f 1609/1875/1417 1673/1876/1417 1669/1865/1417
f 1613/1877/1417 1674/1869/1417 1673/1876/1417
f 1610/1878/1417 1675/1874/1417 1670/1868/1417
f 1618/1879/1417 1676/1866/1417 1678/1880/1417
f 1667/1881/1417 1617/1882/1417 1677/1883/1417
f 1611/1884/1417 1678/1880/1417 1671/1871/1417
f 1617/1882/1417 1679/1872/1417 1677/1883/1417
f 1629/1885/1416 1695/1777/1416 1689/1777/1416
f 1626/1886/1416 1694/1755/1416 1686/1755/1416
f 1625/1887/1414 1710/1888/1414 1702/1888/1414
f 1632/1889/1418 1712/1805/1418 1709/1890/1418
f 1631/1891/1418 1711/1801/1418 1708/1892/1418
f 1636/1893/1418 1709/1890/1418 1713/1894/1418
f 1633/1887/1418 1708/1892/1418 1710/1888/1418
f 1628/1895/1418 1707/1894/1418 1705/1896/1418
f 1620/1897/1418 1705/1896/1418 1697/1898/1418
f 1629/1885/1418 1704/1899/1418 1706/1805/1418
f 1630/1893/1414 1713/1894/1414 1707/1894/1414
f 1624/1900/1418 1702/1888/1418 1701/1901/1418
f 1622/1902/1418 1701/1901/1418 1699/1903/1418
f 1626/1886/1418 1700/1904/1418 1703/1801/1418
f 1627/1905/1418 1699/1903/1418 1704/1899/1418
f 1623/1906/1418 1715/1907/1418 1700/1904/1418
f 1715/1908/1416 1621/1909/1416 1698/1910/1416
f 1775/1911/1430 1638/1912/1430 1758/1913/1430
f 1640/1914/1418 1775/1915/1418 1760/1916/1418
f 1644/1917/1418 1759/1918/1418 1764/1919/1418
f 1643/1920/1418 1760/1916/1418 1763/1799/1418
f 1639/1921/1418 1761/1922/1418 1759/1918/1418
f 1641/1923/1418 1762/1924/1418 1761/1922/1418
f 1647/1925/1414 1773/1926/1414 1767/1926/1414
f 1646/1927/1418 1764/1919/1418 1766/1797/1418
f 1757/1928/1418 1645/1929/1418 1765/1930/1418
f 1645/1929/1418 1767/1926/1418 1765/1930/1418
f 1650/1931/1418 1768/1932/1418 1770/1924/1418
f 1653/1925/1418 1769/1933/1418 1773/1926/1418
f 1648/1934/1418 1771/1799/1418 1768/1932/1418
f 1649/1935/1418 1772/1797/1418 1769/1933/1418
f 1642/1931/1414 1770/1924/1414 1762/1924/1414
f 1643/1920/1416 1754/1810/1416 1746/1810/1416
f 1646/1927/1416 1755/1807/1416 1749/1807/1416
f 1664/1936/1417 1739/1937/1417 1737/1938/1417
f 1658/1939/1417 1738/1940/1417 1731/1941/1417
f 1654/1942/1417 1737/1938/1417 1727/1943/1417
f 1665/1944/1417 1736/1945/1417 1738/1940/1417
f 1657/1946/1417 1735/1947/1417 1730/1948/1417
f 1660/1949/1417 1734/1950/1417 1733/1951/1417
f 1656/1952/1417 1733/1951/1417 1729/1953/1417
f 1662/1954/1417 1732/1955/1417 1735/1947/1417
f 1666/1956/1417 1731/1941/1417 1739/1937/1417
f 1661/1957/1417 1730/1948/1417 1734/1950/1417
f 1663/1958/1417 1729/1953/1417 1736/1945/1417
f 1659/1959/1417 1741/1960/1417 1732/1955/1417
f 1740/1961/1414 1654/1962/1414 1727/1963/1414
f 1545/1754/1416 1694/1755/1416 1567/1754/1416
f 1689/1777/1416 1569/1776/1416 1557/1776/1416
f 1677/1883/1417 1561/1964/1417 1555/1965/1417
f 1671/1871/1417 1559/1966/1417 1531/1967/1417
f 1515/1968/1417 1677/1883/1417 1555/1965/1417
f 1678/1880/1417 1549/1969/1417 1559/1966/1417
f 1670/1868/1417 1547/1970/1417 1525/1971/1417
f 1673/1876/1417 1541/1972/1417 1539/1973/1417
f 1669/1865/1417 1539/1973/1417 1521/1974/1417
f 1675/1874/1417 1533/1975/1417 1547/1970/1417
f 1561/1964/1417 1671/1871/1417 1531/1967/1417
f 1674/1869/1417 1525/1971/1417 1541/1972/1417
f 1676/1866/1417 1521/1974/1417 1549/1969/1417
f 1672/1863/1417 1513/1976/1417 1533/1975/1417
f 1516/1977/1414 1667/1860/1414 1515/1704/1414
f 1685/1768/1414 1633/1887/1414 1625/1887/1414
f 1692/1794/1418 1635/1885/1418 1632/1889/1418
f 1691/1793/1418 1634/1886/1418 1631/1891/1418
f 1696/1770/1418 1632/1889/1418 1636/1893/1418
f 1693/1768/1418 1631/1891/1418 1633/1887/1418
f 1688/1779/1418 1630/1893/1418 1628/1895/1418
f 1680/1780/1418 1628/1895/1418 1620/1897/1418
f 1689/1777/1418 1627/1905/1418 1629/1885/1418
f 1690/1770/1414 1636/1893/1414 1630/1893/1414
f 1684/1762/1418 1625/1887/1418 1624/1900/1418
f 1682/1721/1418 1624/1900/1418 1622/1902/1418
f 1686/1755/1418 1623/1906/1418 1626/1886/1418
f 1687/1722/1418 1622/1902/1418 1627/1905/1418
f 1623/1906/1418 1668/1719/1418 1608/1978/1418
f 1608/1979/1431 1681/1714/1431 1621/1909/1431
f 1580/1980/1416 1698/1910/1416 1579/1853/1416
f 1700/1904/1418 1580/1981/1418 1585/1848/1418
f 1704/1899/1418 1581/1837/1418 1594/1847/1418
f 1703/1801/1418 1585/1848/1418 1592/1800/1418
f 1699/1903/1418 1588/1832/1418 1581/1837/1418
f 1701/1901/1418 1590/1802/1418 1588/1832/1418
f 1707/1894/1414 1606/1812/1414 1599/1812/1414
f 1706/1805/1418 1594/1847/1418 1597/1804/1418
f 1697/1898/1418 1595/1817/1418 1578/1824/1418
f 1705/1896/1418 1599/1812/1418 1595/1817/1418
f 1710/1888/1418 1601/1809/1418 1603/1802/1418
f 1713/1894/1418 1602/1806/1418 1606/1812/1418
f 1708/1892/1418 1604/1800/1418 1601/1809/1418
f 1709/1890/1418 1605/1804/1418 1602/1806/1418
f 1702/1888/1414 1603/1802/1414 1590/1802/1414
f 1620/1982/1414 1714/1857/1414 1607/1859/1414
f 1719/1842/1417 1621/1983/1417 1612/1861/1417
f 1723/1828/1417 1609/1875/1417 1616/1864/1417
f 1721/1835/1417 1610/1878/1417 1614/1867/1417
f 1726/1815/1417 1611/1884/1417 1619/1870/1417
f 1722/1830/1417 1612/1861/1417 1615/1873/1417
f 1716/1840/1417 1613/1877/1417 1609/1875/1417
f 1720/1836/1417 1614/1867/1417 1613/1877/1417
f 1717/1831/1417 1615/1873/1417 1610/1878/1417
f 1725/1820/1417 1616/1864/1417 1618/1879/1417
f 1714/1823/1417 1617/1882/1417 1607/1984/1417
f 1718/1821/1417 1618/1879/1417 1611/1884/1417
f 1724/1816/1417 1619/1870/1417 1617/1882/1417
f 1706/1805/1416 1635/1885/1416 1629/1885/1416
f 1703/1801/1416 1634/1886/1416 1626/1886/1416
f 1578/1985/1414 1727/1963/1414 1577/1856/1414
f 1732/1955/1417 1579/1986/1417 1586/1850/1417
f 1736/1945/1417 1582/1839/1417 1593/1846/1417
f 1734/1950/1417 1583/1829/1417 1589/1845/1417
f 1739/1937/1417 1584/1819/1417 1600/1844/1417
f 1735/1947/1417 1586/1850/1417 1591/1841/1417
f 1729/1953/1417 1587/1834/1417 1582/1839/1417
f 1733/1951/1417 1589/1845/1417 1587/1834/1417
f 1730/1948/1417 1591/1841/1417 1583/1829/1417
f 1738/1940/1417 1593/1846/1417 1598/1827/1417
f 1727/1943/1417 1596/1814/1417 1577/1822/1417
f 1731/1941/1417 1598/1827/1417 1584/1819/1417
f 1737/1938/1417 1600/1844/1417 1596/1814/1417
f 1749/1807/1416 1605/1804/1416 1597/1804/1416
f 1746/1810/1416 1604/1800/1416 1592/1800/1416
f 1655/1987/1416 1741/1854/1416 1638/1912/1416
f 1743/1843/1418 1655/1988/1418 1640/1914/1418
f 1747/1826/1418 1639/1921/1418 1644/1917/1418
f 1746/1810/1418 1640/1914/1418 1643/1920/1418
f 1742/1838/1418 1641/1923/1418 1639/1921/1418
f 1744/1833/1418 1642/1931/1418 1641/1923/1418
f 1750/1813/1414 1653/1925/1414 1647/1925/1414
f 1749/1807/1418 1644/1917/1418 1646/1927/1418
f 1740/1825/1418 1645/1929/1418 1637/1989/1418
f 1748/1818/1418 1647/1925/1418 1645/1929/1418
f 1753/1803/1418 1648/1934/1418 1650/1931/1418
f 1756/1813/1418 1649/1935/1418 1653/1925/1418
f 1751/1811/1418 1651/1920/1418 1648/1934/1418
f 1752/1808/1418 1652/1927/1418 1649/1935/1418
f 1745/1803/1414 1650/1931/1414 1642/1931/1414
f 1762/1924/1414 1565/1739/1414 1542/1739/1414
f 1769/1933/1418 1575/1735/1418 1572/1798/1418
f 1768/1932/1418 1574/1747/1418 1566/1746/1418
f 1773/1926/1418 1572/1798/1418 1571/1741/1418
f 1770/1924/1418 1566/1746/1418 1565/1739/1418
f 1765/1930/1418 1562/1741/1418 1556/1791/1418
f 1520/1783/1418 1765/1930/1418 1556/1791/1418
f 1766/1797/1418 1550/1726/1418 1560/1735/1418
f 1562/1741/1414 1773/1926/1414 1571/1741/1414
f 1761/1922/1418 1542/1739/1418 1540/1766/1418
f 1759/1918/1418 1540/1766/1418 1524/1758/1418
f 1763/1799/1418 1534/1709/1418 1548/1747/1418
f 1764/1919/1418 1524/1758/1418 1550/1726/1418
f 1760/1916/1418 1518/1990/1418 1534/1709/1418
f 1518/1990/1416 1758/1913/1416 1517/1710/1416
f 1763/1799/1416 1651/1920/1416 1643/1920/1416
f 1766/1797/1416 1652/1927/1416 1646/1927/1416
f 1784/1781/1417 1666/1956/1417 1664/1936/1417
f 1778/1744/1417 1665/1944/1417 1658/1939/1417
f 1774/1782/1417 1664/1936/1417 1654/1942/1417
f 1785/1775/1417 1663/1958/1417 1665/1944/1417
f 1777/1737/1417 1662/1954/1417 1657/1946/1417
f 1780/1760/1417 1661/1957/1417 1660/1949/1417
f 1776/1724/1417 1660/1949/1417 1656/1952/1417
f 1782/1757/1417 1659/1959/1417 1662/1954/1417
f 1786/1745/1417 1658/1939/1417 1666/1956/1417
f 1781/1738/1417 1657/1946/1417 1661/1957/1417
f 1783/1725/1417 1656/1952/1417 1663/1958/1417
f 1659/1959/1417 1758/1716/1417 1638/1991/1417
f 1637/1992/1432 1774/1708/1432 1654/1962/1432
f 1553/1703/1413 1516/1977/1413 1515/1704/1413
f 1757/1706/1414 1520/1783/1414 1519/1707/1414
f 1534/1709/1415 1518/1990/1415 1517/1710/1415
f 1668/1712/1416 1514/1993/1416 1513/1713/1416
f 1779/1715/1417 1536/1711/1417 1517/1710/1417
f 1683/1717/1418 1535/1994/1418 1514/1718/1418
f 1551/1720/1418 1522/1761/1418 1682/1721/1418
f 1552/1723/1417 1523/1727/1417 1776/1724/1417
f 1550/1726/1419 1524/1758/1419 1523/1727/1419
f 1537/1728/1420 1522/1772/1420 1521/1729/1420
f 1545/1731/1421 1527/1765/1421 1525/1732/1421
f 1532/1734/1419 1572/1798/1419 1575/1735/1419
f 1544/1736/1417 1528/1740/1417 1777/1737/1417
f 1542/1739/1419 1526/1746/1419 1528/1740/1419
f 1562/1741/1422 1532/1734/1422 1530/1742/1422
f 1564/1743/1417 1530/1742/1417 1778/1744/1417
f 1526/1746/1419 1566/1746/1419 1574/1747/1419
f 1557/1748/1420 1529/1789/1420 1531/1749/1420
f 1514/1751/1424 1535/1771/1424 1533/1752/1424
f 1545/1754/1418 1535/1994/1418 1683/1717/1418
f 1546/1756/1417 1536/1711/1417 1779/1715/1417
f 1548/1747/1419 1534/1709/1419 1536/1711/1419
f 1524/1758/1419 1540/1766/1419 1538/1759/1419
f 1523/1727/1417 1538/1759/1417 1780/1760/1417
f 1522/1761/1418 1537/1767/1418 1684/1762/1418
f 1543/1763/1420 1537/1728/1420 1539/1730/1420
f 1527/1765/1420 1543/1763/1420 1541/1764/1420
f 1540/1766/1419 1542/1739/1419 1544/1736/1419
f 1538/1759/1417 1544/1736/1417 1781/1738/1417
f 1537/1767/1418 1543/1792/1418 1685/1768/1418
f 1526/1746/1425 1548/1747/1425 1546/1756/1425
f 1777/1737/1417 1528/1740/1417 1546/1756/1417
f 1563/1769/1414 1576/1769/1414 1696/1770/1414
f 1535/1771/1420 1545/1731/1420 1547/1733/1420
f 1522/1772/1420 1551/1788/1420 1549/1773/1420
f 1560/1735/1419 1550/1726/1419 1552/1723/1419
f 1558/1774/1417 1552/1723/1417 1783/1725/1417
f 1557/1776/1418 1551/1720/1418 1687/1722/1418
f 1516/1778/1418 1553/1790/1418 1688/1779/1418
f 1519/1707/1417 1554/1784/1417 1784/1781/1417
f 1520/1783/1426 1556/1791/1426 1554/1784/1426
f 1563/1785/1420 1553/1703/1420 1555/1705/1420
f 1527/1765/1433 1545/1731/1433 1567/1731/1433
f 1530/1742/1417 1558/1774/1417 1785/1775/1417
f 1532/1734/1419 1560/1735/1419 1558/1774/1419
f 1551/1788/1420 1557/1748/1420 1559/1750/1420
f 1529/1789/1427 1563/1785/1427 1561/1786/1427
f 1553/1790/1418 1563/1769/1418 1690/1770/1418
f 1554/1784/1417 1564/1743/1417 1786/1745/1417
f 1556/1791/1419 1562/1741/1419 1564/1743/1419
f 1573/1792/1418 1568/1795/1418 1691/1793/1418
f 1576/1769/1418 1570/1796/1418 1692/1794/1418
f 1568/1795/1418 1567/1754/1418 1694/1755/1418
f 1570/1796/1418 1569/1776/1418 1695/1777/1418
f 1529/1789/1420 1570/1789/1420 1576/1785/1420
f 1560/1735/1416 1575/1735/1416 1772/1797/1416
f 1527/1765/1420 1568/1787/1420 1573/1763/1420
f 1532/1734/1434 1562/1741/1434 1571/1741/1434
f 1542/1739/1419 1565/1739/1419 1566/1746/1419
f 1557/1748/1420 1569/1748/1420 1570/1789/1420
f 1543/1792/1414 1573/1792/1414 1693/1768/1414
f 1548/1747/1416 1574/1747/1416 1771/1799/1416
f 1592/1800/1416 1604/1800/1416 1711/1801/1416
f 1590/1802/1414 1603/1802/1414 1753/1803/1414
f 1597/1804/1416 1605/1804/1416 1712/1805/1416
f 1602/1806/1418 1605/1804/1418 1755/1807/1418
f 1601/1809/1418 1604/1800/1418 1754/1810/1418
f 1606/1812/1418 1602/1806/1418 1752/1808/1418
f 1603/1802/1418 1601/1809/1418 1751/1811/1418
f 1596/1814/1417 1600/1844/1417 1726/1815/1417
f 1595/1817/1418 1599/1812/1418 1750/1813/1418
f 1584/1819/1417 1598/1827/1417 1725/1820/1417
f 1577/1822/1417 1596/1814/1417 1724/1816/1417
f 1578/1824/1418 1595/1817/1418 1748/1818/1418
f 1597/1804/1418 1594/1847/1418 1747/1826/1418
f 1598/1827/1417 1593/1846/1417 1723/1828/1417
f 1599/1812/1414 1606/1812/1414 1756/1813/1414
f 1583/1829/1417 1591/1841/1417 1722/1830/1417
f 1588/1832/1418 1590/1802/1418 1745/1803/1418
f 1587/1834/1417 1589/1845/1417 1721/1835/1417
f 1581/1837/1418 1588/1832/1418 1744/1833/1418
f 1582/1839/1417 1587/1834/1417 1720/1836/1417
f 1591/1841/1417 1586/1850/1417 1719/1842/1417
f 1592/1800/1418 1585/1848/1418 1743/1843/1418
f 1600/1844/1417 1584/1819/1417 1718/1821/1417
f 1589/1845/1417 1583/1829/1417 1717/1831/1417
f 1593/1846/1417 1582/1839/1417 1716/1840/1417
f 1594/1847/1418 1581/1837/1418 1742/1838/1418
f 1585/1848/1418 1580/1981/1418 1728/1849/1418
f 1586/1850/1417 1579/1986/1417 1698/1851/1417
f 1728/1852/1416 1580/1980/1416 1579/1853/1416
f 1697/1855/1414 1578/1985/1414 1577/1856/1414
f 1680/1858/1429 1620/1982/1429 1607/1859/1429
f 1612/1861/1417 1621/1983/1417 1681/1862/1417
f 1616/1864/1417 1609/1875/1417 1669/1865/1417
f 1614/1867/1417 1610/1878/1417 1670/1868/1417
f 1619/1870/1417 1611/1884/1417 1671/1871/1417
f 1615/1873/1417 1612/1861/1417 1672/1863/1417
f 1609/1875/1417 1613/1877/1417 1673/1876/1417
f 1613/1877/1417 1614/1867/1417 1674/1869/1417
f 1610/1878/1417 1615/1873/1417 1675/1874/1417
f 1618/1879/1417 1616/1864/1417 1676/1866/1417
f 1667/1881/1417 1607/1984/1417 1617/1882/1417
f 1611/1884/1417 1618/1879/1417 1678/1880/1417
f 1617/1882/1417 1619/1870/1417 1679/1872/1417
f 1629/1885/1416 1635/1885/1416 1695/1777/1416
f 1626/1886/1416 1634/1886/1416 1694/1755/1416
f 1625/1887/1414 1633/1887/1414 1710/1888/1414
f 1632/1889/1418 1635/1885/1418 1712/1805/1418
f 1631/1891/1418 1634/1886/1418 1711/1801/1418
f 1636/1893/1418 1632/1889/1418 1709/1890/1418
f 1633/1887/1418 1631/1891/1418 1708/1892/1418
f 1628/1895/1418 1630/1893/1418 1707/1894/1418
f 1620/1897/1418 1628/1895/1418 1705/1896/1418
f 1629/1885/1418 1627/1905/1418 1704/1899/1418
f 1630/1893/1414 1636/1893/1414 1713/1894/1414
f 1624/1900/1418 1625/1887/1418 1702/1888/1418
f 1622/1902/1418 1624/1900/1418 1701/1901/1418
f 1626/1886/1418 1623/1906/1418 1700/1904/1418
f 1627/1905/1418 1622/1902/1418 1699/1903/1418
f 1623/1906/1418 1608/1978/1418 1715/1907/1418
f 1715/1908/1416 1608/1979/1416 1621/1909/1416
f 1775/1911/1430 1655/1987/1430 1638/1912/1430
f 1640/1914/1418 1655/1988/1418 1775/1915/1418
f 1644/1917/1418 1639/1921/1418 1759/1918/1418
f 1643/1920/1418 1640/1914/1418 1760/1916/1418
f 1639/1921/1418 1641/1923/1418 1761/1922/1418
f 1641/1923/1418 1642/1931/1418 1762/1924/1418
f 1647/1925/1414 1653/1925/1414 1773/1926/1414
f 1646/1927/1418 1644/1917/1418 1764/1919/1418
f 1757/1928/1418 1637/1989/1418 1645/1929/1418
f 1645/1929/1418 1647/1925/1418 1767/1926/1418
f 1650/1931/1418 1648/1934/1418 1768/1932/1418
f 1653/1925/1418 1649/1935/1418 1769/1933/1418
f 1648/1934/1418 1651/1920/1418 1771/1799/1418
f 1649/1935/1418 1652/1927/1418 1772/1797/1418
f 1642/1931/1414 1650/1931/1414 1770/1924/1414
f 1643/1920/1416 1651/1920/1416 1754/1810/1416
f 1646/1927/1416 1652/1927/1416 1755/1807/1416
f 1664/1936/1417 1666/1956/1417 1739/1937/1417
f 1658/1939/1417 1665/1944/1417 1738/1940/1417
f 1654/1942/1417 1664/1936/1417 1737/1938/1417
f 1665/1944/1417 1663/1958/1417 1736/1945/1417
f 1657/1946/1417 1662/1954/1417 1735/1947/1417
f 1660/1949/1417 1661/1957/1417 1734/1950/1417
f 1656/1952/1417 1660/1949/1417 1733/1951/1417
f 1662/1954/1417 1659/1959/1417 1732/1955/1417
f 1666/1956/1417 1658/1939/1417 1731/1941/1417
f 1661/1957/1417 1657/1946/1417 1730/1948/1417
f 1663/1958/1417 1656/1952/1417 1729/1953/1417
f 1659/1959/1417 1638/1991/1417 1741/1960/1417
f 1740/1961/1414 1637/1992/1414 1654/1962/1414
f 1545/1754/1416 1686/1755/1416 1694/1755/1416
f 1689/1777/1416 1695/1777/1416 1569/1776/1416
f 1677/1883/1417 1679/1872/1417 1561/1964/1417
f 1671/1871/1417 1678/1880/1417 1559/1966/1417
f 1515/1968/1417 1667/1881/1417 1677/1883/1417
f 1678/1880/1417 1676/1866/1417 1549/1969/1417
f 1670/1868/1417 1675/1874/1417 1547/1970/1417
f 1673/1876/1417 1674/1869/1417 1541/1972/1417
f 1669/1865/1417 1673/1876/1417 1539/1973/1417
f 1675/1874/1417 1672/1863/1417 1533/1975/1417
f 1561/1964/1417 1679/1872/1417 1671/1871/1417
f 1674/1869/1417 1670/1868/1417 1525/1971/1417
f 1676/1866/1417 1669/1865/1417 1521/1974/1417
f 1672/1863/1417 1681/1862/1417 1513/1976/1417
f 1516/1977/1414 1680/1858/1414 1667/1860/1414
f 1685/1768/1414 1693/1768/1414 1633/1887/1414
f 1692/1794/1418 1695/1777/1418 1635/1885/1418
f 1691/1793/1418 1694/1755/1418 1634/1886/1418
f 1696/1770/1418 1692/1794/1418 1632/1889/1418
f 1693/1768/1418 1691/1793/1418 1631/1891/1418
f 1688/1779/1418 1690/1770/1418 1630/1893/1418
f 1680/1780/1418 1688/1779/1418 1628/1895/1418
f 1689/1777/1418 1687/1722/1418 1627/1905/1418
f 1690/1770/1414 1696/1770/1414 1636/1893/1414
f 1684/1762/1418 1685/1768/1418 1625/1887/1418
f 1682/1721/1418 1684/1762/1418 1624/1900/1418
f 1686/1755/1418 1683/1717/1418 1623/1906/1418
f 1687/1722/1418 1682/1721/1418 1622/1902/1418
f 1623/1906/1418 1683/1717/1418 1668/1719/1418
f 1608/1979/1431 1668/1712/1431 1681/1714/1431
f 1580/1980/1416 1715/1908/1416 1698/1910/1416
f 1700/1904/1418 1715/1907/1418 1580/1981/1418
f 1704/1899/1418 1699/1903/1418 1581/1837/1418
f 1703/1801/1418 1700/1904/1418 1585/1848/1418
f 1699/1903/1418 1701/1901/1418 1588/1832/1418
f 1701/1901/1418 1702/1888/1418 1590/1802/1418
f 1707/1894/1414 1713/1894/1414 1606/1812/1414
f 1706/1805/1418 1704/1899/1418 1594/1847/1418
f 1697/1898/1418 1705/1896/1418 1595/1817/1418
f 1705/1896/1418 1707/1894/1418 1599/1812/1418
f 1710/1888/1418 1708/1892/1418 1601/1809/1418
f 1713/1894/1418 1709/1890/1418 1602/1806/1418
f 1708/1892/1418 1711/1801/1418 1604/1800/1418
f 1709/1890/1418 1712/1805/1418 1605/1804/1418
f 1702/1888/1414 1710/1888/1414 1603/1802/1414
f 1620/1982/1414 1697/1855/1414 1714/1857/1414
f 1719/1842/1417 1698/1851/1417 1621/1983/1417
f 1723/1828/1417 1716/1840/1417 1609/1875/1417
f 1721/1835/1417 1717/1831/1417 1610/1878/1417
f 1726/1815/1417 1718/1821/1417 1611/1884/1417
f 1722/1830/1417 1719/1842/1417 1612/1861/1417
f 1716/1840/1417 1720/1836/1417 1613/1877/1417
f 1720/1836/1417 1721/1835/1417 1614/1867/1417
f 1717/1831/1417 1722/1830/1417 1615/1873/1417
f 1725/1820/1417 1723/1828/1417 1616/1864/1417
f 1714/1823/1417 1724/1816/1417 1617/1882/1417
f 1718/1821/1417 1725/1820/1417 1618/1879/1417
f 1724/1816/1417 1726/1815/1417 1619/1870/1417
f 1706/1805/1416 1712/1805/1416 1635/1885/1416
f 1703/1801/1416 1711/1801/1416 1634/1886/1416
f 1578/1985/1414 1740/1961/1414 1727/1963/1414
f 1732/1955/1417 1741/1960/1417 1579/1986/1417
f 1736/1945/1417 1729/1953/1417 1582/1839/1417
f 1734/1950/1417 1730/1948/1417 1583/1829/1417
f 1739/1937/1417 1731/1941/1417 1584/1819/1417
f 1735/1947/1417 1732/1955/1417 1586/1850/1417
f 1729/1953/1417 1733/1951/1417 1587/1834/1417
f 1733/1951/1417 1734/1950/1417 1589/1845/1417
f 1730/1948/1417 1735/1947/1417 1591/1841/1417
f 1738/1940/1417 1736/1945/1417 1593/1846/1417
f 1727/1943/1417 1737/1938/1417 1596/1814/1417
f 1731/1941/1417 1738/1940/1417 1598/1827/1417
f 1737/1938/1417 1739/1937/1417 1600/1844/1417
f 1749/1807/1416 1755/1807/1416 1605/1804/1416
f 1746/1810/1416 1754/1810/1416 1604/1800/1416
f 1655/1987/1416 1728/1852/1416 1741/1854/1416
f 1743/1843/1418 1728/1849/1418 1655/1988/1418
f 1747/1826/1418 1742/1838/1418 1639/1921/1418
f 1746/1810/1418 1743/1843/1418 1640/1914/1418
f 1742/1838/1418 1744/1833/1418 1641/1923/1418
f 1744/1833/1418 1745/1803/1418 1642/1931/1418
f 1750/1813/1414 1756/1813/1414 1653/1925/1414
f 1749/1807/1418 1747/1826/1418 1644/1917/1418
f 1740/1825/1418 1748/1818/1418 1645/1929/1418
f 1748/1818/1418 1750/1813/1418 1647/1925/1418
f 1753/1803/1418 1751/1811/1418 1648/1934/1418
f 1756/1813/1418 1752/1808/1418 1649/1935/1418
f 1751/1811/1418 1754/1810/1418 1651/1920/1418
f 1752/1808/1418 1755/1807/1418 1652/1927/1418
f 1745/1803/1414 1753/1803/1414 1650/1931/1414
f 1762/1924/1414 1770/1924/1414 1565/1739/1414
f 1769/1933/1418 1772/1797/1418 1575/1735/1418
f 1768/1932/1418 1771/1799/1418 1574/1747/1418
f 1773/1926/1418 1769/1933/1418 1572/1798/1418
f 1770/1924/1418 1768/1932/1418 1566/1746/1418
f 1765/1930/1418 1767/1926/1418 1562/1741/1418
f 1520/1783/1418 1757/1928/1418 1765/1930/1418
f 1766/1797/1418 1764/1919/1418 1550/1726/1418
f 1562/1741/1414 1767/1926/1414 1773/1926/1414
f 1761/1922/1418 1762/1924/1418 1542/1739/1418
f 1759/1918/1418 1761/1922/1418 1540/1766/1418
f 1763/1799/1418 1760/1916/1418 1534/1709/1418
f 1764/1919/1418 1759/1918/1418 1524/1758/1418
f 1760/1916/1418 1775/1915/1418 1518/1990/1418
f 1518/1990/1416 1775/1911/1416 1758/1913/1416
f 1763/1799/1416 1771/1799/1416 1651/1920/1416
f 1766/1797/1416 1772/1797/1416 1652/1927/1416
f 1784/1781/1417 1786/1745/1417 1666/1956/1417
f 1778/1744/1417 1785/1775/1417 1665/1944/1417
f 1774/1782/1417 1784/1781/1417 1664/1936/1417
f 1785/1775/1417 1783/1725/1417 1663/1958/1417
f 1777/1737/1417 1782/1757/1417 1662/1954/1417
f 1780/1760/1417 1781/1738/1417 1661/1957/1417
f 1776/1724/1417 1780/1760/1417 1660/1949/1417
f 1782/1757/1417 1779/1715/1417 1659/1959/1417
f 1786/1745/1417 1778/1744/1417 1658/1939/1417
f 1781/1738/1417 1777/1737/1417 1657/1946/1417
f 1783/1725/1417 1776/1724/1417 1656/1952/1417
f 1659/1959/1417 1779/1715/1417 1758/1716/1417
f 1637/1992/1432 1757/1706/1432 1774/1708/1432
o Cube.002
v 32.654079 40.099453 72.095238
v 32.831024 39.828197 73.153595
v 33.558662 39.606148 73.417587
v 32.831024 39.497169 74.366966
v 32.654079 39.425602 74.767456
v 32.302197 39.202866 75.849823
v 31.828642 38.985790 77.003410
v 31.251614 39.064274 77.151802
v 30.593290 39.166653 77.274078
v 29.878967 39.288979 77.365547
v 29.835865 39.151901 77.328156
v 30.508745 38.897766 77.200722
v 31.128870 38.673908 77.045303
v 31.672419 38.488949 76.867867
v 32.118496 38.618645 75.690437
v 32.449963 38.776447 74.590355
v 32.616783 38.815823 74.181076
v 33.302208 38.790535 73.195076
v 32.616783 39.146851 72.967712
v 32.449963 39.400917 71.904663
v 32.118496 39.573219 71.834435
v 31.672419 39.791126 71.791122
v 31.093382 40.056293 71.778091
v 30.483501 40.334202 71.792274
v 29.821741 40.628395 71.834587
v 29.752903 40.494701 71.798111
v 30.348475 40.071945 71.720726
v 30.897352 39.675560 71.674217
v 31.418728 39.298405 71.656700
v 31.820189 38.993839 71.676369
v 32.118496 38.757141 71.729034
v 32.268883 38.518921 72.796402
v 32.885750 38.038864 72.990005
v 32.268883 38.187897 74.009773
v 32.118496 38.178188 74.427139
v 31.820189 38.080223 75.543541
v 31.418728 38.031052 76.742943
v 30.929546 38.314148 76.947151
v 30.371443 38.649952 77.133110
v 29.765873 39.025566 77.293686
v 29.671673 38.914841 77.263474
v 30.186672 38.432751 77.073853
v 30.661303 37.998810 76.861122
v 31.077314 37.629707 76.633446
v 31.418728 37.608292 75.414795
v 31.672419 37.653801 74.284081
v 31.800688 37.637505 73.859612
v 32.325283 37.380013 72.810265
v 31.800688 37.968533 72.646248
v 31.672419 38.192867 71.575089
v 31.418728 38.486004 71.537827
v 31.077314 38.866531 71.538872
v 30.633539 39.341850 71.583176
v 30.166752 39.842079 71.658012
v 29.660265 40.377514 71.766136
v 29.547382 40.281345 71.739899
v 29.945330 39.653431 71.606552
v 30.312077 39.067974 71.508453
v 30.661303 38.512100 71.442177
v 30.929546 38.069237 71.424118
v 31.128870 37.729782 71.448746
v 31.230185 37.516846 72.523018
v 31.642361 36.839314 72.662750
v 31.230185 37.185818 73.736389
v 31.128870 37.223454 74.166672
v 30.929546 37.220985 75.309128
v 30.661303 37.300331 76.543587
v 30.334442 37.740025 76.790520
v 29.961531 38.254494 77.025223
v 29.556898 38.823959 77.238686
v 29.425945 38.756435 77.220261
v 29.704662 38.122032 76.989090
v 29.961531 37.547729 76.738060
v 30.186672 37.055584 76.476822
v 30.371443 36.933193 75.230614
v 30.508745 36.903675 74.079430
v 30.593290 36.812092 73.639595
v 30.863218 36.437538 72.553139
v 30.579306 37.181206 72.431450
v 30.508745 37.385677 71.354874
v 30.371443 37.759548 71.339630
v 30.186672 38.248730 71.370323
v 29.945330 38.864464 71.452934
v 29.692707 39.513252 71.568306
v 29.418598 40.209885 71.720406
v 29.278856 40.165878 71.708397
v 29.418598 39.426929 71.544754
v 29.547382 38.739151 71.418747
v 29.671677 38.086548 71.326080
v 29.765873 37.568848 71.287605
v 29.835865 37.173779 71.297066
v 29.873058 36.974525 72.375069
v 30.017799 36.190121 72.485641
v 29.878967 36.603043 73.582565
v 29.835865 36.706753 74.025711
v 29.765873 36.755966 75.182266
v 29.671677 36.904869 76.435699
v 29.556898 37.429314 76.705757
v 29.425945 38.040466 76.966835
v 29.283863 38.714851 77.208916
v 29.136093 37.389324 76.694847
v 29.136093 36.640266 74.007568
v 29.136093 36.532459 73.563309
v 29.138590 36.106583 72.462845
v 29.138590 36.904736 72.356026
v 29.136093 37.102226 71.277542
v 29.136093 37.504456 71.270042
v 29.136093 38.031788 71.311142
v 29.133537 38.696835 71.407204
v 29.133537 39.397785 71.536804
v 29.133537 40.151016 71.704346
v 32.302197 40.201885 72.005943
v 31.828642 40.325768 71.936981
v 31.214096 40.469414 71.890793
v 30.566650 40.618759 71.869904
v 29.864132 40.773468 71.874161
v 32.723000 40.825909 72.293427
v 32.903366 40.536770 73.346909
v 33.645260 40.454357 73.648994
v 32.943932 40.206039 74.565529
v 32.723000 40.100700 74.951637
v 32.364227 39.810440 76.015579
v 31.881392 39.502483 77.144371
v 31.293062 39.470242 77.262558
v 30.621840 39.446285 77.350365
v 29.893520 39.431534 77.404442
v 32.364227 40.855675 72.184311
v 31.881392 40.881771 72.088669
v 31.293062 40.903183 72.010178
v 30.594727 40.914692 71.950645
v 29.878447 40.924332 71.915321
v 32.654079 41.552364 72.491615
v 32.831024 41.245346 73.540222
v 33.558662 41.302563 73.880402
v 32.870766 40.922722 74.761047
v 32.654079 40.775799 75.135818
v 32.302197 40.418015 76.181335
v 31.828642 40.019180 77.285339
v 31.251614 39.876213 77.373314
v 30.593290 39.725922 77.426651
v 29.878967 39.574093 77.443336
v 32.302197 41.509468 72.362679
v 31.828642 41.437771 72.240349
v 31.251614 41.340031 72.129356
v 30.566650 41.210629 72.031380
v 29.864132 41.075199 71.956482
v 32.449963 42.250900 72.682190
v 32.616783 41.926689 73.726105
v 33.302208 42.118176 74.102913
v 32.654079 41.611858 74.949059
v 32.449963 41.424950 75.312912
v 32.118496 41.002235 76.340721
v 31.672419 40.516022 77.420883
v 31.128870 40.266579 77.479813
v 30.508745 39.994808 77.500015
v 29.835865 39.711166 77.480728
v 32.118496 42.138134 72.534187
v 31.672419 41.972412 72.386215
v 31.128870 41.760094 72.243958
v 30.483501 41.495193 72.109016
v 29.821741 41.220264 71.996056
v 32.118496 42.894672 72.857819
v 32.268883 42.554623 73.897415
v 32.885746 42.869846 74.307983
v 32.302197 42.246971 75.122330
v 32.118496 42.023216 75.476135
v 31.820183 41.540657 76.487610
v 31.418728 40.973919 77.545807
v 30.929546 40.626339 77.577957
v 30.371443 40.242622 77.567619
v 29.765873 39.837502 77.515198
v 31.820183 42.717514 72.692253
v 31.418728 42.465134 72.520638
v 30.929546 42.147224 72.349571
v 30.371443 41.776009 72.185631
v 29.752903 41.353962 72.032532
v 31.672419 43.458946 73.011765
v 31.800688 43.105007 74.047569
v 32.325283 43.528698 74.487732
v 31.828642 42.803654 75.274200
v 31.672419 42.547600 75.619194
v 31.418722 42.012592 76.616364
v 31.077314 41.375263 77.655304
v 30.661297 40.941677 77.663986
v 30.186672 40.459824 77.626877
v 29.671673 39.948231 77.545403
v 31.418722 43.225346 72.830795
v 31.077314 42.897007 72.638458
v 30.661297 42.486546 72.442146
v 30.186672 42.009739 72.249397
v 29.660265 41.471146 72.064499
v 31.128870 43.922035 73.138107
v 31.230185 43.556698 74.170799
v 31.642361 44.069397 74.635239
v 31.251614 43.260513 75.398842
v 31.128870 42.977947 75.736603
v 30.929546 42.399895 76.722023
v 30.661303 41.704639 77.745163
v 30.334442 41.200462 77.734589
v 29.961531 40.638081 77.675507
v 29.556898 40.039108 77.570198
v 30.929546 43.642117 72.944496
v 30.661303 43.251442 72.735153
v 30.334442 42.765022 72.518120
v 29.961531 42.201553 72.301727
v 29.547382 41.567322 72.090736
v 30.508745 44.266136 73.231979
v 30.579306 43.892334 74.262367
v 30.863214 44.471172 74.744850
v 30.593290 43.599987 75.491455
v 30.508745 43.297729 75.823845
v 30.371443 42.687687 76.800537
v 30.186672 41.949383 77.811928
v 29.961531 41.392757 77.787048
v 29.704662 40.770538 77.711647
v 29.425945 40.106632 77.588623
v 30.371443 43.951801 73.028984
v 30.186672 43.514809 72.807007
v 29.961531 42.971947 72.574570
v 29.692707 42.316135 72.332977
v 29.418598 41.638783 72.110237
v 29.835865 44.478035 73.289787
v 29.873058 44.099014 74.318748
v 30.017794 44.718582 74.812347
v 29.878967 43.809036 75.548485
v 29.835865 43.494648 75.877563
v 29.765873 42.864910 76.848892
v 29.671673 42.100098 77.853050
v 29.556898 41.511173 77.819359
v 29.425945 40.852108 77.733894
v 29.283863 40.148216 77.599960
v 29.765873 44.142506 73.081017
v 29.671673 43.676991 72.851250
v 29.556898 43.099369 72.609337
v 29.418598 42.402458 72.356529
v 29.278856 41.682789 72.122238
v 29.136093 44.549583 73.309311
v 29.138590 44.168804 74.337791
v 29.138586 44.802128 74.835144
v 29.136093 43.879620 75.567741
v 29.136093 43.561138 75.895706
v 29.136093 42.924747 76.865211
v 29.136093 42.150990 77.866936
v 29.136093 41.551155 77.830261
v 29.136093 40.879650 77.741409
v 29.136093 40.162254 77.603790
v 29.136093 44.206898 73.098579
v 29.136093 43.731750 72.866188
v 29.136093 43.142395 72.621071
v 29.133532 42.431602 72.364479
v 29.133537 41.697643 72.126289
v 28.436321 44.478035 73.289787
v 28.404118 44.099014 74.318748
v 28.259382 44.718582 74.812347
v 28.393219 43.809036 75.548485
v 28.436321 43.494648 75.877563
v 28.506313 42.864910 76.848892
v 28.600513 42.100098 77.853050
v 28.715288 41.511173 77.819359
v 28.846241 40.852108 77.733894
v 28.988329 40.148216 77.599960
v 28.506313 44.142506 73.081017
v 28.600513 43.676991 72.851250
v 28.715288 43.099369 72.609337
v 28.848473 42.402458 72.356529
v 28.988213 41.682789 72.122238
v 27.763447 44.266136 73.231979
v 27.697874 43.892334 74.262367
v 27.413961 44.471172 74.744850
v 27.678896 43.599987 75.491455
v 27.763447 43.297729 75.823845
v 27.900743 42.687687 76.800537
v 28.085514 41.949383 77.811928
v 28.310656 41.392757 77.787048
v 28.567524 40.770538 77.711647
v 28.846241 40.106632 77.588623
v 27.900743 43.951801 73.028984
v 28.085514 43.514809 72.807007
v 28.310656 42.971947 72.574570
v 28.574362 42.316135 72.332977
v 28.848473 41.638783 72.110237
v 27.143316 43.922035 73.138107
v 27.046991 43.556694 74.170799
v 26.634815 44.069393 74.635239
v 27.020573 43.260506 75.398834
v 27.143316 42.977947 75.736603
v 27.342640 42.399895 76.722023
v 27.610884 41.704639 77.745163
v 27.937744 41.200462 77.734589
v 28.310656 40.638081 77.675507
v 28.715288 40.039108 77.570198
v 27.342640 43.642117 72.944496
v 27.610884 43.251442 72.735153
v 27.937744 42.765022 72.518120
v 28.321739 42.175961 72.294739
v 28.719687 41.567322 72.090736
v 26.599768 43.458946 73.011765
v 26.476494 43.105007 74.047569
v 25.951891 43.528690 74.487724
v 26.443544 42.803654 75.274200
v 26.599768 42.547600 75.619194
v 26.853464 42.012589 76.616364
v 27.194872 41.375263 77.655304
v 27.610889 40.941669 77.663986
v 28.085514 40.459824 77.626877
v 28.600513 39.948231 77.545403
v 26.853464 43.225346 72.830795
v 27.194872 42.897007 72.638458
v 27.633535 42.456245 72.432838
v 28.100317 41.987312 72.243271
v 28.606806 41.471146 72.064499
v 26.153692 42.894672 72.857819
v 26.008293 42.554619 73.897415
v 25.391430 42.869846 74.307983
v 25.969994 42.246971 75.122330
v 26.153692 42.023216 75.476135
v 26.452003 41.540657 76.487610
v 26.853464 40.973919 77.545807
v 27.342640 40.626339 77.577957
v 27.900743 40.242622 77.567619
v 28.506313 39.837502 77.515198
v 26.452003 42.717514 72.692253
v 26.853464 42.465134 72.520638
v 27.369719 42.122528 72.341789
v 27.918596 41.757442 72.180557
v 28.514168 41.353962 72.032532
v 25.822226 42.250900 72.682190
v 25.660391 41.926689 73.726105
v 24.974972 42.118172 74.102913
v 25.618107 41.611858 74.949059
v 25.822226 41.424950 75.312912
v 26.153692 41.002235 76.340721
v 26.599768 40.516022 77.420883
v 27.143316 40.266579 77.479813
v 27.763447 39.994808 77.500015
v 28.436321 39.711166 77.480728
v 26.153692 42.138134 72.534187
v 26.599768 41.972412 72.386215
v 27.173687 41.741795 72.237923
v 27.783567 41.495193 72.109016
v 28.445328 41.220264 71.996056
v 25.618107 41.552364 72.491615
v 25.446157 41.245346 73.540222
v 24.718517 41.302563 73.880402
v 25.401419 40.922722 74.761047
v 25.618107 40.775799 75.135818
v 25.969994 40.418011 76.181335
v 26.443544 40.019180 77.285339
v 27.020573 39.876205 77.373306
v 27.678896 39.725922 77.426651
v 28.393219 39.574089 77.443329
v 29.136093 39.426552 77.422699
v 25.969994 41.509468 72.362679
v 26.443544 41.437771 72.240349
v 27.052975 41.328674 72.125214
v 27.700420 41.210629 72.031380
v 28.402939 41.075199 71.956482
v 25.549189 40.825909 72.293427
v 25.373817 40.536770 73.346909
v 24.631920 40.454357 73.648994
v 25.328255 40.206039 74.565529
v 25.549189 40.100700 74.951637
v 25.907967 39.810440 76.015579
v 26.390795 39.502483 77.144371
v 26.979130 39.470242 77.262558
v 27.650347 39.446285 77.350365
v 28.378666 39.431534 77.404442
v 25.907967 40.855675 72.184311
v 26.390795 40.881771 72.088669
v 27.012215 40.899044 72.008003
v 27.672344 40.914692 71.950645
v 28.388624 40.924332 71.915321
v 25.618107 40.099453 72.095238
v 25.446157 39.828194 73.153595
v 24.718517 39.606148 73.417587
v 25.401424 39.489357 74.370003
v 25.618107 39.425602 74.767456
v 25.969994 39.202866 75.849823
v 26.443544 38.985790 77.003410
v 27.020573 39.064274 77.151802
v 27.678896 39.166653 77.274078
v 28.393219 39.288979 77.365547
v 25.969994 40.201885 72.005943
v 26.443544 40.325768 71.936981
v 27.052975 40.469414 71.890793
v 27.700420 40.618759 71.869904
v 28.402939 40.773468 71.874161
v 25.822226 39.400917 71.904663
v 25.660391 39.146851 72.967712
v 24.974972 38.790535 73.195076
v 25.618113 38.800220 74.181992
v 25.822226 38.776451 74.590363
v 26.153692 38.618645 75.690437
v 26.599768 38.488949 76.867867
v 27.143316 38.673908 77.045303
v 27.763447 38.897766 77.200722
v 28.436321 39.151901 77.328156
v 26.153692 39.573219 71.834435
v 26.599768 39.791126 71.791122
v 27.173687 40.056293 71.778091
v 27.783567 40.334202 71.792274
v 28.445328 40.628395 71.834587
v 29.133537 40.927586 71.903397
v 26.153692 38.757141 71.729034
v 26.008297 38.518921 72.796402
v 25.391436 38.038864 72.990005
v 25.969994 38.165108 74.008728
v 26.153692 38.178188 74.427139
v 26.452003 38.080223 75.543541
v 26.853464 38.031052 76.742943
v 27.342640 38.314148 76.947151
v 27.900743 38.649952 77.133110
v 28.506319 39.025566 77.293686
v 26.452003 38.993839 71.676369
v 26.853464 39.298405 71.656700
v 27.369722 39.675560 71.674217
v 27.918596 40.071945 71.720726
v 28.514168 40.494701 71.798111
v 26.599768 38.192867 71.575089
v 26.476494 37.968533 72.646248
v 25.951897 37.380020 72.810265
v 26.443544 37.608425 73.856850
v 26.599768 37.653801 74.284081
v 26.853464 37.608292 75.414795
v 27.194872 37.629707 76.633446
v 27.610889 37.998817 76.861122
v 28.085514 38.432751 77.073853
v 28.600513 38.914841 77.263474
v 26.853464 38.486004 71.537827
v 27.194872 38.866531 71.538872
v 27.633535 39.341850 71.583176
v 28.100317 39.842079 71.658012
v 28.606806 40.377514 71.766136
v 27.143316 37.729782 71.448746
v 27.046997 37.516846 72.523018
v 26.634819 36.839317 72.662750
v 27.020573 37.151573 73.732216
v 27.143316 37.223454 74.166672
v 27.342640 37.220985 75.309128
v 27.610889 37.300335 76.543587
v 27.937750 37.740025 76.790520
v 28.310656 38.254494 77.025223
v 28.715288 38.823959 77.238686
v 27.342640 38.069237 71.424118
v 27.610889 38.512100 71.442177
v 27.954992 39.067974 71.508453
v 28.321739 39.653431 71.606552
v 28.719687 40.281345 71.739899
v 27.763447 37.385677 71.354874
v 27.697874 37.181210 72.431458
v 27.413961 36.437542 72.553139
v 27.678900 36.812092 73.639595
v 27.763447 36.903675 74.079430
v 27.900743 36.933193 75.230614
v 28.085514 37.055584 76.476822
v 28.310661 37.547729 76.738060
v 28.567524 38.122036 76.989090
v 28.846241 38.756435 77.220261
v 27.900743 37.759548 71.339630
v 28.085514 38.248730 71.370323
v 28.321739 38.864471 71.452934
v 28.574362 39.513252 71.568306
v 28.848473 40.209885 71.720406
v 28.436321 37.173779 71.297066
v 28.404118 36.974525 72.375069
v 28.259382 36.190128 72.485641
v 28.393219 36.603050 73.582565
v 28.436321 36.706753 74.025711
v 28.506319 36.755974 75.182266
v 28.600513 36.904869 76.435699
v 28.715294 37.429314 76.705757
v 28.846241 38.040466 76.966835
v 28.988329 38.714851 77.208916
v 28.506319 37.568848 71.287605
v 28.600513 38.086548 71.326080
v 28.719687 38.739151 71.418747
v 28.848473 39.426929 71.544754
v 28.988213 40.165878 71.708397
v 29.136093 36.696133 75.165939
v 29.136093 36.853981 76.421814
v 29.136093 38.012924 76.959320
v 29.136093 38.700813 77.205086
vn 0.0862 0.2388 -0.9672
vn 0.0911 0.2504 -0.9638
vn 0.0794 0.2240 -0.9714
vn 0.1292 -0.2986 0.9456
vn 0.9468 -0.1710 0.2726
vn 0.7769 -0.2815 0.5632
vn 0.1344 -0.2736 0.9524
vn 0.0163 0.2602 -0.9654
vn 0.0103 0.2736 -0.9618
vn 0.0166 0.2632 -0.9646
vn 0.9104 -0.3475 0.2245
vn 0.2667 0.1235 -0.9558
vn 0.1191 -0.3222 0.9392
vn 0.0160 0.2588 -0.9658
vn 0.0245 -0.2631 0.9645
vn 0.0240 -0.2701 0.9625
vn 0.0245 -0.2678 0.9632
vn 0.1783 0.1725 -0.9687
vn 0.0453 0.2414 -0.9694
vn 0.0452 0.2411 -0.9694
vn 0.0395 0.2336 -0.9715
vn 0.0738 -0.2841 0.9560
vn 0.0753 -0.2769 0.9580
vn 0.1256 0.2268 -0.9658
vn 0.1960 -0.3150 0.9286
vn 0.0509 0.2584 -0.9647
vn 0.0511 0.2629 -0.9635
vn 0.0490 0.2495 -0.9671
vn 0.1293 0.2418 -0.9617
vn 0.1368 0.2483 -0.9590
vn 0.1370 0.2486 -0.9589
vn 0.1806 -0.3508 0.9189
vn 0.1583 -0.3830 0.9101
vn 0.7064 -0.6662 0.2391
vn 0.1564 0.1430 -0.9773
vn 0.7707 -0.5901 -0.2403
vn 0.2340 0.0794 -0.9690
vn 0.1044 -0.3434 0.9334
vn 0.6090 -0.6443 0.4626
vn 0.3443 0.0647 -0.9366
vn 0.0796 0.2243 -0.9713
vn 0.0694 0.2108 -0.9751
vn 0.9206 -0.1875 0.3426
vn 0.2011 0.2400 -0.9497
vn 0.8390 -0.5137 0.1791
vn 0.8757 -0.4203 -0.2379
vn 0.2038 -0.2770 0.9390
vn 0.0092 0.2508 -0.9680
vn 0.0044 0.2488 -0.9685
vn 0.0117 0.2526 -0.9675
vn 0.4998 -0.7496 0.4338
vn 0.4998 -0.7497 0.4338
vn 0.6341 -0.7381 -0.2305
vn 0.0837 0.1697 -0.9819
vn 0.5868 -0.7898 0.1783
vn 0.2891 0.1724 -0.9416
vn 0.0250 -0.2631 0.9644
vn 0.8158 -0.5207 0.2517
vn 0.0138 0.2548 -0.9669
vn 0.0147 0.2561 -0.9665
vn 0.9463 -0.2378 -0.2191
vn 0.4361 -0.8870 0.1518
vn 0.0636 -0.3757 0.9246
vn 0.0063 0.2494 -0.9684
vn 0.0572 0.1997 -0.9782
vn 0.0326 0.2274 -0.9732
vn 0.0324 0.2273 -0.9733
vn 0.0241 0.2223 -0.9747
vn -0.0000 0.2171 -0.9761
vn 0.0050 0.2172 -0.9761
vn 0.4309 -0.8845 0.1788
vn 0.0016 0.2483 -0.9687
vn 0.0032 0.2486 -0.9686
vn 0.4113 -0.8094 0.4191
vn 0.0932 -0.9945 0.0480
vn 0.0298 -0.0186 -0.9994
vn 0.0262 0.1849 -0.9824
vn 0.4713 -0.8556 -0.2140
vn 0.0149 0.2190 -0.9756
vn 0.0148 0.2189 -0.9756
vn 0.2544 -0.9359 0.2438
vn 0.0224 -0.3336 0.9424
vn 0.0294 -0.3308 0.9432
vn 0.0076 -0.3365 0.9417
vn 0.1133 -0.1181 -0.9865
vn 0.0623 0.1567 -0.9857
vn 0.0588 0.0846 -0.9947
vn 0.0384 0.1476 -0.9883
vn 0.2339 -0.8998 0.3683
vn 0.1934 0.2052 -0.9594
vn 0.8852 -0.3590 0.2958
vn 0.3736 0.1330 -0.9180
vn 0.7539 -0.3827 0.5339
vn 0.0199 0.0777 -0.9968
vn 0.1430 0.0122 -0.9896
vn 0.0075 -0.3365 0.9416
vn -0.0075 -0.3365 0.9416
vn 0.0965 -0.4319 0.8968
vn 0.0907 -0.9881 0.1242
vn 0.0132 -0.3904 0.9205
vn 0.2898 -0.9366 -0.1969
vn -0.0000 -0.2868 0.9580
vn 0.0049 -0.2868 0.9580
vn 0.0073 -0.2863 0.9581
vn 0.0882 -0.0082 -0.9961
vn 0.0425 0.1909 -0.9807
vn 0.2685 -0.9540 0.1335
vn 0.3886 0.2054 -0.8982
vn 0.3006 0.2244 -0.9270
vn 0.3005 0.2244 -0.9270
vn 0.0767 -0.2624 0.9619
vn 0.0491 0.2496 -0.9671
vn 0.8746 -0.3628 0.3216
vn 0.0867 0.2502 -0.9643
vn 0.0863 0.2497 -0.9645
vn 0.6948 -0.5204 0.4964
vn 0.7151 -0.6661 0.2120
vn 0.9833 -0.0457 -0.1763
vn 0.9821 -0.0503 -0.1816
vn 0.9820 -0.0506 -0.1820
vn 0.1284 0.1179 -0.9847
vn 0.9098 -0.1931 0.3674
vn 0.4485 -0.8905 0.0763
vn 0.0364 -0.3280 0.9440
vn 0.0489 -0.3200 0.9462
vn 0.0594 -0.4467 0.8927
vn 0.0392 -0.3854 0.9219
vn 0.2762 -0.9594 0.0575
vn 0.8060 -0.5225 0.2783
vn 0.2477 -0.0489 -0.9676
vn 0.0201 -0.4542 0.8907
vn 0.0859 -0.9682 0.2349
vn 0.0088 0.1818 -0.9833
vn 0.0790 -0.9296 0.3599
vn 0.1018 0.1861 -0.9772
vn 0.0173 -0.2798 0.9599
vn 0.0177 -0.2802 0.9598
vn 0.0208 -0.2765 0.9608
vn 0.0396 0.2338 -0.9715
vn 0.0221 -0.2745 0.9613
vn 0.0490 -0.3200 0.9462
vn 0.0597 -0.3097 0.9490
vn 0.1299 -0.4103 0.9026
vn 0.1923 0.0418 -0.9804
vn 0.6035 -0.7906 0.1036
vn 0.0857 -0.3615 0.9284
vn 0.3018 0.0033 -0.9534
vn 0.5798 -0.7884 0.2055
vn -0.0000 -0.2872 0.9579
vn 0.0383 -0.1326 -0.9904
vn 0.0130 0.1430 -0.9896
vn 0.1046 -0.9781 -0.1798
vn 0.0983 -0.9780 -0.1840
vn 0.0977 -0.9780 -0.1841
vn 0.1159 0.2054 -0.9718
vn 0.0680 -0.2975 0.9523
vn 0.0697 0.2109 -0.9750
vn 0.7354 -0.6633 0.1383
vn 0.0597 -0.3096 0.9490
vn 0.1841 -0.0899 -0.9788
vn 0.0243 0.2224 -0.9746
vn 0.0955 0.0982 -0.9906
vn 0.0118 -0.2845 0.9586
vn 0.0139 -0.2832 0.9590
vn 0.1344 -0.2480 0.9594
vn 0.8722 -0.0439 0.4871
vn 0.0753 -0.2480 0.9658
vn 0.2038 -0.2383 0.9496
vn 0.8019 -0.0797 0.5921
vn 0.3006 0.2775 -0.9125
vn 0.3005 0.2775 -0.9125
vn 0.2011 0.2755 -0.9400
vn 0.1370 0.2728 -0.9523
vn 0.9206 -0.0125 0.3904
vn 0.9821 0.1354 -0.1307
vn 0.9833 0.1288 -0.1286
vn 0.9820 0.1360 -0.1308
vn 0.9468 0.0089 0.3217
vn 0.3886 0.2792 -0.8781
vn 0.0163 0.2661 -0.9638
vn 0.0245 -0.2584 0.9657
vn 0.0862 0.2698 -0.9590
vn 0.0863 0.2698 -0.9591
vn 0.0829 0.2849 -0.9550
vn 0.0509 0.2673 -0.9623
vn 0.0490 0.2762 -0.9598
vn 0.1317 0.2965 -0.9459
vn 0.8852 0.1591 0.4372
vn 0.3736 0.3517 -0.8583
vn 0.3736 0.3516 -0.8583
vn 0.9464 0.3159 -0.0672
vn 0.0153 0.2689 -0.9630
vn 0.0240 -0.2561 0.9664
vn 0.1960 -0.2003 0.9599
vn 0.0491 0.2761 -0.9599
vn 0.0460 0.2825 -0.9582
vn 0.9104 0.1854 0.3698
vn 0.1292 -0.2230 0.9662
vn 0.0829 0.2847 -0.9550
vn 0.0772 0.2970 -0.9518
vn 0.0709 -0.2341 0.9696
vn 0.8387 0.1187 0.5315
vn 0.2891 0.3297 -0.8987
vn 0.7713 0.0699 0.6326
vn 0.1934 0.3104 -0.9307
vn 0.1191 -0.1994 0.9727
vn 0.0794 0.2991 -0.9509
vn 0.0795 0.3003 -0.9505
vn 0.0680 -0.2273 0.9714
vn 0.0597 -0.2152 0.9747
vn 0.7730 0.2719 0.5733
vn 0.2667 0.3791 -0.8861
vn 0.7110 0.2109 0.6708
vn 0.1783 0.3434 -0.9221
vn 0.1214 0.3190 -0.9400
vn 0.8158 0.3207 0.4813
vn 0.3443 0.4199 -0.8397
vn 0.8758 0.4825 0.0099
vn 0.0138 0.2715 -0.9623
vn 0.0173 -0.2464 0.9690
vn 0.0221 -0.2517 0.9676
vn 0.0208 -0.2497 0.9681
vn 0.1806 -0.1645 0.9697
vn 0.0454 0.2820 -0.9584
vn 0.0380 0.2912 -0.9559
vn 0.8390 0.3516 0.4152
vn 0.7151 0.4662 0.5209
vn 0.3018 0.4813 -0.8230
vn 0.7709 0.6300 0.0945
vn 0.0117 0.2737 -0.9617
vn 0.0177 -0.2461 0.9691
vn 0.1583 -0.1323 0.9785
vn 0.0383 0.2909 -0.9560
vn 0.0312 0.2973 -0.9543
vn 0.7354 0.5012 0.4560
vn 0.1044 -0.1782 0.9785
vn 0.0697 0.3135 -0.9470
vn 0.0543 -0.2101 0.9762
vn 0.6775 0.4097 0.6109
vn 0.2340 0.4237 -0.8750
vn 0.6234 0.3379 0.7052
vn 0.1564 0.3731 -0.9145
vn 0.1064 0.3391 -0.9347
vn 0.0426 -0.2009 0.9787
vn 0.5560 0.5269 0.6428
vn 0.1923 0.4619 -0.8658
vn 0.5117 0.4460 0.7343
vn 0.1284 0.3985 -0.9081
vn 0.0874 0.3564 -0.9303
vn 0.5868 0.5899 0.5547
vn 0.2477 0.5335 -0.8087
vn 0.6342 0.7523 0.1785
vn 0.0092 0.2756 -0.9612
vn 0.0139 -0.2431 0.9699
vn 0.1299 -0.1049 0.9860
vn 0.0212 0.3020 -0.9531
vn 0.0251 0.3008 -0.9534
vn 0.6035 0.6284 0.4907
vn 0.0857 -0.1601 0.9834
vn 0.0572 0.3247 -0.9441
vn 0.4713 0.8450 0.2527
vn 0.0079 0.2763 -0.9610
vn 0.0118 -0.2418 0.9703
vn 0.0965 -0.0834 0.9918
vn 0.0215 0.3047 -0.9522
vn 0.4485 0.7284 0.5180
vn 0.0636 -0.1459 0.9872
vn 0.0360 0.3367 -0.9409
vn 0.0382 0.3334 -0.9420
vn 0.0249 0.3366 -0.9413
vn 0.0363 -0.1968 0.9798
vn 0.0225 -0.1912 0.9813
vn 0.4132 0.6190 0.6680
vn 0.1430 0.4921 -0.8587
vn 0.3804 0.5310 0.7572
vn 0.0955 0.4184 -0.9032
vn 0.0649 0.3699 -0.9268
vn 0.4361 0.6871 0.5812
vn 0.1841 0.5745 -0.7975
vn 0.2544 0.6824 0.6853
vn 0.0882 0.5129 -0.8539
vn 0.2343 0.5897 0.7729
vn 0.0588 0.4322 -0.8998
vn 0.0400 0.3792 -0.9244
vn 0.2685 0.7540 0.5995
vn 0.1133 0.6028 -0.7898
vn 0.2898 0.9059 0.3088
vn 0.0048 0.2775 -0.9607
vn -0.0032 0.2770 -0.9609
vn 0.0032 0.2778 -0.9606
vn -0.0000 -0.2395 0.9709
vn 0.0073 -0.2399 0.9708
vn 0.0049 -0.2395 0.9709
vn 0.0594 -0.0686 0.9959
vn 0.0149 0.3068 -0.9517
vn 0.0050 0.3086 -0.9512
vn 0.2762 0.7972 0.5368
vn 0.0392 -0.1361 0.9899
vn 0.0251 0.3365 -0.9413
vn 0.0084 0.3396 -0.9405
vn 0.0150 -0.1898 0.9817
vn -0.0000 -0.2390 0.9710
vn 0.0201 -0.0610 0.9979
vn -0.0000 0.3087 -0.9512
vn 0.0933 0.8323 0.5464
vn 0.0932 0.8323 0.5464
vn 0.0132 -0.1312 0.9913
vn 0.0085 0.3395 -0.9406
vn 0.0075 -0.1883 0.9821
vn 0.0859 0.7147 0.6941
vn 0.0298 0.5236 -0.8515
vn 0.0791 0.6198 0.7808
vn 0.0791 0.6198 0.7807
vn 0.0199 0.4393 -0.8981
vn 0.0135 0.3840 -0.9232
vn 0.0907 0.7881 0.6088
vn 0.0383 0.6172 -0.7859
vn 0.0981 0.9348 0.3412
vn 0.1044 0.9328 0.3448
vn 0.0977 0.9350 0.3409
vn -0.0000 0.2780 -0.9606
vn -0.0298 0.5236 -0.8515
vn -0.0792 0.6201 0.7805
vn -0.0199 0.4393 -0.8981
vn -0.0135 0.3840 -0.9232
vn -0.0907 0.7881 0.6088
vn -0.0383 0.6172 -0.7859
vn -0.1043 0.9327 0.3452
vn -0.0981 0.9347 0.3417
vn -0.0977 0.9349 0.3413
vn -0.0032 0.2778 -0.9606
vn -0.0049 -0.2395 0.9709
vn -0.0201 -0.0610 0.9979
vn -0.0050 0.3086 -0.9512
vn -0.0933 0.8323 0.5464
vn -0.0932 0.8323 0.5464
vn -0.0132 -0.1312 0.9913
vn -0.0085 0.3396 -0.9405
vn -0.0083 0.3395 -0.9406
vn -0.0075 -0.1883 0.9821
vn -0.0076 -0.1883 0.9821
vn -0.0859 0.7147 0.6941
vn -0.0594 -0.0686 0.9959
vn -0.0149 0.3068 -0.9517
vn -0.0147 0.3069 -0.9516
vn -0.2762 0.7972 0.5368
vn -0.0392 -0.1361 0.9899
vn -0.0252 0.3365 -0.9413
vn -0.0250 0.3367 -0.9413
vn -0.0224 -0.1912 0.9813
vn -0.0225 -0.1912 0.9813
vn -0.2544 0.6824 0.6853
vn -0.0882 0.5129 -0.8539
vn -0.2345 0.5905 0.7722
vn -0.0588 0.4322 -0.8998
vn -0.0400 0.3792 -0.9244
vn -0.2685 0.7540 0.5995
vn -0.1133 0.6028 -0.7898
vn -0.2897 0.9055 0.3101
vn -0.0063 0.2769 -0.9609
vn -0.0073 -0.2399 0.9708
vn -0.3808 0.5322 0.7561
vn -0.0955 0.4184 -0.9032
vn -0.0649 0.3699 -0.9268
vn -0.4361 0.6871 0.5812
vn -0.1841 0.5745 -0.7975
vn -0.4713 0.8444 0.2548
vn -0.0092 0.2756 -0.9612
vn -0.0173 -0.2464 0.9690
vn -0.0118 -0.2418 0.9703
vn -0.0139 -0.2431 0.9699
vn -0.0965 -0.0834 0.9918
vn -0.0243 0.3033 -0.9526
vn -0.0241 0.3035 -0.9525
vn -0.4485 0.7284 0.5180
vn -0.0636 -0.1459 0.9872
vn -0.0411 0.3309 -0.9428
vn -0.0409 0.3309 -0.9428
vn -0.0363 -0.1968 0.9798
vn -0.0426 -0.2009 0.9787
vn -0.4132 0.6190 0.6680
vn -0.1430 0.4921 -0.8587
vn -0.0326 0.2983 -0.9539
vn -0.0323 0.2985 -0.9539
vn -0.6035 0.6284 0.4907
vn -0.6036 0.6284 0.4907
vn -0.0857 -0.1601 0.9834
vn -0.0591 0.3205 -0.9454
vn -0.0576 0.3237 -0.9444
vn -0.0595 0.3198 -0.9456
vn -0.0543 -0.2101 0.9762
vn -0.5560 0.5269 0.6428
vn -0.1923 0.4619 -0.8658
vn -0.5125 0.4474 0.7329
vn -0.1284 0.3985 -0.9081
vn -0.0874 0.3564 -0.9303
vn -0.5868 0.5899 0.5547
vn -0.2477 0.5335 -0.8087
vn -0.6342 0.7516 0.1813
vn -0.0106 0.2747 -0.9615
vn -0.0177 -0.2461 0.9691
vn -0.1299 -0.1049 0.9860
vn -0.1564 0.3731 -0.9145
vn -0.1019 0.3355 -0.9365
vn -0.1016 0.3358 -0.9364
vn -0.0916 0.3447 -0.9342
vn -0.7151 0.4662 0.5209
vn -0.3018 0.4813 -0.8230
vn -0.7711 0.6292 0.0980
vn -0.0129 0.2726 -0.9620
vn -0.0155 0.2658 -0.9639
vn -0.0138 0.2715 -0.9623
vn -0.0208 -0.2497 0.9681
vn -0.1583 -0.1323 0.9785
vn -0.0396 0.2919 -0.9556
vn -0.0395 0.2921 -0.9556
vn -0.7354 0.5012 0.4560
vn -0.1044 -0.1782 0.9785
vn -0.0697 0.3135 -0.9470
vn -0.0694 0.3136 -0.9470
vn -0.0638 -0.2213 0.9731
vn -0.6775 0.4097 0.6109
vn -0.2340 0.4237 -0.8750
vn -0.6246 0.3394 0.7034
vn -0.1191 -0.1994 0.9727
vn -0.0796 0.3000 -0.9506
vn -0.0794 0.3004 -0.9505
vn -0.0680 -0.2273 0.9714
vn -0.0738 -0.2408 0.9678
vn -0.7730 0.2719 0.5733
vn -0.2667 0.3791 -0.8861
vn -0.7126 0.2124 0.6687
vn -0.1783 0.3434 -0.9221
vn -0.1160 0.3166 -0.9414
vn -0.8158 0.3207 0.4813
vn -0.3443 0.4199 -0.8397
vn -0.8762 0.4817 0.0138
vn -0.0153 0.2689 -0.9630
vn -0.0221 -0.2517 0.9676
vn -0.1806 -0.1645 0.9697
vn -0.0453 0.2843 -0.9577
vn -0.0452 0.2846 -0.9576
vn -0.8390 0.3516 0.4152
vn -0.8852 0.1591 0.4372
vn -0.3736 0.3517 -0.8583
vn -0.9470 0.3150 -0.0631
vn -0.0163 0.2661 -0.9638
vn -0.0245 -0.2631 0.9645
vn -0.0240 -0.2561 0.9664
vn -0.0245 -0.2584 0.9657
vn -0.1960 -0.2003 0.9599
vn -0.0491 0.2761 -0.9599
vn -0.0490 0.2762 -0.9598
vn -0.9104 0.1854 0.3698
vn -0.1292 -0.2230 0.9662
vn -0.0862 0.2854 -0.9545
vn -0.0861 0.2857 -0.9544
vn -0.0768 -0.2551 0.9639
vn -0.8387 0.1187 0.5315
vn -0.2891 0.3297 -0.8987
vn -0.7731 0.0712 0.6302
vn -0.1934 0.3104 -0.9307
vn -0.1261 0.2952 -0.9471
vn -0.0896 0.2699 -0.9587
vn -0.0897 0.2621 -0.9609
vn -0.0768 -0.2551 0.9638
vn -0.0768 -0.2697 0.9599
vn -0.8722 -0.0439 0.4871
vn -0.3005 0.2775 -0.9125
vn -0.8039 -0.0787 0.5895
vn -0.2011 0.2755 -0.9400
vn -0.1313 0.2725 -0.9532
vn -0.9206 -0.0125 0.3904
vn -0.3886 0.2792 -0.8781
vn -0.9840 0.1277 -0.1242
vn -0.9828 0.1344 -0.1264
vn -0.9827 0.1349 -0.1266
vn -0.0166 0.2632 -0.9646
vn -0.0250 -0.2631 0.9644
vn -0.2038 -0.2383 0.9496
vn -0.0509 0.2673 -0.9623
vn -0.0511 0.2629 -0.9635
vn -0.9468 0.0089 0.3217
vn -0.1344 -0.2480 0.9594
vn -0.3886 0.2054 -0.8982
vn -0.9828 -0.0517 -0.1773
vn -0.9840 -0.0470 -0.1720
vn -0.9827 -0.0518 -0.1778
vn -0.0163 0.2602 -0.9654
vn -0.0245 -0.2678 0.9632
vn -0.2038 -0.2770 0.9390
vn -0.0509 0.2584 -0.9647
vn -0.0490 0.2495 -0.9671
vn -0.9468 -0.1710 0.2726
vn -0.1344 -0.2736 0.9524
vn -0.0896 0.2544 -0.9629
vn -0.0861 0.2386 -0.9673
vn -0.0753 -0.2769 0.9580
vn -0.8722 -0.2096 0.4419
vn -0.3005 0.2244 -0.9270
vn -0.8038 -0.2316 0.5480
vn -0.2011 0.2400 -0.9497
vn -0.1315 0.2493 -0.9595
vn -0.9206 -0.1875 0.3426
vn -0.0709 -0.2908 0.9542
vn -0.8387 -0.3722 0.3975
vn -0.2891 0.1724 -0.9416
vn -0.7728 -0.3814 0.5073
vn -0.1934 0.2052 -0.9594
vn -0.1266 0.2265 -0.9658
vn -0.8852 -0.3590 0.2958
vn -0.3736 0.1330 -0.9180
vn -0.9469 -0.2390 -0.2151
vn -0.0160 0.2588 -0.9658
vn -0.0240 -0.2701 0.9625
vn -0.1960 -0.3150 0.9286
vn -0.0491 0.2496 -0.9671
vn -0.0452 0.2411 -0.9694
vn -0.9104 -0.3475 0.2245
vn -0.1292 -0.2986 0.9456
vn -0.0862 0.2388 -0.9672
vn -0.0794 0.2240 -0.9714
vn -0.8761 -0.4215 -0.2341
vn -0.0147 0.2561 -0.9665
vn -0.0044 0.2488 -0.9685
vn -0.0138 0.2548 -0.9669
vn -0.0173 -0.2798 0.9599
vn -0.0221 -0.2745 0.9613
vn -0.0208 -0.2765 0.9608
vn -0.1806 -0.3508 0.9189
vn -0.0453 0.2414 -0.9694
vn -0.0395 0.2336 -0.9715
vn -0.8390 -0.5137 0.1791
vn -0.1191 -0.3222 0.9392
vn -0.0796 0.2243 -0.9713
vn -0.0694 0.2108 -0.9751
vn -0.0680 -0.2975 0.9523
vn -0.0597 -0.3096 0.9490
vn -0.7730 -0.5253 0.3558
vn -0.2667 0.1235 -0.9558
vn -0.7120 -0.5225 0.4691
vn -0.1783 0.1725 -0.9687
vn -0.1168 0.2050 -0.9718
vn -0.8158 -0.5207 0.2517
vn -0.3443 0.0647 -0.9366
vn -0.6775 -0.6631 0.3182
vn -0.2340 0.0794 -0.9690
vn -0.6239 -0.6494 0.4348
vn -0.1564 0.1430 -0.9773
vn -0.1024 0.1856 -0.9773
vn -0.7151 -0.6661 0.2120
vn -0.3018 0.0033 -0.9534
vn -0.7710 -0.5912 -0.2370
vn -0.0117 0.2526 -0.9675
vn -0.0177 -0.2802 0.9598
vn -0.1583 -0.3830 0.9101
vn -0.0397 0.2339 -0.9715
vn -0.0324 0.2273 -0.9733
vn -0.7354 -0.6633 0.1383
vn -0.1044 -0.3434 0.9334
vn -0.0697 0.2109 -0.9750
vn -0.0597 -0.3097 0.9490
vn -0.0490 -0.3200 0.9462
vn -0.0139 -0.2832 0.9590
vn -0.1299 -0.4103 0.9026
vn -0.0326 0.2274 -0.9732
vn -0.0240 0.2223 -0.9747
vn -0.6035 -0.7906 0.1036
vn -0.6036 -0.7906 0.1036
vn -0.0857 -0.3615 0.9284
vn -0.0572 0.1997 -0.9782
vn -0.0489 -0.3200 0.9462
vn -0.0364 -0.3280 0.9440
vn -0.5560 -0.7803 0.2862
vn -0.1923 0.0418 -0.9804
vn -0.5119 -0.7572 0.4057
vn -0.1284 0.1179 -0.9847
vn -0.0841 0.1692 -0.9820
vn -0.5868 -0.7898 0.1783
vn -0.2477 -0.0489 -0.9676
vn -0.6342 -0.7389 -0.2277
vn -0.0092 0.2508 -0.9680
vn -0.1430 0.0122 -0.9896
vn -0.3803 -0.8419 0.3830
vn -0.0955 0.0982 -0.9906
vn -0.0625 0.1562 -0.9857
vn -0.4361 -0.8870 0.1518
vn -0.1841 -0.0899 -0.9788
vn -0.4713 -0.8561 -0.2120
vn -0.0063 0.2494 -0.9684
vn -0.0118 -0.2845 0.9586
vn -0.0965 -0.4319 0.8968
vn -0.0243 0.2224 -0.9746
vn -0.0148 0.2189 -0.9756
vn -0.4485 -0.8905 0.0763
vn -0.0636 -0.3757 0.9246
vn -0.0425 0.1909 -0.9807
vn -0.0294 -0.3308 0.9432
vn -0.4132 -0.8724 0.2611
vn -0.0149 0.2190 -0.9756
vn -0.0050 0.2172 -0.9761
vn -0.2762 -0.9594 0.0575
vn -0.0392 -0.3854 0.9219
vn -0.0262 0.1849 -0.9824
vn -0.0224 -0.3336 0.9424
vn -0.2544 -0.9359 0.2438
vn -0.0882 -0.0082 -0.9961
vn -0.2341 -0.9001 0.3674
vn -0.0588 0.0846 -0.9947
vn -0.0385 0.1474 -0.9883
vn -0.2685 -0.9540 0.1335
vn -0.1133 -0.1181 -0.9865
vn -0.2898 -0.9369 -0.1956
vn -0.0032 0.2486 -0.9686
vn -0.0073 -0.2863 0.9581
vn -0.0049 -0.2868 0.9580
vn -0.0594 -0.4467 0.8927
vn -0.0199 0.0777 -0.9968
vn -0.0130 0.1429 -0.9897
vn -0.0907 -0.9881 0.1242
vn -0.0383 -0.1326 -0.9904
vn -0.0982 -0.9781 -0.1833
vn -0.1044 -0.9782 -0.1793
vn -0.0977 -0.9781 -0.1837
vn -0.0016 0.2483 -0.9687
vn -0.0201 -0.4542 0.8907
vn -0.0933 -0.9945 0.0480
vn -0.0132 -0.3904 0.9205
vn -0.0088 0.1818 -0.9833
vn -0.0076 -0.3365 0.9417
vn -0.0859 -0.9682 0.2349
vn -0.0298 -0.0186 -0.9994
vn -0.0790 -0.9297 0.3596
vn 0.0880 0.2466 -0.9651
vn 0.8018 -0.2321 0.5507
vn 0.1287 0.2413 -0.9619
vn 0.7939 -0.5691 -0.2143
vn 0.8909 -0.4001 -0.2148
vn 0.6619 -0.7209 -0.2053
vn 0.9534 -0.2232 -0.2030
vn 0.4578 -0.8487 0.2647
vn 0.3798 -0.8414 0.3844
vn 0.4983 -0.8452 -0.1932
vn 0.1133 -0.1182 -0.9865
vn 0.7540 -0.3827 0.5339
vn 0.3096 -0.9331 -0.1831
vn 0.9833 -0.0453 -0.1760
vn 0.8673 -0.2575 0.4260
vn 0.0856 -0.3615 0.9284
vn 0.1050 -0.9782 -0.1794
vn 0.9834 0.1283 -0.1284
vn 0.9535 0.2952 -0.0607
vn 0.8911 0.4535 0.0194
vn 0.7939 0.5986 0.1062
vn 0.6619 0.7247 0.1914
vn 0.4982 0.8255 0.2653
vn 0.0197 0.3051 -0.9521
vn 0.0348 0.3381 -0.9405
vn 0.3095 0.8959 0.3188
vn 0.1050 0.9327 0.3451
vn -0.1050 0.9325 0.3455
vn -0.3095 0.8954 0.3201
vn -0.4982 0.8248 0.2675
vn -0.0572 0.3247 -0.9441
vn -0.0897 0.3463 -0.9338
vn -0.6619 0.7239 0.1944
vn -0.7941 0.5978 0.1098
vn -0.8914 0.4526 0.0234
vn -0.3736 0.3516 -0.8583
vn -0.9541 0.2942 -0.0565
vn -0.9841 0.1272 -0.1241
vn -0.9840 -0.0465 -0.1718
vn -0.9540 -0.2245 -0.1989
vn -0.8913 -0.4014 -0.2110
vn -0.7940 -0.5702 -0.2108
vn -0.6619 -0.7217 -0.2024
vn -0.3802 -0.8419 0.3830
vn -0.4982 -0.8458 -0.1910
vn -0.3095 -0.9334 -0.1818
vn -0.1050 -0.9782 -0.1789
vn -0.0932 -0.9945 0.0480
vt 0.784414 0.124155
vt 0.797615 0.117555
vt 0.797615 0.124155
vt 0.929632 0.124155
vt 0.942834 0.117555
vt 0.942834 0.124155
vt 0.903229 0.117555
vt 0.890027 0.110954
vt 0.903229 0.110954
vt 0.863624 0.117555
vt 0.876826 0.110954
vt 0.876826 0.117555
vt 0.929632 0.117555
vt 0.942834 0.110954
vt 0.771212 0.117555
vt 0.758010 0.114254
vt 0.771212 0.110954
vt 0.903229 0.124155
vt 0.890027 0.117555
vt 0.824019 0.130756
vt 0.837220 0.124155
vt 0.837220 0.130756
vt 0.929632 0.130756
vt 0.942834 0.130756
vt 0.771212 0.124156
vt 0.758010 0.120855
vt 0.969238 0.120855
vt 0.956036 0.124155
vt 0.956036 0.117555
vt 0.810817 0.130756
vt 0.824019 0.124155
vt 0.771212 0.130756
vt 0.784414 0.130756
vt 0.810817 0.117555
vt 0.810817 0.124155
vt 0.916431 0.117555
vt 0.784414 0.110954
vt 0.784414 0.117555
vt 0.797615 0.110954
vt 0.810817 0.110954
vt 0.916431 0.124155
vt 0.929632 0.137357
vt 0.916431 0.130756
vt 0.876826 0.137357
vt 0.890027 0.130756
vt 0.890027 0.137357
vt 0.810817 0.137357
vt 0.824019 0.137357
vt 0.850422 0.137357
vt 0.850422 0.130756
vt 0.837220 0.137357
vt 0.942834 0.137357
vt 0.863624 0.130756
vt 0.876826 0.130756
vt 0.850422 0.124155
vt 0.863624 0.124155
vt 0.797615 0.130756
vt 0.916431 0.110954
vt 0.824019 0.110954
vt 0.824019 0.117555
vt 0.903229 0.130756
vt 0.890027 0.124155
vt 0.929632 0.110954
vt 0.771212 0.143958
vt 0.758010 0.140658
vt 0.771212 0.137357
vt 0.863624 0.143958
vt 0.876826 0.143958
vt 0.850422 0.143958
vt 0.797615 0.143958
vt 0.810817 0.143958
vt 0.916431 0.143958
vt 0.903229 0.137357
vt 0.916431 0.137357
vt 0.837220 0.117555
vt 0.969238 0.114254
vt 0.956036 0.110954
vt 0.758010 0.127456
vt 0.850422 0.117555
vt 0.916431 0.150559
vt 0.903229 0.143958
vt 0.942834 0.150559
vt 0.929632 0.143958
vt 0.942834 0.143958
vt 0.771212 0.150559
vt 0.758010 0.147259
vt 0.784414 0.143958
vt 0.797615 0.137357
vt 0.784414 0.137357
vt 0.771212 0.163761
vt 0.784414 0.157160
vt 0.784414 0.163761
vt 0.890027 0.150559
vt 0.890027 0.143958
vt 0.758010 0.160460
vt 0.771212 0.157160
vt 0.876826 0.150559
vt 0.890027 0.163761
vt 0.903229 0.157160
vt 0.903229 0.163761
vt 0.824019 0.163761
vt 0.837220 0.157160
vt 0.837220 0.163761
vt 0.797615 0.150559
vt 0.797615 0.157160
vt 0.850422 0.150559
vt 0.837220 0.143958
vt 0.784414 0.150559
vt 0.876826 0.157160
vt 0.890027 0.157160
vt 0.942834 0.157160
vt 0.956036 0.150559
vt 0.956036 0.157160
vt 0.850422 0.157160
vt 0.863624 0.150559
vt 0.863624 0.157160
vt 0.810817 0.150559
vt 0.810817 0.157160
vt 0.824019 0.150559
vt 0.824019 0.157160
vt 0.876826 0.124155
vt 0.810817 0.163761
vt 0.837220 0.150559
vt 0.942834 0.163761
vt 0.956036 0.163761
vt 0.929632 0.150559
vt 0.916431 0.157160
vt 0.916431 0.163761
vt 0.929632 0.163761
vt 0.969238 0.153859
vt 0.758010 0.153859
vt 0.903229 0.150559
vt 0.850422 0.110954
vt 0.863624 0.110954
vt 0.837220 0.110954
vt 0.824019 0.143958
vt 0.956036 0.143958
vt 0.929632 0.157160
vt 0.863624 0.137357
vt 0.797615 0.163761
vt 0.863624 0.163761
vt 0.876826 0.163761
vt 0.969238 0.134057
vt 0.956036 0.137357
vt 0.956036 0.130756
vt 0.758010 0.134057
vt 0.969238 0.127456
vt 0.969238 0.160460
vt 0.850422 0.163761
vt 0.969238 0.147258
vt 0.969238 0.140658
vt 0.942834 0.104353
vt 0.890027 0.104353
vt 0.956036 0.104353
vt 0.916431 0.104353
vt 0.929632 0.104353
vt 0.863624 0.104353
vt 0.876826 0.104353
vt 0.824019 0.104353
vt 0.837220 0.104353
vt 0.810817 0.104353
vt 0.797615 0.104353
vt 0.850422 0.104353
vt 0.903229 0.104353
vt 0.758010 0.107653
vt 0.771212 0.104353
vt 0.969238 0.107653
vt 0.784414 0.104353
vt 0.797615 0.097752
vt 0.810817 0.097752
vt 0.916431 0.097752
vt 0.850422 0.097752
vt 0.863624 0.097752
vt 0.758010 0.101053
vt 0.771212 0.097752
vt 0.969238 0.101052
vt 0.956036 0.097752
vt 0.929632 0.097752
vt 0.784414 0.097752
vt 0.890027 0.097752
vt 0.903229 0.097752
vt 0.942834 0.097752
vt 0.824019 0.097752
vt 0.837220 0.097752
vt 0.876826 0.097752
vt 0.929632 0.091151
vt 0.942834 0.091151
vt 0.784414 0.091151
vt 0.797615 0.091151
vt 0.956036 0.091151
vt 0.890027 0.091151
vt 0.824019 0.091151
vt 0.837220 0.091151
vt 0.863624 0.091151
vt 0.876826 0.091151
vt 0.810817 0.091151
vt 0.916431 0.091151
vt 0.850422 0.091151
vt 0.758010 0.094452
vt 0.771212 0.091151
vt 0.969238 0.094452
vt 0.903229 0.091151
vt 0.916431 0.084550
vt 0.850422 0.084550
vt 0.863624 0.084550
vt 0.758010 0.087851
vt 0.771212 0.084550
vt 0.969238 0.087851
vt 0.956036 0.084550
vt 0.929632 0.084550
vt 0.784414 0.084550
vt 0.890027 0.084550
vt 0.903229 0.084550
vt 0.942834 0.084550
vt 0.797615 0.084550
vt 0.824019 0.084550
vt 0.837220 0.084550
vt 0.876826 0.084550
vt 0.810817 0.084550
vt 0.956036 0.077949
vt 0.890027 0.077949
vt 0.824019 0.077949
vt 0.837220 0.077949
vt 0.863624 0.077949
vt 0.876826 0.077949
vt 0.810817 0.077949
vt 0.797615 0.077949
vt 0.916431 0.077949
vt 0.850422 0.077949
vt 0.758010 0.081250
vt 0.771212 0.077949
vt 0.969238 0.081250
vt 0.929632 0.077949
vt 0.784414 0.077949
vt 0.903229 0.077949
vt 0.942834 0.077949
vt 0.850422 0.071349
vt 0.758010 0.074649
vt 0.771212 0.071349
vt 0.969238 0.074649
vt 0.956036 0.071349
vt 0.916431 0.071349
vt 0.929632 0.071349
vt 0.784414 0.071349
vt 0.890027 0.071349
vt 0.903229 0.071349
vt 0.942834 0.071349
vt 0.797615 0.071349
vt 0.824019 0.071349
vt 0.837220 0.071349
vt 0.863624 0.071349
vt 0.876826 0.071349
vt 0.810817 0.071349
vt 0.890027 0.064748
vt 0.824019 0.064748
vt 0.837220 0.064748
vt 0.863624 0.064748
vt 0.876826 0.064748
vt 0.810817 0.064748
vt 0.797615 0.064748
vt 0.916431 0.064748
vt 0.850422 0.064748
vt 0.758010 0.068048
vt 0.771212 0.064748
vt 0.969238 0.068048
vt 0.956036 0.064748
vt 0.929632 0.064748
vt 0.784414 0.064748
vt 0.903229 0.064748
vt 0.942834 0.064748
vt 0.969238 0.061447
vt 0.956036 0.058147
vt 0.916431 0.058147
vt 0.929632 0.058147
vt 0.771212 0.058147
vt 0.784414 0.058147
vt 0.890027 0.058147
vt 0.903229 0.058147
vt 0.942834 0.058147
vt 0.797615 0.058147
vt 0.824019 0.058147
vt 0.837220 0.058147
vt 0.863624 0.058147
vt 0.876826 0.058147
vt 0.810817 0.058147
vt 0.850422 0.058147
vt 0.758010 0.061447
vt 0.837220 0.051546
vt 0.863624 0.051546
vt 0.876826 0.051546
vt 0.824019 0.051546
vt 0.810817 0.051546
vt 0.916431 0.051546
vt 0.850422 0.051546
vt 0.758010 0.054846
vt 0.771212 0.051546
vt 0.969238 0.054846
vt 0.956036 0.051546
vt 0.929632 0.051546
vt 0.784414 0.051546
vt 0.890027 0.051546
vt 0.903229 0.051546
vt 0.942834 0.051546
vt 0.797615 0.051546
vt 0.916431 0.044945
vt 0.929632 0.044945
vt 0.784414 0.044945
vt 0.890027 0.044945
vt 0.903229 0.044945
vt 0.942834 0.044945
vt 0.797615 0.044945
vt 0.956036 0.044945
vt 0.837220 0.044945
vt 0.863624 0.044945
vt 0.876826 0.044945
vt 0.824019 0.044945
vt 0.810817 0.044945
vt 0.850422 0.044945
vt 0.758010 0.048246
vt 0.771212 0.044945
vt 0.969238 0.048246
vt 0.863624 0.038344
vt 0.876826 0.038344
vt 0.824019 0.038344
vt 0.810817 0.038344
vt 0.916431 0.038344
vt 0.850422 0.038344
vt 0.837220 0.038344
vt 0.758010 0.041645
vt 0.771212 0.038344
vt 0.969238 0.041645
vt 0.956036 0.038344
vt 0.929632 0.038344
vt 0.784414 0.038344
vt 0.890027 0.038344
vt 0.903229 0.038344
vt 0.942834 0.038344
vt 0.797615 0.038344
vt 0.784414 0.031743
vt 0.890027 0.031743
vt 0.903229 0.031743
vt 0.942834 0.031743
vt 0.797615 0.031743
vt 0.956036 0.031743
vt 0.837220 0.031743
vt 0.863624 0.031743
vt 0.876826 0.031743
vt 0.824019 0.031743
vt 0.810817 0.031743
vt 0.916431 0.031743
vt 0.850422 0.031743
vt 0.758010 0.035044
vt 0.771212 0.031743
vt 0.969238 0.035044
vt 0.929632 0.031743
vt 0.824019 0.025143
vt 0.810817 0.025143
vt 0.916431 0.025143
vt 0.850422 0.025143
vt 0.863624 0.025143
vt 0.837220 0.025143
vt 0.758010 0.028443
vt 0.771212 0.025143
vt 0.969238 0.028443
vt 0.956036 0.025143
vt 0.929632 0.025143
vt 0.784414 0.025143
vt 0.890027 0.025143
vt 0.903229 0.025143
vt 0.942834 0.025143
vt 0.797615 0.025143
vt 0.876826 0.025143
vt 0.929632 0.018542
vt 0.942834 0.018542
vt 0.797615 0.018542
vt 0.956036 0.018542
vt 0.890027 0.018542
vt 0.837220 0.018542
vt 0.876826 0.018542
vt 0.824019 0.018542
vt 0.810817 0.018542
vt 0.916431 0.018542
vt 0.850422 0.018542
vt 0.863624 0.018542
vt 0.758010 0.021842
vt 0.771212 0.018542
vt 0.969238 0.021842
vt 0.784414 0.018542
vt 0.903229 0.018542
vt 0.916431 0.011941
vt 0.850422 0.011941
vt 0.863624 0.011941
vt 0.837220 0.011941
vt 0.758010 0.015241
vt 0.771212 0.011941
vt 0.969238 0.015241
vt 0.956036 0.011941
vt 0.929632 0.011941
vt 0.784414 0.011941
vt 0.890027 0.011941
vt 0.903229 0.011941
vt 0.942834 0.011941
vt 0.797615 0.011941
vt 0.876826 0.011941
vt 0.824019 0.011941
vt 0.810817 0.011941
vt 0.797615 0.005340
vt 0.942834 0.005340
vt 0.956036 0.005340
vt 0.890027 0.005340
vt 0.837220 0.005340
vt 0.876826 0.005340
vt 0.824019 0.005340
vt 0.810817 0.005340
vt 0.916431 0.005340
vt 0.850422 0.005340
vt 0.863624 0.005340
vt 0.758010 0.008640
vt 0.771212 0.005340
vt 0.969238 0.008640
vt 0.929632 0.005340
vt 0.784414 0.005340
vt 0.903229 0.005340
vt 0.863624 0.216568
vt 0.850422 0.209967
vt 0.863624 0.209967
vt 0.837220 0.216568
vt 0.850422 0.216568
vt 0.771212 0.216568
vt 0.758010 0.213267
vt 0.771212 0.209967
vt 0.969238 0.213267
vt 0.956036 0.216568
vt 0.956036 0.209967
vt 0.929632 0.216568
vt 0.916431 0.209967
vt 0.929632 0.209967
vt 0.784414 0.216568
vt 0.784414 0.209967
vt 0.903229 0.216568
vt 0.890027 0.209967
vt 0.903229 0.209967
vt 0.942834 0.209967
vt 0.942834 0.216568
vt 0.797615 0.216568
vt 0.797615 0.209967
vt 0.876826 0.216568
vt 0.890027 0.216568
vt 0.824019 0.209967
vt 0.837220 0.209967
vt 0.876826 0.209967
vt 0.824019 0.216568
vt 0.810817 0.209967
vt 0.810817 0.216568
vt 0.916431 0.216568
vt 0.956036 0.203366
vt 0.890027 0.203366
vt 0.824019 0.203366
vt 0.837220 0.203366
vt 0.876826 0.203366
vt 0.810817 0.203366
vt 0.797615 0.203366
vt 0.916431 0.203366
vt 0.850422 0.203366
vt 0.863624 0.203366
vt 0.758010 0.206666
vt 0.771212 0.203366
vt 0.969238 0.206666
vt 0.929632 0.203366
vt 0.784414 0.203366
vt 0.903229 0.203366
vt 0.942834 0.203366
vt 0.850422 0.196765
vt 0.758010 0.200065
vt 0.771212 0.196765
vt 0.969238 0.200065
vt 0.956036 0.196765
vt 0.916431 0.196765
vt 0.929632 0.196765
vt 0.784414 0.196765
vt 0.890027 0.196765
vt 0.903229 0.196765
vt 0.942834 0.196765
vt 0.797615 0.196765
vt 0.824019 0.196765
vt 0.837220 0.196765
vt 0.876826 0.196765
vt 0.810817 0.196765
vt 0.863624 0.196765
vt 0.890027 0.190164
vt 0.824019 0.190164
vt 0.837220 0.190164
vt 0.876826 0.190164
vt 0.810817 0.190164
vt 0.797615 0.190164
vt 0.916431 0.190164
vt 0.850422 0.190164
vt 0.863624 0.190164
vt 0.758010 0.193465
vt 0.771212 0.190164
vt 0.969238 0.193464
vt 0.956036 0.190164
vt 0.929632 0.190164
vt 0.784414 0.190164
vt 0.903229 0.190164
vt 0.942834 0.190164
vt 0.969238 0.186864
vt 0.956036 0.183563
vt 0.916431 0.183563
vt 0.929633 0.183563
vt 0.771212 0.183563
vt 0.784414 0.183563
vt 0.890027 0.183563
vt 0.903229 0.183563
vt 0.942834 0.183563
vt 0.797615 0.183563
vt 0.824019 0.183563
vt 0.837220 0.183563
vt 0.876826 0.183563
vt 0.810817 0.183563
vt 0.850422 0.183563
vt 0.863624 0.183563
vt 0.758010 0.186864
vt 0.824019 0.176962
vt 0.837220 0.176962
vt 0.876826 0.176962
vt 0.810817 0.176962
vt 0.797615 0.176962
vt 0.916431 0.176962
vt 0.850422 0.176962
vt 0.863624 0.176962
vt 0.758010 0.180263
vt 0.771212 0.176962
vt 0.969238 0.180263
vt 0.956036 0.176962
vt 0.929633 0.176962
vt 0.784414 0.176962
vt 0.890027 0.176962
vt 0.903229 0.176962
vt 0.942834 0.176962
vt 0.771212 0.170362
vt 0.784414 0.170362
vt 0.890027 0.170361
vt 0.903229 0.170361
vt 0.942834 0.170361
vt 0.797615 0.170362
vt 0.956036 0.170361
vt 0.824019 0.170362
vt 0.837220 0.170362
vt 0.876826 0.170361
vt 0.810817 0.170362
vt 0.916431 0.170361
vt 0.850422 0.170362
vt 0.863624 0.170362
vt 0.758010 0.173662
vt 0.969238 0.173662
vt 0.929633 0.170361
vt 0.758010 0.167061
vt 0.969238 0.167061
s 1
usemtl Material.003
f 1810/1995/1435 1900/1996/1436 1809/1997/1437
f 1799/1998/1438 1795/1999/1438 1798/2000/1438
f 1792/2001/1439 1907/2002/1439 1908/2003/1439
f 1789/2004/1440 1906/2005/1440 1790/2006/1440
f 1794/2007/1441 1911/2008/1441 1795/1999/1441
f 1902/2009/1442 2189/2010/1443 1917/2011/1444
f 1801/2012/1445 1791/2013/1445 1792/2001/1445
f 1816/2014/1446 1806/2015/1446 1817/2016/1446
f 1824/2017/1447 1798/2000/1447 1825/2018/1447
f 1811/2019/1448 2189/2020/1443 1902/2009/1442
f 2138/2021/1449 1797/2022/1450 1796/2023/1451
f 1815/2024/1452 1807/2025/1452 1816/2014/1452
f 1812/2026/1453 1810/1995/1454 1813/2027/1455
f 1797/2022/1456 1795/1999/1457 1796/2023/1457
f 1809/1997/1458 1899/2028/1458 1808/2029/1458
f 1799/1998/1459 1793/2030/1459 1794/2007/1459
f 1902/2009/1460 1916/2031/1461 1901/2032/1462
f 1899/2028/1463 1915/2033/1464 1914/2034/1465
f 1824/2017/1466 1800/2035/1466 1799/1998/1466
f 1829/2036/1467 1823/2037/1467 1824/2017/1467
f 1833/2038/1468 1821/2039/1468 1832/2040/1468
f 1838/2041/1469 1816/2014/1469 1837/2042/1469
f 1835/2043/1470 1817/2016/1470 1818/2044/1470
f 1837/2042/1471 1817/2016/1471 1836/2045/1471
f 1829/2036/1472 1825/2018/1472 1828/2046/1472
f 1833/2038/1473 1819/2047/1473 1820/2048/1473
f 1819/2047/1474 1805/2049/1474 1804/2050/1474
f 1813/2027/1475 1809/1997/1437 1814/2051/1476
f 1792/2001/1477 1909/2052/1477 1793/2030/1477
f 1899/2028/1478 1913/2053/1478 1898/2054/1478
f 1822/2055/1479 1802/2056/1479 1801/2012/1479
f 1818/2044/1480 1806/2015/1480 1805/2049/1480
f 1794/2007/1481 1909/2052/1481 1910/2057/1481
f 1842/2058/1482 2189/2059/1483 1841/2060/1484
f 1849/2061/1485 1833/2038/1486 1850/2062/1486
f 1848/2063/1487 1836/2045/1487 1835/2043/1487
f 1844/2064/1488 1838/2041/1488 1845/2065/1488
f 1853/2066/1489 1831/2067/1489 1830/2068/1489
f 1807/2025/1490 1787/2069/1490 1806/2015/1490
f 2138/2070/1449 1796/2023/1451 1912/2071/1491
f 1822/2055/1492 1800/2035/1492 1823/2037/1492
f 1812/2026/1493 2189/2072/1483 1811/2019/1494
f 1805/2049/1495 1787/2069/1495 1788/2073/1495
f 1860/2074/1496 1852/2075/1496 1853/2066/1496
f 1858/2076/1497 1854/2077/1497 1855/2078/1497
f 1871/2079/1498 2189/2080/1483 1842/2058/1482
f 1843/2081/1499 1839/2082/1499 1844/2064/1499
f 1842/2058/1500 1840/2083/1501 1843/2081/1502
f 1897/2084/1503 1873/2085/1504 1896/2086/1503
f 1862/2087/1505 1850/2062/1505 1851/2088/1505
f 1897/2084/1506 2189/2089/1483 1872/2090/1507
f 1863/2091/1508 1849/2061/1508 1850/2062/1508
f 1888/2092/1509 1882/2093/1509 2265/2094/1509
f 1893/2095/1510 1877/2096/1510 1892/2097/1510
f 1873/2085/1511 1869/2098/1511 1874/2099/1511
f 1865/2100/1512 1847/2101/1512 1848/2063/1512
f 1872/2090/1513 1870/2102/1514 1873/2085/1504
f 1880/2103/1515 1862/2087/1515 1881/2104/1515
f 1885/2105/1516 1857/2106/1517 1886/2107/1518
f 1878/2108/1519 1864/2109/1519 1879/2110/1519
f 1869/2098/1520 1845/2065/1520 1868/2111/1520
f 1875/2112/1521 1867/2113/1521 1876/2114/1521
f 1874/2099/1522 1868/2111/1522 1875/2112/1522
f 1879/2110/1523 1863/2091/1523 1880/2103/1523
f 1808/2029/1524 1898/2054/1524 1807/2025/1524
f 1801/2012/1525 1793/2030/1525 1800/2035/1525
f 1804/2050/1526 1788/2073/1526 1789/2004/1526
f 1804/2050/1527 1790/2006/1527 1803/2115/1527
f 1894/2116/1528 1876/2114/1528 1893/2095/1528
f 1867/2113/1529 1847/2101/1529 1866/2117/1529
f 2267/2118/1530 1886/2107/1518 2268/2119/1531
f 1859/2120/1532 1853/2066/1532 1854/2077/1532
f 2265/2094/1533 1883/2121/1533 2266/2122/1533
f 1887/2123/1534 1885/2105/1534 2267/2118/1534
f 1878/2108/1535 1866/2117/1535 1865/2100/1535
f 2138/2124/1536 1886/2107/1537 1857/2106/1538
f 1876/2114/1539 1866/2117/1539 1877/2096/1539
f 1870/2102/1540 1844/2064/1540 1869/2098/1540
f 1872/2090/1507 2189/2125/1483 1871/2079/1498
f 1883/2121/1541 1861/2126/1541 1860/2074/1541
f 1789/2004/1542 1904/2127/1542 1905/2128/1542
f 1898/2054/1543 1903/2129/1543 1787/2069/1544
f 1795/1999/1457 1912/2071/1545 1796/2023/1457
f 1811/2019/1546 1901/2032/1462 1810/1995/1454
f 1802/2056/1547 1790/2006/1547 1791/2013/1547
f 1900/1996/1436 1916/2031/1548 1915/2033/1549
f 1819/2047/1550 1803/2115/1550 1820/2048/1550
f 1831/2067/1551 1823/2037/1551 1830/2068/1551
f 1788/2073/1552 1903/2129/1553 1904/2127/1554
f 1845/2065/1555 1837/2042/1555 1846/2130/1555
f 1790/2006/1556 1907/2002/1556 1791/2013/1556
f 1861/2126/1557 1851/2088/1557 1852/2075/1557
f 1857/2106/1517 1855/2078/1558 1856/2131/1559
f 1884/2132/1560 1860/2074/1560 1859/2120/1560
f 1884/2132/1561 1858/2076/1561 1885/2105/1561
f 1882/2093/1562 1862/2087/1562 1861/2126/1562
f 1821/2039/1563 1803/2115/1563 1802/2056/1563
f 1849/2061/1564 1835/2043/1564 1834/2133/1564
f 2266/2122/1565 1884/2132/1565 1887/2123/1565
f 1888/2092/1566 1880/2103/1566 1881/2104/1566
f 1896/2086/1567 1874/2099/1567 1895/2134/1567
f 1890/2135/1568 1880/2103/1568 1889/2136/1568
f 1839/2082/1569 1815/2024/1569 1838/2041/1569
f 2138/2137/1570 1827/2138/1571 1826/2139/1572
f 1841/2060/1484 2189/2140/1483 1812/2026/1493
f 1841/2060/1573 1813/2027/1455 1840/2083/1501
f 2138/2141/1570 1826/2139/1572 1797/2022/1574
f 1856/2131/1559 1828/2046/1575 1827/2138/1576
f 1853/2066/1577 1829/2036/1577 1854/2077/1577
f 1846/2130/1578 1836/2045/1578 1847/2101/1578
f 1852/2075/1579 1832/2040/1579 1831/2067/1579
f 1855/2078/1580 1829/2036/1580 1828/2046/1580
f 1835/2043/1581 1819/2047/1581 1834/2133/1581
f 1850/2062/1582 1832/2040/1582 1851/2088/1582
f 2138/2142/1536 2268/2119/1583 1886/2107/1537
f 1891/2143/1584 1879/2110/1584 1890/2135/1584
f 1895/2134/1585 1875/2112/1585 1894/2116/1585
f 1891/2143/1586 1877/2096/1587 1878/2108/1588
f 1814/2051/1589 1808/2029/1589 1815/2024/1589
f 1826/2139/1590 1798/2000/1590 1797/2022/1456
f 1840/2083/1591 1814/2051/1476 1839/2082/1591
f 1831/2067/1592 1821/2039/1592 1822/2055/1592
f 1827/2138/1576 1825/2018/1593 1826/2139/1590
f 1865/2100/1594 1849/2061/1594 1864/2109/1594
f 1871/2079/1595 1843/2081/1502 1870/2102/1514
f 1868/2111/1596 1846/2130/1596 1867/2113/1596
f 2138/2144/1570 1857/2106/1597 1856/2131/1598
f 2138/2145/1570 1856/2131/1598 1827/2138/1571
f 1910/2057/1599 1926/2146/1599 1911/2008/1599
f 1906/2005/1600 1922/2147/1600 1907/2002/1600
f 1912/2071/1545 1926/2146/1601 1927/2148/1601
f 1910/2057/1602 1924/2149/1602 1925/2150/1602
f 1906/2005/1603 1920/2151/1603 1921/2152/1603
f 1903/2129/1604 1928/2153/1604 1918/2154/1605
f 1913/2053/1606 1929/2155/1606 1928/2153/1606
f 1914/2034/1607 1930/2156/1607 1929/2155/1607
f 1908/2003/1608 1924/2149/1608 1909/2052/1608
f 1903/2129/1609 1919/2157/1610 1904/2127/1611
f 1908/2003/1612 1922/2147/1612 1923/2158/1612
f 1905/2128/1613 1919/2157/1613 1920/2151/1613
f 1917/2011/1444 2189/2159/1443 1932/2160/1614
f 2138/2161/1449 1912/2071/1491 1927/2148/1615
f 1915/2033/1616 1931/2162/1617 1930/2156/1618
f 1916/2031/1461 1932/2160/1619 1931/2162/1620
f 1929/2155/1621 1945/2163/1621 1944/2164/1621
f 1923/2158/1622 1939/2165/1622 1924/2149/1622
f 1920/2151/1623 1934/2166/1623 1935/2167/1624
f 1918/2154/1625 1934/2166/1625 1919/2157/1625
f 1932/2160/1614 2189/2168/1443 1947/2169/1626
f 2138/2170/1449 1927/2148/1615 1942/2171/1627
f 1925/2150/1628 1939/2165/1628 1940/2172/1628
f 1931/2162/1620 1947/2169/1629 1946/2173/1630
f 1923/2158/1631 1937/2174/1631 1938/2175/1631
f 1926/2146/1632 1940/2172/1632 1941/2176/1632
f 1930/2156/1618 1946/2173/1633 1945/2163/1634
f 1926/2146/1601 1942/2171/1635 1927/2148/1601
f 1921/2152/1636 1937/2174/1636 1922/2147/1636
f 1918/2154/1637 1943/2177/1637 1933/2178/1637
f 1921/2152/1638 1935/2167/1638 1936/2179/1638
f 1928/2153/1639 1944/2164/1639 1943/2177/1639
f 1941/2176/1640 1955/2180/1640 1956/2181/1640
f 1945/2163/1634 1961/2182/1641 1960/2183/1642
f 1942/2171/1635 1956/2181/1643 1957/2184/1644
f 1936/2179/1645 1952/2185/1645 1937/2174/1645
f 1933/2178/1646 1958/2186/1646 1948/2187/1646
f 1936/2179/1647 1950/2188/1647 1951/2189/1647
f 1943/2177/1648 1959/2190/1648 1958/2186/1648
f 1944/2164/1649 1960/2183/1649 1959/2190/1649
f 1938/2175/1650 1954/2191/1650 1939/2165/1650
f 1935/2167/1651 1949/2192/1651 1950/2188/1651
f 1933/2178/1652 1949/2192/1652 1934/2166/1652
f 1947/2169/1626 2189/2193/1443 1962/2194/1653
f 2138/2195/1654 1942/2171/1655 1957/2184/1656
f 1940/2172/1657 1954/2191/1657 1955/2180/1657
f 1946/2173/1630 1962/2194/1658 1961/2182/1659
f 1938/2175/1660 1952/2185/1660 1953/2196/1660
f 1953/2196/1661 1969/2197/1661 1954/2191/1661
f 1950/2188/1662 1964/2198/1662 1965/2199/1662
f 1948/2187/1663 1964/2198/1663 1949/2192/1663
f 1962/2194/1653 2189/2200/1443 1977/2201/1664
f 2138/2202/1654 1957/2184/1656 1972/2203/1665
f 1955/2180/1666 1969/2197/1666 1970/2204/1666
f 1961/2182/1659 1977/2201/1667 1976/2205/1668
f 1953/2196/1669 1967/2206/1669 1968/2207/1669
f 1956/2181/1670 1970/2204/1670 1971/2208/1670
f 1960/2183/1671 1976/2205/1671 1975/2209/1671
f 1957/2184/1644 1971/2208/1672 1972/2203/1672
f 1951/2189/1673 1967/2206/1673 1952/2185/1673
f 1948/2187/1674 1973/2210/1674 1963/2211/1674
f 1951/2189/1675 1965/2199/1675 1966/2212/1675
f 1958/2186/1676 1974/2213/1676 1973/2210/1676
f 1959/2190/1677 1975/2209/1677 1974/2213/1677
f 1971/2208/1672 1987/2214/1678 1972/2203/1672
f 1966/2212/1679 1982/2215/1679 1967/2206/1679
f 1963/2211/1680 1988/2216/1680 1978/2217/1680
f 1966/2212/1681 1980/2218/1681 1981/2219/1681
f 1973/2210/1682 1989/2220/1682 1988/2216/1682
f 1974/2213/1683 1990/2221/1683 1989/2220/1683
f 1968/2207/1684 1984/2222/1684 1969/2197/1684
f 1965/2199/1685 1979/2223/1685 1980/2218/1685
f 1963/2211/1686 1979/2223/1686 1964/2198/1686
f 1977/2201/1664 2189/2224/1443 1992/2225/1687
f 2138/2226/1654 1972/2203/1665 1987/2214/1688
f 1970/2204/1689 1984/2222/1689 1985/2227/1689
f 1976/2205/1668 1992/2225/1690 1991/2228/1691
f 1968/2207/1692 1982/2215/1692 1983/2229/1692
f 1970/2204/1693 1986/2230/1693 1971/2208/1693
f 1975/2209/1694 1991/2228/1694 1990/2221/1694
f 1978/2217/1695 1994/2231/1695 1979/2223/1695
f 1992/2225/1687 2189/2232/1443 2007/2233/1696
f 2138/2234/1654 1987/2214/1688 2002/2235/1697
f 1985/2227/1698 1999/2236/1698 2000/2237/1698
f 1992/2225/1690 2006/2238/1699 1991/2228/1691
f 1983/2229/1700 1997/2239/1700 1998/2240/1700
f 1985/2227/1701 2001/2241/1701 1986/2230/1701
f 1990/2221/1702 2006/2238/1703 2005/2242/1704
f 1987/2214/1678 2001/2241/1705 2002/2235/1706
f 1981/2219/1707 1997/2239/1707 1982/2215/1707
f 1978/2217/1708 2003/2243/1708 1993/2244/1708
f 1981/2219/1709 1995/2245/1709 1996/2246/1709
f 1988/2216/1710 2004/2247/1710 2003/2243/1710
f 1989/2220/1711 2005/2242/1711 2004/2247/1711
f 1983/2229/1712 1999/2236/1712 1984/2222/1712
f 1980/2218/1713 1994/2231/1713 1995/2245/1713
f 1996/2246/1714 2012/2248/1714 1997/2239/1714
f 1993/2244/1715 2018/2249/1715 2008/2250/1715
f 1996/2246/1716 2010/2251/1716 2011/2252/1716
f 2003/2243/1717 2019/2253/1717 2018/2249/1717
f 2004/2247/1718 2020/2254/1718 2019/2253/1718
f 1998/2240/1719 2014/2255/1719 1999/2236/1719
f 1995/2245/1720 2009/2256/1720 2010/2251/1720
f 1993/2244/1721 2009/2256/1721 1994/2231/1721
f 2007/2233/1722 2189/2257/1723 2022/2258/1724
f 2138/2259/1725 2002/2235/1726 2017/2260/1727
f 2000/2237/1728 2014/2255/1728 2015/2261/1728
f 2006/2238/1699 2022/2258/1729 2021/2262/1730
f 1998/2240/1731 2012/2248/1731 2013/2263/1731
f 2000/2237/1732 2016/2264/1732 2001/2241/1732
f 2005/2242/1704 2021/2262/1733 2020/2254/1734
f 2002/2235/1706 2016/2264/1735 2017/2260/1735
f 2138/2265/1725 2017/2260/1727 2032/2266/1736
f 2015/2261/1737 2029/2267/1737 2030/2268/1737
f 2021/2262/1730 2037/2269/1738 2036/2270/1738
f 2013/2263/1739 2027/2271/1740 2028/2272/1739
f 2016/2264/1741 2030/2268/1741 2031/2273/1741
f 2020/2254/1734 2036/2270/1742 2035/2274/1742
f 2016/2264/1735 2032/2266/1743 2017/2260/1735
f 2011/2252/1744 2027/2271/1744 2012/2248/1744
f 2008/2250/1745 2033/2275/1745 2023/2276/1745
f 2011/2252/1746 2025/2277/1747 2026/2278/1746
f 2018/2249/1748 2034/2279/1748 2033/2275/1748
f 2019/2253/1749 2035/2274/1749 2034/2279/1749
f 2013/2263/1750 2029/2267/1750 2014/2255/1750
f 2010/2251/1751 2024/2280/1751 2025/2277/1751
f 2008/2250/1752 2024/2280/1753 2009/2256/1754
f 2022/2258/1724 2189/2281/1723 2037/2269/1755
f 2033/2275/1756 2038/2282/1756 2023/2276/1756
f 2026/2278/1757 2040/2283/1757 2041/2284/1757
f 2034/2279/1758 2048/2285/1758 2033/2275/1758
f 2035/2274/1759 2049/2286/1759 2034/2279/1759
f 2028/2272/1760 2044/2287/1760 2029/2267/1760
f 2025/2277/1761 2039/2288/1761 2040/2283/1761
f 2024/2280/1762 2038/2282/1763 2039/2288/1764
f 2037/2269/1755 2189/2289/1723 2052/2290/1765
f 2138/2291/1725 2032/2266/1736 2047/2292/1766
f 2030/2268/1767 2044/2287/1767 2045/2293/1767
f 2037/2269/1738 2051/2294/1768 2036/2270/1738
f 2028/2272/1769 2042/2295/1770 2043/2296/1769
f 2030/2268/1771 2046/2297/1771 2031/2273/1771
f 2036/2270/1772 2050/2298/1773 2035/2274/1772
f 2031/2273/1774 2047/2292/1775 2032/2266/1743
f 2026/2278/1776 2042/2295/1776 2027/2271/1776
f 2045/2293/1777 2059/2299/1777 2060/2300/1777
f 2052/2290/1778 2066/2301/1779 2051/2294/1768
f 2043/2296/1780 2057/2302/1780 2058/2303/1780
f 2046/2297/1781 2060/2300/1781 2061/2304/1781
f 2051/2294/1782 2065/2305/1783 2050/2298/1773
f 2046/2297/1784 2062/2306/1785 2047/2292/1775
f 2041/2284/1786 2057/2302/1786 2042/2295/1786
f 2048/2285/1787 2053/2307/1787 2038/2282/1787
f 2041/2284/1788 2055/2308/1788 2056/2309/1788
f 2049/2286/1789 2063/2310/1789 2048/2285/1789
f 2050/2298/1790 2064/2311/1790 2049/2286/1790
f 2043/2296/1791 2059/2299/1791 2044/2287/1791
f 2040/2283/1792 2054/2312/1792 2055/2308/1792
f 2039/2288/1793 2053/2307/1793 2054/2312/1793
f 2052/2290/1765 2189/2313/1723 2067/2314/1794
f 2138/2315/1725 2047/2292/1766 2062/2306/1795
f 2056/2309/1796 2070/2316/1796 2071/2317/1796
f 2064/2311/1797 2078/2318/1797 2063/2310/1797
f 2065/2305/1798 2079/2319/1798 2064/2311/1798
f 2058/2303/1799 2074/2320/1799 2059/2299/1799
f 2055/2308/1800 2069/2321/1800 2070/2316/1800
f 2054/2312/1801 2068/2322/1801 2069/2321/1801
f 2067/2314/1794 2189/2323/1723 2082/2324/1802
f 2138/2325/1803 2062/2306/1804 2077/2326/1805
f 2060/2300/1806 2074/2320/1806 2075/2327/1806
f 2067/2314/1807 2081/2328/1808 2066/2301/1779
f 2058/2303/1809 2072/2329/1809 2073/2330/1809
f 2060/2300/1810 2076/2331/1810 2061/2304/1810
f 2066/2301/1811 2080/2332/1812 2065/2305/1783
f 2061/2304/1813 2077/2326/1814 2062/2306/1785
f 2056/2309/1815 2072/2329/1815 2057/2302/1815
f 2063/2310/1816 2068/2322/1816 2053/2307/1816
f 2082/2324/1817 2096/2333/1818 2081/2328/1808
f 2073/2330/1819 2087/2334/1819 2088/2335/1820
f 2075/2327/1821 2091/2336/1821 2076/2331/1821
f 2081/2328/1822 2095/2337/1823 2080/2332/1824
f 2077/2326/1814 2091/2336/1825 2092/2338/1825
f 2071/2317/1826 2087/2334/1826 2072/2329/1826
f 2078/2318/1827 2083/2339/1827 2068/2322/1827
f 2071/2317/1828 2085/2340/1828 2086/2341/1828
f 2079/2319/1829 2093/2342/1829 2078/2318/1829
f 2080/2332/1830 2094/2343/1830 2079/2319/1830
f 2073/2330/1831 2089/2344/1831 2074/2320/1831
f 2070/2316/1832 2084/2345/1832 2085/2340/1832
f 2069/2321/1833 2083/2339/1833 2084/2345/1833
f 2082/2324/1802 2189/2346/1723 2097/2347/1834
f 2138/2348/1803 2077/2326/1805 2092/2338/1835
f 2075/2327/1836 2089/2344/1836 2090/2349/1836
f 2094/2343/1837 2108/2350/1837 2093/2342/1837
f 2095/2337/1838 2109/2351/1839 2094/2343/1840
f 2088/2335/1841 2104/2352/1841 2089/2344/1841
f 2085/2340/1842 2099/2353/1842 2100/2354/1842
f 2084/2345/1843 2098/2355/1843 2099/2353/1843
f 2097/2347/1844 2189/2356/1845 2112/2357/1846
f 2138/2358/1803 2092/2338/1835 2107/2359/1847
f 2090/2349/1848 2104/2352/1848 2105/2360/1848
f 2097/2347/1849 2111/2361/1850 2096/2333/1818
f 2088/2335/1851 2102/2362/1851 2103/2363/1851
f 2091/2336/1852 2105/2360/1852 2106/2364/1852
f 2096/2333/1853 2110/2365/1854 2095/2337/1853
f 2091/2336/1825 2107/2359/1855 2092/2338/1825
f 2086/2341/1856 2102/2362/1856 2087/2334/1856
f 2093/2342/1857 2098/2355/1857 2083/2339/1857
f 2086/2341/1858 2100/2354/1858 2101/2366/1858
f 2106/2364/1859 2120/2367/1859 2121/2368/1859
f 2111/2361/1860 2125/2369/1861 2110/2365/1854
f 2107/2359/1855 2121/2368/1862 2122/2370/1863
f 2101/2366/1864 2117/2371/1864 2102/2362/1864
f 2108/2350/1865 2113/2372/1865 2098/2355/1865
f 2100/2354/1866 2116/2373/1866 2101/2366/1866
f 2109/2351/1867 2123/2374/1867 2108/2350/1867
f 2110/2365/1868 2124/2375/1868 2109/2351/1868
f 2103/2363/1869 2119/2376/1869 2104/2352/1869
f 2100/2354/1870 2114/2377/1870 2115/2378/1870
f 2099/2353/1871 2113/2372/1871 2114/2377/1871
f 2112/2357/1846 2189/2379/1845 2127/2380/1872
f 2138/2381/1803 2107/2359/1847 2122/2370/1873
f 2105/2360/1874 2119/2376/1874 2120/2367/1874
f 2112/2357/1875 2126/2382/1876 2111/2361/1850
f 2103/2363/1877 2117/2371/1877 2118/2383/1877
f 2118/2383/1878 2134/2384/1878 2119/2376/1878
f 2115/2378/1879 2129/2385/1879 2130/2386/1879
f 2114/2377/1880 2128/2387/1880 2129/2385/1880
f 2127/2380/1872 2189/2388/1845 2143/2389/1881
f 2138/2390/1882 2122/2370/1883 2137/2391/1884
f 2120/2367/1885 2134/2384/1885 2135/2392/1885
f 2127/2380/1886 2142/2393/1887 2126/2382/1876
f 2118/2383/1888 2132/2394/1888 2133/2395/1888
f 2120/2367/1889 2136/2396/1889 2121/2368/1889
f 2126/2382/1890 2141/2397/1891 2125/2369/1861
f 2122/2370/1863 2136/2396/1863 2137/2391/1892
f 2116/2373/1893 2132/2394/1893 2117/2371/1893
f 2123/2374/1894 2128/2387/1894 2113/2372/1894
f 2115/2378/1895 2131/2398/1895 2116/2373/1895
f 2124/2375/1896 2139/2399/1896 2123/2374/1896
f 2125/2369/1897 2140/2400/1897 2124/2375/1897
f 2142/2393/1898 2156/2401/1899 2141/2397/1891
f 2137/2391/1892 2152/2402/1900 2153/2403/1901
f 2131/2398/1902 2148/2404/1902 2132/2394/1902
f 2139/2399/1903 2144/2405/1903 2128/2387/1903
f 2130/2386/1904 2147/2406/1904 2131/2398/1904
f 2140/2400/1905 2154/2407/1905 2139/2399/1905
f 2141/2397/1906 2155/2408/1906 2140/2400/1906
f 2133/2395/1907 2150/2409/1907 2134/2384/1907
f 2130/2386/1908 2145/2410/1908 2146/2411/1908
f 2129/2385/1909 2144/2405/1910 2145/2410/1911
f 2143/2389/1881 2189/2412/1845 2158/2413/1912
f 2138/2414/1882 2137/2391/1884 2153/2403/1913
f 2135/2392/1914 2150/2409/1914 2151/2415/1914
f 2143/2389/1915 2157/2416/1916 2142/2393/1887
f 2133/2395/1917 2148/2404/1917 2149/2417/1917
f 2135/2392/1918 2152/2402/1918 2136/2396/1918
f 2146/2418/1919 2160/2419/1919 2161/2420/1919
f 2144/2421/1920 2160/2419/1921 2145/2422/1922
f 2158/2423/1912 2189/2424/1845 2173/2425/1923
f 2138/2426/1882 2153/2427/1913 2168/2428/1924
f 2151/2429/1925 2165/2430/1925 2166/2431/1925
f 2157/2432/1916 2173/2425/1926 2172/2433/1927
f 2149/2434/1928 2163/2435/1928 2164/2436/1928
f 2151/2429/1929 2167/2437/1929 2152/2438/1929
f 2156/2439/1899 2172/2433/1930 2171/2440/1931
f 2153/2427/1901 2167/2437/1932 2168/2428/1932
f 2147/2441/1933 2163/2435/1933 2148/2442/1933
f 2144/2421/1934 2169/2443/1934 2159/2444/1934
f 2146/2418/1935 2162/2445/1935 2147/2441/1935
f 2154/2446/1936 2170/2447/1936 2169/2443/1936
f 2155/2448/1937 2171/2440/1937 2170/2447/1937
f 2149/2434/1938 2165/2430/1938 2150/2449/1938
f 2167/2437/1932 2183/2450/1939 2168/2428/1932
f 2162/2445/1940 2178/2451/1940 2163/2435/1940
f 2159/2444/1941 2184/2452/1941 2174/2453/1941
f 2161/2420/1942 2177/2454/1942 2162/2445/1942
f 2169/2443/1943 2185/2455/1943 2184/2452/1943
f 2170/2447/1944 2186/2456/1944 2185/2455/1944
f 2164/2436/1945 2180/2457/1945 2165/2430/1945
f 2161/2420/1946 2175/2458/1946 2176/2459/1946
f 2159/2444/1947 2175/2458/1947 2160/2419/1947
f 2173/2425/1923 2189/2460/1845 2188/2461/1948
f 2138/2462/1882 2168/2428/1924 2183/2450/1949
f 2166/2431/1950 2180/2457/1950 2181/2463/1950
f 2172/2433/1927 2188/2461/1951 2187/2464/1952
f 2164/2436/1953 2178/2451/1953 2179/2465/1953
f 2166/2431/1954 2182/2466/1954 2167/2437/1954
f 2171/2440/1931 2187/2464/1955 2186/2456/1956
f 2174/2453/1957 2191/2467/1957 2175/2458/1957
f 2188/2461/1958 2189/2468/1959 2204/2469/1960
f 2138/2470/1961 2183/2450/1962 2199/2471/1963
f 2181/2463/1964 2196/2472/1964 2197/2473/1964
f 2187/2464/1952 2204/2469/1965 2203/2474/1966
f 2179/2465/1967 2194/2475/1967 2195/2476/1967
f 2181/2463/1968 2198/2477/1968 2182/2466/1968
f 2186/2456/1956 2203/2474/1969 2202/2478/1970
f 2183/2450/1939 2198/2477/1971 2199/2471/1972
f 2177/2454/1973 2194/2475/1973 2178/2451/1973
f 2174/2453/1974 2200/2479/1974 2190/2480/1974
f 2176/2459/1975 2193/2481/1975 2177/2454/1975
f 2184/2452/1976 2201/2482/1976 2200/2479/1976
f 2185/2455/1977 2202/2478/1977 2201/2482/1977
f 2179/2465/1978 2196/2472/1978 2180/2457/1978
f 2176/2459/1979 2191/2467/1979 2192/2483/1979
f 2193/2481/1980 2209/2484/1980 2194/2475/1980
f 2190/2480/1981 2215/2485/1981 2205/2486/1981
f 2192/2483/1982 2208/2487/1982 2193/2481/1982
f 2200/2479/1983 2216/2488/1983 2215/2485/1983
f 2201/2482/1984 2217/2489/1984 2216/2488/1984
f 2195/2476/1985 2211/2490/1985 2196/2472/1985
f 2192/2483/1986 2206/2491/1986 2207/2492/1986
f 2190/2480/1987 2206/2491/1987 2191/2467/1987
f 2204/2469/1960 2189/2493/1959 2219/2494/1988
f 2138/2495/1961 2199/2471/1963 2214/2496/1989
f 2197/2473/1990 2211/2490/1990 2212/2497/1990
f 2203/2474/1966 2219/2494/1991 2218/2498/1992
f 2195/2476/1993 2209/2484/1993 2210/2499/1993
f 2197/2473/1994 2213/2500/1994 2198/2477/1994
f 2202/2478/1970 2218/2498/1995 2217/2489/1995
f 2199/2471/1972 2213/2500/1996 2214/2496/1997
f 2138/2501/1961 2214/2496/1989 2229/2502/1998
f 2212/2497/1999 2226/2503/1999 2227/2504/1999
f 2218/2498/1992 2234/2505/2000 2233/2506/2001
f 2210/2499/2002 2224/2507/2002 2225/2508/2003
f 2212/2497/2004 2228/2509/2004 2213/2500/2004
f 2217/2489/2005 2233/2506/2005 2232/2510/2005
f 2214/2496/1997 2228/2509/2006 2229/2502/2007
f 2208/2487/2008 2224/2507/2008 2209/2484/2008
f 2205/2486/2009 2230/2511/2009 2220/2512/2009
f 2207/2492/2010 2223/2513/2010 2208/2487/2010
f 2215/2485/2011 2231/2514/2011 2230/2511/2011
f 2216/2488/2012 2232/2510/2012 2231/2514/2012
f 2210/2499/2013 2226/2503/2013 2211/2490/2013
f 2207/2492/2014 2221/2515/2014 2222/2516/2014
f 2205/2486/2015 2221/2515/2015 2206/2491/2015
f 2219/2494/1988 2189/2517/1959 2234/2505/2016
f 2220/2512/2017 2245/2518/2017 2235/2519/2017
f 2222/2516/2018 2238/2520/2018 2223/2513/2018
f 2230/2511/2019 2246/2521/2019 2245/2518/2019
f 2231/2514/2020 2247/2522/2020 2246/2521/2020
f 2225/2508/2021 2241/2523/2021 2226/2503/2021
f 2222/2516/2022 2236/2524/2022 2237/2525/2022
f 2220/2512/2023 2236/2524/2023 2221/2515/2023
f 2234/2505/2016 2189/2526/1959 2249/2527/2024
f 2138/2528/1961 2229/2502/1998 2244/2529/2025
f 2227/2504/2026 2241/2523/2026 2242/2530/2026
f 2233/2506/2001 2249/2527/2027 2248/2531/2028
f 2225/2508/2029 2239/2532/2029 2240/2533/2029
f 2227/2504/2030 2243/2534/2030 2228/2509/2030
f 2232/2510/2031 2248/2531/2031 2247/2522/2031
f 2229/2502/2007 2243/2534/2032 2244/2529/2032
f 2223/2513/2033 2239/2532/2033 2224/2507/2033
f 2248/2531/2028 2264/2535/2034 2263/2536/2035
f 2240/2533/2036 2254/2537/2036 2255/2538/2036
f 2242/2530/2037 2258/2539/2037 2243/2534/2037
f 2247/2522/2038 2263/2536/2038 2262/2540/2038
f 2243/2534/2032 2259/2541/2039 2244/2529/2032
f 2238/2520/2040 2254/2537/2040 2239/2532/2040
f 2235/2519/2041 2260/2542/2041 2250/2543/2041
f 2237/2525/2042 2253/2544/2042 2238/2520/2042
f 2245/2518/2043 2261/2545/2043 2260/2542/2043
f 2246/2521/2044 2262/2540/2044 2261/2545/2044
f 2240/2533/2045 2256/2546/2045 2241/2523/2045
f 2237/2525/2046 2251/2547/2046 2252/2548/2046
f 2235/2519/2047 2251/2547/2047 2236/2524/2047
f 2249/2527/2024 2189/2549/1959 2264/2535/2048
f 2138/2550/1536 2244/2529/2049 2259/2541/2050
f 2242/2530/2051 2256/2546/2051 2257/2551/2051
f 2260/2542/2052 1894/2116/2052 1893/2095/2052
f 2261/2545/2053 1895/2134/2053 1894/2116/2053
f 2255/2538/2054 2266/2122/2054 2256/2546/2054
f 2252/2548/2055 1891/2143/2055 1890/2135/2055
f 2250/2543/2056 1891/2143/2057 2251/2547/2058
f 2264/2535/2048 2189/2552/1959 1897/2084/2059
f 2138/2553/1536 2259/2541/2050 2268/2119/1583
f 2256/2546/2060 1887/2123/2060 2257/2551/2060
f 2263/2536/2035 1897/2084/1503 1896/2086/1503
f 2255/2538/2061 1888/2092/2061 2265/2094/2061
f 2257/2551/2062 2267/2118/2062 2258/2539/2062
f 2262/2540/2063 1896/2086/2063 1895/2134/2063
f 2258/2539/2064 2268/2119/1531 2259/2541/2039
f 2253/2544/2065 1888/2092/2065 2254/2537/2065
f 2250/2543/2066 1893/2095/2066 1892/2097/2066
f 2252/2548/2067 1889/2136/2067 2253/2544/2067
f 1810/1995/1435 1901/2032/2068 1900/1996/1436
f 1799/1998/1438 1794/2007/1438 1795/1999/1438
f 1792/2001/1439 1791/2013/1439 1907/2002/1439
f 1789/2004/2069 1905/2128/2069 1906/2005/2069
f 1794/2007/1441 1910/2057/1441 1911/2008/1441
f 1801/2012/1445 1802/2056/1445 1791/2013/1445
f 1816/2014/1446 1807/2025/1446 1806/2015/1446
f 1824/2017/1447 1799/1998/1447 1798/2000/1447
f 1815/2024/1452 1808/2029/1452 1807/2025/1452
f 1812/2026/1453 1811/2019/1546 1810/1995/1454
f 1797/2022/1456 1798/2000/1590 1795/1999/1457
f 1809/1997/1458 1900/1996/1458 1899/2028/1458
f 1799/1998/1459 1800/2035/1459 1793/2030/1459
f 1902/2009/1460 1917/2011/1461 1916/2031/1461
f 1899/2028/1463 1900/1996/2070 1915/2033/1464
f 1824/2017/1466 1823/2037/1466 1800/2035/1466
f 1829/2036/1467 1830/2068/1467 1823/2037/1467
f 1833/2038/1468 1820/2048/1468 1821/2039/1468
f 1838/2041/1469 1815/2024/1469 1816/2014/1469
f 1835/2043/2071 1836/2045/2071 1817/2016/2071
f 1837/2042/1471 1816/2014/1471 1817/2016/1471
f 1829/2036/1472 1824/2017/1472 1825/2018/1472
f 1833/2038/1473 1834/2133/1473 1819/2047/1473
f 1819/2047/1474 1818/2044/1474 1805/2049/1474
f 1813/2027/1475 1810/1995/1435 1809/1997/1437
f 1792/2001/1477 1908/2003/1477 1909/2052/1477
f 1899/2028/1478 1914/2034/1478 1913/2053/1478
f 1822/2055/1479 1821/2039/1479 1802/2056/1479
f 1818/2044/2072 1817/2016/2072 1806/2015/2072
f 1794/2007/1481 1793/2030/1481 1909/2052/1481
f 1849/2061/1485 1834/2133/1485 1833/2038/1486
f 1848/2063/2073 1847/2101/2073 1836/2045/2073
f 1844/2064/1488 1839/2082/1488 1838/2041/1488
f 1853/2066/1489 1852/2075/1489 1831/2067/1489
f 1807/2025/1490 1898/2054/1490 1787/2069/1490
f 1822/2055/1492 1801/2012/1492 1800/2035/1492
f 1805/2049/2074 1806/2015/2074 1787/2069/2074
f 1860/2074/1496 1861/2126/1496 1852/2075/1496
f 1858/2076/1497 1859/2120/1497 1854/2077/1497
f 1843/2081/1499 1840/2083/1499 1839/2082/1499
f 1842/2058/1500 1841/2060/1573 1840/2083/1501
f 1897/2084/1503 1872/2090/1513 1873/2085/1504
f 1862/2087/2075 1863/2091/2075 1850/2062/2075
f 1863/2091/2076 1864/2109/2076 1849/2061/2076
f 1888/2092/1509 1881/2104/1509 1882/2093/1509
f 1893/2095/1510 1876/2114/1510 1877/2096/1510
f 1873/2085/1511 1870/2102/1511 1869/2098/1511
f 1865/2100/2077 1866/2117/2077 1847/2101/2077
f 1872/2090/1513 1871/2079/1595 1870/2102/1514
f 1880/2103/1515 1863/2091/1515 1862/2087/1515
f 1885/2105/1516 1858/2076/1517 1857/2106/1517
f 1878/2108/1519 1865/2100/2078 1864/2109/1519
f 1869/2098/1520 1844/2064/1520 1845/2065/1520
f 1875/2112/1521 1868/2111/1521 1867/2113/1521
f 1874/2099/1522 1869/2098/1522 1868/2111/1522
f 1879/2110/1523 1864/2109/1523 1863/2091/1523
f 1808/2029/1524 1899/2028/1524 1898/2054/1524
f 1801/2012/1525 1792/2001/1525 1793/2030/1525
f 1804/2050/1526 1805/2049/1526 1788/2073/1526
f 1804/2050/1527 1789/2004/2079 1790/2006/1527
f 1894/2116/1528 1875/2112/1528 1876/2114/1528
f 1867/2113/1529 1846/2130/1529 1847/2101/1529
f 2267/2118/1530 1885/2105/1516 1886/2107/1518
f 1859/2120/1532 1860/2074/1532 1853/2066/1532
f 2265/2094/1533 1882/2093/1533 1883/2121/1533
f 1887/2123/1534 1884/2132/1534 1885/2105/1534
f 1878/2108/2080 1877/2096/2080 1866/2117/2080
f 1876/2114/1539 1867/2113/1539 1866/2117/1539
f 1870/2102/1540 1843/2081/1540 1844/2064/1540
f 1883/2121/1541 1882/2093/1541 1861/2126/1541
f 1789/2004/1542 1788/2073/1542 1904/2127/1542
f 1898/2054/1543 1913/2053/1543 1903/2129/1543
f 1795/1999/1457 1911/2008/1545 1912/2071/1545
f 1811/2019/1546 1902/2009/1460 1901/2032/1462
f 1802/2056/1547 1803/2115/1547 1790/2006/1547
f 1900/1996/1436 1901/2032/2068 1916/2031/1548
f 1819/2047/1550 1804/2050/1550 1803/2115/1550
f 1831/2067/1551 1822/2055/1551 1823/2037/1551
f 1788/2073/1552 1787/2069/2081 1903/2129/1553
f 1845/2065/1555 1838/2041/1555 1837/2042/1555
f 1790/2006/2082 1906/2005/2082 1907/2002/2082
f 1861/2126/1557 1862/2087/1557 1851/2088/1557
f 1857/2106/1517 1858/2076/1517 1855/2078/1558
f 1884/2132/1560 1883/2121/1560 1860/2074/1560
f 1884/2132/1561 1859/2120/1561 1858/2076/1561
f 1882/2093/1562 1881/2104/1562 1862/2087/1562
f 1821/2039/1563 1820/2048/1563 1803/2115/1563
f 1849/2061/1564 1848/2063/1564 1835/2043/1564
f 2266/2122/1565 1883/2121/1565 1884/2132/1565
f 1888/2092/1566 1889/2136/1566 1880/2103/1566
f 1896/2086/1567 1873/2085/1567 1874/2099/1567
f 1890/2135/1568 1879/2110/1568 1880/2103/1568
f 1839/2082/1569 1814/2051/1569 1815/2024/1569
f 1841/2060/1573 1812/2026/1453 1813/2027/1455
f 1856/2131/1559 1855/2078/1558 1828/2046/1575
f 1853/2066/1577 1830/2068/1577 1829/2036/1577
f 1846/2130/1578 1837/2042/1578 1836/2045/1578
f 1852/2075/1579 1851/2088/1579 1832/2040/1579
f 1855/2078/1580 1854/2077/2083 1829/2036/1580
f 1835/2043/1581 1818/2044/1581 1819/2047/1581
f 1850/2062/1582 1833/2038/1582 1832/2040/1582
f 1891/2143/1584 1878/2108/1584 1879/2110/1584
f 1895/2134/1585 1874/2099/1585 1875/2112/1585
f 1891/2143/1586 1892/2097/2084 1877/2096/1587
f 1814/2051/1589 1809/1997/1589 1808/2029/1589
f 1826/2139/1590 1825/2018/1593 1798/2000/1590
f 1840/2083/1591 1813/2027/1475 1814/2051/1476
f 1831/2067/1592 1832/2040/1592 1821/2039/1592
f 1827/2138/1576 1828/2046/1575 1825/2018/1593
f 1865/2100/1594 1848/2063/1594 1849/2061/1594
f 1871/2079/1595 1842/2058/1500 1843/2081/1502
f 1868/2111/1596 1845/2065/1596 1846/2130/1596
f 1910/2057/1599 1925/2150/1599 1926/2146/1599
f 1906/2005/1600 1921/2152/1600 1922/2147/1600
f 1912/2071/1545 1911/2008/1545 1926/2146/1601
f 1910/2057/1602 1909/2052/1602 1924/2149/1602
f 1906/2005/1603 1905/2128/1603 1920/2151/1603
f 1903/2129/1604 1913/2053/1604 1928/2153/1604
f 1913/2053/1606 1914/2034/1606 1929/2155/1606
f 1914/2034/1607 1915/2033/1607 1930/2156/1607
f 1908/2003/1608 1923/2158/1608 1924/2149/1608
f 1903/2129/1609 1918/2154/2085 1919/2157/1610
f 1908/2003/1612 1907/2002/1612 1922/2147/1612
f 1905/2128/1613 1904/2127/1613 1919/2157/1613
f 1915/2033/1616 1916/2031/1616 1931/2162/1617
f 1916/2031/1461 1917/2011/1461 1932/2160/1619
f 1929/2155/1621 1930/2156/1621 1945/2163/1621
f 1923/2158/1622 1938/2175/1622 1939/2165/1622
f 1920/2151/1623 1919/2157/1623 1934/2166/1623
f 1918/2154/2086 1933/2178/2086 1934/2166/2086
f 1925/2150/1628 1924/2149/1628 1939/2165/1628
f 1931/2162/1620 1932/2160/1619 1947/2169/1629
f 1923/2158/1631 1922/2147/1631 1937/2174/1631
f 1926/2146/1632 1925/2150/1632 1940/2172/1632
f 1930/2156/1618 1931/2162/1617 1946/2173/1633
f 1926/2146/1601 1941/2176/1635 1942/2171/1635
f 1921/2152/1636 1936/2179/1636 1937/2174/1636
f 1918/2154/1637 1928/2153/1637 1943/2177/1637
f 1921/2152/1638 1920/2151/1638 1935/2167/1638
f 1928/2153/1639 1929/2155/1639 1944/2164/1639
f 1941/2176/1640 1940/2172/1640 1955/2180/1640
f 1945/2163/1634 1946/2173/1633 1961/2182/1641
f 1942/2171/1635 1941/2176/1635 1956/2181/1643
f 1936/2179/1645 1951/2189/1645 1952/2185/1645
f 1933/2178/1646 1943/2177/1646 1958/2186/1646
f 1936/2179/1647 1935/2167/1647 1950/2188/1647
f 1943/2177/1648 1944/2164/1648 1959/2190/1648
f 1944/2164/1649 1945/2163/1649 1960/2183/1649
f 1938/2175/1650 1953/2196/1650 1954/2191/1650
f 1935/2167/1651 1934/2166/1651 1949/2192/1651
f 1933/2178/2087 1948/2187/2087 1949/2192/2087
f 1940/2172/1657 1939/2165/1657 1954/2191/1657
f 1946/2173/1630 1947/2169/1629 1962/2194/1658
f 1938/2175/1660 1937/2174/1660 1952/2185/1660
f 1953/2196/1661 1968/2207/1661 1969/2197/1661
f 1950/2188/1662 1949/2192/1662 1964/2198/1662
f 1948/2187/2088 1963/2211/2088 1964/2198/2088
f 1955/2180/1666 1954/2191/1666 1969/2197/1666
f 1961/2182/1659 1962/2194/1658 1977/2201/1667
f 1953/2196/1669 1952/2185/1669 1967/2206/1669
f 1956/2181/1670 1955/2180/1670 1970/2204/1670
f 1960/2183/1671 1961/2182/1671 1976/2205/1671
f 1957/2184/1644 1956/2181/1643 1971/2208/1672
f 1951/2189/1673 1966/2212/1673 1967/2206/1673
f 1948/2187/1674 1958/2186/1674 1973/2210/1674
f 1951/2189/1675 1950/2188/1675 1965/2199/1675
f 1958/2186/1676 1959/2190/1676 1974/2213/1676
f 1959/2190/1677 1960/2183/1677 1975/2209/1677
f 1971/2208/1672 1986/2230/1678 1987/2214/1678
f 1966/2212/1679 1981/2219/1679 1982/2215/1679
f 1963/2211/1680 1973/2210/1680 1988/2216/1680
f 1966/2212/1681 1965/2199/1681 1980/2218/1681
f 1973/2210/1682 1974/2213/1682 1989/2220/1682
f 1974/2213/1683 1975/2209/1683 1990/2221/1683
f 1968/2207/1684 1983/2229/1684 1984/2222/1684
f 1965/2199/1685 1964/2198/1685 1979/2223/1685
f 1963/2211/2089 1978/2217/2089 1979/2223/2089
f 1970/2204/1689 1969/2197/1689 1984/2222/1689
f 1976/2205/1668 1977/2201/1667 1992/2225/1690
f 1968/2207/1692 1967/2206/1692 1982/2215/1692
f 1970/2204/1693 1985/2227/1693 1986/2230/1693
f 1975/2209/1694 1976/2205/1694 1991/2228/1694
f 1978/2217/2090 1993/2244/2090 1994/2231/2090
f 1985/2227/1698 1984/2222/1698 1999/2236/1698
f 1992/2225/1690 2007/2233/2091 2006/2238/1699
f 1983/2229/1700 1982/2215/1700 1997/2239/1700
f 1985/2227/1701 2000/2237/1701 2001/2241/1701
f 1990/2221/1702 1991/2228/2092 2006/2238/1703
f 1987/2214/1678 1986/2230/1678 2001/2241/1705
f 1981/2219/1707 1996/2246/1707 1997/2239/1707
f 1978/2217/1708 1988/2216/1708 2003/2243/1708
f 1981/2219/1709 1980/2218/1709 1995/2245/1709
f 1988/2216/1710 1989/2220/1710 2004/2247/1710
f 1989/2220/1711 1990/2221/1711 2005/2242/1711
f 1983/2229/1712 1998/2240/1712 1999/2236/1712
f 1980/2218/1713 1979/2223/1713 1994/2231/1713
f 1996/2246/1714 2011/2252/1714 2012/2248/1714
f 1993/2244/1715 2003/2243/1715 2018/2249/1715
f 1996/2246/1716 1995/2245/1716 2010/2251/1716
f 2003/2243/1717 2004/2247/1717 2019/2253/1717
f 2004/2247/1718 2005/2242/1718 2020/2254/1718
f 1998/2240/1719 2013/2263/1719 2014/2255/1719
f 1995/2245/1720 1994/2231/1720 2009/2256/1720
f 1993/2244/2093 2008/2250/2093 2009/2256/2093
f 2000/2237/1728 1999/2236/1728 2014/2255/1728
f 2006/2238/1699 2007/2233/2091 2022/2258/1729
f 1998/2240/1731 1997/2239/1731 2012/2248/1731
f 2000/2237/1732 2015/2261/1732 2016/2264/1732
f 2005/2242/1704 2006/2238/1703 2021/2262/1733
f 2002/2235/1706 2001/2241/1705 2016/2264/1735
f 2015/2261/1737 2014/2255/1737 2029/2267/1737
f 2021/2262/1730 2022/2258/1729 2037/2269/1738
f 2013/2263/1739 2012/2248/1740 2027/2271/1740
f 2016/2264/1741 2015/2261/1741 2030/2268/1741
f 2020/2254/1734 2021/2262/1733 2036/2270/1742
f 2016/2264/1735 2031/2273/1774 2032/2266/1743
f 2011/2252/1744 2026/2278/1744 2027/2271/1744
f 2008/2250/1745 2018/2249/1745 2033/2275/1745
f 2011/2252/1746 2010/2251/1747 2025/2277/1747
f 2018/2249/1748 2019/2253/1748 2034/2279/1748
f 2019/2253/1749 2020/2254/1749 2035/2274/1749
f 2013/2263/1750 2028/2272/1750 2029/2267/1750
f 2010/2251/1751 2009/2256/1751 2024/2280/1751
f 2008/2250/1752 2023/2276/2094 2024/2280/1753
f 2033/2275/1756 2048/2285/1756 2038/2282/1756
f 2026/2278/1757 2025/2277/1757 2040/2283/1757
f 2034/2279/1758 2049/2286/1758 2048/2285/1758
f 2035/2274/1759 2050/2298/1759 2049/2286/1759
f 2028/2272/1760 2043/2296/1760 2044/2287/1760
f 2025/2277/1761 2024/2280/1761 2039/2288/1761
f 2024/2280/1762 2023/2276/2095 2038/2282/1763
f 2030/2268/1767 2029/2267/1767 2044/2287/1767
f 2037/2269/1738 2052/2290/1778 2051/2294/1768
f 2028/2272/1769 2027/2271/1770 2042/2295/1770
f 2030/2268/1771 2045/2293/1771 2046/2297/1771
f 2036/2270/1772 2051/2294/1782 2050/2298/1773
f 2031/2273/1774 2046/2297/1784 2047/2292/1775
f 2026/2278/1776 2041/2284/1776 2042/2295/1776
f 2045/2293/1777 2044/2287/1777 2059/2299/1777
f 2052/2290/1778 2067/2314/1807 2066/2301/1779
f 2043/2296/1780 2042/2295/1780 2057/2302/1780
f 2046/2297/1781 2045/2293/1781 2060/2300/1781
f 2051/2294/1782 2066/2301/1811 2065/2305/1783
f 2046/2297/1784 2061/2304/1813 2062/2306/1785
f 2041/2284/1786 2056/2309/1786 2057/2302/1786
f 2048/2285/1787 2063/2310/1787 2053/2307/1787
f 2041/2284/1788 2040/2283/1788 2055/2308/1788
f 2049/2286/1789 2064/2311/1789 2063/2310/1789
f 2050/2298/1790 2065/2305/1790 2064/2311/1790
f 2043/2296/1791 2058/2303/1791 2059/2299/1791
f 2040/2283/1792 2039/2288/1792 2054/2312/1792
f 2039/2288/2096 2038/2282/2096 2053/2307/2096
f 2056/2309/1796 2055/2308/1796 2070/2316/1796
f 2064/2311/1797 2079/2319/1797 2078/2318/1797
f 2065/2305/1798 2080/2332/1798 2079/2319/1798
f 2058/2303/1799 2073/2330/1799 2074/2320/1799
f 2055/2308/1800 2054/2312/1800 2069/2321/1800
f 2054/2312/2097 2053/2307/2097 2068/2322/2097
f 2060/2300/1806 2059/2299/1806 2074/2320/1806
f 2067/2314/1807 2082/2324/1817 2081/2328/1808
f 2058/2303/1809 2057/2302/1809 2072/2329/1809
f 2060/2300/1810 2075/2327/1810 2076/2331/1810
f 2066/2301/1811 2081/2328/1812 2080/2332/1812
f 2061/2304/1813 2076/2331/1814 2077/2326/1814
f 2056/2309/1815 2071/2317/1815 2072/2329/1815
f 2063/2310/1816 2078/2318/1816 2068/2322/1816
f 2082/2324/1817 2097/2347/1849 2096/2333/1818
f 2073/2330/1819 2072/2329/1819 2087/2334/1819
f 2075/2327/1821 2090/2349/1821 2091/2336/1821
f 2081/2328/1822 2096/2333/2098 2095/2337/1823
f 2077/2326/1814 2076/2331/1814 2091/2336/1825
f 2071/2317/1826 2086/2341/1826 2087/2334/1826
f 2078/2318/1827 2093/2342/1827 2083/2339/1827
f 2071/2317/1828 2070/2316/1828 2085/2340/1828
f 2079/2319/1829 2094/2343/1829 2093/2342/1829
f 2080/2332/2099 2095/2337/1838 2094/2343/1840
f 2073/2330/1831 2088/2335/1831 2089/2344/1831
f 2070/2316/1832 2069/2321/1832 2084/2345/1832
f 2069/2321/2100 2068/2322/2100 2083/2339/2100
f 2075/2327/1836 2074/2320/1836 2089/2344/1836
f 2094/2343/1837 2109/2351/1837 2108/2350/1837
f 2095/2337/1838 2110/2365/1839 2109/2351/1839
f 2088/2335/1841 2103/2363/1841 2104/2352/1841
f 2085/2340/1842 2084/2345/1842 2099/2353/1842
f 2084/2345/2101 2083/2339/2101 2098/2355/2101
f 2090/2349/1848 2089/2344/1848 2104/2352/1848
f 2097/2347/1849 2112/2357/1875 2111/2361/1850
f 2088/2335/1851 2087/2334/1851 2102/2362/1851
f 2091/2336/1852 2090/2349/1852 2105/2360/1852
f 2096/2333/1853 2111/2361/1860 2110/2365/1854
f 2091/2336/1825 2106/2364/1855 2107/2359/1855
f 2086/2341/1856 2101/2366/1856 2102/2362/1856
f 2093/2342/1857 2108/2350/1857 2098/2355/1857
f 2086/2341/1858 2085/2340/1858 2100/2354/1858
f 2106/2364/1859 2105/2360/1859 2120/2367/1859
f 2111/2361/1860 2126/2382/1890 2125/2369/1861
f 2107/2359/1855 2106/2364/1855 2121/2368/1862
f 2101/2366/1864 2116/2373/1864 2117/2371/1864
f 2108/2350/1865 2123/2374/1865 2113/2372/1865
f 2100/2354/1866 2115/2378/1866 2116/2373/1866
f 2109/2351/1867 2124/2375/1867 2123/2374/1867
f 2110/2365/1868 2125/2369/1868 2124/2375/1868
f 2103/2363/1869 2118/2383/1869 2119/2376/1869
f 2100/2354/1870 2099/2353/1870 2114/2377/1870
f 2099/2353/2102 2098/2355/2102 2113/2372/2102
f 2105/2360/1874 2104/2352/1874 2119/2376/1874
f 2112/2357/1875 2127/2380/1886 2126/2382/1876
f 2103/2363/1877 2102/2362/1877 2117/2371/1877
f 2118/2383/1878 2133/2395/1878 2134/2384/1878
f 2115/2378/1879 2114/2377/2103 2129/2385/1879
f 2114/2377/2104 2113/2372/2104 2128/2387/2104
f 2120/2367/1885 2119/2376/1885 2134/2384/1885
f 2127/2380/1886 2143/2389/1915 2142/2393/1887
f 2118/2383/1888 2117/2371/1888 2132/2394/1888
f 2120/2367/1889 2135/2392/1889 2136/2396/1889
f 2126/2382/1890 2142/2393/1898 2141/2397/1891
f 2122/2370/1863 2121/2368/1862 2136/2396/1863
f 2116/2373/1893 2131/2398/1893 2132/2394/1893
f 2123/2374/1894 2139/2399/1894 2128/2387/1894
f 2115/2378/1895 2130/2386/1895 2131/2398/1895
f 2124/2375/1896 2140/2400/1896 2139/2399/1896
f 2125/2369/1897 2141/2397/1897 2140/2400/1897
f 2142/2393/1898 2157/2416/1899 2156/2401/1899
f 2137/2391/1892 2136/2396/1863 2152/2402/1900
f 2131/2398/1902 2147/2406/1902 2148/2404/1902
f 2139/2399/1903 2154/2407/1903 2144/2405/1903
f 2130/2386/1904 2146/2411/1904 2147/2406/1904
f 2140/2400/1905 2155/2408/1905 2154/2407/1905
f 2141/2397/1906 2156/2401/1906 2155/2408/1906
f 2133/2395/1907 2149/2417/1907 2150/2409/1907
f 2130/2386/1908 2129/2385/1908 2145/2410/1908
f 2129/2385/1909 2128/2387/2105 2144/2405/1910
f 2135/2392/1914 2134/2384/1914 2150/2409/1914
f 2143/2389/1915 2158/2413/1916 2157/2416/1916
f 2133/2395/1917 2132/2394/1917 2148/2404/1917
f 2135/2392/1918 2151/2415/1918 2152/2402/1918
f 2146/2418/1919 2145/2422/1919 2160/2419/1919
f 2144/2421/1920 2159/2444/2106 2160/2419/1921
f 2151/2429/1925 2150/2449/1925 2165/2430/1925
f 2157/2432/1916 2158/2423/1916 2173/2425/1926
f 2149/2434/1928 2148/2442/1928 2163/2435/1928
f 2151/2429/1929 2166/2431/1929 2167/2437/1929
f 2156/2439/1899 2157/2432/1899 2172/2433/1930
f 2153/2427/1901 2152/2438/1900 2167/2437/1932
f 2147/2441/1933 2162/2445/1933 2163/2435/1933
f 2144/2421/1934 2154/2446/1934 2169/2443/1934
f 2146/2418/1935 2161/2420/1935 2162/2445/1935
f 2154/2446/1936 2155/2448/1936 2170/2447/1936
f 2155/2448/1937 2156/2439/1937 2171/2440/1937
f 2149/2434/1938 2164/2436/1938 2165/2430/1938
f 2167/2437/1932 2182/2466/1939 2183/2450/1939
f 2162/2445/1940 2177/2454/1940 2178/2451/1940
f 2159/2444/1941 2169/2443/1941 2184/2452/1941
f 2161/2420/1942 2176/2459/1942 2177/2454/1942
f 2169/2443/1943 2170/2447/1943 2185/2455/1943
f 2170/2447/1944 2171/2440/1944 2186/2456/1944
f 2164/2436/1945 2179/2465/1945 2180/2457/1945
f 2161/2420/1946 2160/2419/1946 2175/2458/1946
f 2159/2444/2107 2174/2453/2107 2175/2458/2107
f 2166/2431/1950 2165/2430/1950 2180/2457/1950
f 2172/2433/1927 2173/2425/1926 2188/2461/1951
f 2164/2436/1953 2163/2435/1953 2178/2451/1953
f 2166/2431/1954 2181/2463/1954 2182/2466/1954
f 2171/2440/1931 2172/2433/1930 2187/2464/1955
f 2174/2453/2108 2190/2480/2108 2191/2467/2108
f 2181/2463/1964 2180/2457/1964 2196/2472/1964
f 2187/2464/1952 2188/2461/1951 2204/2469/1965
f 2179/2465/1967 2178/2451/1967 2194/2475/1967
f 2181/2463/1968 2197/2473/1968 2198/2477/1968
f 2186/2456/1956 2187/2464/1955 2203/2474/1969
f 2183/2450/1939 2182/2466/1939 2198/2477/1971
f 2177/2454/1973 2193/2481/1973 2194/2475/1973
f 2174/2453/1974 2184/2452/1974 2200/2479/1974
f 2176/2459/1975 2192/2483/1975 2193/2481/1975
f 2184/2452/1976 2185/2455/1976 2201/2482/1976
f 2185/2455/1977 2186/2456/1977 2202/2478/1977
f 2179/2465/1978 2195/2476/1978 2196/2472/1978
f 2176/2459/1979 2175/2458/1979 2191/2467/1979
f 2193/2481/1980 2208/2487/1980 2209/2484/1980
f 2190/2480/1981 2200/2479/1981 2215/2485/1981
f 2192/2483/1982 2207/2492/1982 2208/2487/1982
f 2200/2479/1983 2201/2482/1983 2216/2488/1983
f 2201/2482/1984 2202/2478/1984 2217/2489/1984
f 2195/2476/1985 2210/2499/1985 2211/2490/1985
f 2192/2483/1986 2191/2467/1986 2206/2491/1986
f 2190/2480/2109 2205/2486/2109 2206/2491/2109
f 2197/2473/1990 2196/2472/1990 2211/2490/1990
f 2203/2474/1966 2204/2469/1965 2219/2494/1991
f 2195/2476/1993 2194/2475/1993 2209/2484/1993
f 2197/2473/1994 2212/2497/1994 2213/2500/1994
f 2202/2478/1970 2203/2474/1969 2218/2498/1995
f 2199/2471/1972 2198/2477/1971 2213/2500/1996
f 2212/2497/1999 2211/2490/1999 2226/2503/1999
f 2218/2498/1992 2219/2494/1991 2234/2505/2000
f 2210/2499/2002 2209/2484/2002 2224/2507/2002
f 2212/2497/2004 2227/2504/2004 2228/2509/2004
f 2217/2489/2005 2218/2498/2005 2233/2506/2005
f 2214/2496/1997 2213/2500/1996 2228/2509/2006
f 2208/2487/2008 2223/2513/2008 2224/2507/2008
f 2205/2486/2009 2215/2485/2009 2230/2511/2009
f 2207/2492/2010 2222/2516/2010 2223/2513/2010
f 2215/2485/2011 2216/2488/2011 2231/2514/2011
f 2216/2488/2012 2217/2489/2012 2232/2510/2012
f 2210/2499/2013 2225/2508/2013 2226/2503/2013
f 2207/2492/2014 2206/2491/2014 2221/2515/2014
f 2205/2486/2110 2220/2512/2110 2221/2515/2110
f 2220/2512/2017 2230/2511/2017 2245/2518/2017
f 2222/2516/2018 2237/2525/2111 2238/2520/2018
f 2230/2511/2019 2231/2514/2019 2246/2521/2019
f 2231/2514/2020 2232/2510/2020 2247/2522/2020
f 2225/2508/2021 2240/2533/2021 2241/2523/2021
f 2222/2516/2022 2221/2515/2022 2236/2524/2022
f 2220/2512/2112 2235/2519/2112 2236/2524/2112
f 2227/2504/2026 2226/2503/2026 2241/2523/2026
f 2233/2506/2001 2234/2505/2000 2249/2527/2027
f 2225/2508/2029 2224/2507/2029 2239/2532/2029
f 2227/2504/2030 2242/2530/2030 2243/2534/2030
f 2232/2510/2031 2233/2506/2031 2248/2531/2031
f 2229/2502/2007 2228/2509/2006 2243/2534/2032
f 2223/2513/2033 2238/2520/2033 2239/2532/2033
f 2248/2531/2028 2249/2527/2027 2264/2535/2034
f 2240/2533/2036 2239/2532/2036 2254/2537/2036
f 2242/2530/2037 2257/2551/2037 2258/2539/2037
f 2247/2522/2038 2248/2531/2038 2263/2536/2038
f 2243/2534/2032 2258/2539/2064 2259/2541/2039
f 2238/2520/2040 2253/2544/2040 2254/2537/2040
f 2235/2519/2041 2245/2518/2041 2260/2542/2041
f 2237/2525/2042 2252/2548/2042 2253/2544/2042
f 2245/2518/2043 2246/2521/2043 2261/2545/2043
f 2246/2521/2044 2247/2522/2044 2262/2540/2044
f 2240/2533/2045 2255/2538/2045 2256/2546/2045
f 2237/2525/2046 2236/2524/2046 2251/2547/2046
f 2235/2519/2113 2250/2543/2113 2251/2547/2113
f 2242/2530/2051 2241/2523/2051 2256/2546/2051
f 2260/2542/2052 2261/2545/2052 1894/2116/2052
f 2261/2545/2053 2262/2540/2053 1895/2134/2053
f 2255/2538/2054 2265/2094/2054 2266/2122/2054
f 2252/2548/2055 2251/2547/2055 1891/2143/2055
f 2250/2543/2056 1892/2097/2114 1891/2143/2057
f 2256/2546/2060 2266/2122/2060 1887/2123/2060
f 2263/2536/2035 2264/2535/2034 1897/2084/1503
f 2255/2538/2061 2254/2537/2115 1888/2092/2061
f 2257/2551/2062 1887/2123/2062 2267/2118/2062
f 2262/2540/2063 2263/2536/2063 1896/2086/2063
f 2258/2539/2064 2267/2118/1530 2268/2119/1531
f 2253/2544/2065 1889/2136/2065 1888/2092/2065
f 2250/2543/2066 2260/2542/2066 1893/2095/2066
f 2252/2548/2067 1890/2135/2067 1889/2136/2067
o 立方体.003
v 25.654755 4.291501 43.394638
v 25.654755 3.899453 43.765190
v 25.654755 9.746637 49.166229
v 25.654755 9.354589 49.536781
v 32.617432 4.291501 43.394638
v 32.617432 3.899453 43.765190
v 32.617432 9.746637 49.166229
v 32.617432 9.354589 49.536781
v 24.562799 7.019070 46.280434
v 24.562799 6.627021 46.650986
v 33.709385 7.019070 46.280434
v 33.709385 6.627021 46.650986
v 24.562799 5.448367 44.618614
v 33.709385 5.056318 44.989166
v 24.562799 5.056318 44.989166
v 33.709385 5.448367 44.618614
v 24.562799 8.197723 48.312805
v 33.709385 8.589772 47.942253
v 24.562799 8.589772 47.942253
v 33.709385 8.197723 48.312805
v 24.607199 4.663015 43.787704
v 33.664989 4.270967 44.158257
v 24.607199 4.270967 44.158257
v 33.664989 4.663015 43.787704
v 24.562799 5.841670 45.820076
v 33.709385 6.233718 45.449524
v 24.562799 6.233718 45.449524
v 33.709385 5.841670 45.820076
v 24.562799 5.841043 45.034069
v 33.709385 5.448994 45.404621
v 24.562799 5.448994 45.404621
v 33.709385 5.841043 45.034069
v 24.607199 4.659716 44.569557
v 33.664989 5.051764 44.199005
v 24.607199 5.051764 44.199005
v 33.664989 4.659716 44.569557
v 24.562799 7.804420 47.111343
v 33.709385 7.412372 47.481895
v 24.562799 7.412372 47.481895
v 33.709385 7.804420 47.111343
v 24.607199 8.983074 49.143715
v 33.664989 9.375123 48.773163
v 24.607199 9.375123 48.773163
v 33.664989 8.983074 49.143715
v 24.562799 7.805048 47.897350
v 33.709385 8.197096 47.526798
v 24.562799 8.197096 47.526798
v 33.709385 7.805048 47.897350
v 24.607199 8.982448 48.357708
v 33.664989 8.590399 48.728260
v 24.607199 8.590399 48.728260
v 33.664989 8.982448 48.357708
v 33.709385 4.655657 46.154457
v 33.709385 4.262981 45.739002
v 24.562799 3.866379 45.319393
v 24.562799 4.262981 45.739002
v 24.562799 7.011711 48.647190
v 24.562799 7.404387 49.062645
v 33.709385 7.797062 49.478100
v 33.709385 7.404387 49.062645
v 24.562799 4.655657 46.154457
v 33.709385 3.866379 45.319393
v 33.709385 7.011711 48.647190
v 24.562799 7.797062 49.478100
v 29.136093 10.160475 49.604073
v 29.136093 9.768426 49.974625
v 29.136093 3.877665 42.956795
v 29.136093 3.485616 43.327347
v 29.136093 6.627021 46.650986
v 29.136093 7.019070 46.280434
v 29.136093 5.448367 44.618614
v 29.136093 8.589772 47.942253
v 29.136093 4.270967 44.158257
v 29.136093 4.663015 43.787704
v 29.136093 6.233718 45.449524
v 29.136093 5.841670 45.820076
v 29.136093 5.841043 45.034069
v 29.136093 5.448994 45.404621
v 29.136093 5.051764 44.199005
v 29.136093 4.659716 44.569557
v 29.136093 7.804420 47.111343
v 29.136093 7.412372 47.481895
v 29.136093 8.983074 49.143715
v 29.136093 9.375123 48.773163
v 29.136093 7.805048 47.897350
v 29.136093 8.197096 47.526798
v 29.136093 8.590399 48.728260
v 29.136093 8.982448 48.357708
v 29.136093 4.262981 45.739002
v 29.136093 7.404387 49.062645
v 29.136093 4.655657 46.154457
v 29.136093 3.866379 45.319393
v 29.136093 7.011711 48.647190
v 29.136093 7.797062 49.478100
v 26.849447 10.160475 49.604073
v 26.849447 3.485616 43.327347
v 26.849447 7.019070 46.280434
v 26.849447 5.448367 44.618614
v 26.849447 8.589772 47.942253
v 26.849447 4.663015 43.787704
v 26.849447 6.233718 45.449524
v 26.849447 5.841043 45.034069
v 26.849447 5.051764 44.199005
v 26.849447 7.804420 47.111343
v 26.849447 9.375123 48.773163
v 26.849447 8.197096 47.526798
v 26.849447 8.982448 48.357708
v 26.849447 9.768426 49.974625
v 26.849447 3.877665 42.956795
v 26.849447 6.627021 46.650986
v 26.849447 4.270967 44.158257
v 26.849447 5.841670 45.820076
v 26.849447 5.448994 45.404621
v 26.849447 4.659716 44.569557
v 26.849447 7.412372 47.481895
v 26.849447 8.983074 49.143715
v 26.849447 7.805048 47.897350
v 26.849447 8.590399 48.728260
v 26.849447 4.262981 45.739002
v 26.849447 7.404387 49.062645
v 26.849447 4.655657 46.154457
v 26.849447 3.866379 45.319393
v 26.849447 7.011711 48.647190
v 26.849447 7.797062 49.478100
v 31.422739 9.768426 49.974625
v 31.422739 3.877665 42.956795
v 31.422739 6.627021 46.650986
v 31.422739 4.270967 44.158257
v 31.422739 5.841670 45.820076
v 31.422739 5.448994 45.404621
v 31.422739 4.659716 44.569557
v 31.422739 7.412372 47.481895
v 31.422739 8.983074 49.143715
v 31.422739 7.805048 47.897350
v 31.422739 8.590399 48.728260
v 31.422739 4.262981 45.739002
v 31.422739 7.404387 49.062645
v 31.422739 4.655657 46.154457
v 31.422739 3.866379 45.319393
v 31.422739 7.011711 48.647190
v 31.422739 7.797062 49.478100
v 31.422739 10.160475 49.604073
v 31.422739 3.485616 43.327347
v 31.422739 7.019070 46.280434
v 31.422739 5.448367 44.618614
v 31.422739 8.589772 47.942253
v 31.422739 4.663015 43.787704
v 31.422739 6.233718 45.449524
v 31.422739 5.841043 45.034069
v 31.422739 5.051764 44.199005
v 31.422739 7.804420 47.111343
v 31.422739 9.375123 48.773163
v 31.422739 8.197096 47.526798
v 31.422739 8.982448 48.357708
v 25.706123 9.746637 49.166229
v 25.706123 3.899453 43.765190
v 25.706123 7.019070 46.280434
v 25.706123 5.448367 44.618614
v 25.706123 8.589772 47.942253
v 25.706123 4.663015 43.787704
v 25.706123 6.233718 45.449524
v 25.706123 5.841043 45.034069
v 25.706123 5.051764 44.199005
v 25.706123 7.804420 47.111343
v 25.706123 9.375123 48.773163
v 25.706123 8.197096 47.526798
v 25.706123 8.982448 48.357708
v 25.706123 9.354589 49.536781
v 25.706123 4.291501 43.394638
v 25.706123 6.627021 46.650986
v 25.706123 4.270967 44.158257
v 25.706123 5.841670 45.820076
v 25.706123 5.448994 45.404621
v 25.706123 4.659716 44.569557
v 25.706123 7.412372 47.481895
v 25.706123 8.983074 49.143715
v 25.706123 7.805048 47.897350
v 25.706123 8.590399 48.728260
v 25.706123 4.262981 45.739002
v 25.706123 7.404387 49.062645
v 25.706123 4.655657 46.154457
v 25.706123 3.866379 45.319393
v 25.706123 7.011711 48.647190
v 25.706123 7.797062 49.478100
v 27.992769 9.768426 49.974625
v 27.992769 3.877665 42.956795
v 27.992769 6.627021 46.650986
v 27.992769 4.270967 44.158257
v 27.992769 5.841670 45.820076
v 27.992769 5.448994 45.404621
v 27.992769 4.659716 44.569557
v 27.992769 7.412372 47.481895
v 27.992769 8.983074 49.143715
v 27.992769 7.805048 47.897350
v 27.992769 8.590399 48.728260
v 27.992769 4.262981 45.739002
v 27.992769 7.404387 49.062645
v 27.992769 4.655657 46.154457
v 27.992769 3.866379 45.319393
v 27.992769 7.011711 48.647190
v 27.992769 7.797062 49.478100
v 27.992769 10.160475 49.604073
v 27.992769 3.485616 43.327347
v 27.992769 7.019070 46.280434
v 27.992769 5.448367 44.618614
v 27.992769 8.589772 47.942253
v 27.992769 4.663015 43.787704
v 27.992769 6.233718 45.449524
v 27.992769 5.841043 45.034069
v 27.992769 5.051764 44.199005
v 27.992769 7.804420 47.111343
v 27.992769 9.375123 48.773163
v 27.992769 8.197096 47.526798
v 27.992769 8.982448 48.357708
v 30.279417 10.160475 49.604073
v 30.279417 3.485616 43.327347
v 30.279417 7.019070 46.280434
v 30.279417 5.448367 44.618614
v 30.279417 8.589772 47.942253
v 30.279417 4.663015 43.787704
v 30.279417 6.233718 45.449524
v 30.279417 5.841043 45.034069
v 30.279417 5.051764 44.199005
v 30.279417 7.804420 47.111343
v 30.279417 9.375123 48.773163
v 30.279417 8.197096 47.526798
v 30.279417 8.982448 48.357708
v 30.279417 9.768426 49.974625
v 30.279417 3.877665 42.956795
v 30.279417 6.627021 46.650986
v 30.279417 4.270967 44.158257
v 30.279417 5.841670 45.820076
v 30.279417 5.448994 45.404621
v 30.279417 4.659716 44.569557
v 30.279417 7.412372 47.481895
v 30.279417 8.983074 49.143715
v 30.279417 7.805048 47.897350
v 30.279417 8.590399 48.728260
v 30.279417 4.262981 45.739002
v 30.279417 7.404387 49.062645
v 30.279417 4.655657 46.154457
v 30.279417 3.866379 45.319393
v 30.279417 7.011711 48.647190
v 30.279417 7.797062 49.478100
v 32.566063 9.354589 49.536781
v 32.566063 4.291501 43.394638
v 32.566063 6.627021 46.650986
v 32.566063 4.270967 44.158257
v 32.566063 5.841670 45.820076
v 32.566063 5.448994 45.404621
v 32.566063 4.659716 44.569557
v 32.566063 7.412372 47.481895
v 32.566063 8.983074 49.143715
v 32.566063 7.805048 47.897350
v 32.566063 8.590399 48.728260
v 32.566063 4.262981 45.739002
v 32.566063 7.404387 49.062645
v 32.566063 4.655657 46.154457
v 32.566063 3.866379 45.319393
v 32.566063 7.011711 48.647190
v 32.566063 7.797062 49.478100
v 32.566063 9.746637 49.166229
v 32.566063 3.899453 43.765190
v 32.566063 7.019070 46.280434
v 32.566063 5.448367 44.618614
v 32.566063 8.589772 47.942253
v 32.566063 4.663015 43.787704
v 32.566063 6.233718 45.449524
v 32.566063 5.841043 45.034069
v 32.566063 5.051764 44.199005
v 32.566063 7.804420 47.111343
v 32.566063 9.375123 48.773163
v 32.566063 8.197096 47.526798
v 32.566063 8.982448 48.357708
vn -0.4588 0.6104 0.6458
vn -0.0000 0.6869 0.7267
vn 0.4588 -0.6104 -0.6458
vn -0.0000 -0.6869 -0.7267
vn -0.0000 0.7267 -0.6869
vn -0.0000 -0.7267 0.6869
vn 1.0000 -0.0000 -0.0000
vn -1.0000 -0.0000 -0.0000
vn -0.9971 -0.0527 -0.0557
vn 0.9970 0.0532 0.0563
vn 0.9962 -0.0232 -0.0835
vn -0.4588 -0.6104 -0.6458
vn 0.9971 -0.0527 -0.0557
vn 0.4588 0.6104 0.6458
vn -0.9970 0.0532 0.0563
vn -0.9962 0.0826 0.0284
vn -0.4662 0.6077 0.6429
vn 0.4662 -0.6077 -0.6429
vn -0.4662 -0.6077 -0.6429
vn 0.4662 0.6077 0.6429
vn -0.9962 -0.0232 -0.0835
vn 0.9962 0.0826 0.0284
vt 0.500000 0.221754
vt 0.252670 0.252670
vt 0.252670 0.221754
vt 0.500000 0.469084
vt 0.252670 0.500000
vt 0.252670 0.469084
vt 0.500000 0.716414
vt 0.252670 0.747330
vt 0.252670 0.716414
vt 0.500000 0.963744
vt 0.252670 0.994660
vt 0.252670 0.963744
vt 0.221754 0.716414
vt 0.221754 0.747330
vt 0.716414 0.716414
vt 0.747330 0.747330
vt 0.716414 0.747330
vt 0.747330 0.592749
vt 0.716414 0.623665
vt 0.716414 0.592749
vt 0.252670 0.592749
vt 0.221754 0.623665
vt 0.221754 0.592749
vt 0.500000 0.592749
vt 0.252670 0.623665
vt 0.500000 0.098089
vt 0.252670 0.129005
vt 0.252670 0.098089
vt 0.500000 0.051560
vt 0.252670 0.067173
vt 0.252670 0.051560
vt 0.500000 0.561833
vt 0.500000 0.577291
vt 0.252670 0.670039
vt 0.221754 0.685497
vt 0.221754 0.670039
vt 0.500000 0.670039
vt 0.252670 0.685498
vt 0.500000 0.546374
vt 0.252670 0.561833
vt 0.252670 0.546374
vt 0.221754 0.561833
vt 0.221754 0.546374
vt 0.500000 0.685498
vt 0.500000 0.701110
vt 0.500000 0.175379
vt 0.252670 0.190838
vt 0.252670 0.175379
vt 0.500000 0.005340
vt 0.252670 0.036256
vt 0.252670 0.005340
vt 0.747330 0.701110
vt 0.716414 0.701110
vt 0.252670 0.701110
vt 0.221754 0.701110
vt 0.500000 0.623665
vt 0.252670 0.654581
vt 0.221754 0.654581
vt 0.747330 0.623665
vt 0.716414 0.654581
vt 0.500000 0.082631
vt 0.252670 0.082631
vt 0.500000 0.067172
vt 0.500000 0.654581
vt 0.747330 0.654581
vt 0.716414 0.670039
vt 0.747330 0.546374
vt 0.716414 0.546374
vt 0.500000 0.036256
vt 0.500000 0.129005
vt 0.252670 0.159921
vt 0.252670 0.577291
vt 0.221754 0.577291
vt 0.747330 0.577291
vt 0.716414 0.577291
vt 0.747330 0.500000
vt 0.716414 0.530916
vt 0.716414 0.500000
vt 0.221754 0.530916
vt 0.221754 0.500000
vt 0.500000 0.500000
vt 0.252670 0.530916
vt 0.500000 0.206296
vt 0.252670 0.206296
vt 0.500000 0.067173
vt 0.500000 0.159921
vt 0.500000 0.190838
vt 0.747330 0.530916
vt 0.500000 0.530916
vt 0.747330 0.670039
vt 0.716414 0.685498
vt 0.716414 0.561833
vt 0.747330 0.685498
vt 0.747330 0.561832
vt 0.530916 0.577291
vt 0.500000 0.561832
vt 0.530916 0.701110
vt 0.623665 0.701110
vt 0.654581 0.701110
vt 0.623665 0.670039
vt 0.592749 0.670039
vt 0.623665 0.577291
vt 0.654581 0.577291
vt 0.623665 0.561833
vt 0.592749 0.577291
vt 0.592749 0.561833
vt 0.623665 0.685498
vt 0.592749 0.701110
vt 0.592749 0.685498
vt 0.623665 0.546374
vt 0.592749 0.546374
vt 0.129005 0.530916
vt 0.098089 0.546374
vt 0.098089 0.530916
vt 0.623665 0.530916
vt 0.592749 0.530916
vt 0.129005 0.561833
vt 0.098089 0.577291
vt 0.098089 0.561833
vt 0.129005 0.500000
vt 0.098089 0.500000
vt 0.623665 0.500000
vt 0.592749 0.500000
vt 0.592749 0.592749
vt 0.129005 0.577291
vt 0.098089 0.592749
vt 0.129005 0.685498
vt 0.098089 0.701110
vt 0.098089 0.685498
vt 0.623665 0.654581
vt 0.592749 0.654581
vt 0.129005 0.654581
vt 0.098089 0.670039
vt 0.098089 0.654581
vt 0.623665 0.623665
vt 0.592749 0.623665
vt 0.129005 0.623665
vt 0.098089 0.623665
vt 0.129005 0.701110
vt 0.098089 0.716414
vt 0.592749 0.716414
vt 0.129005 0.546374
vt 0.129005 0.670039
vt 0.129005 0.592749
vt 0.623665 0.592749
vt 0.623665 0.716414
vt 0.592749 0.747330
vt 0.129005 0.716414
vt 0.098089 0.747330
vt 0.500000 0.840079
vt 0.252670 0.870995
vt 0.252670 0.840079
vt 0.500000 0.345419
vt 0.252670 0.376335
vt 0.252670 0.345419
vt 0.500000 0.283586
vt 0.252670 0.314503
vt 0.252670 0.283586
vt 0.067172 0.716414
vt 0.036256 0.747330
vt 0.036256 0.716414
vt 0.067172 0.592749
vt 0.036256 0.623665
vt 0.036256 0.592749
vt 0.067172 0.670039
vt 0.036256 0.685498
vt 0.036256 0.670039
vt 0.067172 0.546374
vt 0.036256 0.561833
vt 0.036256 0.546374
vt 0.067172 0.701110
vt 0.036256 0.701110
vt 0.067172 0.623665
vt 0.036256 0.654581
vt 0.067172 0.654581
vt 0.067172 0.685498
vt 0.067172 0.577291
vt 0.036256 0.577291
vt 0.036256 0.500000
vt 0.067172 0.530916
vt 0.036256 0.530916
vt 0.067172 0.561833
vt 0.685498 0.577291
vt 0.685498 0.701110
vt 0.685498 0.670039
vt 0.654581 0.670039
vt 0.685498 0.561833
vt 0.654581 0.561833
vt 0.685498 0.685498
vt 0.654581 0.685498
vt 0.685498 0.546374
vt 0.654581 0.546374
vt 0.685498 0.530916
vt 0.654581 0.530916
vt 0.685498 0.500000
vt 0.654581 0.500000
vt 0.654581 0.592749
vt 0.685498 0.654581
vt 0.654581 0.654581
vt 0.685498 0.623665
vt 0.654581 0.623665
vt 0.654581 0.716414
vt 0.685498 0.592749
vt 0.685498 0.716414
vt 0.654581 0.747330
vt 0.500000 0.901911
vt 0.252670 0.932828
vt 0.252670 0.901911
vt 0.500000 0.778246
vt 0.252670 0.809163
vt 0.252670 0.778246
vt 0.561832 0.716414
vt 0.530916 0.747330
vt 0.530916 0.716414
vt 0.561832 0.592749
vt 0.530916 0.623665
vt 0.530916 0.592749
vt 0.561832 0.701110
vt 0.561832 0.623665
vt 0.530916 0.654581
vt 0.561832 0.654581
vt 0.530916 0.670039
vt 0.561832 0.546374
vt 0.530916 0.546374
vt 0.561832 0.577291
vt 0.530916 0.500000
vt 0.561832 0.530916
vt 0.530916 0.530916
vt 0.561832 0.670039
vt 0.530916 0.685498
vt 0.530916 0.561833
vt 0.561832 0.685498
vt 0.561832 0.561833
vt 0.190838 0.530916
vt 0.159921 0.546374
vt 0.159921 0.530916
vt 0.190838 0.561833
vt 0.159921 0.577291
vt 0.159921 0.561833
vt 0.190838 0.500000
vt 0.159921 0.500000
vt 0.190838 0.577291
vt 0.159921 0.592749
vt 0.190838 0.685498
vt 0.159921 0.701110
vt 0.159921 0.685498
vt 0.190838 0.654581
vt 0.159921 0.670039
vt 0.159921 0.654581
vt 0.190838 0.623665
vt 0.159921 0.623665
vt 0.190838 0.701110
vt 0.159921 0.716414
vt 0.190838 0.546374
vt 0.190838 0.670039
vt 0.190838 0.592749
vt 0.190838 0.716414
vt 0.159921 0.747330
vt 0.500000 0.407251
vt 0.252670 0.438168
vt 0.252670 0.407251
vt 0.005340 0.546374
vt 0.005340 0.530916
vt 0.005340 0.577291
vt 0.005340 0.561832
vt 0.005340 0.500000
vt 0.005340 0.592749
vt 0.005340 0.701110
vt 0.005340 0.685498
vt 0.005340 0.670039
vt 0.005340 0.654581
vt 0.005340 0.623665
vt 0.005340 0.716414
vt 0.005340 0.747330
vt 0.500000 0.252670
vt 0.685498 0.747330
vt 0.500000 0.932828
vt 0.500000 0.870995
vt 0.623665 0.747330
vt 0.500000 0.314503
vt 0.067172 0.747330
vt 0.067172 0.500000
vt 0.500000 0.376335
vt 0.129005 0.747330
vt 0.500000 0.809163
vt 0.561832 0.747330
vt 0.561832 0.500000
vt 0.500000 0.747330
vt 0.190838 0.747330
vt 0.500000 0.438168
vt 0.500000 0.994660
vt 0.747330 0.716414
s 1
usemtl マテリアル.003
f 2309/2554/2116 2271/2555/2116 2311/2556/2116
f 2513/2557/2117 2275/2558/2117 2530/2559/2117
f 2290/2560/2118 2273/2561/2118 2292/2562/2118
f 2424/2563/2119 2269/2564/2119 2437/2565/2119
f 2535/2566/2120 2273/2561/2120 2514/2567/2120
f 2439/2568/2121 2270/2569/2121 2424/2570/2121
f 2307/2571/2121 2438/2572/2121 2443/2573/2121
f 2308/2574/2120 2532/2575/2120 2539/2576/2120
f 2306/2577/2122 2279/2578/2122 2308/2574/2122
f 2293/2579/2123 2277/2580/2123 2295/2581/2123
f 2301/2582/2124 2281/2583/2124 2303/2584/2124
f 2288/2585/2122 2331/2586/2122 2316/2586/2122
f 2300/2587/2120 2533/2588/2120 2537/2589/2120
f 2298/2590/2122 2284/2591/2122 2300/2587/2122
f 2318/2592/2125 2286/2593/2125 2320/2594/2125
f 2320/2594/2120 2534/2595/2120 2542/2596/2120
f 2282/2597/2126 2330/2598/2126 2304/2598/2126
f 2313/2599/2123 2287/2600/2123 2315/2601/2123
f 2270/2602/2127 2289/2603/2127 2269/2604/2127
f 2301/2605/2121 2439/2568/2121 2442/2606/2121
f 2302/2607/2120 2535/2566/2120 2538/2608/2120
f 2304/2598/2122 2292/2562/2122 2302/2607/2122
f 2280/2609/2122 2294/2610/2122 2279/2578/2122
f 2279/2578/2120 2536/2611/2120 2532/2575/2120
f 2278/2612/2121 2440/2613/2121 2438/2572/2121
f 2299/2614/2123 2295/2581/2123 2297/2615/2123
f 2283/2616/2123 2297/2615/2123 2281/2583/2123
f 2296/2617/2122 2300/2587/2122 2294/2610/2122
f 2294/2610/2120 2537/2589/2120 2536/2611/2120
f 2293/2618/2121 2441/2619/2121 2440/2613/2121
f 2282/2597/2128 2302/2607/2128 2284/2591/2128
f 2533/2588/2120 2302/2607/2120 2538/2608/2120
f 2319/2620/2117 2452/2621/2117 2446/2621/2117
f 2291/2622/2123 2303/2584/2123 2289/2603/2123
f 2278/2623/2123 2305/2624/2123 2277/2580/2123
f 2316/2586/2122 2308/2574/2122 2314/2625/2122
f 2314/2625/2120 2539/2576/2120 2541/2626/2120
f 2313/2627/2121 2443/2573/2121 2445/2628/2121
f 2272/2629/2121 2444/2630/2121 2436/2631/2121
f 2275/2558/2120 2540/2632/2120 2530/2633/2120
f 2276/2634/2129 2310/2635/2129 2275/2558/2129
f 2319/2636/2123 2311/2556/2123 2317/2637/2123
f 2283/2616/2123 2323/2582/2123 2324/2638/2123
f 2286/2593/2120 2541/2626/2120 2534/2595/2120
f 2288/2585/2122 2314/2625/2122 2286/2593/2122
f 2307/2639/2123 2315/2601/2123 2305/2624/2123
f 2285/2640/2130 2317/2637/2130 2287/2600/2130
f 2309/2641/2121 2446/2621/2121 2444/2630/2121
f 2310/2635/2120 2542/2596/2120 2540/2632/2120
f 2312/2642/2122 2320/2594/2122 2310/2635/2122
f 2329/2643/2121 2447/2644/2121 2449/2619/2121
f 2332/2620/2121 2448/2645/2121 2452/2621/2121
f 2324/2646/2121 2450/2606/2121 2447/2644/2121
f 2326/2647/2121 2451/2628/2121 2448/2645/2121
f 2285/2640/2131 2332/2636/2131 2319/2636/2131
f 2316/2586/2119 2528/2648/2119 2522/2648/2119
f 2283/2616/2123 2329/2614/2123 2299/2614/2123
f 2288/2585/2122 2327/2592/2122 2328/2649/2122
f 2298/2590/2122 2322/2597/2122 2282/2597/2122
f 2313/2599/2123 2326/2640/2123 2285/2640/2123
f 2299/2643/2117 2449/2619/2117 2441/2619/2117
f 2304/2598/2119 2527/2650/2119 2519/2650/2119
f 2348/2651/2119 2467/2652/2119 2459/2652/2119
f 2346/2653/2117 2509/2654/2117 2501/2654/2117
f 2353/2655/2119 2468/2656/2119 2462/2656/2119
f 2358/2657/2121 2511/2658/2121 2508/2659/2121
f 2357/2660/2121 2510/2661/2121 2507/2662/2121
f 2362/2663/2121 2508/2659/2121 2512/2664/2121
f 2359/2653/2121 2507/2662/2121 2509/2654/2121
f 2352/2665/2120 2482/2666/2120 2480/2667/2120
f 2351/2668/2121 2506/2664/2121 2504/2669/2121
f 2340/2670/2120 2481/2671/2120 2474/2672/2120
f 2333/2673/2120 2480/2667/2120 2470/2674/2120
f 2334/2675/2121 2504/2669/2121 2496/2676/2121
f 2353/2655/2121 2503/2677/2121 2505/2658/2121
f 2354/2678/2120 2479/2679/2120 2481/2671/2120
f 2355/2663/2117 2512/2664/2117 2506/2664/2117
f 2339/2680/2120 2478/2681/2120 2473/2682/2120
f 2344/2683/2121 2501/2654/2121 2500/2684/2121
f 2343/2685/2120 2477/2686/2120 2476/2687/2120
f 2337/2688/2121 2500/2684/2121 2498/2689/2121
f 2338/2690/2120 2476/2687/2120 2472/2691/2120
f 2347/2692/2120 2475/2693/2120 2478/2681/2120
f 2348/2651/2121 2499/2694/2121 2502/2661/2121
f 2356/2695/2120 2474/2672/2120 2482/2666/2120
f 2345/2696/2120 2473/2682/2120 2477/2686/2120
f 2349/2697/2120 2472/2691/2120 2479/2679/2120
f 2350/2698/2121 2498/2689/2121 2503/2677/2121
f 2341/2699/2121 2484/2700/2121 2499/2694/2121
f 2342/2701/2120 2454/2702/2120 2475/2693/2120
f 2484/2703/2119 2335/2704/2119 2497/2705/2119
f 2453/2706/2117 2333/2707/2117 2470/2708/2117
f 2436/2709/2132 2363/2710/2132 2423/2711/2132
f 2368/2712/2120 2437/2713/2120 2428/2714/2120
f 2372/2715/2120 2425/2716/2120 2432/2717/2120
f 2370/2718/2120 2426/2719/2120 2430/2720/2120
f 2375/2721/2120 2427/2722/2120 2435/2723/2120
f 2371/2724/2120 2428/2714/2120 2431/2725/2120
f 2365/2726/2120 2429/2727/2120 2425/2716/2120
f 2369/2728/2120 2430/2720/2120 2429/2727/2120
f 2366/2729/2120 2431/2725/2120 2426/2719/2120
f 2374/2730/2120 2432/2717/2120 2434/2731/2120
f 2423/2732/2120 2373/2733/2120 2433/2734/2120
f 2367/2735/2120 2434/2731/2120 2427/2722/2120
f 2373/2733/2120 2435/2723/2120 2433/2734/2120
f 2385/2736/2119 2451/2628/2119 2445/2628/2119
f 2382/2737/2119 2450/2606/2119 2442/2606/2119
f 2381/2738/2117 2466/2739/2117 2458/2739/2117
f 2388/2740/2121 2468/2656/2121 2465/2741/2121
f 2387/2742/2121 2467/2652/2121 2464/2743/2121
f 2392/2744/2121 2465/2741/2121 2469/2745/2121
f 2389/2738/2121 2464/2743/2121 2466/2739/2121
f 2384/2746/2121 2463/2745/2121 2461/2747/2121
f 2376/2748/2121 2461/2747/2121 2453/2749/2121
f 2385/2736/2121 2460/2750/2121 2462/2656/2121
f 2386/2744/2117 2469/2745/2117 2463/2745/2117
f 2380/2751/2121 2458/2739/2121 2457/2752/2121
f 2378/2753/2121 2457/2752/2121 2455/2754/2121
f 2382/2737/2121 2456/2755/2121 2459/2652/2121
f 2383/2756/2121 2455/2754/2121 2460/2750/2121
f 2379/2757/2121 2471/2758/2121 2456/2755/2121
f 2471/2759/2119 2377/2760/2119 2454/2761/2119
f 2531/2762/2133 2394/2763/2133 2514/2764/2133
f 2396/2765/2121 2531/2766/2121 2516/2767/2121
f 2400/2768/2121 2515/2769/2121 2520/2770/2121
f 2399/2771/2121 2516/2767/2121 2519/2650/2121
f 2395/2772/2121 2517/2773/2121 2515/2769/2121
f 2397/2774/2121 2518/2775/2121 2517/2773/2121
f 2403/2776/2117 2529/2777/2117 2523/2777/2117
f 2402/2778/2121 2520/2770/2121 2522/2648/2121
f 2513/2779/2121 2401/2780/2121 2521/2781/2121
f 2401/2780/2121 2523/2777/2121 2521/2781/2121
f 2406/2782/2121 2524/2783/2121 2526/2775/2121
f 2409/2776/2121 2525/2784/2121 2529/2777/2121
f 2404/2785/2121 2527/2650/2121 2524/2783/2121
f 2405/2786/2121 2528/2648/2121 2525/2784/2121
f 2398/2782/2117 2526/2775/2117 2518/2775/2117
f 2399/2771/2119 2510/2661/2119 2502/2661/2119
f 2402/2778/2119 2511/2658/2119 2505/2658/2119
f 2420/2787/2120 2495/2788/2120 2493/2789/2120
f 2414/2790/2120 2494/2791/2120 2487/2792/2120
f 2410/2793/2120 2493/2789/2120 2483/2794/2120
f 2421/2795/2120 2492/2796/2120 2494/2791/2120
f 2413/2797/2120 2491/2798/2120 2486/2799/2120
f 2416/2800/2120 2490/2801/2120 2489/2802/2120
f 2412/2803/2120 2489/2802/2120 2485/2804/2120
f 2418/2805/2120 2488/2806/2120 2491/2798/2120
f 2422/2807/2120 2487/2792/2120 2495/2788/2120
f 2417/2808/2120 2486/2799/2120 2490/2801/2120
f 2419/2809/2120 2485/2804/2120 2492/2796/2120
f 2415/2810/2120 2497/2811/2120 2488/2806/2120
f 2496/2812/2117 2410/2813/2117 2483/2814/2117
f 2301/2605/2119 2450/2606/2119 2323/2605/2119
f 2445/2628/2119 2325/2627/2119 2313/2627/2119
f 2433/2734/2120 2317/2815/2120 2311/2816/2120
f 2427/2722/2120 2315/2817/2120 2287/2818/2120
f 2271/2819/2120 2433/2734/2120 2311/2816/2120
f 2434/2731/2120 2305/2820/2120 2315/2817/2120
f 2426/2719/2120 2303/2821/2120 2281/2822/2120
f 2429/2727/2120 2297/2823/2120 2295/2824/2120
f 2425/2716/2120 2295/2824/2120 2277/2825/2120
f 2431/2725/2120 2289/2826/2120 2303/2821/2120
f 2317/2815/2120 2427/2722/2120 2287/2818/2120
f 2430/2720/2120 2281/2822/2120 2297/2823/2120
f 2432/2717/2120 2277/2825/2120 2305/2820/2120
f 2428/2714/2120 2269/2827/2120 2289/2826/2120
f 2272/2828/2117 2423/2711/2117 2271/2555/2117
f 2441/2619/2117 2389/2738/2117 2381/2738/2117
f 2448/2645/2121 2391/2736/2121 2388/2740/2121
f 2447/2644/2121 2390/2737/2121 2387/2742/2121
f 2452/2621/2121 2388/2740/2121 2392/2744/2121
f 2449/2619/2121 2387/2742/2121 2389/2738/2121
f 2444/2630/2121 2386/2744/2121 2384/2746/2121
f 2436/2631/2121 2384/2746/2121 2376/2748/2121
f 2445/2628/2121 2383/2756/2121 2385/2736/2121
f 2446/2621/2117 2392/2744/2117 2386/2744/2117
f 2440/2613/2121 2381/2738/2121 2380/2751/2121
f 2438/2572/2121 2380/2751/2121 2378/2753/2121
f 2442/2606/2121 2379/2757/2121 2382/2737/2121
f 2443/2573/2121 2378/2753/2121 2383/2756/2121
f 2379/2757/2121 2424/2570/2121 2364/2829/2121
f 2364/2830/2134 2437/2565/2134 2377/2760/2134
f 2336/2831/2119 2454/2761/2119 2335/2704/2119
f 2456/2755/2121 2336/2832/2121 2341/2699/2121
f 2460/2750/2121 2337/2688/2121 2350/2698/2121
f 2459/2652/2121 2341/2699/2121 2348/2651/2121
f 2455/2754/2121 2344/2683/2121 2337/2688/2121
f 2457/2752/2121 2346/2653/2121 2344/2683/2121
f 2463/2745/2117 2362/2663/2117 2355/2663/2117
f 2462/2656/2121 2350/2698/2121 2353/2655/2121
f 2453/2749/2121 2351/2668/2121 2334/2675/2121
f 2461/2747/2121 2355/2663/2121 2351/2668/2121
f 2466/2739/2121 2357/2660/2121 2359/2653/2121
f 2469/2745/2121 2358/2657/2121 2362/2663/2121
f 2464/2743/2121 2360/2651/2121 2357/2660/2121
f 2465/2741/2121 2361/2655/2121 2358/2657/2121
f 2458/2739/2117 2359/2653/2117 2346/2653/2117
f 2376/2833/2117 2470/2708/2117 2363/2710/2117
f 2475/2693/2120 2377/2834/2120 2368/2712/2120
f 2479/2679/2120 2365/2726/2120 2372/2715/2120
f 2477/2686/2120 2366/2729/2120 2370/2718/2120
f 2482/2666/2120 2367/2735/2120 2375/2721/2120
f 2478/2681/2120 2368/2712/2120 2371/2724/2120
f 2472/2691/2120 2369/2728/2120 2365/2726/2120
f 2476/2687/2120 2370/2718/2120 2369/2728/2120
f 2473/2682/2120 2371/2724/2120 2366/2729/2120
f 2481/2671/2120 2372/2715/2120 2374/2730/2120
f 2470/2674/2120 2373/2733/2120 2363/2835/2120
f 2474/2672/2120 2374/2730/2120 2367/2735/2120
f 2480/2667/2120 2375/2721/2120 2373/2733/2120
f 2462/2656/2119 2391/2736/2119 2385/2736/2119
f 2459/2652/2119 2390/2737/2119 2382/2737/2119
f 2334/2836/2117 2483/2814/2117 2333/2707/2117
f 2488/2806/2120 2335/2837/2120 2342/2701/2120
f 2492/2796/2120 2338/2690/2120 2349/2697/2120
f 2490/2801/2120 2339/2680/2120 2345/2696/2120
f 2495/2788/2120 2340/2670/2120 2356/2695/2120
f 2491/2798/2120 2342/2701/2120 2347/2692/2120
f 2485/2804/2120 2343/2685/2120 2338/2690/2120
f 2489/2802/2120 2345/2696/2120 2343/2685/2120
f 2486/2799/2120 2347/2692/2120 2339/2680/2120
f 2494/2791/2120 2349/2697/2120 2354/2678/2120
f 2483/2794/2120 2352/2665/2120 2333/2673/2120
f 2487/2792/2120 2354/2678/2120 2340/2670/2120
f 2493/2789/2120 2356/2695/2120 2352/2665/2120
f 2505/2658/2119 2361/2655/2119 2353/2655/2119
f 2502/2661/2119 2360/2651/2119 2348/2651/2119
f 2411/2838/2119 2497/2705/2119 2394/2763/2119
f 2499/2694/2121 2411/2839/2121 2396/2765/2121
f 2503/2677/2121 2395/2772/2121 2400/2768/2121
f 2502/2661/2121 2396/2765/2121 2399/2771/2121
f 2498/2689/2121 2397/2774/2121 2395/2772/2121
f 2500/2684/2121 2398/2782/2121 2397/2774/2121
f 2506/2664/2117 2409/2776/2117 2403/2776/2117
f 2505/2658/2121 2400/2768/2121 2402/2778/2121
f 2496/2676/2121 2401/2780/2121 2393/2840/2121
f 2504/2669/2121 2403/2776/2121 2401/2780/2121
f 2509/2654/2121 2404/2785/2121 2406/2782/2121
f 2512/2664/2121 2405/2786/2121 2409/2776/2121
f 2507/2662/2121 2407/2771/2121 2404/2785/2121
f 2508/2659/2121 2408/2778/2121 2405/2786/2121
f 2501/2654/2117 2406/2782/2117 2398/2782/2117
f 2518/2775/2117 2321/2590/2117 2298/2590/2117
f 2525/2784/2121 2331/2586/2121 2328/2649/2121
f 2524/2783/2121 2330/2598/2121 2322/2597/2121
f 2529/2777/2121 2328/2649/2121 2327/2592/2121
f 2526/2775/2121 2322/2597/2121 2321/2590/2121
f 2521/2781/2121 2318/2592/2121 2312/2642/2121
f 2276/2634/2121 2521/2781/2121 2312/2642/2121
f 2522/2648/2121 2306/2577/2121 2316/2586/2121
f 2318/2592/2117 2529/2777/2117 2327/2592/2117
f 2517/2773/2121 2298/2590/2121 2296/2617/2121
f 2515/2769/2121 2296/2617/2121 2280/2609/2121
f 2519/2650/2121 2290/2560/2121 2304/2598/2121
f 2520/2770/2121 2280/2609/2121 2306/2577/2121
f 2516/2767/2121 2274/2841/2121 2290/2560/2121
f 2274/2841/2119 2514/2764/2119 2273/2561/2119
f 2519/2650/2119 2407/2771/2119 2399/2771/2119
f 2522/2648/2119 2408/2778/2119 2402/2778/2119
f 2540/2632/2120 2422/2807/2120 2420/2787/2120
f 2534/2595/2120 2421/2795/2120 2414/2790/2120
f 2530/2633/2120 2420/2787/2120 2410/2793/2120
f 2541/2626/2120 2419/2809/2120 2421/2795/2120
f 2533/2588/2120 2418/2805/2120 2413/2797/2120
f 2536/2611/2120 2417/2808/2120 2416/2800/2120
f 2532/2575/2120 2416/2800/2120 2412/2803/2120
f 2538/2608/2120 2415/2810/2120 2418/2805/2120
f 2542/2596/2120 2414/2790/2120 2422/2807/2120
f 2537/2589/2120 2413/2797/2120 2417/2808/2120
f 2539/2576/2120 2412/2803/2120 2419/2809/2120
f 2415/2810/2120 2514/2567/2120 2394/2842/2120
f 2393/2843/2135 2530/2559/2135 2410/2813/2135
f 2309/2554/2116 2272/2828/2116 2271/2555/2116
f 2513/2557/2117 2276/2634/2117 2275/2558/2117
f 2290/2560/2118 2274/2841/2118 2273/2561/2118
f 2424/2563/2119 2270/2844/2119 2269/2564/2119
f 2535/2566/2120 2292/2562/2120 2273/2561/2120
f 2439/2568/2121 2291/2845/2121 2270/2569/2121
f 2307/2571/2121 2278/2612/2121 2438/2572/2121
f 2308/2574/2120 2279/2578/2120 2532/2575/2120
f 2306/2577/2122 2280/2609/2122 2279/2578/2122
f 2293/2579/2123 2278/2623/2123 2277/2580/2123
f 2301/2582/2124 2283/2616/2124 2281/2583/2124
f 2288/2585/2122 2328/2649/2122 2331/2586/2122
f 2300/2587/2120 2284/2591/2120 2533/2588/2120
f 2298/2590/2122 2282/2597/2122 2284/2591/2122
f 2318/2592/2125 2288/2585/2125 2286/2593/2125
f 2320/2594/2120 2286/2593/2120 2534/2595/2120
f 2282/2597/2122 2322/2597/2122 2330/2598/2122
f 2313/2599/2123 2285/2640/2123 2287/2600/2123
f 2270/2602/2127 2291/2622/2127 2289/2603/2127
f 2301/2605/2121 2291/2845/2121 2439/2568/2121
f 2302/2607/2120 2292/2562/2120 2535/2566/2120
f 2304/2598/2122 2290/2560/2122 2292/2562/2122
f 2280/2609/2122 2296/2617/2122 2294/2610/2122
f 2279/2578/2120 2294/2610/2120 2536/2611/2120
f 2278/2612/2121 2293/2618/2121 2440/2613/2121
f 2299/2614/2123 2293/2579/2123 2295/2581/2123
f 2283/2616/2123 2299/2614/2123 2297/2615/2123
f 2296/2617/2122 2298/2590/2122 2300/2587/2122
f 2294/2610/2120 2300/2587/2120 2537/2589/2120
f 2293/2618/2121 2299/2643/2121 2441/2619/2121
f 2282/2597/2128 2304/2598/2128 2302/2607/2128
f 2533/2588/2120 2284/2591/2120 2302/2607/2120
f 2319/2620/2117 2332/2620/2117 2452/2621/2117
f 2291/2622/2123 2301/2582/2123 2303/2584/2123
f 2278/2623/2123 2307/2639/2123 2305/2624/2123
f 2316/2586/2122 2306/2577/2122 2308/2574/2122
f 2314/2625/2120 2308/2574/2120 2539/2576/2120
f 2313/2627/2121 2307/2571/2121 2443/2573/2121
f 2272/2629/2121 2309/2641/2121 2444/2630/2121
f 2275/2558/2120 2310/2635/2120 2540/2632/2120
f 2276/2634/2129 2312/2642/2129 2310/2635/2129
f 2319/2636/2123 2309/2554/2123 2311/2556/2123
f 2283/2616/2136 2301/2582/2136 2323/2582/2136
f 2286/2593/2120 2314/2625/2120 2541/2626/2120
f 2288/2585/2122 2316/2586/2122 2314/2625/2122
f 2307/2639/2123 2313/2599/2123 2315/2601/2123
f 2285/2640/2130 2319/2636/2130 2317/2637/2130
f 2309/2641/2121 2319/2620/2121 2446/2621/2121
f 2310/2635/2120 2320/2594/2120 2542/2596/2120
f 2312/2642/2122 2318/2592/2122 2320/2594/2122
f 2329/2643/2121 2324/2646/2121 2447/2644/2121
f 2332/2620/2121 2326/2647/2121 2448/2645/2121
f 2324/2646/2121 2323/2605/2121 2450/2606/2121
f 2326/2647/2121 2325/2627/2121 2451/2628/2121
f 2285/2640/2123 2326/2640/2123 2332/2636/2123
f 2316/2586/2119 2331/2586/2119 2528/2648/2119
f 2283/2616/2123 2324/2638/2123 2329/2614/2123
f 2288/2585/2137 2318/2592/2137 2327/2592/2137
f 2298/2590/2122 2321/2590/2122 2322/2597/2122
f 2313/2599/2123 2325/2599/2123 2326/2640/2123
f 2299/2643/2117 2329/2643/2117 2449/2619/2117
f 2304/2598/2119 2330/2598/2119 2527/2650/2119
f 2348/2651/2119 2360/2651/2119 2467/2652/2119
f 2346/2653/2117 2359/2653/2117 2509/2654/2117
f 2353/2655/2119 2361/2655/2119 2468/2656/2119
f 2358/2657/2121 2361/2655/2121 2511/2658/2121
f 2357/2660/2121 2360/2651/2121 2510/2661/2121
f 2362/2663/2121 2358/2657/2121 2508/2659/2121
f 2359/2653/2121 2357/2660/2121 2507/2662/2121
f 2352/2665/2120 2356/2695/2120 2482/2666/2120
f 2351/2668/2121 2355/2663/2121 2506/2664/2121
f 2340/2670/2120 2354/2678/2120 2481/2671/2120
f 2333/2673/2120 2352/2665/2120 2480/2667/2120
f 2334/2675/2121 2351/2668/2121 2504/2669/2121
f 2353/2655/2121 2350/2698/2121 2503/2677/2121
f 2354/2678/2120 2349/2697/2120 2479/2679/2120
f 2355/2663/2117 2362/2663/2117 2512/2664/2117
f 2339/2680/2120 2347/2692/2120 2478/2681/2120
f 2344/2683/2121 2346/2653/2121 2501/2654/2121
f 2343/2685/2120 2345/2696/2120 2477/2686/2120
f 2337/2688/2121 2344/2683/2121 2500/2684/2121
f 2338/2690/2120 2343/2685/2120 2476/2687/2120
f 2347/2692/2120 2342/2701/2120 2475/2693/2120
f 2348/2651/2121 2341/2699/2121 2499/2694/2121
f 2356/2695/2120 2340/2670/2120 2474/2672/2120
f 2345/2696/2120 2339/2680/2120 2473/2682/2120
f 2349/2697/2120 2338/2690/2120 2472/2691/2120
f 2350/2698/2121 2337/2688/2121 2498/2689/2121
f 2341/2699/2121 2336/2832/2121 2484/2700/2121
f 2342/2701/2120 2335/2837/2120 2454/2702/2120
f 2484/2703/2119 2336/2831/2119 2335/2704/2119
f 2453/2706/2117 2334/2836/2117 2333/2707/2117
f 2436/2709/2132 2376/2833/2132 2363/2710/2132
f 2368/2712/2120 2377/2834/2120 2437/2713/2120
f 2372/2715/2120 2365/2726/2120 2425/2716/2120
f 2370/2718/2120 2366/2729/2120 2426/2719/2120
f 2375/2721/2120 2367/2735/2120 2427/2722/2120
f 2371/2724/2120 2368/2712/2120 2428/2714/2120
f 2365/2726/2120 2369/2728/2120 2429/2727/2120
f 2369/2728/2120 2370/2718/2120 2430/2720/2120
f 2366/2729/2120 2371/2724/2120 2431/2725/2120
f 2374/2730/2120 2372/2715/2120 2432/2717/2120
f 2423/2732/2120 2363/2835/2120 2373/2733/2120
f 2367/2735/2120 2374/2730/2120 2434/2731/2120
f 2373/2733/2120 2375/2721/2120 2435/2723/2120
f 2385/2736/2119 2391/2736/2119 2451/2628/2119
f 2382/2737/2119 2390/2737/2119 2450/2606/2119
f 2381/2738/2117 2389/2738/2117 2466/2739/2117
f 2388/2740/2121 2391/2736/2121 2468/2656/2121
f 2387/2742/2121 2390/2737/2121 2467/2652/2121
f 2392/2744/2121 2388/2740/2121 2465/2741/2121
f 2389/2738/2121 2387/2742/2121 2464/2743/2121
f 2384/2746/2121 2386/2744/2121 2463/2745/2121
f 2376/2748/2121 2384/2746/2121 2461/2747/2121
f 2385/2736/2121 2383/2756/2121 2460/2750/2121
f 2386/2744/2117 2392/2744/2117 2469/2745/2117
f 2380/2751/2121 2381/2738/2121 2458/2739/2121
f 2378/2753/2121 2380/2751/2121 2457/2752/2121
f 2382/2737/2121 2379/2757/2121 2456/2755/2121
f 2383/2756/2121 2378/2753/2121 2455/2754/2121
f 2379/2757/2121 2364/2829/2121 2471/2758/2121
f 2471/2759/2119 2364/2830/2119 2377/2760/2119
f 2531/2762/2133 2411/2838/2133 2394/2763/2133
f 2396/2765/2121 2411/2839/2121 2531/2766/2121
f 2400/2768/2121 2395/2772/2121 2515/2769/2121
f 2399/2771/2121 2396/2765/2121 2516/2767/2121
f 2395/2772/2121 2397/2774/2121 2517/2773/2121
f 2397/2774/2121 2398/2782/2121 2518/2775/2121
f 2403/2776/2117 2409/2776/2117 2529/2777/2117
f 2402/2778/2121 2400/2768/2121 2520/2770/2121
f 2513/2779/2121 2393/2840/2121 2401/2780/2121
f 2401/2780/2121 2403/2776/2121 2523/2777/2121
f 2406/2782/2121 2404/2785/2121 2524/2783/2121
f 2409/2776/2121 2405/2786/2121 2525/2784/2121
f 2404/2785/2121 2407/2771/2121 2527/2650/2121
f 2405/2786/2121 2408/2778/2121 2528/2648/2121
f 2398/2782/2117 2406/2782/2117 2526/2775/2117
f 2399/2771/2119 2407/2771/2119 2510/2661/2119
f 2402/2778/2119 2408/2778/2119 2511/2658/2119
f 2420/2787/2120 2422/2807/2120 2495/2788/2120
f 2414/2790/2120 2421/2795/2120 2494/2791/2120
f 2410/2793/2120 2420/2787/2120 2493/2789/2120
f 2421/2795/2120 2419/2809/2120 2492/2796/2120
f 2413/2797/2120 2418/2805/2120 2491/2798/2120
f 2416/2800/2120 2417/2808/2120 2490/2801/2120
f 2412/2803/2120 2416/2800/2120 2489/2802/2120
f 2418/2805/2120 2415/2810/2120 2488/2806/2120
f 2422/2807/2120 2414/2790/2120 2487/2792/2120
f 2417/2808/2120 2413/2797/2120 2486/2799/2120
f 2419/2809/2120 2412/2803/2120 2485/2804/2120
f 2415/2810/2120 2394/2842/2120 2497/2811/2120
f 2496/2812/2117 2393/2843/2117 2410/2813/2117
f 2301/2605/2119 2442/2606/2119 2450/2606/2119
f 2445/2628/2119 2451/2628/2119 2325/2627/2119
f 2433/2734/2120 2435/2723/2120 2317/2815/2120
f 2427/2722/2120 2434/2731/2120 2315/2817/2120
f 2271/2819/2120 2423/2732/2120 2433/2734/2120
f 2434/2731/2120 2432/2717/2120 2305/2820/2120
f 2426/2719/2120 2431/2725/2120 2303/2821/2120
f 2429/2727/2120 2430/2720/2120 2297/2823/2120
f 2425/2716/2120 2429/2727/2120 2295/2824/2120
f 2431/2725/2120 2428/2714/2120 2289/2826/2120
f 2317/2815/2120 2435/2723/2120 2427/2722/2120
f 2430/2720/2120 2426/2719/2120 2281/2822/2120
f 2432/2717/2120 2425/2716/2120 2277/2825/2120
f 2428/2714/2120 2437/2713/2120 2269/2827/2120
f 2272/2828/2117 2436/2709/2117 2423/2711/2117
f 2441/2619/2117 2449/2619/2117 2389/2738/2117
f 2448/2645/2121 2451/2628/2121 2391/2736/2121
f 2447/2644/2121 2450/2606/2121 2390/2737/2121
f 2452/2621/2121 2448/2645/2121 2388/2740/2121
f 2449/2619/2121 2447/2644/2121 2387/2742/2121
f 2444/2630/2121 2446/2621/2121 2386/2744/2121
f 2436/2631/2121 2444/2630/2121 2384/2746/2121
f 2445/2628/2121 2443/2573/2121 2383/2756/2121
f 2446/2621/2117 2452/2621/2117 2392/2744/2117
f 2440/2613/2121 2441/2619/2121 2381/2738/2121
f 2438/2572/2121 2440/2613/2121 2380/2751/2121
f 2442/2606/2121 2439/2568/2121 2379/2757/2121
f 2443/2573/2121 2438/2572/2121 2378/2753/2121
f 2379/2757/2121 2439/2568/2121 2424/2570/2121
f 2364/2830/2134 2424/2563/2134 2437/2565/2134
f 2336/2831/2119 2471/2759/2119 2454/2761/2119
f 2456/2755/2121 2471/2758/2121 2336/2832/2121
f 2460/2750/2121 2455/2754/2121 2337/2688/2121
f 2459/2652/2121 2456/2755/2121 2341/2699/2121
f 2455/2754/2121 2457/2752/2121 2344/2683/2121
f 2457/2752/2121 2458/2739/2121 2346/2653/2121
f 2463/2745/2117 2469/2745/2117 2362/2663/2117
f 2462/2656/2121 2460/2750/2121 2350/2698/2121
f 2453/2749/2121 2461/2747/2121 2351/2668/2121
f 2461/2747/2121 2463/2745/2121 2355/2663/2121
f 2466/2739/2121 2464/2743/2121 2357/2660/2121
f 2469/2745/2121 2465/2741/2121 2358/2657/2121
f 2464/2743/2121 2467/2652/2121 2360/2651/2121
f 2465/2741/2121 2468/2656/2121 2361/2655/2121
f 2458/2739/2117 2466/2739/2117 2359/2653/2117
f 2376/2833/2117 2453/2706/2117 2470/2708/2117
f 2475/2693/2120 2454/2702/2120 2377/2834/2120
f 2479/2679/2120 2472/2691/2120 2365/2726/2120
f 2477/2686/2120 2473/2682/2120 2366/2729/2120
f 2482/2666/2120 2474/2672/2120 2367/2735/2120
f 2478/2681/2120 2475/2693/2120 2368/2712/2120
f 2472/2691/2120 2476/2687/2120 2369/2728/2120
f 2476/2687/2120 2477/2686/2120 2370/2718/2120
f 2473/2682/2120 2478/2681/2120 2371/2724/2120
f 2481/2671/2120 2479/2679/2120 2372/2715/2120
f 2470/2674/2120 2480/2667/2120 2373/2733/2120
f 2474/2672/2120 2481/2671/2120 2374/2730/2120
f 2480/2667/2120 2482/2666/2120 2375/2721/2120
f 2462/2656/2119 2468/2656/2119 2391/2736/2119
f 2459/2652/2119 2467/2652/2119 2390/2737/2119
f 2334/2836/2117 2496/2812/2117 2483/2814/2117
f 2488/2806/2120 2497/2811/2120 2335/2837/2120
f 2492/2796/2120 2485/2804/2120 2338/2690/2120
f 2490/2801/2120 2486/2799/2120 2339/2680/2120
f 2495/2788/2120 2487/2792/2120 2340/2670/2120
f 2491/2798/2120 2488/2806/2120 2342/2701/2120
f 2485/2804/2120 2489/2802/2120 2343/2685/2120
f 2489/2802/2120 2490/2801/2120 2345/2696/2120
f 2486/2799/2120 2491/2798/2120 2347/2692/2120
f 2494/2791/2120 2492/2796/2120 2349/2697/2120
f 2483/2794/2120 2493/2789/2120 2352/2665/2120
f 2487/2792/2120 2494/2791/2120 2354/2678/2120
f 2493/2789/2120 2495/2788/2120 2356/2695/2120
f 2505/2658/2119 2511/2658/2119 2361/2655/2119
f 2502/2661/2119 2510/2661/2119 2360/2651/2119
f 2411/2838/2119 2484/2703/2119 2497/2705/2119
f 2499/2694/2121 2484/2700/2121 2411/2839/2121
f 2503/2677/2121 2498/2689/2121 2395/2772/2121
f 2502/2661/2121 2499/2694/2121 2396/2765/2121
f 2498/2689/2121 2500/2684/2121 2397/2774/2121
f 2500/2684/2121 2501/2654/2121 2398/2782/2121
f 2506/2664/2117 2512/2664/2117 2409/2776/2117
f 2505/2658/2121 2503/2677/2121 2400/2768/2121
f 2496/2676/2121 2504/2669/2121 2401/2780/2121
f 2504/2669/2121 2506/2664/2121 2403/2776/2121
f 2509/2654/2121 2507/2662/2121 2404/2785/2121
f 2512/2664/2121 2508/2659/2121 2405/2786/2121
f 2507/2662/2121 2510/2661/2121 2407/2771/2121
f 2508/2659/2121 2511/2658/2121 2408/2778/2121
f 2501/2654/2117 2509/2654/2117 2406/2782/2117
f 2518/2775/2117 2526/2775/2117 2321/2590/2117
f 2525/2784/2121 2528/2648/2121 2331/2586/2121
f 2524/2783/2121 2527/2650/2121 2330/2598/2121
f 2529/2777/2121 2525/2784/2121 2328/2649/2121
f 2526/2775/2121 2524/2783/2121 2322/2597/2121
f 2521/2781/2121 2523/2777/2121 2318/2592/2121
f 2276/2634/2121 2513/2779/2121 2521/2781/2121
f 2522/2648/2121 2520/2770/2121 2306/2577/2121
f 2318/2592/2117 2523/2777/2117 2529/2777/2117
f 2517/2773/2121 2518/2775/2121 2298/2590/2121
f 2515/2769/2121 2517/2773/2121 2296/2617/2121
f 2519/2650/2121 2516/2767/2121 2290/2560/2121
f 2520/2770/2121 2515/2769/2121 2280/2609/2121
f 2516/2767/2121 2531/2766/2121 2274/2841/2121
f 2274/2841/2119 2531/2762/2119 2514/2764/2119
f 2519/2650/2119 2527/2650/2119 2407/2771/2119
f 2522/2648/2119 2528/2648/2119 2408/2778/2119
f 2540/2632/2120 2542/2596/2120 2422/2807/2120
f 2534/2595/2120 2541/2626/2120 2421/2795/2120
f 2530/2633/2120 2540/2632/2120 2420/2787/2120
f 2541/2626/2120 2539/2576/2120 2419/2809/2120
f 2533/2588/2120 2538/2608/2120 2418/2805/2120
f 2536/2611/2120 2537/2589/2120 2417/2808/2120
f 2532/2575/2120 2536/2611/2120 2416/2800/2120
f 2538/2608/2120 2535/2566/2120 2415/2810/2120
f 2542/2596/2120 2534/2595/2120 2414/2790/2120
f 2537/2589/2120 2533/2588/2120 2413/2797/2120
f 2539/2576/2120 2532/2575/2120 2412/2803/2120
f 2415/2810/2120 2535/2566/2120 2514/2567/2120
f 2393/2843/2135 2513/2557/2135 2530/2559/2135
o Cube.003
v 32.654079 10.527489 44.527176
v 32.831024 10.956644 43.522423
v 33.558662 11.216283 43.295296
v 32.831024 11.468465 42.373566
v 32.654079 11.600147 41.988625
v 32.302197 11.985003 40.952766
v 31.828642 12.375104 39.845646
v 31.251614 12.320115 39.687042
v 30.593290 12.237536 39.550606
v 29.878967 12.130554 39.441586
v 29.835865 12.260346 39.499409
v 30.508745 12.492130 39.664032
v 31.128870 12.689726 39.851704
v 31.672419 12.845531 40.055222
v 32.118496 12.538163 41.199200
v 32.449963 12.214791 42.262451
v 32.616783 12.113588 42.660969
v 33.302208 11.988534 43.639339
v 32.616783 11.601768 43.809826
v 32.449963 11.188887 44.821831
v 32.118496 11.007904 44.865025
v 31.672419 10.785942 44.874672
v 31.093382 10.521879 44.847198
v 30.483501 10.249370 44.790886
v 29.821741 9.965038 44.704300
v 29.752903 10.091627 44.760696
v 30.348475 10.497684 44.901512
v 30.897352 10.882371 45.007801
v 31.418728 11.252468 45.082512
v 31.820189 11.556482 45.109417
v 32.118496 11.798435 45.093388
v 32.268883 12.196314 44.074699
v 32.885750 12.700243 43.956409
v 32.268883 12.708135 42.925842
v 32.118496 12.781245 42.514809
v 31.820189 13.047962 41.426319
v 31.418728 13.279083 40.248371
v 30.929546 13.030363 40.003460
v 30.371443 12.726767 39.768562
v 29.765873 12.379965 39.552700
v 29.671673 12.484805 39.599403
v 30.186672 12.932423 39.860184
v 30.661303 13.328934 40.136475
v 31.077314 13.659091 40.417667
v 31.418728 13.494802 41.625389
v 31.672419 13.277751 42.736004
v 31.800688 13.229261 43.158009
v 32.325283 13.324065 44.234322
v 31.800688 12.717441 44.306866
v 31.672419 12.332710 45.331409
v 31.418728 12.037316 45.323631
v 31.077314 11.661383 45.264687
v 30.633539 11.198342 45.148567
v 30.166752 10.715327 44.998474
v 29.660265 10.202582 44.810127
v 29.547382 10.293638 44.850693
v 29.945330 10.893946 45.078049
v 30.312077 11.457659 45.264091
v 30.661303 11.996971 45.414192
v 30.929546 12.431929 45.499432
v 31.128870 12.771177 45.526749
v 31.230185 13.145115 44.497395
v 31.642361 13.836020 44.462402
v 31.230185 13.656936 43.348537
v 31.128870 13.685219 42.917534
v 30.929546 13.861517 41.788761
v 30.661303 13.970956 40.556602
v 30.334442 13.573961 40.245636
v 29.961531 13.101202 39.935375
v 29.556898 12.570852 39.637741
v 29.425945 12.634787 39.666222
v 29.704662 13.226622 39.991249
v 29.961531 13.756035 40.326752
v 30.186672 14.202690 40.659843
v 30.371443 14.134010 41.910156
v 30.508745 13.987999 43.052422
v 30.593290 14.011580 43.501072
v 30.863218 14.216434 44.631878
v 30.579306 13.462911 44.638973
v 30.508745 13.096987 45.671898
v 30.371443 12.725151 45.630066
v 30.186672 12.246338 45.525284
v 29.945330 11.650347 45.349937
v 29.692707 11.026673 45.137177
v 29.418598 10.361300 44.880836
v 29.278856 10.402967 44.899399
v 29.418598 11.108406 45.173592
v 29.547382 11.768999 45.402798
v 29.671677 12.399898 45.593697
v 29.765873 12.905714 45.710506
v 29.835865 13.297621 45.761284
v 29.873058 13.658603 44.726154
v 30.017799 14.450698 44.736244
v 29.878967 14.209515 43.589252
v 29.835865 14.174450 43.135487
v 29.765873 14.301814 41.984913
v 29.671677 14.345392 40.723415
v 29.556898 13.868155 40.376701
v 29.425945 13.303850 40.025654
v 29.283863 12.674158 39.683762
v 29.136093 13.906017 40.393566
v 29.136093 14.237404 43.163536
v 29.136093 14.276347 43.619026
v 29.138590 14.529795 44.771481
v 29.138590 13.724683 44.755596
v 29.136093 13.365370 45.791466
v 29.136093 12.966684 45.737667
v 29.136093 12.451747 45.616795
v 29.133537 11.809065 45.420647
v 29.133537 11.136003 45.185886
v 29.133537 10.417038 44.905666
v 32.302197 10.412659 44.599838
v 31.828642 10.279724 44.649151
v 31.214096 10.130723 44.672939
v 30.566650 9.979939 44.670853
v 29.864132 9.827681 44.643105
v 32.723000 9.839655 44.220745
v 32.903366 10.285743 43.223534
v 33.645260 10.413169 42.937508
v 32.943932 10.798070 42.069439
v 32.723000 10.960939 41.703854
v 32.364227 11.409730 40.696480
v 31.881392 11.885879 39.627693
v 31.293062 11.935729 39.515797
v 30.621840 11.972770 39.432652
v 29.893520 11.995580 39.381454
v 32.364227 9.793628 44.324059
v 31.881392 9.753283 44.414619
v 31.293062 9.720175 44.488934
v 30.594727 9.699738 44.546024
v 29.878447 9.684837 44.579468
v 32.654079 9.151820 43.914310
v 32.831024 9.614838 42.924641
v 33.558662 9.610054 42.579716
v 32.870766 10.119491 41.767128
v 32.654079 10.321732 41.419086
v 32.302197 10.834457 40.440193
v 31.828642 11.396653 39.409740
v 31.251614 11.551344 39.344551
v 30.593290 11.708003 39.314697
v 29.878967 11.860600 39.321320
v 32.302197 9.174596 44.048279
v 31.828642 9.226841 44.180088
v 31.251614 9.306552 44.304665
v 30.566650 9.419537 44.421192
v 29.864132 9.541990 44.515831
v 32.449963 8.490422 43.619656
v 32.616783 8.969718 42.637238
v 33.302208 8.837804 42.235676
v 32.654079 9.466990 41.476437
v 32.449963 9.707092 41.145260
v 32.118496 10.281297 40.193756
v 31.672419 10.926225 39.200165
v 31.128870 11.181732 39.179886
v 30.508745 11.453409 39.201275
v 29.835865 11.730812 39.263496
v 32.118496 8.579350 43.783092
v 31.672419 8.720623 43.954563
v 31.128870 8.908819 44.127472
v 30.483501 9.150101 44.301159
v 29.821741 9.404636 44.454639
v 32.118496 7.880875 43.348099
v 32.268883 8.375168 42.372364
v 32.885746 8.126095 41.918606
v 32.302197 8.865644 41.208534
v 32.118496 9.140634 40.892902
v 31.820183 9.771498 39.966637
v 31.418728 10.492674 39.007015
v 30.929546 10.841096 39.028133
v 30.371443 11.218773 39.096745
v 29.765873 11.611194 39.210209
v 31.820183 8.030772 43.538700
v 31.418728 8.254097 43.746727
v 30.929546 8.542271 43.964172
v 30.371443 8.884215 44.182697
v 29.752903 9.278049 44.398243
v 31.672419 7.346599 43.110077
v 31.800688 7.854045 42.140202
v 32.325283 7.502273 41.640690
v 31.828642 8.338556 40.973717
v 31.672419 8.644128 40.671707
v 31.418722 9.324653 39.767567
v 31.077314 10.112666 38.837719
v 30.661297 10.542524 38.895119
v 30.186672 11.013116 39.005123
v 29.671673 11.506354 39.163502
v 31.418722 7.549938 43.324486
v 31.077314 7.845182 43.564552
v 30.661297 8.220989 43.821041
v 30.186672 8.662912 44.084106
v 29.660265 9.167093 44.348812
v 31.128870 6.908131 42.914738
v 31.230185 7.426366 41.949669
v 31.642361 6.990318 41.412613
v 31.251614 7.905985 40.781002
v 31.128870 8.236659 40.490177
v 30.929546 8.957943 39.604198
v 30.661303 9.800800 38.698784
v 30.334442 10.297497 38.785957
v 29.961531 10.844337 38.929932
v 29.556898 11.420307 39.125168
v 30.929546 7.155326 43.148685
v 30.661303 7.509593 43.415047
v 30.334442 7.957320 43.703575
v 29.961531 8.481295 44.003193
v 29.547382 9.076033 44.308243
v 30.508745 6.582322 42.769588
v 30.579306 7.108575 41.808090
v 30.863214 6.609902 41.243134
v 30.593290 7.584559 40.637806
v 30.508745 7.933880 40.355286
v 30.371443 8.685450 39.482800
v 30.186672 9.569067 38.595543
v 29.961531 10.115423 38.704842
v 29.704662 10.718923 38.874058
v 29.425945 11.356372 39.096684
v 30.371443 6.862104 43.018051
v 30.186672 7.260227 43.303951
v 29.961531 7.761395 43.616287
v 29.692707 8.372803 43.954868
v 29.418598 9.008369 44.278099
v 29.835865 6.381689 42.680206
v 29.873058 6.912883 41.720909
v 30.017794 6.375645 41.138771
v 29.878967 7.386625 40.549625
v 29.835865 7.747429 40.272224
v 29.765873 8.517651 39.408043
v 29.671673 9.426365 38.531971
v 29.556898 10.003304 38.654892
v 29.425945 10.641689 38.839653
v 29.283863 11.317000 39.079144
v 29.765873 6.681540 42.937611
v 29.671673 7.106668 43.235542
v 29.556898 7.640747 43.562538
v 29.418598 8.291070 43.918457
v 29.278856 8.966702 44.259537
v 29.136093 6.313944 42.650024
v 29.138590 6.846803 41.691471
v 29.138586 6.296543 41.103531
v 29.136093 7.319793 40.519852
v 29.136093 7.684474 40.244175
v 29.136093 8.460991 39.382805
v 29.136093 9.378180 38.510502
v 29.136093 9.965446 38.638027
v 29.136093 10.615611 38.828033
v 29.136093 11.303707 39.073219
v 29.136093 6.620570 42.910450
v 29.136093 7.054818 43.212440
v 29.136093 7.600007 43.544388
v 29.133532 8.263474 43.906162
v 29.133537 8.952638 44.253269
v 28.436321 6.381689 42.680206
v 28.404118 6.912883 41.720909
v 28.259382 6.375645 41.138771
v 28.393219 7.386625 40.549625
v 28.436321 7.747429 40.272224
v 28.506313 8.517651 39.408043
v 28.600513 9.426365 38.531971
v 28.715288 10.003304 38.654892
v 28.846241 10.641689 38.839653
v 28.988329 11.317000 39.079144
v 28.506313 6.681540 42.937611
v 28.600513 7.106668 43.235542
v 28.715288 7.640747 43.562538
v 28.848473 8.291070 43.918457
v 28.988213 8.966702 44.259537
v 27.763447 6.582322 42.769588
v 27.697874 7.108575 41.808090
v 27.413961 6.609902 41.243134
v 27.678896 7.584559 40.637806
v 27.763447 7.933880 40.355286
v 27.900743 8.685450 39.482800
v 28.085514 9.569067 38.595543
v 28.310656 10.115423 38.704842
v 28.567524 10.718923 38.874058
v 28.846241 11.356372 39.096684
v 27.900743 6.862104 43.018051
v 28.085514 7.260227 43.303951
v 28.310656 7.761395 43.616287
v 28.574362 8.372803 43.954868
v 28.848473 9.008369 44.278099
v 27.143316 6.908131 42.914738
v 27.046991 7.426372 41.949669
v 26.634815 6.990323 41.412613
v 27.020573 7.905991 40.781006
v 27.143316 8.236659 40.490177
v 27.342640 8.957943 39.604198
v 27.610884 9.800800 38.698784
v 27.937744 10.297497 38.785957
v 28.310656 10.844337 38.929932
v 28.715288 11.420307 39.125168
v 27.342640 7.155326 43.148685
v 27.610884 7.509593 43.415047
v 27.937744 7.957320 43.703575
v 28.321739 8.505526 44.013996
v 28.719687 9.076033 44.308243
v 26.599768 7.346599 43.110077
v 26.476494 7.854045 42.140202
v 25.951891 7.502277 41.640694
v 26.443544 8.338556 40.973717
v 26.599768 8.644128 40.671707
v 26.853464 9.324657 39.767570
v 27.194872 10.112666 38.837719
v 27.610889 10.542529 38.895119
v 28.085514 11.013116 39.005123
v 28.600513 11.506354 39.163502
v 26.853464 7.549938 43.324486
v 27.194872 7.845182 43.564552
v 27.633535 8.249521 43.834854
v 28.100317 8.684143 44.093571
v 28.606806 9.167093 44.348812
v 26.153692 7.880875 43.348099
v 26.008293 8.375173 42.372364
v 25.391430 8.126095 41.918606
v 25.969994 8.865644 41.208534
v 26.153692 9.140634 40.892902
v 26.452003 9.771498 39.966637
v 26.853464 10.492674 39.007015
v 27.342640 10.841096 39.028133
v 27.900743 11.218773 39.096745
v 28.506313 11.611194 39.210209
v 26.452003 8.030772 43.538700
v 26.853464 8.254097 43.746727
v 27.369719 8.565496 43.975624
v 27.918596 8.901793 44.190536
v 28.514168 9.278049 44.398243
v 25.822226 8.490422 43.619656
v 25.660391 8.969718 42.637238
v 24.974972 8.837809 42.235676
v 25.618107 9.466990 41.476437
v 25.822226 9.707092 41.145260
v 26.153692 10.281297 40.193756
v 26.599768 10.926225 39.200165
v 27.143316 11.181732 39.179886
v 27.763447 11.453409 39.201275
v 28.436321 11.730812 39.263496
v 26.153692 8.579350 43.783092
v 26.599768 8.720623 43.954563
v 27.173687 8.925988 44.136223
v 27.783567 9.150101 44.301159
v 28.445328 9.404636 44.454639
v 25.618107 9.151820 43.914310
v 25.446157 9.614838 42.924641
v 24.718517 9.610054 42.579716
v 25.401419 10.119491 41.767128
v 25.618107 10.321732 41.419086
v 25.969994 10.834462 40.440193
v 26.443544 11.396653 39.409740
v 27.020573 11.551349 39.344551
v 27.678896 11.708003 39.314697
v 28.393219 11.860604 39.321320
v 29.136093 12.003282 39.364166
v 25.969994 9.174596 44.048279
v 26.443544 9.226841 44.180088
v 27.052975 9.317144 44.310486
v 27.700420 9.419537 44.421192
v 28.402939 9.541990 44.515831
v 25.549189 9.839655 44.220745
v 25.373817 10.285743 43.223534
v 24.631920 10.413169 42.937508
v 25.328255 10.798070 42.069439
v 25.549189 10.960939 41.703854
v 25.907967 11.409730 40.696480
v 26.390795 11.885879 39.627693
v 26.979130 11.935729 39.515797
v 27.650347 11.972770 39.432652
v 28.378666 11.995580 39.381454
v 25.907967 9.793628 44.324059
v 26.390795 9.753283 44.414619
v 27.012215 9.723934 44.491711
v 27.672344 9.699738 44.546024
v 28.388624 9.684837 44.579468
v 25.618107 10.527489 44.527176
v 25.446157 10.956649 43.522423
v 24.718517 11.216283 43.295296
v 25.401424 11.476648 42.371750
v 25.618107 11.600147 41.988625
v 25.969994 11.985003 40.952766
v 26.443544 12.375104 39.845646
v 27.020573 12.320115 39.687042
v 27.678896 12.237536 39.550606
v 28.393219 12.130554 39.441586
v 25.969994 10.412659 44.599838
v 26.443544 10.279724 44.649151
v 27.052975 10.130723 44.672939
v 27.700420 9.979939 44.670853
v 28.402939 9.827681 44.643105
v 25.822226 11.188887 44.821831
v 25.660391 11.601768 43.809826
v 24.974972 11.988534 43.639339
v 25.618113 12.129150 42.662441
v 25.822226 12.214787 42.262451
v 26.153692 12.538163 41.199200
v 26.599768 12.845531 40.055222
v 27.143316 12.689726 39.851704
v 27.763447 12.492130 39.664032
v 28.436321 12.260346 39.499409
v 26.153692 11.007904 44.865025
v 26.599768 10.785942 44.874672
v 27.173687 10.521879 44.847198
v 27.783567 10.249370 44.790886
v 28.445328 9.965038 44.704300
v 29.133537 9.679807 44.590759
v 26.153692 11.798435 45.093388
v 26.008297 12.196314 44.074699
v 25.391436 12.700243 43.956409
v 25.969994 12.730495 42.930344
v 26.153692 12.781245 42.514809
v 26.452003 13.047962 41.426319
v 26.853464 13.279083 40.248371
v 27.342640 13.030363 40.003460
v 27.900743 12.726767 39.768562
v 28.506319 12.379965 39.552700
v 26.452003 11.556482 45.109417
v 26.853464 11.252468 45.082512
v 27.369722 10.882371 45.007801
v 27.918596 10.497684 44.901512
v 28.514168 10.091627 44.760696
v 26.599768 12.332710 45.331409
v 26.476494 12.717441 44.306866
v 25.951897 13.324060 44.234322
v 26.443544 13.257584 43.165165
v 26.599768 13.277751 42.736004
v 26.853464 13.494802 41.625389
v 27.194872 13.659091 40.417667
v 27.610889 13.328929 40.136471
v 28.085514 12.932423 39.860184
v 28.600513 12.484805 39.599403
v 26.853464 12.037316 45.323631
v 27.194872 11.661383 45.264687
v 27.633535 11.198342 45.148567
v 28.100317 10.715327 44.998474
v 28.606806 10.202582 44.810127
v 27.143316 12.771177 45.526749
v 27.046997 13.145115 44.497395
v 26.634819 13.836015 44.462399
v 27.020573 13.690149 43.357872
v 27.143316 13.685219 42.917534
v 27.342640 13.861517 41.788761
v 27.610889 13.970951 40.556602
v 27.937750 13.573961 40.245636
v 28.310656 13.101202 39.935375
v 28.715288 12.570852 39.637741
v 27.342640 12.431929 45.499432
v 27.610889 11.996971 45.414192
v 27.954992 11.457659 45.264091
v 28.321739 10.893946 45.078049
v 28.719687 10.293638 44.850693
v 27.763447 13.096987 45.671898
v 27.697874 13.462906 44.638973
v 27.413961 14.216430 44.631874
v 27.678900 14.011580 43.501072
v 27.763447 13.987999 43.052422
v 27.900743 14.134010 41.910156
v 28.085514 14.202690 40.659843
v 28.310661 13.756035 40.326752
v 28.567524 13.226616 39.991249
v 28.846241 12.634787 39.666222
v 27.900743 12.725151 45.630066
v 28.085514 12.246338 45.525284
v 28.321739 11.650341 45.349934
v 28.574362 11.026673 45.137177
v 28.848473 10.361300 44.880836
v 28.436321 13.297621 45.761284
v 28.404118 13.658603 44.726154
v 28.259382 14.450693 44.736240
v 28.393219 14.209510 43.589252
v 28.436321 14.174450 43.135487
v 28.506319 14.301809 41.984913
v 28.600513 14.345392 40.723415
v 28.715294 13.868155 40.376701
v 28.846241 13.303850 40.025654
v 28.988329 12.674158 39.683762
v 28.506319 12.905714 45.710506
v 28.600513 12.399898 45.593697
v 28.719687 11.768999 45.402798
v 28.848473 11.108406 45.173592
v 28.988213 10.402967 44.899399
v 29.136093 14.358469 42.010155
v 29.136093 14.393578 40.744884
v 29.136093 13.329927 40.037273
v 29.136093 12.687452 39.689686
vn 0.0862 -0.3832 0.9196
vn 0.0911 -0.3942 0.9145
vn 0.0794 -0.3692 0.9259
vn 0.1292 0.4390 -0.8891
vn 0.9468 0.2105 -0.2434
vn 0.7769 0.3639 -0.5138
vn 0.1344 0.4153 -0.8997
vn 0.0163 -0.4041 0.9146
vn 0.0103 -0.4168 0.9089
vn 0.0166 -0.4069 0.9133
vn 0.9104 0.3776 -0.1690
vn 0.2667 -0.2675 0.9259
vn 0.1191 0.4614 -0.8792
vn 0.0160 -0.4028 0.9152
vn 0.0245 0.4068 -0.9132
vn 0.0240 0.4135 -0.9102
vn 0.0245 0.4113 -0.9112
vn 0.1783 -0.3179 0.9312
vn 0.0453 -0.3861 0.9214
vn 0.0452 -0.3858 0.9215
vn 0.0395 -0.3788 0.9246
vn 0.0738 0.4262 -0.9016
vn 0.0753 0.4194 -0.9047
vn 0.1256 -0.3711 0.9200
vn 0.1960 0.4526 -0.8699
vn 0.0509 -0.4022 0.9141
vn 0.0511 -0.4064 0.9123
vn 0.0490 -0.3938 0.9179
vn 0.1293 -0.3854 0.9137
vn 0.1368 -0.3913 0.9100
vn 0.1370 -0.3916 0.9099
vn 0.1806 0.4865 -0.8548
vn 0.1583 0.5170 -0.8412
vn 0.7064 0.6948 -0.1349
vn 0.1564 -0.2901 0.9441
vn 0.7707 0.5466 0.3273
vn 0.2340 -0.2259 0.9456
vn 0.1044 0.4815 -0.8702
vn 0.6090 0.7072 -0.3591
vn 0.3443 -0.2065 0.9158
vn 0.0796 -0.3695 0.9258
vn 0.0694 -0.3567 0.9316
vn 0.9206 0.2374 -0.3101
vn 0.2011 -0.3817 0.9021
vn 0.8390 0.5350 -0.0989
vn 0.8757 0.3792 0.2990
vn 0.2038 0.4167 -0.8859
vn 0.0092 -0.3951 0.9186
vn 0.0044 -0.3933 0.9194
vn 0.0117 -0.3969 0.9178
vn 0.4998 0.8069 -0.3147
vn 0.6341 0.6944 0.3401
vn 0.0837 -0.3171 0.9447
vn 0.5868 0.8078 -0.0560
vn 0.2891 -0.3137 0.9044
vn 0.0250 0.4068 -0.9132
vn 0.8158 0.5529 -0.1696
vn 0.0138 -0.3990 0.9168
vn 0.0147 -0.4002 0.9163
vn 0.9463 0.2016 0.2528
vn 0.4361 0.8998 -0.0150
vn 0.0636 0.5120 -0.8566
vn 0.0063 -0.3939 0.9191
vn 0.0572 -0.3463 0.9364
vn 0.0326 -0.3729 0.9273
vn 0.0324 -0.3728 0.9273
vn 0.0241 -0.3681 0.9295
vn -0.0000 -0.3631 0.9317
vn 0.0050 -0.3632 0.9317
vn 0.4309 0.9014 -0.0421
vn 0.0016 -0.3928 0.9196
vn 0.0032 -0.3931 0.9195
vn 0.4113 0.8638 -0.2911
vn 0.0932 0.9902 0.1039
vn 0.0298 -0.1337 0.9906
vn 0.0262 -0.3322 0.9428
vn 0.4713 0.8131 0.3418
vn 0.0149 -0.3649 0.9309
vn 0.0148 -0.3648 0.9310
vn 0.2544 0.9621 -0.0985
vn 0.0224 0.4731 -0.8807
vn 0.0294 0.4705 -0.8819
vn 0.0076 0.4759 -0.8795
vn 0.1133 -0.0334 0.9930
vn 0.0623 -0.3048 0.9504
vn 0.0588 -0.2350 0.9702
vn 0.0384 -0.2963 0.9543
vn 0.2339 0.9454 -0.2271
vn 0.1934 -0.3488 0.9170
vn 0.8852 0.3999 -0.2377
vn 0.3736 -0.2711 0.8871
vn 0.7539 0.4595 -0.4695
vn 0.0199 -0.2285 0.9733
vn 0.1430 -0.1627 0.9763
vn 0.0075 0.4759 -0.8795
vn -0.0075 0.4759 -0.8795
vn 0.0965 0.5633 -0.8206
vn 0.0907 0.9955 0.0276
vn 0.0132 0.5260 -0.8504
vn 0.2898 0.8957 0.3371
vn -0.0000 0.4292 -0.9032
vn 0.0049 0.4292 -0.9032
vn 0.0073 0.4288 -0.9034
vn 0.0882 -0.1435 0.9857
vn 0.0425 -0.3380 0.9402
vn 0.2685 0.9632 0.0132
vn 0.3886 -0.3397 0.8565
vn 0.3006 -0.3628 0.8821
vn 0.3005 -0.3628 0.8821
vn 0.0767 0.4057 -0.9108
vn 0.0491 -0.3939 0.9179
vn 0.8746 0.4075 -0.2627
vn 0.0867 -0.3941 0.9150
vn 0.0863 -0.3936 0.9152
vn 0.6948 0.5899 -0.4114
vn 0.7151 0.6906 -0.1082
vn 0.9833 0.0183 0.1812
vn 0.9821 0.0221 0.1871
vn 0.9820 0.0223 0.1876
vn 0.1284 -0.2664 0.9553
vn 0.9098 0.2468 -0.3338
vn 0.4485 0.8918 0.0601
vn 0.0364 0.4679 -0.8830
vn 0.0489 0.4602 -0.8865
vn 0.0594 0.5773 -0.8143
vn 0.0392 0.5212 -0.8525
vn 0.2762 0.9570 0.0891
vn 0.8060 0.5587 -0.1955
vn 0.2477 -0.0990 0.9638
vn 0.0201 0.5845 -0.8112
vn 0.0859 0.9927 -0.0849
vn 0.0088 -0.3293 0.9442
vn 0.0790 0.9736 -0.2143
vn 0.1018 -0.3327 0.9375
vn 0.0173 0.4226 -0.9061
vn 0.0177 0.4230 -0.9060
vn 0.0208 0.4195 -0.9075
vn 0.0396 -0.3789 0.9246
vn 0.0221 0.4176 -0.9084
vn 0.0490 0.4602 -0.8865
vn 0.0597 0.4505 -0.8908
vn 0.1299 0.5429 -0.8297
vn 0.1923 -0.1905 0.9627
vn 0.6035 0.7971 0.0179
vn 0.0857 0.4986 -0.8626
vn 0.3018 -0.1484 0.9417
vn 0.5798 0.8105 -0.0831
vn -0.0000 0.4296 -0.9030
vn 0.0383 -0.0197 0.9991
vn 0.0130 -0.2919 0.9564
vn 0.1046 0.9394 0.3266
vn 0.0983 0.9386 0.3306
vn 0.0977 0.9386 0.3308
vn 0.1159 -0.3509 0.9292
vn 0.0680 0.4390 -0.8959
vn 0.0680 0.4389 -0.8959
vn 0.0697 -0.3568 0.9316
vn 0.7354 0.6767 -0.0357
vn 0.0597 0.4504 -0.8908
vn 0.1841 -0.0601 0.9811
vn 0.0243 -0.3682 0.9294
vn 0.0955 -0.2478 0.9641
vn 0.0118 0.4270 -0.9042
vn 0.0139 0.4258 -0.9047
vn 0.1344 0.3911 -0.9105
vn 0.8722 0.1175 -0.4748
vn 0.0753 0.3921 -0.9169
vn 0.2038 0.3800 -0.9023
vn 0.8019 0.1688 -0.5730
vn 0.3006 -0.4131 0.8597
vn 0.3005 -0.4131 0.8597
vn 0.2011 -0.4154 0.8871
vn 0.1370 -0.4145 0.8997
vn 0.9206 0.0718 -0.3839
vn 0.9821 -0.1537 0.1086
vn 0.9833 -0.1468 0.1075
vn 0.9820 -0.1543 0.1086
vn 0.9468 0.0402 -0.3193
vn 0.3886 -0.4096 0.8254
vn 0.0163 -0.4097 0.9121
vn 0.0245 0.4024 -0.9152
vn 0.0862 -0.4126 0.9068
vn 0.0863 -0.4126 0.9068
vn 0.0829 -0.4269 0.9005
vn 0.0509 -0.4107 0.9104
vn 0.0490 -0.4191 0.9066
vn 0.1317 -0.4370 0.8897
vn 0.8852 -0.0907 -0.4563
vn 0.3736 -0.4782 0.7948
vn 0.9464 -0.3225 0.0183
vn 0.0153 -0.4123 0.9109
vn 0.0240 0.4002 -0.9161
vn 0.1960 0.3440 -0.9183
vn 0.0491 -0.4190 0.9067
vn 0.0460 -0.4250 0.9040
vn 0.9104 -0.1269 -0.3937
vn 0.1292 0.3674 -0.9210
vn 0.0829 -0.4267 0.9006
vn 0.0772 -0.4384 0.8955
vn 0.0709 0.3789 -0.9227
vn 0.8387 -0.0365 -0.5434
vn 0.2891 -0.4626 0.8381
vn 0.7713 0.0272 -0.6359
vn 0.1934 -0.4485 0.8726
vn 0.1191 0.3451 -0.9310
vn 0.0794 -0.4404 0.8943
vn 0.0795 -0.4414 0.8938
vn 0.0680 0.3725 -0.9255
vn 0.0597 0.3610 -0.9306
vn 0.7730 -0.1815 -0.6080
vn 0.2667 -0.5095 0.8181
vn 0.7110 -0.1064 -0.6951
vn 0.1783 -0.4797 0.8591
vn 0.1214 -0.4583 0.8805
vn 0.8158 -0.2437 -0.5245
vn 0.3443 -0.5428 0.7660
vn 0.8758 -0.4754 -0.0832
vn 0.0138 -0.4148 0.9098
vn 0.0173 0.3910 -0.9202
vn 0.0221 0.3960 -0.9180
vn 0.0208 0.3941 -0.9188
vn 0.1806 0.3101 -0.9334
vn 0.0454 -0.4245 0.9043
vn 0.0380 -0.4333 0.9004
vn 0.8390 -0.2843 -0.4639
vn 0.7151 -0.3815 -0.5858
vn 0.3018 -0.6009 0.7402
vn 0.7709 -0.6082 -0.1893
vn 0.0117 -0.4169 0.9089
vn 0.0177 0.3907 -0.9204
vn 0.1583 0.2796 -0.9470
vn 0.1583 0.2797 -0.9470
vn 0.0383 -0.4330 0.9006
vn 0.0312 -0.4390 0.8979
vn 0.7354 -0.4260 -0.5270
vn 0.1044 0.3250 -0.9399
vn 0.0697 -0.4539 0.8883
vn 0.0543 0.3562 -0.9328
vn 0.6775 -0.3119 -0.6661
vn 0.2340 -0.5520 0.8004
vn 0.6234 -0.2267 -0.7484
vn 0.1564 -0.5079 0.8471
vn 0.1064 -0.4774 0.8722
vn 0.0426 0.3475 -0.9367
vn 0.5560 -0.4229 -0.7155
vn 0.1923 -0.5883 0.7854
vn 0.5117 -0.3291 -0.7936
vn 0.1284 -0.5320 0.8369
vn 0.0874 -0.4938 0.8652
vn 0.5868 -0.4986 -0.6380
vn 0.2477 -0.6503 0.7181
vn 0.6342 -0.7164 -0.2909
vn 0.0092 -0.4186 0.9081
vn 0.0139 0.3878 -0.9216
vn 0.1299 0.2537 -0.9585
vn 0.0212 -0.4436 0.8960
vn 0.0251 -0.4424 0.8965
vn 0.6035 -0.5464 -0.5806
vn 0.0857 0.3079 -0.9476
vn 0.0572 -0.4646 0.8837
vn 0.4713 -0.7967 -0.3783
vn 0.0079 -0.4194 0.9078
vn 0.0118 0.3866 -0.9222
vn 0.0965 0.2333 -0.9676
vn 0.0215 -0.4461 0.8947
vn 0.4485 -0.6411 -0.6228
vn 0.0636 0.2945 -0.9535
vn 0.0360 -0.4759 0.8787
vn 0.0382 -0.4729 0.8803
vn 0.0249 -0.4760 0.8791
vn 0.0363 0.3436 -0.9384
vn 0.0225 0.3383 -0.9408
vn 0.4132 -0.5101 -0.7544
vn 0.1430 -0.6170 0.7738
vn 0.3804 -0.4096 -0.8292
vn 0.0955 -0.5510 0.8290
vn 0.0649 -0.5066 0.8597
vn 0.4361 -0.5906 -0.6790
vn 0.1841 -0.6892 0.7008
vn 0.2544 -0.5702 -0.7811
vn 0.0882 -0.6369 0.7659
vn 0.2343 -0.4653 -0.8536
vn 0.0588 -0.5641 0.8236
vn 0.0400 -0.5155 0.8560
vn 0.2685 -0.6540 -0.7072
vn 0.1133 -0.7159 0.6889
vn 0.2898 -0.8484 -0.4431
vn 0.0048 -0.4204 0.9073
vn -0.0032 -0.4200 0.9075
vn 0.0032 -0.4207 0.9072
vn -0.0000 0.3844 -0.9231
vn 0.0073 0.3849 -0.9229
vn 0.0049 0.3844 -0.9231
vn 0.0594 0.2193 -0.9738
vn 0.0149 -0.4481 0.8939
vn 0.0050 -0.4497 0.8931
vn 0.2762 -0.7063 -0.6519
vn 0.0392 0.2852 -0.9577
vn 0.0251 -0.4759 0.8792
vn 0.0084 -0.4787 0.8779
vn 0.0150 0.3370 -0.9414
vn -0.0000 0.3840 -0.9233
vn 0.0201 0.2122 -0.9770
vn -0.0000 -0.4498 0.8931
vn 0.0933 -0.7395 -0.6667
vn 0.0932 -0.7395 -0.6667
vn 0.0132 0.2805 -0.9598
vn 0.0085 -0.4787 0.8779
vn 0.0075 0.3355 -0.9420
vn 0.0859 -0.6008 -0.7948
vn 0.0298 -0.6471 0.7619
vn 0.0791 -0.4938 -0.8660
vn 0.0199 -0.5708 0.8208
vn 0.0135 -0.5200 0.8541
vn 0.0907 -0.6863 -0.7216
vn 0.0383 -0.7296 0.6828
vn 0.0981 -0.8720 -0.4795
vn 0.1044 -0.8695 -0.4828
vn 0.0977 -0.8722 -0.4792
vn -0.0000 -0.4210 0.9071
vn -0.0298 -0.6471 0.7619
vn -0.0792 -0.4941 -0.8658
vn -0.0199 -0.5708 0.8208
vn -0.0135 -0.5200 0.8541
vn -0.0907 -0.6863 -0.7216
vn -0.0383 -0.7296 0.6828
vn -0.1043 -0.8693 -0.4832
vn -0.0981 -0.8718 -0.4799
vn -0.0977 -0.8720 -0.4796
vn -0.0032 -0.4207 0.9072
vn -0.0049 0.3844 -0.9231
vn -0.0201 0.2122 -0.9770
vn -0.0050 -0.4497 0.8931
vn -0.0933 -0.7395 -0.6667
vn -0.0932 -0.7395 -0.6667
vn -0.0132 0.2805 -0.9598
vn -0.0085 -0.4787 0.8779
vn -0.0083 -0.4787 0.8780
vn -0.0075 0.3355 -0.9420
vn -0.0076 0.3356 -0.9420
vn -0.0859 -0.6008 -0.7948
vn -0.0594 0.2193 -0.9738
vn -0.0149 -0.4481 0.8939
vn -0.0147 -0.4481 0.8938
vn -0.2762 -0.7063 -0.6519
vn -0.2762 -0.7063 -0.6518
vn -0.0392 0.2852 -0.9577
vn -0.0252 -0.4759 0.8791
vn -0.0250 -0.4761 0.8791
vn -0.0224 0.3383 -0.9408
vn -0.0225 0.3383 -0.9408
vn -0.2544 -0.5702 -0.7811
vn -0.0882 -0.6369 0.7659
vn -0.2345 -0.4661 -0.8531
vn -0.0588 -0.5641 0.8236
vn -0.0400 -0.5155 0.8560
vn -0.2685 -0.6540 -0.7072
vn -0.1133 -0.7159 0.6889
vn -0.2897 -0.8478 -0.4442
vn -0.0063 -0.4199 0.9075
vn -0.0073 0.3849 -0.9229
vn -0.3808 -0.4109 -0.8283
vn -0.0955 -0.5510 0.8290
vn -0.0649 -0.5066 0.8597
vn -0.4361 -0.5906 -0.6790
vn -0.1841 -0.6892 0.7008
vn -0.4713 -0.7958 -0.3803
vn -0.0092 -0.4186 0.9081
vn -0.0173 0.3910 -0.9202
vn -0.0118 0.3866 -0.9222
vn -0.0139 0.3878 -0.9216
vn -0.0965 0.2333 -0.9676
vn -0.0243 -0.4448 0.8953
vn -0.0241 -0.4449 0.8953
vn -0.4485 -0.6411 -0.6228
vn -0.0636 0.2945 -0.9535
vn -0.0411 -0.4705 0.8814
vn -0.0409 -0.4705 0.8815
vn -0.0363 0.3436 -0.9384
vn -0.0426 0.3475 -0.9367
vn -0.4132 -0.5101 -0.7544
vn -0.1430 -0.6170 0.7738
vn -0.0326 -0.4400 0.8974
vn -0.0323 -0.4401 0.8973
vn -0.6035 -0.5464 -0.5806
vn -0.6036 -0.5464 -0.5806
vn -0.0857 0.3079 -0.9476
vn -0.0591 -0.4606 0.8856
vn -0.0576 -0.4636 0.8841
vn -0.0595 -0.4600 0.8859
vn -0.0543 0.3562 -0.9328
vn -0.5560 -0.4229 -0.7155
vn -0.1923 -0.5883 0.7854
vn -0.5125 -0.3307 -0.7924
vn -0.1284 -0.5320 0.8369
vn -0.0874 -0.4938 0.8652
vn -0.5868 -0.4986 -0.6380
vn -0.2477 -0.6503 0.7181
vn -0.6342 -0.7152 -0.2936
vn -0.0106 -0.4178 0.9085
vn -0.0177 0.3907 -0.9204
vn -0.1299 0.2537 -0.9585
vn -0.1564 -0.5079 0.8471
vn -0.1019 -0.4741 0.8745
vn -0.1016 -0.4744 0.8744
vn -0.0916 -0.4828 0.8709
vn -0.7151 -0.3815 -0.5858
vn -0.3018 -0.6009 0.7402
vn -0.7711 -0.6070 -0.1926
vn -0.0129 -0.4159 0.9093
vn -0.0155 -0.4094 0.9122
vn -0.0138 -0.4148 0.9098
vn -0.0208 0.3941 -0.9188
vn -0.1583 0.2797 -0.9470
vn -0.1583 0.2796 -0.9470
vn -0.0396 -0.4339 0.9001
vn -0.0395 -0.4341 0.9000
vn -0.7354 -0.4260 -0.5270
vn -0.1044 0.3250 -0.9399
vn -0.0697 -0.4539 0.8883
vn -0.0694 -0.4541 0.8883
vn -0.0638 0.3668 -0.9281
vn -0.6775 -0.3119 -0.6661
vn -0.2340 -0.5520 0.8004
vn -0.6246 -0.2284 -0.7468
vn -0.1191 0.3451 -0.9310
vn -0.0796 -0.4412 0.8939
vn -0.0794 -0.4415 0.8937
vn -0.0680 0.3725 -0.9255
vn -0.0738 0.3852 -0.9199
vn -0.7730 -0.1815 -0.6080
vn -0.2667 -0.5095 0.8181
vn -0.7126 -0.1081 -0.6932
vn -0.1783 -0.4797 0.8591
vn -0.1160 -0.4562 0.8823
vn -0.8158 -0.2437 -0.5245
vn -0.3443 -0.5428 0.7660
vn -0.8762 -0.4740 -0.0869
vn -0.0153 -0.4123 0.9109
vn -0.0221 0.3960 -0.9180
vn -0.1806 0.3101 -0.9334
vn -0.0453 -0.4268 0.9032
vn -0.0452 -0.4270 0.9031
vn -0.8390 -0.2843 -0.4639
vn -0.8852 -0.0907 -0.4563
vn -0.3736 -0.4782 0.7948
vn -0.9470 -0.3209 0.0144
vn -0.0163 -0.4097 0.9121
vn -0.0245 0.4068 -0.9132
vn -0.0240 0.4002 -0.9161
vn -0.0245 0.4024 -0.9152
vn -0.1960 0.3440 -0.9183
vn -0.0491 -0.4190 0.9067
vn -0.0490 -0.4191 0.9066
vn -0.9104 -0.1269 -0.3937
vn -0.1292 0.3674 -0.9210
vn -0.0862 -0.4274 0.9000
vn -0.0861 -0.4276 0.8999
vn -0.0768 0.3988 -0.9138
vn -0.8387 -0.0365 -0.5434
vn -0.2891 -0.4626 0.8381
vn -0.7731 0.0256 -0.6337
vn -0.1934 -0.4484 0.8726
vn -0.1261 -0.4359 0.8911
vn -0.0896 -0.4126 0.9065
vn -0.0897 -0.4053 0.9098
vn -0.0768 0.4126 -0.9077
vn -0.8722 0.1175 -0.4748
vn -0.3005 -0.4131 0.8597
vn -0.8039 0.1675 -0.5706
vn -0.2011 -0.4154 0.8871
vn -0.1313 -0.4144 0.9006
vn -0.9206 0.0718 -0.3839
vn -0.3886 -0.4096 0.8254
vn -0.9840 -0.1451 0.1033
vn -0.9828 -0.1521 0.1044
vn -0.9827 -0.1526 0.1046
vn -0.0166 -0.4069 0.9133
vn -0.0250 0.4068 -0.9132
vn -0.2038 0.3800 -0.9023
vn -0.0509 -0.4107 0.9104
vn -0.0511 -0.4064 0.9123
vn -0.9468 0.0402 -0.3193
vn -0.1344 0.3911 -0.9105
vn -0.3886 -0.3397 0.8565
vn -0.9828 0.0241 0.1831
vn -0.9840 0.0203 0.1772
vn -0.9827 0.0242 0.1836
vn -0.0163 -0.4041 0.9146
vn -0.0245 0.4113 -0.9112
vn -0.2038 0.4167 -0.8859
vn -0.0509 -0.4022 0.9141
vn -0.0490 -0.3938 0.9179
vn -0.9468 0.2105 -0.2434
vn -0.1344 0.4153 -0.8997
vn -0.0896 -0.3979 0.9130
vn -0.0861 -0.3830 0.9197
vn -0.0753 0.4194 -0.9047
vn -0.8722 0.2744 -0.4049
vn -0.3005 -0.3628 0.8821
vn -0.8038 0.3123 -0.5063
vn -0.2011 -0.3817 0.9021
vn -0.1315 -0.3924 0.9104
vn -0.9206 0.2374 -0.3101
vn -0.0709 0.4326 -0.8988
vn -0.8387 0.4283 -0.3363
vn -0.2891 -0.3137 0.9044
vn -0.7728 0.4542 -0.4434
vn -0.1934 -0.3488 0.9170
vn -0.1266 -0.3708 0.9200
vn -0.8852 0.3999 -0.2377
vn -0.3736 -0.2711 0.8871
vn -0.9469 0.2035 0.2490
vn -0.0160 -0.4028 0.9152
vn -0.0240 0.4135 -0.9102
vn -0.1960 0.4526 -0.8699
vn -0.0491 -0.3939 0.9179
vn -0.0452 -0.3858 0.9215
vn -0.9104 0.3776 -0.1690
vn -0.1292 0.4390 -0.8891
vn -0.0862 -0.3832 0.9196
vn -0.0794 -0.3692 0.9260
vn -0.8761 0.3810 0.2955
vn -0.0147 -0.4002 0.9163
vn -0.0044 -0.3933 0.9194
vn -0.0138 -0.3990 0.9168
vn -0.0173 0.4226 -0.9061
vn -0.0221 0.4176 -0.9084
vn -0.0208 0.4195 -0.9075
vn -0.1806 0.4865 -0.8548
vn -0.0453 -0.3861 0.9214
vn -0.0395 -0.3788 0.9247
vn -0.8390 0.5350 -0.0989
vn -0.1191 0.4614 -0.8792
vn -0.0796 -0.3695 0.9258
vn -0.0694 -0.3567 0.9316
vn -0.0680 0.4390 -0.8959
vn -0.0597 0.4504 -0.8908
vn -0.7730 0.5733 -0.2717
vn -0.2667 -0.2675 0.9259
vn -0.7120 0.5878 -0.3841
vn -0.1783 -0.3179 0.9312
vn -0.1168 -0.3505 0.9293
vn -0.8158 0.5529 -0.1696
vn -0.3443 -0.2065 0.9158
vn -0.6775 0.7038 -0.2136
vn -0.2340 -0.2259 0.9456
vn -0.6239 0.7080 -0.3309
vn -0.1564 -0.2901 0.9441
vn -0.1024 -0.3322 0.9376
vn -0.7151 0.6906 -0.1082
vn -0.3018 -0.1484 0.9417
vn -0.7710 0.5482 0.3242
vn -0.0117 -0.3969 0.9178
vn -0.0177 0.4230 -0.9060
vn -0.1583 0.5170 -0.8412
vn -0.0397 -0.3790 0.9246
vn -0.0324 -0.3728 0.9273
vn -0.7354 0.6767 -0.0357
vn -0.1044 0.4815 -0.8702
vn -0.0697 -0.3568 0.9316
vn -0.0597 0.4505 -0.8908
vn -0.0490 0.4602 -0.8865
vn -0.0139 0.4258 -0.9047
vn -0.1299 0.5429 -0.8297
vn -0.0326 -0.3729 0.9273
vn -0.0240 -0.3680 0.9295
vn -0.6035 0.7971 0.0179
vn -0.6036 0.7971 0.0179
vn -0.0857 0.4986 -0.8626
vn -0.0572 -0.3463 0.9364
vn -0.0489 0.4602 -0.8865
vn -0.0364 0.4679 -0.8830
vn -0.5560 0.8148 -0.1641
vn -0.1923 -0.1905 0.9627
vn -0.5119 0.8101 -0.2858
vn -0.1284 -0.2664 0.9553
vn -0.0841 -0.3166 0.9448
vn -0.5868 0.8078 -0.0560
vn -0.2477 -0.0990 0.9638
vn -0.6342 0.6956 0.3375
vn -0.0092 -0.3951 0.9186
vn -0.1430 -0.1627 0.9763
vn -0.3803 0.8903 -0.2504
vn -0.0955 -0.2478 0.9641
vn -0.0625 -0.3044 0.9505
vn -0.4361 0.8998 -0.0150
vn -0.1841 -0.0601 0.9811
vn -0.4713 0.8139 0.3398
vn -0.0063 -0.3939 0.9191
vn -0.0118 0.4270 -0.9042
vn -0.0965 0.5633 -0.8206
vn -0.0243 -0.3682 0.9294
vn -0.0148 -0.3648 0.9310
vn -0.4485 0.8918 0.0601
vn -0.0636 0.5120 -0.8566
vn -0.0425 -0.3380 0.9402
vn -0.0294 0.4705 -0.8819
vn -0.4132 0.9020 -0.1253
vn -0.0149 -0.3649 0.9309
vn -0.0050 -0.3632 0.9317
vn -0.2762 0.9570 0.0891
vn -0.0392 0.5212 -0.8525
vn -0.0262 -0.3322 0.9428
vn -0.0224 0.4731 -0.8807
vn -0.2544 0.9621 -0.0985
vn -0.0882 -0.1435 0.9857
vn -0.2341 0.9455 -0.2261
vn -0.2341 0.9456 -0.2261
vn -0.0588 -0.2350 0.9702
vn -0.0385 -0.2961 0.9544
vn -0.2685 0.9632 0.0132
vn -0.1133 -0.0334 0.9930
vn -0.2898 0.8962 0.3359
vn -0.0032 -0.3931 0.9195
vn -0.0073 0.4288 -0.9034
vn -0.0049 0.4292 -0.9032
vn -0.0594 0.5773 -0.8143
vn -0.0199 -0.2285 0.9733
vn -0.0130 -0.2918 0.9564
vn -0.0907 0.9955 0.0276
vn -0.0383 -0.0197 0.9991
vn -0.0982 0.9388 0.3301
vn -0.1044 0.9396 0.3261
vn -0.0977 0.9388 0.3304
vn -0.0016 -0.3928 0.9196
vn -0.0201 0.5845 -0.8112
vn -0.0933 0.9902 0.1039
vn -0.0132 0.5260 -0.8504
vn -0.0088 -0.3293 0.9442
vn -0.0076 0.4759 -0.8795
vn -0.0859 0.9927 -0.0849
vn -0.0298 -0.1337 0.9906
vn -0.0790 0.9736 -0.2140
vn 0.0880 -0.3906 0.9164
vn 0.8018 0.3132 -0.5089
vn 0.1287 -0.3849 0.9140
vn 0.7939 0.5299 0.2984
vn 0.8390 0.5350 -0.0988
vn 0.8909 0.3628 0.2732
vn 0.6619 0.6813 0.3126
vn 0.9534 0.1897 0.2346
vn 0.4578 0.8791 -0.1325
vn 0.3798 0.8901 -0.2519
vn 0.4983 0.8060 0.3196
vn 0.7540 0.4595 -0.4695
vn 0.3096 0.8943 0.3230
vn 0.9833 0.0180 0.1808
vn 0.8673 0.3193 -0.3819
vn 0.0856 0.4986 -0.8626
vn 0.1050 0.9395 0.3261
vn 0.9834 -0.1464 0.1073
vn 0.9535 -0.3010 0.0151
vn 0.1934 -0.4484 0.8726
vn 0.3443 -0.5428 0.7661
vn 0.8911 -0.4452 -0.0882
vn 0.3018 -0.6009 0.7401
vn 0.7939 -0.5755 -0.1961
vn 0.6775 -0.3120 -0.6661
vn 0.1923 -0.5883 0.7855
vn 0.6619 -0.6871 -0.2995
vn 0.4982 -0.7755 -0.3879
vn 0.0197 -0.4465 0.8946
vn 0.0348 -0.4773 0.8780
vn 0.3095 -0.8369 -0.4514
vn 0.1050 -0.8693 -0.4830
vn -0.1050 -0.8691 -0.4834
vn -0.3095 -0.8362 -0.4527
vn -0.4982 -0.7745 -0.3899
vn -0.0572 -0.4646 0.8837
vn -0.1923 -0.5883 0.7855
vn -0.0897 -0.4844 0.8702
vn -0.6619 -0.6859 -0.3023
vn -0.7941 -0.5741 -0.1995
vn -0.8914 -0.4438 -0.0920
vn -0.9541 -0.2994 0.0111
vn -0.9841 -0.1446 0.1033
vn -0.9840 0.0198 0.1769
vn -0.9540 0.1916 0.2307
vn -0.8913 0.3646 0.2696
vn -0.7940 0.5315 0.2951
vn -0.2477 -0.0989 0.9638
vn -0.6619 0.6825 0.3099
vn -0.3802 0.8903 -0.2504
vn -0.4982 0.8068 0.3175
vn -0.3095 0.8948 0.3217
vn -0.1050 0.9396 0.3257
vn -0.0932 0.9902 0.1039
vt 0.784414 0.124155
vt 0.797615 0.117555
vt 0.797615 0.124155
vt 0.929632 0.124155
vt 0.942834 0.117555
vt 0.942834 0.124155
vt 0.903229 0.117555
vt 0.890027 0.110954
vt 0.903229 0.110954
vt 0.863624 0.117555
vt 0.876826 0.110954
vt 0.876826 0.117555
vt 0.929632 0.117555
vt 0.942834 0.110954
vt 0.771212 0.117555
vt 0.758010 0.114254
vt 0.771212 0.110954
vt 0.903229 0.124155
vt 0.890027 0.117555
vt 0.824019 0.130756
vt 0.837220 0.124155
vt 0.837220 0.130756
vt 0.929632 0.130756
vt 0.942834 0.130756
vt 0.771212 0.124156
vt 0.758010 0.120855
vt 0.969238 0.120855
vt 0.956036 0.124155
vt 0.956036 0.117555
vt 0.810817 0.130756
vt 0.824019 0.124155
vt 0.771212 0.130756
vt 0.784414 0.130756
vt 0.810817 0.117555
vt 0.810817 0.124155
vt 0.916431 0.117555
vt 0.784414 0.110954
vt 0.784414 0.117555
vt 0.797615 0.110954
vt 0.810817 0.110954
vt 0.916431 0.124155
vt 0.929632 0.137357
vt 0.916431 0.130756
vt 0.876826 0.137357
vt 0.890027 0.130756
vt 0.890027 0.137357
vt 0.810817 0.137357
vt 0.824019 0.137357
vt 0.850422 0.137357
vt 0.850422 0.130756
vt 0.837220 0.137357
vt 0.942834 0.137357
vt 0.863624 0.130756
vt 0.876826 0.130756
vt 0.850422 0.124155
vt 0.863624 0.124155
vt 0.797615 0.130756
vt 0.916431 0.110954
vt 0.824019 0.110954
vt 0.824019 0.117555
vt 0.903229 0.130756
vt 0.890027 0.124155
vt 0.929632 0.110954
vt 0.771212 0.143958
vt 0.758010 0.140658
vt 0.771212 0.137357
vt 0.863624 0.143958
vt 0.876826 0.143958
vt 0.850422 0.143958
vt 0.797615 0.143958
vt 0.810817 0.143958
vt 0.916431 0.143958
vt 0.903229 0.137357
vt 0.916431 0.137357
vt 0.837220 0.117555
vt 0.969238 0.114254
vt 0.956036 0.110954
vt 0.758010 0.127456
vt 0.850422 0.117555
vt 0.916431 0.150559
vt 0.903229 0.143958
vt 0.942834 0.150559
vt 0.929632 0.143958
vt 0.942834 0.143958
vt 0.771212 0.150559
vt 0.758010 0.147259
vt 0.784414 0.143958
vt 0.797615 0.137357
vt 0.784414 0.137357
vt 0.771212 0.163761
vt 0.784414 0.157160
vt 0.784414 0.163761
vt 0.890027 0.150559
vt 0.890027 0.143958
vt 0.758010 0.160460
vt 0.771212 0.157160
vt 0.876826 0.150559
vt 0.890027 0.163761
vt 0.903229 0.157160
vt 0.903229 0.163761
vt 0.824019 0.163761
vt 0.837220 0.157160
vt 0.837220 0.163761
vt 0.797615 0.150559
vt 0.797615 0.157160
vt 0.850422 0.150559
vt 0.837220 0.143958
vt 0.784414 0.150559
vt 0.876826 0.157160
vt 0.890027 0.157160
vt 0.942834 0.157160
vt 0.956036 0.150559
vt 0.956036 0.157160
vt 0.850422 0.157160
vt 0.863624 0.150559
vt 0.863624 0.157160
vt 0.810817 0.150559
vt 0.810817 0.157160
vt 0.824019 0.150559
vt 0.824019 0.157160
vt 0.876826 0.124155
vt 0.810817 0.163761
vt 0.837220 0.150559
vt 0.942834 0.163761
vt 0.956036 0.163761
vt 0.929632 0.150559
vt 0.916431 0.157160
vt 0.916431 0.163761
vt 0.929632 0.163761
vt 0.969238 0.153859
vt 0.758010 0.153859
vt 0.903229 0.150559
vt 0.850422 0.110954
vt 0.863624 0.110954
vt 0.837220 0.110954
vt 0.824019 0.143958
vt 0.956036 0.143958
vt 0.929632 0.157160
vt 0.863624 0.137357
vt 0.797615 0.163761
vt 0.863624 0.163761
vt 0.876826 0.163761
vt 0.969238 0.134057
vt 0.956036 0.137357
vt 0.956036 0.130756
vt 0.758010 0.134057
vt 0.969238 0.127456
vt 0.969238 0.160460
vt 0.850422 0.163761
vt 0.969238 0.147258
vt 0.969238 0.140658
vt 0.942834 0.104353
vt 0.890027 0.104353
vt 0.956036 0.104353
vt 0.916431 0.104353
vt 0.929632 0.104353
vt 0.863624 0.104353
vt 0.876826 0.104353
vt 0.824019 0.104353
vt 0.837220 0.104353
vt 0.810817 0.104353
vt 0.797615 0.104353
vt 0.850422 0.104353
vt 0.903229 0.104353
vt 0.758010 0.107653
vt 0.771212 0.104353
vt 0.969238 0.107653
vt 0.784414 0.104353
vt 0.797615 0.097752
vt 0.810817 0.097752
vt 0.916431 0.097752
vt 0.850422 0.097752
vt 0.863624 0.097752
vt 0.758010 0.101053
vt 0.771212 0.097752
vt 0.969238 0.101052
vt 0.956036 0.097752
vt 0.929632 0.097752
vt 0.784414 0.097752
vt 0.890027 0.097752
vt 0.903229 0.097752
vt 0.942834 0.097752
vt 0.824019 0.097752
vt 0.837220 0.097752
vt 0.876826 0.097752
vt 0.929632 0.091151
vt 0.942834 0.091151
vt 0.784414 0.091151
vt 0.797615 0.091151
vt 0.956036 0.091151
vt 0.890027 0.091151
vt 0.824019 0.091151
vt 0.837220 0.091151
vt 0.863624 0.091151
vt 0.876826 0.091151
vt 0.810817 0.091151
vt 0.916431 0.091151
vt 0.850422 0.091151
vt 0.758010 0.094452
vt 0.771212 0.091151
vt 0.969238 0.094452
vt 0.903229 0.091151
vt 0.916431 0.084550
vt 0.850422 0.084550
vt 0.863624 0.084550
vt 0.758010 0.087851
vt 0.771212 0.084550
vt 0.969238 0.087851
vt 0.956036 0.084550
vt 0.929632 0.084550
vt 0.784414 0.084550
vt 0.890027 0.084550
vt 0.903229 0.084550
vt 0.942834 0.084550
vt 0.797615 0.084550
vt 0.824019 0.084550
vt 0.837220 0.084550
vt 0.876826 0.084550
vt 0.810817 0.084550
vt 0.956036 0.077949
vt 0.890027 0.077949
vt 0.824019 0.077949
vt 0.837220 0.077949
vt 0.863624 0.077949
vt 0.876826 0.077949
vt 0.810817 0.077949
vt 0.797615 0.077949
vt 0.916431 0.077949
vt 0.850422 0.077949
vt 0.758010 0.081250
vt 0.771212 0.077949
vt 0.969238 0.081250
vt 0.929632 0.077949
vt 0.784414 0.077949
vt 0.903229 0.077949
vt 0.942834 0.077949
vt 0.850422 0.071349
vt 0.758010 0.074649
vt 0.771212 0.071349
vt 0.969238 0.074649
vt 0.956036 0.071349
vt 0.916431 0.071349
vt 0.929632 0.071349
vt 0.784414 0.071349
vt 0.890027 0.071349
vt 0.903229 0.071349
vt 0.942834 0.071349
vt 0.797615 0.071349
vt 0.824019 0.071349
vt 0.837220 0.071349
vt 0.863624 0.071349
vt 0.876826 0.071349
vt 0.810817 0.071349
vt 0.890027 0.064748
vt 0.824019 0.064748
vt 0.837220 0.064748
vt 0.863624 0.064748
vt 0.876826 0.064748
vt 0.810817 0.064748
vt 0.797615 0.064748
vt 0.916431 0.064748
vt 0.850422 0.064748
vt 0.758010 0.068048
vt 0.771212 0.064748
vt 0.969238 0.068048
vt 0.956036 0.064748
vt 0.929632 0.064748
vt 0.784414 0.064748
vt 0.903229 0.064748
vt 0.942834 0.064748
vt 0.969238 0.061447
vt 0.956036 0.058147
vt 0.916431 0.058147
vt 0.929632 0.058147
vt 0.771212 0.058147
vt 0.784414 0.058147
vt 0.890027 0.058147
vt 0.903229 0.058147
vt 0.942834 0.058147
vt 0.797615 0.058147
vt 0.824019 0.058147
vt 0.837220 0.058147
vt 0.863624 0.058147
vt 0.876826 0.058147
vt 0.810817 0.058147
vt 0.850422 0.058147
vt 0.758010 0.061447
vt 0.837220 0.051546
vt 0.863624 0.051546
vt 0.876826 0.051546
vt 0.824019 0.051546
vt 0.810817 0.051546
vt 0.916431 0.051546
vt 0.850422 0.051546
vt 0.758010 0.054846
vt 0.771212 0.051546
vt 0.969238 0.054846
vt 0.956036 0.051546
vt 0.929632 0.051546
vt 0.784414 0.051546
vt 0.890027 0.051546
vt 0.903229 0.051546
vt 0.942834 0.051546
vt 0.797615 0.051546
vt 0.916431 0.044945
vt 0.929632 0.044945
vt 0.784414 0.044945
vt 0.890027 0.044945
vt 0.903229 0.044945
vt 0.942834 0.044945
vt 0.797615 0.044945
vt 0.956036 0.044945
vt 0.837220 0.044945
vt 0.863624 0.044945
vt 0.876826 0.044945
vt 0.824019 0.044945
vt 0.810817 0.044945
vt 0.850422 0.044945
vt 0.758010 0.048246
vt 0.771212 0.044945
vt 0.969238 0.048246
vt 0.863624 0.038344
vt 0.876826 0.038344
vt 0.824019 0.038344
vt 0.810817 0.038344
vt 0.916431 0.038344
vt 0.850422 0.038344
vt 0.837220 0.038344
vt 0.758010 0.041645
vt 0.771212 0.038344
vt 0.969238 0.041645
vt 0.956036 0.038344
vt 0.929632 0.038344
vt 0.784414 0.038344
vt 0.890027 0.038344
vt 0.903229 0.038344
vt 0.942834 0.038344
vt 0.797615 0.038344
vt 0.784414 0.031743
vt 0.890027 0.031743
vt 0.903229 0.031743
vt 0.942834 0.031743
vt 0.797615 0.031743
vt 0.956036 0.031743
vt 0.837220 0.031743
vt 0.863624 0.031743
vt 0.876826 0.031743
vt 0.824019 0.031743
vt 0.810817 0.031743
vt 0.916431 0.031743
vt 0.850422 0.031743
vt 0.758010 0.035044
vt 0.771212 0.031743
vt 0.969238 0.035044
vt 0.929632 0.031743
vt 0.824019 0.025143
vt 0.810817 0.025143
vt 0.916431 0.025143
vt 0.850422 0.025143
vt 0.863624 0.025143
vt 0.837220 0.025143
vt 0.758010 0.028443
vt 0.771212 0.025143
vt 0.969238 0.028443
vt 0.956036 0.025143
vt 0.929632 0.025143
vt 0.784414 0.025143
vt 0.890027 0.025143
vt 0.903229 0.025143
vt 0.942834 0.025143
vt 0.797615 0.025143
vt 0.876826 0.025143
vt 0.929632 0.018542
vt 0.942834 0.018542
vt 0.797615 0.018542
vt 0.956036 0.018542
vt 0.890027 0.018542
vt 0.837220 0.018542
vt 0.876826 0.018542
vt 0.824019 0.018542
vt 0.810817 0.018542
vt 0.916431 0.018542
vt 0.850422 0.018542
vt 0.863624 0.018542
vt 0.758010 0.021842
vt 0.771212 0.018542
vt 0.969238 0.021842
vt 0.784414 0.018542
vt 0.903229 0.018542
vt 0.916431 0.011941
vt 0.850422 0.011941
vt 0.863624 0.011941
vt 0.837220 0.011941
vt 0.758010 0.015241
vt 0.771212 0.011941
vt 0.969238 0.015241
vt 0.956036 0.011941
vt 0.929632 0.011941
vt 0.784414 0.011941
vt 0.890027 0.011941
vt 0.903229 0.011941
vt 0.942834 0.011941
vt 0.797615 0.011941
vt 0.876826 0.011941
vt 0.824019 0.011941
vt 0.810817 0.011941
vt 0.797615 0.005340
vt 0.942834 0.005340
vt 0.956036 0.005340
vt 0.890027 0.005340
vt 0.837220 0.005340
vt 0.876826 0.005340
vt 0.824019 0.005340
vt 0.810817 0.005340
vt 0.916431 0.005340
vt 0.850422 0.005340
vt 0.863624 0.005340
vt 0.758010 0.008640
vt 0.771212 0.005340
vt 0.969238 0.008640
vt 0.929632 0.005340
vt 0.784414 0.005340
vt 0.903229 0.005340
vt 0.863624 0.216568
vt 0.850422 0.209967
vt 0.863624 0.209967
vt 0.837220 0.216568
vt 0.850422 0.216568
vt 0.771212 0.216568
vt 0.758010 0.213267
vt 0.771212 0.209967
vt 0.969238 0.213267
vt 0.956036 0.216568
vt 0.956036 0.209967
vt 0.929632 0.216568
vt 0.916431 0.209967
vt 0.929632 0.209967
vt 0.784414 0.216568
vt 0.784414 0.209967
vt 0.903229 0.216568
vt 0.890027 0.209967
vt 0.903229 0.209967
vt 0.942834 0.209967
vt 0.942834 0.216568
vt 0.797615 0.216568
vt 0.797615 0.209967
vt 0.876826 0.216568
vt 0.890027 0.216568
vt 0.824019 0.209967
vt 0.837220 0.209967
vt 0.876826 0.209967
vt 0.824019 0.216568
vt 0.810817 0.209967
vt 0.810817 0.216568
vt 0.916431 0.216568
vt 0.956036 0.203366
vt 0.890027 0.203366
vt 0.824019 0.203366
vt 0.837220 0.203366
vt 0.876826 0.203366
vt 0.810817 0.203366
vt 0.797615 0.203366
vt 0.916431 0.203366
vt 0.850422 0.203366
vt 0.863624 0.203366
vt 0.758010 0.206666
vt 0.771212 0.203366
vt 0.969238 0.206666
vt 0.929632 0.203366
vt 0.784414 0.203366
vt 0.903229 0.203366
vt 0.942834 0.203366
vt 0.850422 0.196765
vt 0.758010 0.200065
vt 0.771212 0.196765
vt 0.969238 0.200065
vt 0.956036 0.196765
vt 0.916431 0.196765
vt 0.929632 0.196765
vt 0.784414 0.196765
vt 0.890027 0.196765
vt 0.903229 0.196765
vt 0.942834 0.196765
vt 0.797615 0.196765
vt 0.824019 0.196765
vt 0.837220 0.196765
vt 0.876826 0.196765
vt 0.810817 0.196765
vt 0.863624 0.196765
vt 0.890027 0.190164
vt 0.824019 0.190164
vt 0.837220 0.190164
vt 0.876826 0.190164
vt 0.810817 0.190164
vt 0.797615 0.190164
vt 0.916431 0.190164
vt 0.850422 0.190164
vt 0.863624 0.190164
vt 0.758010 0.193465
vt 0.771212 0.190164
vt 0.969238 0.193464
vt 0.956036 0.190164
vt 0.929632 0.190164
vt 0.784414 0.190164
vt 0.903229 0.190164
vt 0.942834 0.190164
vt 0.969238 0.186864
vt 0.956036 0.183563
vt 0.916431 0.183563
vt 0.929633 0.183563
vt 0.771212 0.183563
vt 0.784414 0.183563
vt 0.890027 0.183563
vt 0.903229 0.183563
vt 0.942834 0.183563
vt 0.797615 0.183563
vt 0.824019 0.183563
vt 0.837220 0.183563
vt 0.876826 0.183563
vt 0.810817 0.183563
vt 0.850422 0.183563
vt 0.863624 0.183563
vt 0.758010 0.186864
vt 0.824019 0.176962
vt 0.837220 0.176962
vt 0.876826 0.176962
vt 0.810817 0.176962
vt 0.797615 0.176962
vt 0.916431 0.176962
vt 0.850422 0.176962
vt 0.863624 0.176962
vt 0.758010 0.180263
vt 0.771212 0.176962
vt 0.969238 0.180263
vt 0.956036 0.176962
vt 0.929633 0.176962
vt 0.784414 0.176962
vt 0.890027 0.176962
vt 0.903229 0.176962
vt 0.942834 0.176962
vt 0.771212 0.170362
vt 0.784414 0.170362
vt 0.890027 0.170361
vt 0.903229 0.170361
vt 0.942834 0.170361
vt 0.797615 0.170362
vt 0.956036 0.170361
vt 0.824019 0.170362
vt 0.837220 0.170362
vt 0.876826 0.170361
vt 0.810817 0.170362
vt 0.916431 0.170361
vt 0.850422 0.170362
vt 0.863624 0.170362
vt 0.758010 0.173662
vt 0.969238 0.173662
vt 0.929633 0.170361
vt 0.758010 0.167061
vt 0.969238 0.167061
s 1
usemtl Material.004
f 2566/2846/2138 2656/2847/2139 2565/2848/2140
f 2555/2849/2141 2551/2850/2141 2554/2851/2141
f 2548/2852/2142 2663/2853/2142 2664/2854/2142
f 2545/2855/2143 2662/2856/2143 2546/2857/2143
f 2550/2858/2144 2667/2859/2144 2551/2850/2144
f 2658/2860/2145 2945/2861/2146 2673/2862/2147
f 2557/2863/2148 2547/2864/2148 2548/2852/2148
f 2572/2865/2149 2562/2866/2149 2573/2867/2149
f 2580/2868/2150 2554/2851/2150 2581/2869/2150
f 2567/2870/2151 2945/2871/2146 2658/2860/2145
f 2894/2872/2152 2553/2873/2153 2552/2874/2154
f 2571/2875/2155 2563/2876/2155 2572/2865/2155
f 2568/2877/2156 2566/2846/2157 2569/2878/2158
f 2553/2873/2159 2551/2850/2160 2552/2874/2160
f 2565/2848/2161 2655/2879/2161 2564/2880/2161
f 2555/2849/2162 2549/2881/2162 2550/2858/2162
f 2658/2860/2163 2672/2882/2164 2657/2883/2165
f 2655/2879/2166 2671/2884/2167 2670/2885/2168
f 2580/2868/2169 2556/2886/2169 2555/2849/2169
f 2585/2887/2170 2579/2888/2170 2580/2868/2170
f 2589/2889/2171 2577/2890/2171 2588/2891/2171
f 2594/2892/2172 2572/2865/2172 2593/2893/2172
f 2591/2894/2173 2573/2867/2173 2574/2895/2173
f 2593/2893/2174 2573/2867/2174 2592/2896/2174
f 2585/2887/2175 2581/2869/2175 2584/2897/2175
f 2589/2889/2176 2575/2898/2176 2576/2899/2176
f 2575/2898/2177 2561/2900/2177 2560/2901/2177
f 2569/2878/2178 2565/2848/2140 2570/2902/2179
f 2548/2852/2180 2665/2903/2180 2549/2881/2180
f 2655/2879/2181 2669/2904/2181 2654/2905/2181
f 2578/2906/2182 2558/2907/2182 2557/2863/2182
f 2574/2895/2183 2562/2866/2183 2561/2900/2183
f 2550/2858/2184 2665/2903/2184 2666/2908/2184
f 2598/2909/2185 2945/2910/2186 2597/2911/2187
f 2605/2912/2188 2589/2889/2188 2606/2913/2188
f 2604/2914/2189 2592/2896/2189 2591/2894/2189
f 2600/2915/2190 2594/2892/2190 2601/2916/2190
f 2609/2917/2191 2587/2918/2191 2586/2919/2191
f 2563/2876/2192 2543/2920/2192 2562/2866/2192
f 2894/2921/2152 2552/2874/2154 2668/2922/2193
f 2578/2906/2194 2556/2886/2194 2579/2888/2194
f 2568/2877/2195 2945/2923/2186 2567/2870/2196
f 2561/2900/2197 2543/2920/2197 2544/2924/2197
f 2616/2925/2198 2608/2926/2198 2609/2917/2198
f 2614/2927/2199 2610/2928/2199 2611/2929/2199
f 2627/2930/2200 2945/2931/2186 2598/2909/2185
f 2599/2932/2201 2595/2933/2201 2600/2915/2201
f 2598/2909/2202 2596/2934/2203 2599/2932/2204
f 2653/2935/2205 2629/2936/2206 2652/2937/2205
f 2618/2938/2207 2606/2913/2207 2607/2939/2207
f 2653/2935/2208 2945/2940/2186 2628/2941/2209
f 2619/2942/2210 2605/2912/2210 2606/2913/2210
f 2644/2943/2211 2638/2944/2211 3021/2945/2211
f 2649/2946/2212 2633/2947/2212 2648/2948/2212
f 2629/2936/2213 2625/2949/2213 2630/2950/2213
f 2621/2951/2214 2603/2952/2214 2604/2914/2214
f 2628/2941/2215 2626/2953/2216 2629/2936/2206
f 2636/2954/2217 2618/2938/2217 2637/2955/2217
f 2641/2956/2218 2613/2957/2219 2642/2958/2220
f 2634/2959/2221 2620/2960/2221 2635/2961/2221
f 2625/2949/2222 2601/2916/2222 2624/2962/2222
f 2631/2963/2223 2623/2964/2223 2632/2965/2223
f 2630/2950/2224 2624/2962/2224 2631/2963/2224
f 2635/2961/2225 2619/2942/2225 2636/2954/2225
f 2564/2880/2226 2654/2905/2226 2563/2876/2226
f 2557/2863/2227 2549/2881/2227 2556/2886/2227
f 2560/2901/2228 2544/2924/2228 2545/2855/2228
f 2560/2901/2229 2546/2857/2229 2559/2966/2229
f 2650/2967/2230 2632/2965/2230 2649/2946/2230
f 2623/2964/2231 2603/2952/2231 2622/2968/2231
f 3023/2969/2232 2642/2958/2220 3024/2970/2233
f 2615/2971/2234 2609/2917/2234 2610/2928/2234
f 3021/2945/2235 2639/2972/2235 3022/2973/2235
f 2643/2974/2236 2641/2956/2236 3023/2969/2236
f 2634/2959/2237 2622/2968/2237 2621/2951/2237
f 2894/2975/2238 2642/2958/2239 2613/2957/2240
f 2632/2965/2241 2622/2968/2241 2633/2947/2241
f 2626/2953/2242 2600/2915/2242 2625/2949/2242
f 2628/2941/2209 2945/2976/2186 2627/2930/2200
f 2639/2972/2243 2617/2977/2243 2616/2925/2243
f 2545/2855/2244 2660/2978/2244 2661/2979/2244
f 2654/2905/2245 2659/2980/2245 2543/2920/2246
f 2551/2850/2160 2668/2922/2247 2552/2874/2160
f 2567/2870/2248 2657/2883/2165 2566/2846/2157
f 2558/2907/2249 2546/2857/2249 2547/2864/2249
f 2656/2847/2139 2672/2882/2250 2671/2884/2251
f 2575/2898/2252 2559/2966/2252 2576/2899/2252
f 2587/2918/2253 2579/2888/2253 2586/2919/2253
f 2544/2924/2254 2659/2980/2255 2660/2978/2256
f 2601/2916/2257 2593/2893/2257 2602/2981/2257
f 2546/2857/2258 2663/2853/2258 2547/2864/2258
f 2617/2977/2259 2607/2939/2259 2608/2926/2259
f 2613/2957/2219 2611/2929/2260 2612/2982/2261
f 2640/2983/2262 2616/2925/2262 2615/2971/2262
f 2640/2983/2263 2614/2927/2263 2641/2956/2263
f 2638/2944/2264 2618/2938/2264 2617/2977/2264
f 2577/2890/2265 2559/2966/2265 2558/2907/2265
f 2605/2912/2266 2591/2894/2266 2590/2984/2266
f 3022/2973/2267 2640/2983/2267 2643/2974/2267
f 2644/2943/2268 2636/2954/2268 2637/2955/2268
f 2652/2937/2269 2630/2950/2269 2651/2985/2269
f 2646/2986/2270 2636/2954/2270 2645/2987/2270
f 2595/2933/2271 2571/2875/2271 2594/2892/2271
f 2894/2988/2272 2583/2989/2273 2582/2990/2274
f 2597/2911/2187 2945/2991/2186 2568/2877/2195
f 2597/2911/2275 2569/2878/2158 2596/2934/2203
f 2894/2992/2272 2582/2990/2274 2553/2873/2276
f 2612/2982/2261 2584/2897/2277 2583/2989/2278
f 2609/2917/2279 2585/2887/2279 2610/2928/2279
f 2602/2981/2280 2592/2896/2280 2603/2952/2280
f 2608/2926/2281 2588/2891/2281 2587/2918/2281
f 2611/2929/2282 2585/2887/2282 2584/2897/2282
f 2591/2894/2283 2575/2898/2283 2590/2984/2283
f 2606/2913/2284 2588/2891/2284 2607/2939/2284
f 2894/2993/2238 3024/2970/2285 2642/2958/2239
f 2647/2994/2286 2635/2961/2286 2646/2986/2286
f 2651/2985/2287 2631/2963/2287 2650/2967/2287
f 2647/2994/2288 2633/2947/2289 2634/2959/2290
f 2570/2902/2291 2564/2880/2291 2571/2875/2291
f 2582/2990/2292 2554/2851/2293 2553/2873/2159
f 2596/2934/2294 2570/2902/2179 2595/2933/2294
f 2587/2918/2295 2577/2890/2295 2578/2906/2295
f 2583/2989/2278 2581/2869/2296 2582/2990/2292
f 2621/2951/2297 2605/2912/2297 2620/2960/2297
f 2627/2930/2298 2599/2932/2204 2626/2953/2216
f 2624/2962/2299 2602/2981/2299 2623/2964/2299
f 2894/2995/2272 2613/2957/2300 2612/2982/2301
f 2894/2996/2272 2612/2982/2301 2583/2989/2273
f 2666/2908/2302 2682/2997/2302 2667/2859/2302
f 2662/2856/2303 2678/2998/2303 2663/2853/2303
f 2668/2922/2247 2682/2997/2304 2683/2999/2304
f 2666/2908/2305 2680/3000/2305 2681/3001/2305
f 2662/2856/2306 2676/3002/2306 2677/3003/2306
f 2659/2980/2307 2684/3004/2307 2674/3005/2308
f 2669/2904/2309 2685/3006/2309 2684/3004/2309
f 2670/2885/2310 2686/3007/2310 2685/3006/2310
f 2664/2854/2311 2680/3000/2311 2665/2903/2311
f 2659/2980/2312 2675/3008/2313 2660/2978/2314
f 2664/2854/2315 2678/2998/2315 2679/3009/2315
f 2661/2979/2316 2675/3008/2316 2676/3002/2316
f 2673/2862/2147 2945/3010/2146 2688/3011/2317
f 2894/3012/2152 2668/2922/2193 2683/2999/2318
f 2671/2884/2319 2687/3013/2320 2686/3007/2321
f 2672/2882/2164 2688/3011/2322 2687/3013/2323
f 2685/3006/2324 2701/3014/2324 2700/3015/2324
f 2679/3009/2325 2695/3016/2325 2680/3000/2325
f 2676/3002/2326 2690/3017/2326 2691/3018/2326
f 2674/3005/2327 2690/3017/2327 2675/3008/2327
f 2688/3011/2317 2945/3019/2146 2703/3020/2328
f 2894/3021/2152 2683/2999/2318 2698/3022/2329
f 2681/3001/2330 2695/3016/2330 2696/3023/2330
f 2687/3013/2323 2703/3020/2331 2702/3024/2332
f 2679/3009/2333 2693/3025/2333 2694/3026/2333
f 2682/2997/2334 2696/3023/2334 2697/3027/2334
f 2686/3007/2321 2702/3024/2335 2701/3014/2336
f 2682/2997/2304 2698/3022/2337 2683/2999/2304
f 2677/3003/2338 2693/3025/2338 2678/2998/2338
f 2674/3005/2339 2699/3028/2339 2689/3029/2339
f 2677/3003/2340 2691/3018/2340 2692/3030/2340
f 2684/3004/2341 2700/3015/2341 2699/3028/2341
f 2697/3027/2342 2711/3031/2342 2712/3032/2342
f 2701/3014/2336 2717/3033/2343 2716/3034/2344
f 2698/3022/2337 2712/3032/2345 2713/3035/2346
f 2692/3030/2347 2708/3036/2347 2693/3025/2347
f 2689/3029/2348 2714/3037/2348 2704/3038/2348
f 2692/3030/2349 2706/3039/2349 2707/3040/2349
f 2699/3028/2350 2715/3041/2350 2714/3037/2350
f 2700/3015/2351 2716/3034/2351 2715/3041/2351
f 2694/3026/2352 2710/3042/2352 2695/3016/2352
f 2691/3018/2353 2705/3043/2353 2706/3039/2353
f 2689/3029/2354 2705/3043/2354 2690/3017/2354
f 2703/3020/2328 2945/3044/2146 2718/3045/2355
f 2894/3046/2356 2698/3022/2357 2713/3035/2358
f 2696/3023/2359 2710/3042/2359 2711/3031/2359
f 2702/3024/2332 2718/3045/2360 2717/3033/2361
f 2694/3026/2362 2708/3036/2362 2709/3047/2362
f 2709/3047/2363 2725/3048/2363 2710/3042/2363
f 2706/3039/2364 2720/3049/2364 2721/3050/2364
f 2704/3038/2365 2720/3049/2365 2705/3043/2365
f 2718/3045/2355 2945/3051/2146 2733/3052/2366
f 2894/3053/2356 2713/3035/2358 2728/3054/2367
f 2711/3031/2368 2725/3048/2368 2726/3055/2369
f 2717/3033/2361 2733/3052/2370 2732/3056/2371
f 2709/3047/2372 2723/3057/2372 2724/3058/2372
f 2712/3032/2373 2726/3055/2373 2727/3059/2373
f 2716/3034/2374 2732/3056/2374 2731/3060/2374
f 2713/3035/2346 2727/3059/2375 2728/3054/2375
f 2707/3040/2376 2723/3057/2376 2708/3036/2376
f 2704/3038/2377 2729/3061/2377 2719/3062/2377
f 2707/3040/2378 2721/3050/2378 2722/3063/2378
f 2714/3037/2379 2730/3064/2379 2729/3061/2379
f 2715/3041/2380 2731/3060/2380 2730/3064/2380
f 2727/3059/2375 2743/3065/2381 2728/3054/2375
f 2722/3063/2382 2738/3066/2382 2723/3057/2382
f 2719/3062/2383 2744/3067/2383 2734/3068/2383
f 2722/3063/2384 2736/3069/2384 2737/3070/2384
f 2729/3061/2385 2745/3071/2385 2744/3067/2385
f 2730/3064/2386 2746/3072/2386 2745/3071/2386
f 2724/3058/2387 2740/3073/2387 2725/3048/2387
f 2721/3050/2388 2735/3074/2388 2736/3069/2388
f 2719/3062/2389 2735/3074/2389 2720/3049/2389
f 2733/3052/2366 2945/3075/2146 2748/3076/2390
f 2894/3077/2356 2728/3054/2367 2743/3065/2391
f 2726/3055/2392 2740/3073/2392 2741/3078/2392
f 2732/3056/2371 2748/3076/2393 2747/3079/2394
f 2724/3058/2395 2738/3066/2395 2739/3080/2395
f 2726/3055/2396 2742/3081/2396 2727/3059/2396
f 2731/3060/2397 2747/3079/2397 2746/3072/2397
f 2734/3068/2398 2750/3082/2398 2735/3074/2398
f 2748/3076/2390 2945/3083/2146 2763/3084/2399
f 2894/3085/2356 2743/3065/2391 2758/3086/2400
f 2741/3078/2401 2755/3087/2401 2756/3088/2401
f 2748/3076/2393 2762/3089/2402 2747/3079/2394
f 2739/3080/2403 2753/3090/2403 2754/3091/2403
f 2741/3078/2404 2757/3092/2404 2742/3081/2404
f 2746/3072/2405 2762/3089/2406 2761/3093/2407
f 2743/3065/2381 2757/3092/2408 2758/3086/2409
f 2737/3070/2410 2753/3090/2410 2738/3066/2410
f 2734/3068/2411 2759/3094/2411 2749/3095/2411
f 2737/3070/2412 2751/3096/2412 2752/3097/2412
f 2744/3067/2413 2760/3098/2413 2759/3094/2413
f 2745/3071/2414 2761/3093/2414 2760/3098/2414
f 2739/3080/2415 2755/3087/2415 2740/3073/2415
f 2736/3069/2416 2750/3082/2416 2751/3096/2416
f 2752/3097/2417 2768/3099/2417 2753/3090/2417
f 2749/3095/2418 2774/3100/2418 2764/3101/2418
f 2752/3097/2419 2766/3102/2419 2767/3103/2419
f 2759/3094/2420 2775/3104/2420 2774/3100/2420
f 2760/3098/2421 2776/3105/2421 2775/3104/2421
f 2754/3091/2422 2770/3106/2422 2755/3087/2422
f 2751/3096/2423 2765/3107/2423 2766/3102/2423
f 2749/3095/2424 2765/3107/2424 2750/3082/2424
f 2763/3084/2425 2945/3108/2426 2778/3109/2427
f 2894/3110/2428 2758/3086/2429 2773/3111/2430
f 2756/3088/2431 2770/3106/2431 2771/3112/2431
f 2762/3089/2402 2778/3109/2432 2777/3113/2433
f 2754/3091/2434 2768/3099/2434 2769/3114/2434
f 2756/3088/2435 2772/3115/2435 2757/3092/2435
f 2761/3093/2407 2777/3113/2436 2776/3105/2437
f 2758/3086/2409 2772/3115/2438 2773/3111/2438
f 2894/3116/2428 2773/3111/2430 2788/3117/2439
f 2771/3112/2440 2785/3118/2440 2786/3119/2440
f 2777/3113/2433 2793/3120/2441 2792/3121/2441
f 2769/3114/2442 2783/3122/2443 2784/3123/2442
f 2772/3115/2444 2786/3119/2444 2787/3124/2444
f 2776/3105/2437 2792/3121/2445 2791/3125/2445
f 2772/3115/2438 2788/3117/2446 2773/3111/2438
f 2767/3103/2447 2783/3122/2447 2768/3099/2447
f 2764/3101/2448 2789/3126/2448 2779/3127/2448
f 2767/3103/2449 2781/3128/2449 2782/3129/2449
f 2774/3100/2450 2790/3130/2450 2789/3126/2450
f 2775/3104/2451 2791/3125/2451 2790/3130/2451
f 2769/3114/2452 2785/3118/2452 2770/3106/2452
f 2766/3102/2453 2780/3131/2453 2781/3128/2453
f 2764/3101/2454 2780/3131/2455 2765/3107/2456
f 2778/3109/2427 2945/3132/2426 2793/3120/2457
f 2789/3126/2458 2794/3133/2458 2779/3127/2458
f 2782/3129/2459 2796/3134/2459 2797/3135/2459
f 2790/3130/2460 2804/3136/2460 2789/3126/2460
f 2791/3125/2461 2805/3137/2461 2790/3130/2461
f 2784/3123/2462 2800/3138/2462 2785/3118/2462
f 2781/3128/2463 2795/3139/2463 2796/3134/2463
f 2780/3131/2464 2794/3133/2465 2795/3139/2466
f 2793/3120/2457 2945/3140/2426 2808/3141/2467
f 2894/3142/2428 2788/3117/2439 2803/3143/2468
f 2786/3119/2469 2800/3138/2469 2801/3144/2469
f 2793/3120/2441 2807/3145/2470 2792/3121/2441
f 2784/3123/2471 2798/3146/2472 2799/3147/2471
f 2786/3119/2473 2802/3148/2473 2787/3124/2473
f 2792/3121/2474 2806/3149/2475 2791/3125/2474
f 2787/3124/2476 2803/3143/2477 2788/3117/2446
f 2782/3129/2478 2798/3146/2478 2783/3122/2478
f 2801/3144/2479 2815/3150/2479 2816/3151/2479
f 2808/3141/2480 2822/3152/2481 2807/3145/2470
f 2799/3147/2482 2813/3153/2482 2814/3154/2483
f 2802/3148/2484 2816/3151/2484 2817/3155/2484
f 2807/3145/2485 2821/3156/2486 2806/3149/2475
f 2802/3148/2487 2818/3157/2488 2803/3143/2477
f 2797/3135/2489 2813/3153/2489 2798/3146/2489
f 2804/3136/2490 2809/3158/2490 2794/3133/2490
f 2797/3135/2491 2811/3159/2491 2812/3160/2491
f 2805/3137/2492 2819/3161/2492 2804/3136/2492
f 2806/3149/2493 2820/3162/2493 2805/3137/2493
f 2799/3147/2494 2815/3150/2494 2800/3138/2494
f 2796/3134/2495 2810/3163/2495 2811/3159/2495
f 2795/3139/2496 2809/3158/2496 2810/3163/2496
f 2808/3141/2467 2945/3164/2426 2823/3165/2497
f 2894/3166/2428 2803/3143/2468 2818/3157/2498
f 2812/3160/2499 2826/3167/2499 2827/3168/2499
f 2820/3162/2500 2834/3169/2500 2819/3161/2500
f 2821/3156/2501 2835/3170/2501 2820/3162/2501
f 2814/3154/2502 2830/3171/2502 2815/3150/2502
f 2811/3159/2503 2825/3172/2503 2826/3167/2503
f 2810/3163/2504 2824/3173/2504 2825/3172/2504
f 2823/3165/2497 2945/3174/2426 2838/3175/2505
f 2894/3176/2506 2818/3157/2507 2833/3177/2508
f 2816/3151/2509 2830/3171/2509 2831/3178/2509
f 2823/3165/2510 2837/3179/2511 2822/3152/2481
f 2814/3154/2512 2828/3180/2512 2829/3181/2512
f 2816/3151/2513 2832/3182/2513 2817/3155/2513
f 2822/3152/2514 2836/3183/2515 2821/3156/2486
f 2817/3155/2516 2833/3177/2517 2818/3157/2488
f 2812/3160/2518 2828/3180/2518 2813/3153/2518
f 2819/3161/2519 2824/3173/2519 2809/3158/2519
f 2838/3175/2520 2852/3184/2521 2837/3179/2511
f 2829/3181/2522 2843/3185/2522 2844/3186/2523
f 2831/3178/2524 2847/3187/2524 2832/3182/2524
f 2837/3179/2525 2851/3188/2526 2836/3183/2527
f 2833/3177/2517 2847/3187/2528 2848/3189/2528
f 2827/3168/2529 2843/3185/2529 2828/3180/2529
f 2834/3169/2530 2839/3190/2530 2824/3173/2530
f 2827/3168/2531 2841/3191/2531 2842/3192/2531
f 2835/3170/2532 2849/3193/2532 2834/3169/2532
f 2836/3183/2533 2850/3194/2533 2835/3170/2533
f 2829/3181/2534 2845/3195/2534 2830/3171/2534
f 2826/3167/2535 2840/3196/2535 2841/3191/2535
f 2825/3172/2536 2839/3190/2536 2840/3196/2536
f 2838/3175/2505 2945/3197/2426 2853/3198/2537
f 2894/3199/2506 2833/3177/2508 2848/3189/2538
f 2831/3178/2539 2845/3195/2539 2846/3200/2539
f 2850/3194/2540 2864/3201/2540 2849/3193/2540
f 2851/3188/2541 2865/3202/2542 2850/3194/2543
f 2844/3186/2544 2860/3203/2544 2845/3195/2544
f 2841/3191/2545 2855/3204/2545 2856/3205/2545
f 2840/3196/2546 2854/3206/2546 2855/3204/2546
f 2853/3198/2547 2945/3207/2548 2868/3208/2549
f 2894/3209/2506 2848/3189/2538 2863/3210/2550
f 2846/3200/2551 2860/3203/2551 2861/3211/2552
f 2853/3198/2553 2867/3212/2554 2852/3184/2521
f 2844/3186/2555 2858/3213/2555 2859/3214/2555
f 2847/3187/2556 2861/3211/2556 2862/3215/2556
f 2852/3184/2557 2866/3216/2558 2851/3188/2557
f 2847/3187/2528 2863/3210/2559 2848/3189/2528
f 2842/3192/2560 2858/3213/2560 2843/3185/2560
f 2849/3193/2561 2854/3206/2561 2839/3190/2561
f 2842/3192/2562 2856/3205/2562 2857/3217/2562
f 2862/3215/2563 2876/3218/2563 2877/3219/2563
f 2867/3212/2564 2881/3220/2565 2866/3216/2558
f 2863/3210/2559 2877/3219/2566 2878/3221/2567
f 2857/3217/2568 2873/3222/2568 2858/3213/2568
f 2864/3201/2569 2869/3223/2569 2854/3206/2569
f 2856/3205/2570 2872/3224/2570 2857/3217/2570
f 2865/3202/2571 2879/3225/2571 2864/3201/2571
f 2866/3216/2572 2880/3226/2572 2865/3202/2572
f 2859/3214/2573 2875/3227/2573 2860/3203/2573
f 2856/3205/2574 2870/3228/2574 2871/3229/2574
f 2855/3204/2575 2869/3223/2575 2870/3228/2575
f 2868/3208/2549 2945/3230/2548 2883/3231/2576
f 2894/3232/2506 2863/3210/2550 2878/3221/2577
f 2861/3211/2578 2875/3227/2578 2876/3218/2578
f 2868/3208/2579 2882/3233/2580 2867/3212/2554
f 2859/3214/2581 2873/3222/2581 2874/3234/2581
f 2874/3234/2582 2890/3235/2582 2875/3227/2582
f 2871/3229/2583 2885/3236/2583 2886/3237/2583
f 2870/3228/2584 2884/3238/2584 2885/3236/2584
f 2883/3231/2576 2945/3239/2548 2899/3240/2585
f 2894/3241/2586 2878/3221/2587 2893/3242/2588
f 2876/3218/2589 2890/3235/2589 2891/3243/2589
f 2883/3231/2590 2898/3244/2591 2882/3233/2580
f 2874/3234/2592 2888/3245/2592 2889/3246/2592
f 2876/3218/2593 2892/3247/2593 2877/3219/2593
f 2882/3233/2594 2897/3248/2595 2881/3220/2565
f 2878/3221/2567 2892/3247/2567 2893/3242/2596
f 2872/3224/2597 2888/3245/2597 2873/3222/2597
f 2879/3225/2598 2884/3238/2598 2869/3223/2598
f 2871/3229/2599 2887/3249/2599 2872/3224/2599
f 2880/3226/2600 2895/3250/2600 2879/3225/2600
f 2881/3220/2601 2896/3251/2601 2880/3226/2601
f 2898/3244/2602 2912/3252/2603 2897/3248/2595
f 2893/3242/2596 2908/3253/2596 2909/3254/2604
f 2887/3249/2605 2904/3255/2605 2888/3245/2605
f 2895/3250/2606 2900/3256/2606 2884/3238/2606
f 2886/3237/2607 2903/3257/2607 2887/3249/2607
f 2896/3251/2608 2910/3258/2608 2895/3250/2608
f 2897/3248/2609 2911/3259/2609 2896/3251/2609
f 2889/3246/2610 2906/3260/2610 2890/3235/2610
f 2886/3237/2611 2901/3261/2611 2902/3262/2611
f 2885/3236/2612 2900/3256/2613 2901/3261/2614
f 2899/3240/2585 2945/3263/2548 2914/3264/2615
f 2894/3265/2586 2893/3242/2588 2909/3254/2616
f 2891/3243/2617 2906/3260/2617 2907/3266/2617
f 2899/3240/2618 2913/3267/2619 2898/3244/2591
f 2889/3246/2620 2904/3255/2620 2905/3268/2620
f 2891/3243/2621 2908/3253/2621 2892/3247/2621
f 2902/3269/2622 2916/3270/2622 2917/3271/2622
f 2900/3272/2623 2916/3270/2624 2901/3273/2625
f 2914/3274/2615 2945/3275/2548 2929/3276/2626
f 2894/3277/2586 2909/3278/2616 2924/3279/2627
f 2907/3280/2628 2921/3281/2628 2922/3282/2628
f 2913/3283/2619 2929/3276/2629 2928/3284/2630
f 2905/3285/2631 2919/3286/2631 2920/3287/2631
f 2907/3280/2632 2923/3288/2632 2908/3289/2632
f 2912/3290/2603 2928/3284/2633 2927/3291/2634
f 2909/3278/2604 2923/3288/2635 2924/3279/2635
f 2903/3292/2636 2919/3286/2636 2904/3293/2636
f 2900/3272/2637 2925/3294/2637 2915/3295/2637
f 2902/3269/2638 2918/3296/2638 2903/3292/2638
f 2910/3297/2639 2926/3298/2639 2925/3294/2639
f 2911/3299/2640 2927/3291/2640 2926/3298/2640
f 2905/3285/2641 2921/3281/2641 2906/3300/2641
f 2923/3288/2635 2939/3301/2642 2924/3279/2635
f 2918/3296/2643 2934/3302/2643 2919/3286/2643
f 2915/3295/2644 2940/3303/2644 2930/3304/2644
f 2917/3271/2645 2933/3305/2645 2918/3296/2645
f 2925/3294/2646 2941/3306/2646 2940/3303/2646
f 2926/3298/2647 2942/3307/2647 2941/3306/2647
f 2920/3287/2648 2936/3308/2648 2921/3281/2648
f 2917/3271/2649 2931/3309/2649 2932/3310/2649
f 2915/3295/2650 2931/3309/2650 2916/3270/2650
f 2929/3276/2626 2945/3311/2548 2944/3312/2651
f 2894/3313/2586 2924/3279/2627 2939/3301/2652
f 2922/3282/2653 2936/3308/2653 2937/3314/2653
f 2928/3284/2630 2944/3312/2654 2943/3315/2655
f 2920/3287/2656 2934/3302/2656 2935/3316/2656
f 2922/3282/2657 2938/3317/2657 2923/3288/2657
f 2927/3291/2634 2943/3315/2658 2942/3307/2659
f 2930/3304/2660 2947/3318/2660 2931/3309/2660
f 2944/3312/2661 2945/3319/2662 2960/3320/2663
f 2894/3321/2664 2939/3301/2665 2955/3322/2666
f 2937/3314/2667 2952/3323/2667 2953/3324/2667
f 2943/3315/2655 2960/3320/2668 2959/3325/2669
f 2935/3316/2670 2950/3326/2670 2951/3327/2670
f 2937/3314/2671 2954/3328/2671 2938/3317/2671
f 2942/3307/2659 2959/3325/2672 2958/3329/2673
f 2939/3301/2642 2954/3328/2674 2955/3322/2675
f 2933/3305/2676 2950/3326/2676 2934/3302/2676
f 2930/3304/2677 2956/3330/2677 2946/3331/2677
f 2932/3310/2678 2949/3332/2678 2933/3305/2678
f 2940/3303/2679 2957/3333/2679 2956/3330/2679
f 2941/3306/2680 2958/3329/2680 2957/3333/2680
f 2935/3316/2681 2952/3323/2681 2936/3308/2681
f 2932/3310/2682 2947/3318/2682 2948/3334/2682
f 2949/3332/2683 2965/3335/2683 2950/3326/2683
f 2946/3331/2684 2971/3336/2684 2961/3337/2684
f 2948/3334/2685 2964/3338/2685 2949/3332/2685
f 2956/3330/2686 2972/3339/2686 2971/3336/2686
f 2957/3333/2687 2973/3340/2687 2972/3339/2687
f 2951/3327/2688 2967/3341/2688 2952/3323/2688
f 2948/3334/2689 2962/3342/2689 2963/3343/2689
f 2946/3331/2690 2962/3342/2690 2947/3318/2690
f 2960/3320/2663 2945/3344/2662 2975/3345/2691
f 2894/3346/2664 2955/3322/2666 2970/3347/2692
f 2953/3324/2693 2967/3341/2693 2968/3348/2693
f 2959/3325/2669 2975/3345/2694 2974/3349/2695
f 2951/3327/2696 2965/3335/2696 2966/3350/2696
f 2953/3324/2697 2969/3351/2697 2954/3328/2697
f 2958/3329/2673 2974/3349/2698 2973/3340/2698
f 2955/3322/2675 2969/3351/2699 2970/3347/2700
f 2894/3352/2664 2970/3347/2692 2985/3353/2701
f 2968/3348/2702 2982/3354/2702 2983/3355/2702
f 2974/3349/2695 2990/3356/2703 2989/3357/2704
f 2966/3350/2705 2980/3358/2705 2981/3359/2706
f 2968/3348/2707 2984/3360/2707 2969/3351/2707
f 2973/3340/2708 2989/3357/2708 2988/3361/2708
f 2970/3347/2700 2984/3360/2709 2985/3353/2710
f 2964/3338/2711 2980/3358/2711 2965/3335/2711
f 2961/3337/2712 2986/3362/2712 2976/3363/2712
f 2963/3343/2713 2979/3364/2713 2964/3338/2713
f 2971/3336/2714 2987/3365/2714 2986/3362/2714
f 2972/3339/2715 2988/3361/2715 2987/3365/2715
f 2966/3350/2716 2982/3354/2716 2967/3341/2716
f 2963/3343/2717 2977/3366/2717 2978/3367/2717
f 2961/3337/2718 2977/3366/2718 2962/3342/2718
f 2975/3345/2691 2945/3368/2662 2990/3356/2719
f 2976/3363/2720 3001/3369/2720 2991/3370/2720
f 2978/3367/2721 2994/3371/2721 2979/3364/2721
f 2986/3362/2722 3002/3372/2722 3001/3369/2722
f 2987/3365/2723 3003/3373/2723 3002/3372/2723
f 2981/3359/2724 2997/3374/2724 2982/3354/2724
f 2978/3367/2725 2992/3375/2725 2993/3376/2725
f 2976/3363/2726 2992/3375/2726 2977/3366/2726
f 2990/3356/2719 2945/3377/2662 3005/3378/2727
f 2894/3379/2664 2985/3353/2701 3000/3380/2728
f 2983/3355/2729 2997/3374/2729 2998/3381/2729
f 2989/3357/2704 3005/3378/2730 3004/3382/2731
f 2981/3359/2732 2995/3383/2732 2996/3384/2732
f 2983/3355/2733 2999/3385/2733 2984/3360/2733
f 2988/3361/2734 3004/3382/2734 3003/3373/2734
f 2985/3353/2710 2999/3385/2735 3000/3380/2735
f 2979/3364/2736 2995/3383/2736 2980/3358/2736
f 3004/3382/2731 3020/3386/2737 3019/3387/2738
f 2996/3384/2739 3010/3388/2739 3011/3389/2739
f 2998/3381/2740 3014/3390/2740 2999/3385/2740
f 3003/3373/2741 3019/3387/2741 3018/3391/2741
f 2999/3385/2735 3015/3392/2742 3000/3380/2735
f 2994/3371/2743 3010/3388/2743 2995/3383/2743
f 2991/3370/2744 3016/3393/2744 3006/3394/2744
f 2993/3376/2745 3009/3395/2745 2994/3371/2746
f 3001/3369/2747 3017/3396/2747 3016/3393/2747
f 3002/3372/2748 3018/3391/2748 3017/3396/2748
f 2996/3384/2749 3012/3397/2749 2997/3374/2749
f 2993/3376/2750 3007/3398/2750 3008/3399/2750
f 2991/3370/2751 3007/3398/2751 2992/3375/2751
f 3005/3378/2727 2945/3400/2662 3020/3386/2752
f 2894/3401/2238 3000/3380/2753 3015/3392/2754
f 2998/3381/2755 3012/3397/2755 3013/3402/2755
f 3016/3393/2756 2650/2967/2756 2649/2946/2756
f 3017/3396/2757 2651/2985/2757 2650/2967/2757
f 3011/3389/2758 3022/2973/2758 3012/3397/2758
f 3008/3399/2759 2647/2994/2759 2646/2986/2759
f 3006/3394/2760 2647/2994/2761 3007/3398/2762
f 3020/3386/2752 2945/3403/2662 2653/2935/2763
f 2894/3404/2238 3015/3392/2754 3024/2970/2285
f 3012/3397/2764 2643/2974/2764 3013/3402/2764
f 3019/3387/2738 2653/2935/2205 2652/2937/2205
f 3011/3389/2765 2644/2943/2765 3021/2945/2765
f 3013/3402/2766 3023/2969/2766 3014/3390/2766
f 3018/3391/2767 2652/2937/2767 2651/2985/2767
f 3014/3390/2768 3024/2970/2233 3015/3392/2742
f 3009/3395/2769 2644/2943/2769 3010/3388/2769
f 3006/3394/2770 2649/2946/2770 2648/2948/2770
f 3008/3399/2771 2645/2987/2771 3009/3395/2771
f 2566/2846/2138 2657/2883/2772 2656/2847/2139
f 2555/2849/2141 2550/2858/2141 2551/2850/2141
f 2548/2852/2142 2547/2864/2142 2663/2853/2142
f 2545/2855/2773 2661/2979/2773 2662/2856/2773
f 2550/2858/2144 2666/2908/2144 2667/2859/2144
f 2557/2863/2148 2558/2907/2148 2547/2864/2148
f 2572/2865/2149 2563/2876/2149 2562/2866/2149
f 2580/2868/2150 2555/2849/2150 2554/2851/2150
f 2571/2875/2155 2564/2880/2155 2563/2876/2155
f 2568/2877/2156 2567/2870/2248 2566/2846/2157
f 2553/2873/2159 2554/2851/2293 2551/2850/2160
f 2565/2848/2161 2656/2847/2161 2655/2879/2161
f 2555/2849/2162 2556/2886/2162 2549/2881/2162
f 2658/2860/2163 2673/2862/2164 2672/2882/2164
f 2655/2879/2166 2656/2847/2774 2671/2884/2167
f 2580/2868/2169 2579/2888/2169 2556/2886/2169
f 2585/2887/2170 2586/2919/2170 2579/2888/2170
f 2589/2889/2171 2576/2899/2171 2577/2890/2171
f 2594/2892/2172 2571/2875/2172 2572/2865/2172
f 2591/2894/2775 2592/2896/2775 2573/2867/2775
f 2593/2893/2174 2572/2865/2174 2573/2867/2174
f 2585/2887/2175 2580/2868/2175 2581/2869/2175
f 2589/2889/2176 2590/2984/2176 2575/2898/2176
f 2575/2898/2177 2574/2895/2177 2561/2900/2177
f 2569/2878/2178 2566/2846/2138 2565/2848/2140
f 2548/2852/2180 2664/2854/2180 2665/2903/2180
f 2655/2879/2181 2670/2885/2181 2669/2904/2181
f 2578/2906/2182 2577/2890/2776 2558/2907/2182
f 2574/2895/2777 2573/2867/2777 2562/2866/2777
f 2550/2858/2184 2549/2881/2184 2665/2903/2184
f 2605/2912/2188 2590/2984/2188 2589/2889/2188
f 2604/2914/2778 2603/2952/2778 2592/2896/2778
f 2600/2915/2190 2595/2933/2190 2594/2892/2190
f 2609/2917/2191 2608/2926/2191 2587/2918/2191
f 2563/2876/2192 2654/2905/2192 2543/2920/2192
f 2578/2906/2194 2557/2863/2194 2556/2886/2194
f 2561/2900/2779 2562/2866/2779 2543/2920/2779
f 2616/2925/2198 2617/2977/2198 2608/2926/2198
f 2614/2927/2199 2615/2971/2199 2610/2928/2199
f 2599/2932/2201 2596/2934/2201 2595/2933/2201
f 2598/2909/2202 2597/2911/2275 2596/2934/2203
f 2653/2935/2205 2628/2941/2215 2629/2936/2206
f 2618/2938/2780 2619/2942/2780 2606/2913/2780
f 2619/2942/2781 2620/2960/2781 2605/2912/2781
f 2644/2943/2211 2637/2955/2211 2638/2944/2211
f 2649/2946/2212 2632/2965/2212 2633/2947/2212
f 2629/2936/2213 2626/2953/2213 2625/2949/2213
f 2621/2951/2782 2622/2968/2782 2603/2952/2782
f 2628/2941/2215 2627/2930/2298 2626/2953/2216
f 2636/2954/2217 2619/2942/2217 2618/2938/2217
f 2641/2956/2218 2614/2927/2219 2613/2957/2219
f 2634/2959/2221 2621/2951/2221 2620/2960/2221
f 2625/2949/2222 2600/2915/2222 2601/2916/2222
f 2631/2963/2223 2624/2962/2223 2623/2964/2223
f 2630/2950/2224 2625/2949/2224 2624/2962/2224
f 2635/2961/2225 2620/2960/2225 2619/2942/2225
f 2564/2880/2226 2655/2879/2226 2654/2905/2226
f 2557/2863/2227 2548/2852/2227 2549/2881/2227
f 2560/2901/2228 2561/2900/2228 2544/2924/2228
f 2560/2901/2229 2545/2855/2783 2546/2857/2229
f 2650/2967/2230 2631/2963/2230 2632/2965/2230
f 2623/2964/2231 2602/2981/2231 2603/2952/2231
f 3023/2969/2232 2641/2956/2218 2642/2958/2220
f 2615/2971/2234 2616/2925/2234 2609/2917/2234
f 3021/2945/2235 2638/2944/2235 2639/2972/2235
f 2643/2974/2236 2640/2983/2236 2641/2956/2236
f 2634/2959/2784 2633/2947/2784 2622/2968/2784
f 2632/2965/2241 2623/2964/2241 2622/2968/2241
f 2626/2953/2242 2599/2932/2242 2600/2915/2242
f 2639/2972/2243 2638/2944/2243 2617/2977/2243
f 2545/2855/2244 2544/2924/2244 2660/2978/2244
f 2654/2905/2245 2669/2904/2245 2659/2980/2245
f 2551/2850/2160 2667/2859/2247 2668/2922/2247
f 2567/2870/2248 2658/2860/2163 2657/2883/2165
f 2558/2907/2249 2559/2966/2249 2546/2857/2249
f 2656/2847/2139 2657/2883/2772 2672/2882/2250
f 2575/2898/2252 2560/2901/2252 2559/2966/2252
f 2587/2918/2253 2578/2906/2253 2579/2888/2253
f 2544/2924/2254 2543/2920/2785 2659/2980/2255
f 2601/2916/2257 2594/2892/2257 2593/2893/2257
f 2546/2857/2786 2662/2856/2786 2663/2853/2786
f 2617/2977/2259 2618/2938/2259 2607/2939/2259
f 2613/2957/2219 2614/2927/2219 2611/2929/2260
f 2640/2983/2262 2639/2972/2262 2616/2925/2262
f 2640/2983/2263 2615/2971/2263 2614/2927/2263
f 2638/2944/2264 2637/2955/2264 2618/2938/2264
f 2577/2890/2265 2576/2899/2265 2559/2966/2265
f 2605/2912/2266 2604/2914/2266 2591/2894/2266
f 3022/2973/2267 2639/2972/2267 2640/2983/2267
f 2644/2943/2268 2645/2987/2268 2636/2954/2268
f 2652/2937/2269 2629/2936/2269 2630/2950/2269
f 2646/2986/2270 2635/2961/2270 2636/2954/2270
f 2595/2933/2271 2570/2902/2271 2571/2875/2271
f 2597/2911/2275 2568/2877/2156 2569/2878/2158
f 2612/2982/2261 2611/2929/2260 2584/2897/2277
f 2609/2917/2279 2586/2919/2279 2585/2887/2279
f 2602/2981/2280 2593/2893/2280 2592/2896/2280
f 2608/2926/2281 2607/2939/2281 2588/2891/2281
f 2611/2929/2282 2610/2928/2787 2585/2887/2282
f 2591/2894/2283 2574/2895/2283 2575/2898/2283
f 2606/2913/2284 2589/2889/2284 2588/2891/2284
f 2647/2994/2286 2634/2959/2286 2635/2961/2286
f 2651/2985/2287 2630/2950/2287 2631/2963/2287
f 2647/2994/2288 2648/2948/2788 2633/2947/2289
f 2570/2902/2291 2565/2848/2291 2564/2880/2291
f 2582/2990/2292 2581/2869/2296 2554/2851/2293
f 2596/2934/2294 2569/2878/2178 2570/2902/2179
f 2587/2918/2295 2588/2891/2295 2577/2890/2295
f 2583/2989/2278 2584/2897/2277 2581/2869/2296
f 2621/2951/2297 2604/2914/2297 2605/2912/2297
f 2627/2930/2298 2598/2909/2202 2599/2932/2204
f 2624/2962/2299 2601/2916/2299 2602/2981/2299
f 2666/2908/2302 2681/3001/2302 2682/2997/2302
f 2662/2856/2303 2677/3003/2303 2678/2998/2303
f 2668/2922/2247 2667/2859/2247 2682/2997/2304
f 2666/2908/2305 2665/2903/2305 2680/3000/2305
f 2662/2856/2306 2661/2979/2306 2676/3002/2306
f 2659/2980/2307 2669/2904/2307 2684/3004/2307
f 2669/2904/2309 2670/2885/2309 2685/3006/2309
f 2670/2885/2310 2671/2884/2310 2686/3007/2310
f 2664/2854/2311 2679/3009/2311 2680/3000/2311
f 2659/2980/2312 2674/3005/2789 2675/3008/2313
f 2664/2854/2315 2663/2853/2315 2678/2998/2315
f 2661/2979/2316 2660/2978/2316 2675/3008/2316
f 2671/2884/2319 2672/2882/2319 2687/3013/2320
f 2672/2882/2164 2673/2862/2164 2688/3011/2322
f 2685/3006/2324 2686/3007/2324 2701/3014/2324
f 2679/3009/2325 2694/3026/2325 2695/3016/2325
f 2676/3002/2326 2675/3008/2326 2690/3017/2326
f 2674/3005/2790 2689/3029/2790 2690/3017/2790
f 2681/3001/2330 2680/3000/2330 2695/3016/2330
f 2687/3013/2323 2688/3011/2322 2703/3020/2331
f 2679/3009/2333 2678/2998/2333 2693/3025/2333
f 2682/2997/2334 2681/3001/2334 2696/3023/2334
f 2686/3007/2321 2687/3013/2320 2702/3024/2335
f 2682/2997/2304 2697/3027/2337 2698/3022/2337
f 2677/3003/2338 2692/3030/2338 2693/3025/2338
f 2674/3005/2339 2684/3004/2339 2699/3028/2339
f 2677/3003/2340 2676/3002/2340 2691/3018/2340
f 2684/3004/2341 2685/3006/2791 2700/3015/2341
f 2697/3027/2342 2696/3023/2342 2711/3031/2342
f 2701/3014/2336 2702/3024/2335 2717/3033/2343
f 2698/3022/2337 2697/3027/2337 2712/3032/2345
f 2692/3030/2347 2707/3040/2347 2708/3036/2347
f 2689/3029/2348 2699/3028/2348 2714/3037/2348
f 2692/3030/2349 2691/3018/2349 2706/3039/2349
f 2699/3028/2350 2700/3015/2350 2715/3041/2350
f 2700/3015/2351 2701/3014/2351 2716/3034/2351
f 2694/3026/2352 2709/3047/2352 2710/3042/2352
f 2691/3018/2353 2690/3017/2792 2705/3043/2353
f 2689/3029/2793 2704/3038/2793 2705/3043/2793
f 2696/3023/2359 2695/3016/2359 2710/3042/2359
f 2702/3024/2332 2703/3020/2331 2718/3045/2360
f 2694/3026/2362 2693/3025/2362 2708/3036/2362
f 2709/3047/2363 2724/3058/2363 2725/3048/2363
f 2706/3039/2364 2705/3043/2794 2720/3049/2364
f 2704/3038/2795 2719/3062/2795 2720/3049/2795
f 2711/3031/2368 2710/3042/2368 2725/3048/2368
f 2717/3033/2361 2718/3045/2360 2733/3052/2370
f 2709/3047/2372 2708/3036/2372 2723/3057/2372
f 2712/3032/2373 2711/3031/2373 2726/3055/2373
f 2716/3034/2374 2717/3033/2374 2732/3056/2374
f 2713/3035/2346 2712/3032/2345 2727/3059/2375
f 2707/3040/2376 2722/3063/2796 2723/3057/2376
f 2704/3038/2377 2714/3037/2377 2729/3061/2377
f 2707/3040/2378 2706/3039/2378 2721/3050/2378
f 2714/3037/2379 2715/3041/2379 2730/3064/2379
f 2715/3041/2380 2716/3034/2380 2731/3060/2380
f 2727/3059/2375 2742/3081/2381 2743/3065/2381
f 2722/3063/2382 2737/3070/2382 2738/3066/2382
f 2719/3062/2383 2729/3061/2797 2744/3067/2383
f 2722/3063/2384 2721/3050/2384 2736/3069/2384
f 2729/3061/2385 2730/3064/2385 2745/3071/2385
f 2730/3064/2386 2731/3060/2386 2746/3072/2386
f 2724/3058/2387 2739/3080/2387 2740/3073/2387
f 2721/3050/2388 2720/3049/2388 2735/3074/2388
f 2719/3062/2798 2734/3068/2798 2735/3074/2798
f 2726/3055/2392 2725/3048/2392 2740/3073/2392
f 2732/3056/2371 2733/3052/2370 2748/3076/2393
f 2724/3058/2395 2723/3057/2395 2738/3066/2395
f 2726/3055/2396 2741/3078/2396 2742/3081/2396
f 2731/3060/2397 2732/3056/2397 2747/3079/2397
f 2734/3068/2799 2749/3095/2799 2750/3082/2799
f 2741/3078/2401 2740/3073/2401 2755/3087/2401
f 2748/3076/2393 2763/3084/2800 2762/3089/2402
f 2739/3080/2403 2738/3066/2403 2753/3090/2403
f 2741/3078/2404 2756/3088/2404 2757/3092/2404
f 2746/3072/2405 2747/3079/2801 2762/3089/2406
f 2743/3065/2381 2742/3081/2381 2757/3092/2408
f 2737/3070/2410 2752/3097/2410 2753/3090/2410
f 2734/3068/2411 2744/3067/2411 2759/3094/2411
f 2737/3070/2412 2736/3069/2412 2751/3096/2412
f 2744/3067/2413 2745/3071/2413 2760/3098/2413
f 2745/3071/2414 2746/3072/2414 2761/3093/2414
f 2739/3080/2415 2754/3091/2415 2755/3087/2415
f 2736/3069/2416 2735/3074/2416 2750/3082/2416
f 2752/3097/2417 2767/3103/2417 2768/3099/2417
f 2749/3095/2418 2759/3094/2418 2774/3100/2418
f 2752/3097/2419 2751/3096/2419 2766/3102/2419
f 2759/3094/2420 2760/3098/2420 2775/3104/2420
f 2760/3098/2421 2761/3093/2421 2776/3105/2421
f 2754/3091/2422 2769/3114/2422 2770/3106/2422
f 2751/3096/2423 2750/3082/2423 2765/3107/2423
f 2749/3095/2802 2764/3101/2802 2765/3107/2802
f 2756/3088/2431 2755/3087/2431 2770/3106/2431
f 2762/3089/2402 2763/3084/2800 2778/3109/2432
f 2754/3091/2434 2753/3090/2434 2768/3099/2434
f 2756/3088/2435 2771/3112/2435 2772/3115/2435
f 2761/3093/2407 2762/3089/2406 2777/3113/2436
f 2758/3086/2409 2757/3092/2408 2772/3115/2438
f 2771/3112/2440 2770/3106/2440 2785/3118/2440
f 2777/3113/2433 2778/3109/2432 2793/3120/2441
f 2769/3114/2442 2768/3099/2443 2783/3122/2443
f 2772/3115/2444 2771/3112/2444 2786/3119/2444
f 2776/3105/2437 2777/3113/2436 2792/3121/2445
f 2772/3115/2438 2787/3124/2476 2788/3117/2446
f 2767/3103/2447 2782/3129/2447 2783/3122/2447
f 2764/3101/2448 2774/3100/2448 2789/3126/2448
f 2767/3103/2449 2766/3102/2449 2781/3128/2449
f 2774/3100/2450 2775/3104/2450 2790/3130/2450
f 2775/3104/2451 2776/3105/2451 2791/3125/2451
f 2769/3114/2452 2784/3123/2452 2785/3118/2452
f 2766/3102/2453 2765/3107/2453 2780/3131/2453
f 2764/3101/2454 2779/3127/2803 2780/3131/2455
f 2789/3126/2458 2804/3136/2458 2794/3133/2458
f 2782/3129/2459 2781/3128/2459 2796/3134/2459
f 2790/3130/2460 2805/3137/2460 2804/3136/2460
f 2791/3125/2461 2806/3149/2461 2805/3137/2461
f 2784/3123/2462 2799/3147/2462 2800/3138/2462
f 2781/3128/2463 2780/3131/2463 2795/3139/2463
f 2780/3131/2464 2779/3127/2804 2794/3133/2465
f 2786/3119/2469 2785/3118/2469 2800/3138/2469
f 2793/3120/2441 2808/3141/2480 2807/3145/2470
f 2784/3123/2471 2783/3122/2472 2798/3146/2472
f 2786/3119/2473 2801/3144/2473 2802/3148/2473
f 2792/3121/2474 2807/3145/2485 2806/3149/2475
f 2787/3124/2476 2802/3148/2487 2803/3143/2477
f 2782/3129/2478 2797/3135/2478 2798/3146/2478
f 2801/3144/2479 2800/3138/2479 2815/3150/2479
f 2808/3141/2480 2823/3165/2510 2822/3152/2481
f 2799/3147/2482 2798/3146/2482 2813/3153/2482
f 2802/3148/2484 2801/3144/2484 2816/3151/2484
f 2807/3145/2485 2822/3152/2514 2821/3156/2486
f 2802/3148/2487 2817/3155/2516 2818/3157/2488
f 2797/3135/2489 2812/3160/2489 2813/3153/2489
f 2804/3136/2490 2819/3161/2490 2809/3158/2490
f 2797/3135/2491 2796/3134/2491 2811/3159/2491
f 2805/3137/2492 2820/3162/2492 2819/3161/2492
f 2806/3149/2493 2821/3156/2493 2820/3162/2493
f 2799/3147/2494 2814/3154/2494 2815/3150/2494
f 2796/3134/2495 2795/3139/2495 2810/3163/2495
f 2795/3139/2805 2794/3133/2805 2809/3158/2805
f 2812/3160/2499 2811/3159/2499 2826/3167/2499
f 2820/3162/2500 2835/3170/2500 2834/3169/2500
f 2821/3156/2501 2836/3183/2501 2835/3170/2501
f 2814/3154/2502 2829/3181/2502 2830/3171/2502
f 2811/3159/2503 2810/3163/2503 2825/3172/2503
f 2810/3163/2806 2809/3158/2806 2824/3173/2806
f 2816/3151/2509 2815/3150/2509 2830/3171/2509
f 2823/3165/2510 2838/3175/2520 2837/3179/2511
f 2814/3154/2512 2813/3153/2512 2828/3180/2512
f 2816/3151/2513 2831/3178/2513 2832/3182/2513
f 2822/3152/2514 2837/3179/2515 2836/3183/2515
f 2817/3155/2516 2832/3182/2517 2833/3177/2517
f 2812/3160/2518 2827/3168/2518 2828/3180/2518
f 2819/3161/2519 2834/3169/2519 2824/3173/2519
f 2838/3175/2520 2853/3198/2553 2852/3184/2521
f 2829/3181/2522 2828/3180/2522 2843/3185/2522
f 2831/3178/2524 2846/3200/2524 2847/3187/2524
f 2837/3179/2525 2852/3184/2807 2851/3188/2526
f 2833/3177/2517 2832/3182/2517 2847/3187/2528
f 2827/3168/2529 2842/3192/2529 2843/3185/2529
f 2834/3169/2530 2849/3193/2808 2839/3190/2530
f 2827/3168/2531 2826/3167/2531 2841/3191/2531
f 2835/3170/2532 2850/3194/2532 2849/3193/2532
f 2836/3183/2809 2851/3188/2541 2850/3194/2543
f 2829/3181/2534 2844/3186/2534 2845/3195/2534
f 2826/3167/2535 2825/3172/2535 2840/3196/2535
f 2825/3172/2810 2824/3173/2810 2839/3190/2810
f 2831/3178/2539 2830/3171/2539 2845/3195/2539
f 2850/3194/2540 2865/3202/2540 2864/3201/2540
f 2851/3188/2541 2866/3216/2542 2865/3202/2542
f 2844/3186/2544 2859/3214/2544 2860/3203/2544
f 2841/3191/2545 2840/3196/2545 2855/3204/2545
f 2840/3196/2811 2839/3190/2811 2854/3206/2811
f 2846/3200/2551 2845/3195/2551 2860/3203/2551
f 2853/3198/2553 2868/3208/2579 2867/3212/2554
f 2844/3186/2555 2843/3185/2555 2858/3213/2555
f 2847/3187/2556 2846/3200/2556 2861/3211/2556
f 2852/3184/2557 2867/3212/2564 2866/3216/2558
f 2847/3187/2528 2862/3215/2559 2863/3210/2559
f 2842/3192/2560 2857/3217/2560 2858/3213/2560
f 2849/3193/2561 2864/3201/2561 2854/3206/2561
f 2842/3192/2562 2841/3191/2562 2856/3205/2562
f 2862/3215/2563 2861/3211/2563 2876/3218/2563
f 2867/3212/2564 2882/3233/2594 2881/3220/2565
f 2863/3210/2559 2862/3215/2559 2877/3219/2566
f 2857/3217/2568 2872/3224/2568 2873/3222/2568
f 2864/3201/2569 2879/3225/2569 2869/3223/2569
f 2856/3205/2570 2871/3229/2570 2872/3224/2570
f 2865/3202/2571 2880/3226/2571 2879/3225/2571
f 2866/3216/2572 2881/3220/2572 2880/3226/2572
f 2859/3214/2573 2874/3234/2573 2875/3227/2573
f 2856/3205/2574 2855/3204/2574 2870/3228/2574
f 2855/3204/2812 2854/3206/2812 2869/3223/2812
f 2861/3211/2578 2860/3203/2578 2875/3227/2578
f 2868/3208/2579 2883/3231/2590 2882/3233/2580
f 2859/3214/2581 2858/3213/2581 2873/3222/2581
f 2874/3234/2582 2889/3246/2582 2890/3235/2582
f 2871/3229/2583 2870/3228/2583 2885/3236/2583
f 2870/3228/2813 2869/3223/2813 2884/3238/2813
f 2876/3218/2589 2875/3227/2589 2890/3235/2589
f 2883/3231/2590 2899/3240/2618 2898/3244/2591
f 2874/3234/2592 2873/3222/2592 2888/3245/2592
f 2876/3218/2593 2891/3243/2593 2892/3247/2593
f 2882/3233/2594 2898/3244/2602 2897/3248/2595
f 2878/3221/2567 2877/3219/2566 2892/3247/2567
f 2872/3224/2597 2887/3249/2597 2888/3245/2597
f 2879/3225/2598 2895/3250/2598 2884/3238/2598
f 2871/3229/2599 2886/3237/2599 2887/3249/2599
f 2880/3226/2600 2896/3251/2600 2895/3250/2600
f 2881/3220/2601 2897/3248/2601 2896/3251/2601
f 2898/3244/2602 2913/3267/2603 2912/3252/2603
f 2893/3242/2596 2892/3247/2567 2908/3253/2596
f 2887/3249/2605 2903/3257/2605 2904/3255/2605
f 2895/3250/2606 2910/3258/2606 2900/3256/2606
f 2886/3237/2607 2902/3262/2607 2903/3257/2607
f 2896/3251/2608 2911/3259/2608 2910/3258/2608
f 2897/3248/2609 2912/3252/2609 2911/3259/2609
f 2889/3246/2610 2905/3268/2610 2906/3260/2610
f 2886/3237/2611 2885/3236/2611 2901/3261/2611
f 2885/3236/2612 2884/3238/2814 2900/3256/2613
f 2891/3243/2617 2890/3235/2617 2906/3260/2617
f 2899/3240/2618 2914/3264/2619 2913/3267/2619
f 2889/3246/2620 2888/3245/2620 2904/3255/2620
f 2891/3243/2621 2907/3266/2621 2908/3253/2621
f 2902/3269/2622 2901/3273/2622 2916/3270/2622
f 2900/3272/2623 2915/3295/2815 2916/3270/2624
f 2907/3280/2628 2906/3300/2628 2921/3281/2628
f 2913/3283/2619 2914/3274/2619 2929/3276/2629
f 2905/3285/2631 2904/3293/2631 2919/3286/2631
f 2907/3280/2632 2922/3282/2632 2923/3288/2632
f 2912/3290/2603 2913/3283/2603 2928/3284/2633
f 2909/3278/2604 2908/3289/2596 2923/3288/2635
f 2903/3292/2636 2918/3296/2636 2919/3286/2636
f 2900/3272/2637 2910/3297/2637 2925/3294/2637
f 2902/3269/2638 2917/3271/2638 2918/3296/2638
f 2910/3297/2639 2911/3299/2639 2926/3298/2639
f 2911/3299/2640 2912/3290/2640 2927/3291/2640
f 2905/3285/2641 2920/3287/2641 2921/3281/2641
f 2923/3288/2635 2938/3317/2642 2939/3301/2642
f 2918/3296/2643 2933/3305/2643 2934/3302/2643
f 2915/3295/2644 2925/3294/2644 2940/3303/2644
f 2917/3271/2645 2932/3310/2645 2933/3305/2645
f 2925/3294/2646 2926/3298/2646 2941/3306/2646
f 2926/3298/2647 2927/3291/2647 2942/3307/2647
f 2920/3287/2648 2935/3316/2648 2936/3308/2648
f 2917/3271/2649 2916/3270/2649 2931/3309/2649
f 2915/3295/2816 2930/3304/2816 2931/3309/2816
f 2922/3282/2653 2921/3281/2653 2936/3308/2653
f 2928/3284/2630 2929/3276/2629 2944/3312/2654
f 2920/3287/2656 2919/3286/2656 2934/3302/2656
f 2922/3282/2657 2937/3314/2657 2938/3317/2657
f 2927/3291/2634 2928/3284/2633 2943/3315/2658
f 2930/3304/2817 2946/3331/2817 2947/3318/2817
f 2937/3314/2667 2936/3308/2667 2952/3323/2667
f 2943/3315/2655 2944/3312/2654 2960/3320/2668
f 2935/3316/2670 2934/3302/2670 2950/3326/2670
f 2937/3314/2671 2953/3324/2671 2954/3328/2671
f 2942/3307/2659 2943/3315/2658 2959/3325/2672
f 2939/3301/2642 2938/3317/2642 2954/3328/2674
f 2933/3305/2676 2949/3332/2676 2950/3326/2676
f 2930/3304/2677 2940/3303/2677 2956/3330/2677
f 2932/3310/2678 2948/3334/2678 2949/3332/2678
f 2940/3303/2679 2941/3306/2679 2957/3333/2679
f 2941/3306/2680 2942/3307/2680 2958/3329/2680
f 2935/3316/2681 2951/3327/2681 2952/3323/2681
f 2932/3310/2682 2931/3309/2682 2947/3318/2682
f 2949/3332/2683 2964/3338/2683 2965/3335/2683
f 2946/3331/2684 2956/3330/2684 2971/3336/2684
f 2948/3334/2685 2963/3343/2685 2964/3338/2685
f 2956/3330/2686 2957/3333/2686 2972/3339/2686
f 2957/3333/2687 2958/3329/2687 2973/3340/2687
f 2951/3327/2688 2966/3350/2688 2967/3341/2688
f 2948/3334/2689 2947/3318/2689 2962/3342/2689
f 2946/3331/2818 2961/3337/2818 2962/3342/2818
f 2953/3324/2693 2952/3323/2693 2967/3341/2693
f 2959/3325/2669 2960/3320/2668 2975/3345/2694
f 2951/3327/2696 2950/3326/2696 2965/3335/2696
f 2953/3324/2697 2968/3348/2697 2969/3351/2697
f 2958/3329/2673 2959/3325/2672 2974/3349/2698
f 2955/3322/2675 2954/3328/2674 2969/3351/2699
f 2968/3348/2702 2967/3341/2702 2982/3354/2702
f 2974/3349/2695 2975/3345/2694 2990/3356/2703
f 2966/3350/2705 2965/3335/2705 2980/3358/2705
f 2968/3348/2707 2983/3355/2707 2984/3360/2707
f 2973/3340/2708 2974/3349/2708 2989/3357/2708
f 2970/3347/2700 2969/3351/2699 2984/3360/2709
f 2964/3338/2711 2979/3364/2711 2980/3358/2711
f 2961/3337/2712 2971/3336/2712 2986/3362/2712
f 2963/3343/2713 2978/3367/2713 2979/3364/2713
f 2971/3336/2714 2972/3339/2714 2987/3365/2714
f 2972/3339/2715 2973/3340/2715 2988/3361/2715
f 2966/3350/2716 2981/3359/2716 2982/3354/2716
f 2963/3343/2717 2962/3342/2819 2977/3366/2717
f 2961/3337/2820 2976/3363/2820 2977/3366/2820
f 2976/3363/2720 2986/3362/2720 3001/3369/2720
f 2978/3367/2721 2993/3376/2821 2994/3371/2721
f 2986/3362/2722 2987/3365/2722 3002/3372/2722
f 2987/3365/2723 2988/3361/2723 3003/3373/2723
f 2981/3359/2724 2996/3384/2724 2997/3374/2724
f 2978/3367/2725 2977/3366/2725 2992/3375/2725
f 2976/3363/2822 2991/3370/2822 2992/3375/2822
f 2983/3355/2729 2982/3354/2729 2997/3374/2729
f 2989/3357/2704 2990/3356/2703 3005/3378/2730
f 2981/3359/2732 2980/3358/2732 2995/3383/2732
f 2983/3355/2733 2998/3381/2733 2999/3385/2733
f 2988/3361/2734 2989/3357/2734 3004/3382/2734
f 2985/3353/2710 2984/3360/2709 2999/3385/2735
f 2979/3364/2736 2994/3371/2736 2995/3383/2736
f 3004/3382/2731 3005/3378/2730 3020/3386/2737
f 2996/3384/2739 2995/3383/2739 3010/3388/2739
f 2998/3381/2740 3013/3402/2740 3014/3390/2740
f 3003/3373/2741 3004/3382/2741 3019/3387/2741
f 2999/3385/2735 3014/3390/2768 3015/3392/2742
f 2994/3371/2743 3009/3395/2743 3010/3388/2743
f 2991/3370/2744 3001/3369/2744 3016/3393/2744
f 2993/3376/2745 3008/3399/2745 3009/3395/2745
f 3001/3369/2747 3002/3372/2747 3017/3396/2747
f 3002/3372/2748 3003/3373/2748 3018/3391/2748
f 2996/3384/2749 3011/3389/2749 3012/3397/2749
f 2993/3376/2750 2992/3375/2750 3007/3398/2750
f 2991/3370/2823 3006/3394/2823 3007/3398/2823
f 2998/3381/2755 2997/3374/2755 3012/3397/2755
f 3016/3393/2756 3017/3396/2756 2650/2967/2756
f 3017/3396/2757 3018/3391/2757 2651/2985/2757
f 3011/3389/2758 3021/2945/2758 3022/2973/2758
f 3008/3399/2759 3007/3398/2759 2647/2994/2759
f 3006/3394/2760 2648/2948/2824 2647/2994/2761
f 3012/3397/2764 3022/2973/2764 2643/2974/2764
f 3019/3387/2738 3020/3386/2737 2653/2935/2205
f 3011/3389/2765 3010/3388/2825 2644/2943/2765
f 3013/3402/2766 2643/2974/2766 3023/2969/2766
f 3018/3391/2767 3019/3387/2767 2652/2937/2767
f 3014/3390/2768 3023/2969/2232 3024/2970/2233
f 3009/3395/2769 2645/2987/2769 2644/2943/2769
f 3006/3394/2770 3016/3393/2770 2649/2946/2770
f 3008/3399/2771 2646/2986/2771 2645/2987/2771
